fund,date,ticker,weight
equity_min_variance,2021-01-04,ABBV,0.16325120518338498
equity_min_variance,2021-02-01,ABBV,0.14907196183469826
equity_min_variance,2021-03-01,ABBV,0.18064115979369197
equity_min_variance,2021-04-01,ABBV,0.10852689192310531
equity_min_variance,2021-05-03,ABBV,0.0869304787338572
equity_min_variance,2021-06-01,ABBV,0.04916837252518189
equity_min_variance,2021-07-01,ABBV,0.03778033496640056
equity_min_variance,2021-08-02,ABBV,0.030366222788859826
equity_min_variance,2021-09-01,ABBV,0.020057018399422658
equity_min_variance,2021-10-01,ABBV,6.630761987650137e-17
equity_min_variance,2021-11-01,ABBV,0.015866498990129735
equity_min_variance,2021-12-01,ABBV,0.03121040853435888
equity_min_variance,2022-01-03,ABBV,0.021713961323530845
equity_min_variance,2022-02-01,ABBV,0.04751999725182996
equity_min_variance,2022-03-01,ABBV,0.03440501510621759
equity_min_variance,2022-04-01,ABBV,0.045535677883247784
equity_min_variance,2022-05-02,ABBV,0.018944308793060596
equity_min_variance,2022-06-01,ABBV,0.06715859841782941
equity_min_variance,2022-07-01,ABBV,0.04328498492022907
equity_min_variance,2022-08-01,ABBV,0.0544209693510401
equity_min_variance,2022-09-01,ABBV,0.05350844735678333
equity_min_variance,2022-10-03,ABBV,0.07340142163796957
equity_min_variance,2022-11-01,ABBV,0.08824881539062977
equity_min_variance,2022-12-01,ABBV,0.06361164755543182
equity_min_variance,2023-01-03,ABBV,0.07808191395413769
equity_min_variance,2023-02-01,ABBV,0.06274368758204402
equity_min_variance,2023-03-01,ABBV,0.04826280628180517
equity_min_variance,2023-04-03,ABBV,0.05539199751707543
equity_min_variance,2023-05-01,ABBV,0.0768690441397403
equity_min_variance,2023-06-01,ABBV,0.05021616441238703
equity_min_variance,2023-07-03,ABBV,0.0871048813500732
equity_min_variance,2023-08-01,ABBV,0.08765882216164722
equity_min_variance,2023-09-01,ABBV,0.07430602579335312
equity_min_variance,2023-10-02,ABBV,0.0624686000941169
equity_min_variance,2023-11-01,ABBV,0.07645561467968592
equity_min_variance,2023-12-01,ABBV,0.08785467678480428
equity_min_variance,2021-01-04,ABT,1.0010259419966239e-15
equity_min_variance,2021-02-01,ABT,1.5392393412793879e-15
equity_min_variance,2021-03-01,ABT,5.236289917290304e-16
equity_min_variance,2021-04-01,ABT,2.534690103295119e-16
equity_min_variance,2021-05-03,ABT,7.93514234562733e-16
equity_min_variance,2021-06-01,ABT,0.0
equity_min_variance,2021-07-01,ABT,0.0016094221523826088
equity_min_variance,2021-08-02,ABT,0.009848321693193501
equity_min_variance,2021-09-01,ABT,0.011721472983477909
equity_min_variance,2021-10-01,ABT,0.03335518272112285
equity_min_variance,2021-11-01,ABT,0.05579856875884155
equity_min_variance,2021-12-01,ABT,0.07814230024284635
equity_min_variance,2022-01-03,ABT,0.06915618364504889
equity_min_variance,2022-02-01,ABT,0.0358754726039114
equity_min_variance,2022-03-01,ABT,0.012828258812439493
equity_min_variance,2022-04-01,ABT,4.0047386786045426e-17
equity_min_variance,2022-05-02,ABT,0.0
equity_min_variance,2022-06-01,ABT,0.0
equity_min_variance,2022-07-01,ABT,2.1705136147654456e-16
equity_min_variance,2022-08-01,ABT,2.9185806157421234e-17
equity_min_variance,2022-09-01,ABT,3.321442552828004e-17
equity_min_variance,2022-10-03,ABT,3.164142396445274e-16
equity_min_variance,2022-11-01,ABT,2.4711798000670387e-16
equity_min_variance,2022-12-01,ABT,3.5091707451888746e-16
equity_min_variance,2023-01-03,ABT,9.670578739204778e-17
equity_min_variance,2023-02-01,ABT,0.0
equity_min_variance,2023-03-01,ABT,1.6892805059708327e-16
equity_min_variance,2023-04-03,ABT,0.0
equity_min_variance,2023-05-01,ABT,5.812498844901304e-17
equity_min_variance,2023-06-01,ABT,0.0
equity_min_variance,2023-07-03,ABT,8.200020580950562e-17
equity_min_variance,2023-08-01,ABT,0.0
equity_min_variance,2023-09-01,ABT,1.0962449647268872e-17
equity_min_variance,2023-10-02,ABT,1.8820033041388314e-16
equity_min_variance,2023-11-01,ABT,1.0811789911527721e-16
equity_min_variance,2023-12-01,ABT,0.019749581122947193
equity_min_variance,2021-01-04,ADBE,3.056401899579732e-15
equity_min_variance,2021-02-01,ADBE,4.456740400820225e-15
equity_min_variance,2021-03-01,ADBE,0.0
equity_min_variance,2021-04-01,ADBE,4.595511960293009e-16
equity_min_variance,2021-05-03,ADBE,0.0
equity_min_variance,2021-06-01,ADBE,1.0557648797735283e-16
equity_min_variance,2021-07-01,ADBE,0.0
equity_min_variance,2021-08-02,ADBE,8.951416202374113e-17
equity_min_variance,2021-09-01,ADBE,3.6533558302991326e-17
equity_min_variance,2021-10-01,ADBE,0.0
equity_min_variance,2021-11-01,ADBE,7.249000974122101e-17
equity_min_variance,2021-12-01,ADBE,4.21618068231789e-17
equity_min_variance,2022-01-03,ADBE,0.011266247541390342
equity_min_variance,2022-02-01,ADBE,0.006729955741638813
equity_min_variance,2022-03-01,ADBE,0.010155169917493543
equity_min_variance,2022-04-01,ADBE,0.010542609469092986
equity_min_variance,2022-05-02,ADBE,0.01641740601471443
equity_min_variance,2022-06-01,ADBE,0.004732619385729845
equity_min_variance,2022-07-01,ADBE,7.505901272607718e-17
equity_min_variance,2022-08-01,ADBE,8.537139963380343e-18
equity_min_variance,2022-09-01,ADBE,4.848028122560863e-17
equity_min_variance,2022-10-03,ADBE,0.0
equity_min_variance,2022-11-01,ADBE,2.158449127283114e-17
equity_min_variance,2022-12-01,ADBE,0.0
equity_min_variance,2023-01-03,ADBE,1.732437990039994e-16
equity_min_variance,2023-02-01,ADBE,3.587218412939852e-16
equity_min_variance,2023-03-01,ADBE,2.511227737157052e-16
equity_min_variance,2023-04-03,ADBE,5.2947668631432064e-17
equity_min_variance,2023-05-01,ADBE,2.9062120482998973e-16
equity_min_variance,2023-06-01,ADBE,0.0
equity_min_variance,2023-07-03,ADBE,2.312444099635524e-16
equity_min_variance,2023-08-01,ADBE,0.0
equity_min_variance,2023-09-01,ADBE,6.722792718657848e-17
equity_min_variance,2023-10-02,ADBE,1.6268419730156048e-16
equity_min_variance,2023-11-01,ADBE,0.0
equity_min_variance,2023-12-01,ADBE,4.072042089282714e-17
equity_min_variance,2021-01-04,AEP,9.164747132739444e-16
equity_min_variance,2021-02-01,AEP,1.3316590551973586e-15
equity_min_variance,2021-03-01,AEP,1.5973144031414255e-15
equity_min_variance,2021-04-01,AEP,6.216526278391371e-16
equity_min_variance,2021-05-03,AEP,0.05799527128347766
equity_min_variance,2021-06-01,AEP,0.09250442948866427
equity_min_variance,2021-07-01,AEP,0.07319964363750119
equity_min_variance,2021-08-02,AEP,0.08518296378992207
equity_min_variance,2021-09-01,AEP,0.09594756743543054
equity_min_variance,2021-10-01,AEP,0.05427731572748744
equity_min_variance,2021-11-01,AEP,0.04829119881643491
equity_min_variance,2021-12-01,AEP,0.05598810438879641
equity_min_variance,2022-01-03,AEP,0.055620403649068194
equity_min_variance,2022-02-01,AEP,0.035095612822888485
equity_min_variance,2022-03-01,AEP,0.041568740216268295
equity_min_variance,2022-04-01,AEP,0.011790046820548355
equity_min_variance,2022-05-02,AEP,1.7931584935511691e-16
equity_min_variance,2022-06-01,AEP,4.8450925145964034e-17
equity_min_variance,2022-07-01,AEP,0.0
equity_min_variance,2022-08-01,AEP,5.861816438602802e-17
equity_min_variance,2022-09-01,AEP,5.203856753623587e-17
equity_min_variance,2022-10-03,AEP,0.0
equity_min_variance,2022-11-01,AEP,0.0
equity_min_variance,2022-12-01,AEP,1.0685242814209885e-16
equity_min_variance,2023-01-03,AEP,0.0
equity_min_variance,2023-02-01,AEP,7.620622290620974e-16
equity_min_variance,2023-03-01,AEP,1.1487749092891139e-17
equity_min_variance,2023-04-03,AEP,0.0
equity_min_variance,2023-05-01,AEP,8.32673272005986e-18
equity_min_variance,2023-06-01,AEP,2.2583931252873057e-16
equity_min_variance,2023-07-03,AEP,1.4354803481551506e-16
equity_min_variance,2023-08-01,AEP,1.355637774411759e-16
equity_min_variance,2023-09-01,AEP,1.1014803852056552e-16
equity_min_variance,2023-10-02,AEP,0.0
equity_min_variance,2023-11-01,AEP,6.7473197108188e-17
equity_min_variance,2023-12-01,AEP,1.0217091469380334e-16
equity_min_variance,2021-01-04,AMD,6.616103742566064e-15
equity_min_variance,2021-02-01,AMD,6.736390907261229e-15
equity_min_variance,2021-03-01,AMD,0.0
equity_min_variance,2021-04-01,AMD,8.585143093814279e-16
equity_min_variance,2021-05-03,AMD,5.190482375502792e-16
equity_min_variance,2021-06-01,AMD,1.4510298982359585e-16
equity_min_variance,2021-07-01,AMD,0.007276183364775818
equity_min_variance,2021-08-02,AMD,0.0020062515613688205
equity_min_variance,2021-09-01,AMD,0.011130819695293058
equity_min_variance,2021-10-01,AMD,0.019784700993300937
equity_min_variance,2021-11-01,AMD,0.03524011126765538
equity_min_variance,2021-12-01,AMD,0.025600225454406052
equity_min_variance,2022-01-03,AMD,0.022543701213216125
equity_min_variance,2022-02-01,AMD,0.008717751736489988
equity_min_variance,2022-03-01,AMD,3.166446651917516e-17
equity_min_variance,2022-04-01,AMD,0.002866258560270658
equity_min_variance,2022-05-02,AMD,6.345798031746471e-17
equity_min_variance,2022-06-01,AMD,1.0263329150044407e-16
equity_min_variance,2022-07-01,AMD,0.0
equity_min_variance,2022-08-01,AMD,8.32097175829107e-17
equity_min_variance,2022-09-01,AMD,2.4119928476733005e-16
equity_min_variance,2022-10-03,AMD,2.68903417985165e-16
equity_min_variance,2022-11-01,AMD,9.785602233039481e-17
equity_min_variance,2022-12-01,AMD,7.983709644703789e-17
equity_min_variance,2023-01-03,AMD,4.620887809327082e-16
equity_min_variance,2023-02-01,AMD,0.0
equity_min_variance,2023-03-01,AMD,6.588240099815123e-17
equity_min_variance,2023-04-03,AMD,0.0
equity_min_variance,2023-05-01,AMD,8.410109663004719e-17
equity_min_variance,2023-06-01,AMD,0.0
equity_min_variance,2023-07-03,AMD,9.564420612742465e-17
equity_min_variance,2023-08-01,AMD,0.0
equity_min_variance,2023-09-01,AMD,3.719953674310786e-17
equity_min_variance,2023-10-02,AMD,8.042898729556233e-17
equity_min_variance,2023-11-01,AMD,2.028000163634136e-16
equity_min_variance,2023-12-01,AMD,0.008925131599259117
equity_min_variance,2021-01-04,AMGN,2.229015068148412e-15
equity_min_variance,2021-02-01,AMGN,2.0568769390897063e-15
equity_min_variance,2021-03-01,AMGN,0.0
equity_min_variance,2021-04-01,AMGN,4.4031405682189133e-16
equity_min_variance,2021-05-03,AMGN,1.128812361034923e-16
equity_min_variance,2021-06-01,AMGN,6.800162063033004e-17
equity_min_variance,2021-07-01,AMGN,4.2891705594395607e-19
equity_min_variance,2021-08-02,AMGN,4.040602088183481e-17
equity_min_variance,2021-09-01,AMGN,2.743021556687364e-17
equity_min_variance,2021-10-01,AMGN,0.0
equity_min_variance,2021-11-01,AMGN,5.650397227449073e-17
equity_min_variance,2021-12-01,AMGN,3.452553596128504e-17
equity_min_variance,2022-01-03,AMGN,4.062207378660754e-18
equity_min_variance,2022-02-01,AMGN,4.7880057517422526e-18
equity_min_variance,2022-03-01,AMGN,1.1054865648696653e-16
equity_min_variance,2022-04-01,AMGN,7.074700027512817e-17
equity_min_variance,2022-05-02,AMGN,0.009411120095736908
equity_min_variance,2022-06-01,AMGN,0.03452535206173905
equity_min_variance,2022-07-01,AMGN,0.06979951273766201
equity_min_variance,2022-08-01,AMGN,0.07515847312380196
equity_min_variance,2022-09-01,AMGN,0.133834464141562
equity_min_variance,2022-10-03,AMGN,0.16491283889353495
equity_min_variance,2022-11-01,AMGN,0.17613465069029208
equity_min_variance,2022-12-01,AMGN,0.17091662529575266
equity_min_variance,2023-01-03,AMGN,0.17618750153722462
equity_min_variance,2023-02-01,AMGN,0.17935049558068009
equity_min_variance,2023-03-01,AMGN,0.20134664618099787
equity_min_variance,2023-04-03,AMGN,0.1906140755980543
equity_min_variance,2023-05-01,AMGN,0.17937158967037323
equity_min_variance,2023-06-01,AMGN,0.08081297661997491
equity_min_variance,2023-07-03,AMGN,0.012517681304473071
equity_min_variance,2023-08-01,AMGN,0.016030205343590054
equity_min_variance,2023-09-01,AMGN,0.040489664633219465
equity_min_variance,2023-10-02,AMGN,0.04573832635084892
equity_min_variance,2023-11-01,AMGN,0.032753913138683116
equity_min_variance,2023-12-01,AMGN,0.009813528993028647
equity_min_variance,2021-01-04,AMT,3.018287487000804e-15
equity_min_variance,2021-02-01,AMT,3.4819338177282946e-15
equity_min_variance,2021-03-01,AMT,0.0
equity_min_variance,2021-04-01,AMT,5.014817804983271e-16
equity_min_variance,2021-05-03,AMT,7.995492432755214e-17
equity_min_variance,2021-06-01,AMT,8.10541312047693e-17
equity_min_variance,2021-07-01,AMT,1.0894764983212377e-16
equity_min_variance,2021-08-02,AMT,2.8402968841629233e-18
equity_min_variance,2021-09-01,AMT,1.4307097133601695e-17
equity_min_variance,2021-10-01,AMT,0.0
equity_min_variance,2021-11-01,AMT,7.94969128692315e-18
equity_min_variance,2021-12-01,AMT,2.2807241807489695e-17
equity_min_variance,2022-01-03,AMT,1.6283115538665842e-17
equity_min_variance,2022-02-01,AMT,3.7644924726268854e-17
equity_min_variance,2022-03-01,AMT,0.0
equity_min_variance,2022-04-01,AMT,2.4035314553698914e-17
equity_min_variance,2022-05-02,AMT,0.0
equity_min_variance,2022-06-01,AMT,2.187092392318688e-17
equity_min_variance,2022-07-01,AMT,6.222623817557516e-18
equity_min_variance,2022-08-01,AMT,1.391752512741116e-16
equity_min_variance,2022-09-01,AMT,3.132062056394828e-17
equity_min_variance,2022-10-03,AMT,0.0
equity_min_variance,2022-11-01,AMT,1.3112007693317562e-16
equity_min_variance,2022-12-01,AMT,5.593106260167984e-17
equity_min_variance,2023-01-03,AMT,1.0875124128962594e-16
equity_min_variance,2023-02-01,AMT,1.6375518562677938e-16
equity_min_variance,2023-03-01,AMT,1.468753259593753e-17
equity_min_variance,2023-04-03,AMT,1.5376569323889627e-16
equity_min_variance,2023-05-01,AMT,1.1890510900764253e-16
equity_min_variance,2023-06-01,AMT,1.1387510942886814e-17
equity_min_variance,2023-07-03,AMT,6.655793169997836e-17
equity_min_variance,2023-08-01,AMT,0.0
equity_min_variance,2023-09-01,AMT,0.0
equity_min_variance,2023-10-02,AMT,0.0
equity_min_variance,2023-11-01,AMT,3.1421401495992784e-16
equity_min_variance,2023-12-01,AMT,5.672568432743314e-17
equity_min_variance,2021-01-04,BA,3.608559039632712e-16
equity_min_variance,2021-02-01,BA,9.1617950912847e-16
equity_min_variance,2021-03-01,BA,0.0
equity_min_variance,2021-04-01,BA,3.4426120977419377e-16
equity_min_variance,2021-05-03,BA,6.870778366947048e-16
equity_min_variance,2021-06-01,BA,4.508702807906233e-16
equity_min_variance,2021-07-01,BA,5.525440179261391e-17
equity_min_variance,2021-08-02,BA,2.453803977437923e-17
equity_min_variance,2021-09-01,BA,2.229446307070639e-17
equity_min_variance,2021-10-01,BA,0.0
equity_min_variance,2021-11-01,BA,4.962863192529876e-17
equity_min_variance,2021-12-01,BA,3.8117602368301173e-17
equity_min_variance,2022-01-03,BA,2.6630013574266542e-17
equity_min_variance,2022-02-01,BA,1.889425890081718e-17
equity_min_variance,2022-03-01,BA,1.7486449019660286e-17
equity_min_variance,2022-04-01,BA,1.4295262727780815e-17
equity_min_variance,2022-05-02,BA,0.0
equity_min_variance,2022-06-01,BA,2.3449064479506887e-17
equity_min_variance,2022-07-01,BA,0.0
equity_min_variance,2022-08-01,BA,6.010662070153722e-17
equity_min_variance,2022-09-01,BA,4.081999482413802e-17
equity_min_variance,2022-10-03,BA,9.912301547201879e-17
equity_min_variance,2022-11-01,BA,2.68075763410619e-16
equity_min_variance,2022-12-01,BA,6.305190581816456e-17
equity_min_variance,2023-01-03,BA,2.0555307064576055e-16
equity_min_variance,2023-02-01,BA,4.153849573335089e-16
equity_min_variance,2023-03-01,BA,3.1318768694169897e-16
equity_min_variance,2023-04-03,BA,1.5934383803747898e-16
equity_min_variance,2023-05-01,BA,6.500631842333988e-17
equity_min_variance,2023-06-01,BA,1.820985311325185e-16
equity_min_variance,2023-07-03,BA,0.0
equity_min_variance,2023-08-01,BA,3.209483660317879e-16
equity_min_variance,2023-09-01,BA,1.3482363362262201e-16
equity_min_variance,2023-10-02,BA,9.165162382227812e-17
equity_min_variance,2023-11-01,BA,1.1674807613094494e-16
equity_min_variance,2023-12-01,BA,1.0728720458475513e-16
equity_min_variance,2021-01-04,CAT,1.2124268070975473e-15
equity_min_variance,2021-02-01,CAT,1.980902684344142e-15
equity_min_variance,2021-03-01,CAT,0.0
equity_min_variance,2021-04-01,CAT,4.554072668314334e-16
equity_min_variance,2021-05-03,CAT,0.0
equity_min_variance,2021-06-01,CAT,7.84460013875543e-17
equity_min_variance,2021-07-01,CAT,6.112483255933251e-17
equity_min_variance,2021-08-02,CAT,0.006248943072708369
equity_min_variance,2021-09-01,CAT,0.003982180585255587
equity_min_variance,2021-10-01,CAT,0.0
equity_min_variance,2021-11-01,CAT,5.895136791290572e-18
equity_min_variance,2021-12-01,CAT,4.881700048215657e-18
equity_min_variance,2022-01-03,CAT,6.540794883791304e-18
equity_min_variance,2022-02-01,CAT,0.01649337413701137
equity_min_variance,2022-03-01,CAT,0.013029108691004227
equity_min_variance,2022-04-01,CAT,0.02811200442381384
equity_min_variance,2022-05-02,CAT,0.04283075790483429
equity_min_variance,2022-06-01,CAT,0.018285005368119243
equity_min_variance,2022-07-01,CAT,0.008275473410782726
equity_min_variance,2022-08-01,CAT,5.608145513255867e-17
equity_min_variance,2022-09-01,CAT,6.661732368801459e-17
equity_min_variance,2022-10-03,CAT,5.917023775078644e-17
equity_min_variance,2022-11-01,CAT,9.778195255551881e-17
equity_min_variance,2022-12-01,CAT,1.1516035028436736e-16
equity_min_variance,2023-01-03,CAT,0.0
equity_min_variance,2023-02-01,CAT,6.924001169092283e-16
equity_min_variance,2023-03-01,CAT,8.212943368977674e-17
equity_min_variance,2023-04-03,CAT,0.0
equity_min_variance,2023-05-01,CAT,4.85488336366616e-17
equity_min_variance,2023-06-01,CAT,5.214639755158484e-16
equity_min_variance,2023-07-03,CAT,1.8500398083111715e-16
equity_min_variance,2023-08-01,CAT,0.0
equity_min_variance,2023-09-01,CAT,1.5370311281587183e-17
equity_min_variance,2023-10-02,CAT,0.0
equity_min_variance,2023-11-01,CAT,0.0
equity_min_variance,2023-12-01,CAT,0.0
equity_min_variance,2021-01-04,CCI,1.8300672158819168e-15
equity_min_variance,2021-02-01,CCI,2.6959346916315095e-15
equity_min_variance,2021-03-01,CCI,8.000598881313659e-16
equity_min_variance,2021-04-01,CCI,2.1069218185694623e-16
equity_min_variance,2021-05-03,CCI,0.0
equity_min_variance,2021-06-01,CCI,5.320326408081791e-17
equity_min_variance,2021-07-01,CCI,0.05405822010383689
equity_min_variance,2021-08-02,CCI,0.06425399031346984
equity_min_variance,2021-09-01,CCI,0.06870627316449632
equity_min_variance,2021-10-01,CCI,0.09109763912389472
equity_min_variance,2021-11-01,CCI,0.05533575397466097
equity_min_variance,2021-12-01,CCI,0.0004990461789610577
equity_min_variance,2022-01-03,CCI,2.166545033339775e-18
equity_min_variance,2022-02-01,CCI,1.6724917305418308e-17
equity_min_variance,2022-03-01,CCI,0.0
equity_min_variance,2022-04-01,CCI,9.613852436604597e-18
equity_min_variance,2022-05-02,CCI,4.818987112301984e-17
equity_min_variance,2022-06-01,CCI,0.0
equity_min_variance,2022-07-01,CCI,1.5096267528429815e-16
equity_min_variance,2022-08-01,CCI,4.55575237126368e-17
equity_min_variance,2022-09-01,CCI,3.3938563845067134e-17
equity_min_variance,2022-10-03,CCI,0.0
equity_min_variance,2022-11-01,CCI,0.0
equity_min_variance,2022-12-01,CCI,1.789096777884563e-16
equity_min_variance,2023-01-03,CCI,1.0012864555252809e-16
equity_min_variance,2023-02-01,CCI,0.0
equity_min_variance,2023-03-01,CCI,5.725265941823473e-17
equity_min_variance,2023-04-03,CCI,1.3810073980879686e-16
equity_min_variance,2023-05-01,CCI,7.632957763147087e-17
equity_min_variance,2023-06-01,CCI,1.3717867987372845e-16
equity_min_variance,2023-07-03,CCI,2.5100900109872663e-17
equity_min_variance,2023-08-01,CCI,0.0
equity_min_variance,2023-09-01,CCI,1.5186772362919464e-17
equity_min_variance,2023-10-02,CCI,2.1965888857264662e-17
equity_min_variance,2023-11-01,CCI,5.0550706961877096e-17
equity_min_variance,2023-12-01,CCI,5.476830695163002e-17
equity_min_variance,2021-01-04,CMCSA,1.0439345043832642e-15
equity_min_variance,2021-02-01,CMCSA,1.314508275511398e-15
equity_min_variance,2021-03-01,CMCSA,0.0
equity_min_variance,2021-04-01,CMCSA,2.1428703132274438e-17
equity_min_variance,2021-05-03,CMCSA,0.0
equity_min_variance,2021-06-01,CMCSA,3.661871982557567e-17
equity_min_variance,2021-07-01,CMCSA,5.286850538493376e-17
equity_min_variance,2021-08-02,CMCSA,9.24506912570286e-18
equity_min_variance,2021-09-01,CMCSA,4.329823462211372e-17
equity_min_variance,2021-10-01,CMCSA,1.3233723028719687e-16
equity_min_variance,2021-11-01,CMCSA,6.467033017676735e-17
equity_min_variance,2021-12-01,CMCSA,0.0
equity_min_variance,2022-01-03,CMCSA,5.816224209224852e-18
equity_min_variance,2022-02-01,CMCSA,1.0656826915327965e-17
equity_min_variance,2022-03-01,CMCSA,3.9304999055575864e-17
equity_min_variance,2022-04-01,CMCSA,4.92052699208086e-17
equity_min_variance,2022-05-02,CMCSA,5.834214934529894e-17
equity_min_variance,2022-06-01,CMCSA,1.0914420087509173e-16
equity_min_variance,2022-07-01,CMCSA,9.564490509214476e-17
equity_min_variance,2022-08-01,CMCSA,3.6593501923400196e-17
equity_min_variance,2022-09-01,CMCSA,6.424015368607797e-17
equity_min_variance,2022-10-03,CMCSA,0.0
equity_min_variance,2022-11-01,CMCSA,1.2339478657474519e-17
equity_min_variance,2022-12-01,CMCSA,7.365072612429928e-17
equity_min_variance,2023-01-03,CMCSA,6.148220966228836e-17
equity_min_variance,2023-02-01,CMCSA,0.0
equity_min_variance,2023-03-01,CMCSA,5.594660010771344e-17
equity_min_variance,2023-04-03,CMCSA,0.0
equity_min_variance,2023-05-01,CMCSA,8.864962036246725e-17
equity_min_variance,2023-06-01,CMCSA,7.533443270243967e-16
equity_min_variance,2023-07-03,CMCSA,1.3774686552848493e-16
equity_min_variance,2023-08-01,CMCSA,0.0
equity_min_variance,2023-09-01,CMCSA,1.928919056023642e-17
equity_min_variance,2023-10-02,CMCSA,0.0
equity_min_variance,2023-11-01,CMCSA,0.00012653082549865118
equity_min_variance,2023-12-01,CMCSA,2.939812252038186e-17
equity_min_variance,2021-01-04,COP,1.3473615799641513e-16
equity_min_variance,2021-02-01,COP,1.0227568423181441e-15
equity_min_variance,2021-03-01,COP,0.0
equity_min_variance,2021-04-01,COP,0.0
equity_min_variance,2021-05-03,COP,0.0
equity_min_variance,2021-06-01,COP,9.557146281255241e-17
equity_min_variance,2021-07-01,COP,1.1311132797640154e-16
equity_min_variance,2021-08-02,COP,5.727696933968121e-17
equity_min_variance,2021-09-01,COP,9.084428279276639e-18
equity_min_variance,2021-10-01,COP,8.475184169720778e-17
equity_min_variance,2021-11-01,COP,0.00044566314206855354
equity_min_variance,2021-12-01,COP,0.01187886706643219
equity_min_variance,2022-01-03,COP,1.3220755915596809e-17
equity_min_variance,2022-02-01,COP,1.5989628266888363e-17
equity_min_variance,2022-03-01,COP,4.38827599657103e-17
equity_min_variance,2022-04-01,COP,1.646956052021088e-17
equity_min_variance,2022-05-02,COP,0.0
equity_min_variance,2022-06-01,COP,2.833922036839406e-17
equity_min_variance,2022-07-01,COP,2.4044519939637653e-17
equity_min_variance,2022-08-01,COP,4.0923274119011786e-17
equity_min_variance,2022-09-01,COP,1.2379484741686271e-16
equity_min_variance,2022-10-03,COP,6.274064949587742e-17
equity_min_variance,2022-11-01,COP,7.223053976070081e-17
equity_min_variance,2022-12-01,COP,6.394690034110683e-17
equity_min_variance,2023-01-03,COP,2.3146090074978307e-17
equity_min_variance,2023-02-01,COP,0.0
equity_min_variance,2023-03-01,COP,1.575219887912064e-16
equity_min_variance,2023-04-03,COP,0.0
equity_min_variance,2023-05-01,COP,9.436948336554045e-17
equity_min_variance,2023-06-01,COP,8.156249655701109e-17
equity_min_variance,2023-07-03,COP,7.625397898037384e-17
equity_min_variance,2023-08-01,COP,0.0
equity_min_variance,2023-09-01,COP,0.0
equity_min_variance,2023-10-02,COP,7.004940163037273e-17
equity_min_variance,2023-11-01,COP,2.7139335013128856e-17
equity_min_variance,2023-12-01,COP,5.211635891439475e-18
equity_min_variance,2021-01-04,CVX,6.813874638512604e-16
equity_min_variance,2021-02-01,CVX,1.4458000524778834e-15
equity_min_variance,2021-03-01,CVX,7.401441655743857e-16
equity_min_variance,2021-04-01,CVX,3.153043119432471e-16
equity_min_variance,2021-05-03,CVX,0.0
equity_min_variance,2021-06-01,CVX,0.0
equity_min_variance,2021-07-01,CVX,5.721597989887941e-17
equity_min_variance,2021-08-02,CVX,6.813217582975506e-17
equity_min_variance,2021-09-01,CVX,1.8735114966724847e-17
equity_min_variance,2021-10-01,CVX,0.0
equity_min_variance,2021-11-01,CVX,1.0160795311158764e-17
equity_min_variance,2021-12-01,CVX,0.01437440412286106
equity_min_variance,2022-01-03,CVX,0.01804710508730962
equity_min_variance,2022-02-01,CVX,0.07625662729028068
equity_min_variance,2022-03-01,CVX,0.058519023285093556
equity_min_variance,2022-04-01,CVX,0.08603439162395099
equity_min_variance,2022-05-02,CVX,0.06472364872050121
equity_min_variance,2022-06-01,CVX,0.03597799116533581
equity_min_variance,2022-07-01,CVX,0.047133997152034694
equity_min_variance,2022-08-01,CVX,0.048002086739174554
equity_min_variance,2022-09-01,CVX,0.07390758492606467
equity_min_variance,2022-10-03,CVX,0.07775898634546753
equity_min_variance,2022-11-01,CVX,0.07151737215370342
equity_min_variance,2022-12-01,CVX,0.06036828328866431
equity_min_variance,2023-01-03,CVX,0.05226454033308718
equity_min_variance,2023-02-01,CVX,0.050974419030578345
equity_min_variance,2023-03-01,CVX,0.06095303658127367
equity_min_variance,2023-04-03,CVX,0.03219270468526465
equity_min_variance,2023-05-01,CVX,0.04169312473491742
equity_min_variance,2023-06-01,CVX,0.03993137456934006
equity_min_variance,2023-07-03,CVX,0.014429018641474965
equity_min_variance,2023-08-01,CVX,0.011845134374897783
equity_min_variance,2023-09-01,CVX,5.461440586669189e-17
equity_min_variance,2023-10-02,CVX,0.028449520838994966
equity_min_variance,2023-11-01,CVX,0.04692922314837291
equity_min_variance,2023-12-01,CVX,0.025213526536529002
equity_min_variance,2021-01-04,D,3.05858325329695e-15
equity_min_variance,2021-02-01,D,3.641926630331176e-15
equity_min_variance,2021-03-01,D,6.556306062291406e-16
equity_min_variance,2021-04-01,D,0.05952667570887422
equity_min_variance,2021-05-03,D,0.0827905256125853
equity_min_variance,2021-06-01,D,0.050939416001391694
equity_min_variance,2021-07-01,D,0.022733230949633608
equity_min_variance,2021-08-02,D,1.1472595722172479e-17
equity_min_variance,2021-09-01,D,8.302124181067461e-18
equity_min_variance,2021-10-01,D,7.214563371826691e-19
equity_min_variance,2021-11-01,D,1.2896149685430775e-17
equity_min_variance,2021-12-01,D,6.027910003742146e-17
equity_min_variance,2022-01-03,D,4.537170130031383e-17
equity_min_variance,2022-02-01,D,5.3850129912340726e-17
equity_min_variance,2022-03-01,D,1.690832352902722e-17
equity_min_variance,2022-04-01,D,6.157641631592359e-18
equity_min_variance,2022-05-02,D,4.6468706980190206e-17
equity_min_variance,2022-06-01,D,9.352122473783322e-17
equity_min_variance,2022-07-01,D,0.0
equity_min_variance,2022-08-01,D,2.0158969076192433e-16
equity_min_variance,2022-09-01,D,4.524124756792616e-17
equity_min_variance,2022-10-03,D,5.0757602331266694e-17
equity_min_variance,2022-11-01,D,1.6757577777033546e-16
equity_min_variance,2022-12-01,D,0.006758019491585092
equity_min_variance,2023-01-03,D,0.017330292863148127
equity_min_variance,2023-02-01,D,0.03495321934708981
equity_min_variance,2023-03-01,D,0.005281970173326912
equity_min_variance,2023-04-03,D,0.01655567338360786
equity_min_variance,2023-05-01,D,0.00738924925391007
equity_min_variance,2023-06-01,D,0.0
equity_min_variance,2023-07-03,D,0.0
equity_min_variance,2023-08-01,D,3.7349156977068784e-16
equity_min_variance,2023-09-01,D,6.732529695239062e-17
equity_min_variance,2023-10-02,D,0.0
equity_min_variance,2023-11-01,D,0.0
equity_min_variance,2023-12-01,D,0.0
equity_min_variance,2021-01-04,DD,1.8672716816107744e-16
equity_min_variance,2021-02-01,DD,8.105152452534207e-16
equity_min_variance,2021-03-01,DD,3.6091186231532553e-16
equity_min_variance,2021-04-01,DD,8.711378279905523e-18
equity_min_variance,2021-05-03,DD,6.128569776028445e-17
equity_min_variance,2021-06-01,DD,1.4853326363800095e-16
equity_min_variance,2021-07-01,DD,1.4735335097234224e-16
equity_min_variance,2021-08-02,DD,6.25172412593804e-17
equity_min_variance,2021-09-01,DD,3.021779559476619e-17
equity_min_variance,2021-10-01,DD,0.0012417104917491685
equity_min_variance,2021-11-01,DD,2.7024663770040787e-17
equity_min_variance,2021-12-01,DD,7.065765323577346e-18
equity_min_variance,2022-01-03,DD,8.93445133420288e-17
equity_min_variance,2022-02-01,DD,9.45541611254502e-18
equity_min_variance,2022-03-01,DD,9.801550748292376e-18
equity_min_variance,2022-04-01,DD,4.74145181108369e-17
equity_min_variance,2022-05-02,DD,0.0
equity_min_variance,2022-06-01,DD,1.8663227830026608e-16
equity_min_variance,2022-07-01,DD,0.0
equity_min_variance,2022-08-01,DD,4.9262762558067916e-17
equity_min_variance,2022-09-01,DD,2.5907810287207247e-17
equity_min_variance,2022-10-03,DD,8.740745260449838e-17
equity_min_variance,2022-11-01,DD,4.5034309718448075e-17
equity_min_variance,2022-12-01,DD,2.5417927657754486e-16
equity_min_variance,2023-01-03,DD,1.2739745876589633e-16
equity_min_variance,2023-02-01,DD,0.0
equity_min_variance,2023-03-01,DD,1.5555111229427206e-16
equity_min_variance,2023-04-03,DD,0.0
equity_min_variance,2023-05-01,DD,6.631017153447515e-17
equity_min_variance,2023-06-01,DD,0.0
equity_min_variance,2023-07-03,DD,4.070486845816457e-17
equity_min_variance,2023-08-01,DD,0.0
equity_min_variance,2023-09-01,DD,0.0
equity_min_variance,2023-10-02,DD,0.0
equity_min_variance,2023-11-01,DD,0.018968374477801874
equity_min_variance,2023-12-01,DD,0.007772998823300761
equity_min_variance,2021-01-04,DIS,2.1797727149399095e-15
equity_min_variance,2021-02-01,DIS,2.1871794706461996e-15
equity_min_variance,2021-03-01,DIS,3.1082721032443805e-16
equity_min_variance,2021-04-01,DIS,0.007007536843452028
equity_min_variance,2021-05-03,DIS,0.0
equity_min_variance,2021-06-01,DIS,0.009846970786706162
equity_min_variance,2021-07-01,DIS,0.01506775254960554
equity_min_variance,2021-08-02,DIS,0.014245928336569928
equity_min_variance,2021-09-01,DIS,0.013815389809047209
equity_min_variance,2021-10-01,DIS,0.007424665062262072
equity_min_variance,2021-11-01,DIS,1.7904492020051802e-17
equity_min_variance,2021-12-01,DIS,0.004962377859357727
equity_min_variance,2022-01-03,DIS,0.02472258590469671
equity_min_variance,2022-02-01,DIS,0.01466176097006568
equity_min_variance,2022-03-01,DIS,0.06783833891217077
equity_min_variance,2022-04-01,DIS,0.04950006779500614
equity_min_variance,2022-05-02,DIS,0.03924456184888921
equity_min_variance,2022-06-01,DIS,0.05790386815468046
equity_min_variance,2022-07-01,DIS,0.052609167317918475
equity_min_variance,2022-08-01,DIS,0.05191131437600423
equity_min_variance,2022-09-01,DIS,0.02980151233042996
equity_min_variance,2022-10-03,DIS,1.9130069707148922e-16
equity_min_variance,2022-11-01,DIS,7.664458106253604e-17
equity_min_variance,2022-12-01,DIS,1.2551557334626668e-16
equity_min_variance,2023-01-03,DIS,7.235268609502452e-17
equity_min_variance,2023-02-01,DIS,1.925746346241597e-16
equity_min_variance,2023-03-01,DIS,8.689489972242329e-17
equity_min_variance,2023-04-03,DIS,2.3062335461482286e-16
equity_min_variance,2023-05-01,DIS,4.9194707949856135e-17
equity_min_variance,2023-06-01,DIS,0.0
equity_min_variance,2023-07-03,DIS,2.3327855153030402e-17
equity_min_variance,2023-08-01,DIS,1.8690145801270434e-16
equity_min_variance,2023-09-01,DIS,0.0
equity_min_variance,2023-10-02,DIS,1.6768148316517323e-16
equity_min_variance,2023-11-01,DIS,0.0
equity_min_variance,2023-12-01,DIS,3.4055430742856686e-18
equity_min_variance,2021-01-04,DOW,2.7539836606403543e-15
equity_min_variance,2021-02-01,DOW,4.643299370571087e-15
equity_min_variance,2021-03-01,DOW,2.5293759057729015e-15
equity_min_variance,2021-04-01,DOW,3.1032236042187956e-16
equity_min_variance,2021-05-03,DOW,3.7060688176091503e-16
equity_min_variance,2021-06-01,DOW,5.501521268291501e-17
equity_min_variance,2021-07-01,DOW,1.9547095925624542e-18
equity_min_variance,2021-08-02,DOW,6.813399391812876e-17
equity_min_variance,2021-09-01,DOW,1.525406626140148e-17
equity_min_variance,2021-10-01,DOW,0.0
equity_min_variance,2021-11-01,DOW,3.9373061131126935e-17
equity_min_variance,2021-12-01,DOW,2.676634303922988e-17
equity_min_variance,2022-01-03,DOW,1.9219664924023194e-17
equity_min_variance,2022-02-01,DOW,8.126297273763974e-18
equity_min_variance,2022-03-01,DOW,9.655066840273081e-17
equity_min_variance,2022-04-01,DOW,3.0031176127401064e-17
equity_min_variance,2022-05-02,DOW,1.0307315814022207e-17
equity_min_variance,2022-06-01,DOW,3.167643724645519e-17
equity_min_variance,2022-07-01,DOW,4.7285142490243325e-17
equity_min_variance,2022-08-01,DOW,1.701276124637356e-17
equity_min_variance,2022-09-01,DOW,1.9115560350335323e-17
equity_min_variance,2022-10-03,DOW,0.0
equity_min_variance,2022-11-01,DOW,0.0
equity_min_variance,2022-12-01,DOW,1.195937206635394e-17
equity_min_variance,2023-01-03,DOW,3.584997770426614e-17
equity_min_variance,2023-02-01,DOW,3.029193107288719e-16
equity_min_variance,2023-03-01,DOW,8.235377876127881e-17
equity_min_variance,2023-04-03,DOW,1.544649282612942e-17
equity_min_variance,2023-05-01,DOW,1.8180117210932818e-16
equity_min_variance,2023-06-01,DOW,0.0
equity_min_variance,2023-07-03,DOW,0.0
equity_min_variance,2023-08-01,DOW,9.38407982824643e-17
equity_min_variance,2023-09-01,DOW,8.312368798604709e-17
equity_min_variance,2023-10-02,DOW,6.419608650571452e-17
equity_min_variance,2023-11-01,DOW,0.0
equity_min_variance,2023-12-01,DOW,1.4803573621512846e-17
equity_min_variance,2021-01-04,DUK,1.8597349941315993e-15
equity_min_variance,2021-02-01,DUK,1.50520842310625e-15
equity_min_variance,2021-03-01,DUK,0.0
equity_min_variance,2021-04-01,DUK,1.3185472823595358e-16
equity_min_variance,2021-05-03,DUK,0.012211941977229697
equity_min_variance,2021-06-01,DUK,0.010897571212332447
equity_min_variance,2021-07-01,DUK,1.8367022805882896e-17
equity_min_variance,2021-08-02,DUK,0.006572412542901217
equity_min_variance,2021-09-01,DUK,0.0042769877809627046
equity_min_variance,2021-10-01,DUK,0.04361994248847538
equity_min_variance,2021-11-01,DUK,0.05293469605894396
equity_min_variance,2021-12-01,DUK,0.06574162964848954
equity_min_variance,2022-01-03,DUK,0.07193268549140726
equity_min_variance,2022-02-01,DUK,0.0557606022040284
equity_min_variance,2022-03-01,DUK,0.0038746502619642956
equity_min_variance,2022-04-01,DUK,0.012976126565067952
equity_min_variance,2022-05-02,DUK,0.09058810866870928
equity_min_variance,2022-06-01,DUK,0.16937364531025162
equity_min_variance,2022-07-01,DUK,0.1783742600593514
equity_min_variance,2022-08-01,DUK,0.1644528792442658
equity_min_variance,2022-09-01,DUK,0.11563292805951356
equity_min_variance,2022-10-03,DUK,0.05783218709922328
equity_min_variance,2022-11-01,DUK,0.01933756220479417
equity_min_variance,2022-12-01,DUK,0.010230304707729943
equity_min_variance,2023-01-03,DUK,0.017019854849529434
equity_min_variance,2023-02-01,DUK,0.0056289012849782835
equity_min_variance,2023-03-01,DUK,0.047839815083000364
equity_min_variance,2023-04-03,DUK,0.008353690273917806
equity_min_variance,2023-05-01,DUK,0.0
equity_min_variance,2023-06-01,DUK,0.0
equity_min_variance,2023-07-03,DUK,8.60000321648049e-17
equity_min_variance,2023-08-01,DUK,0.0
equity_min_variance,2023-09-01,DUK,8.964625047241315e-17
equity_min_variance,2023-10-02,DUK,0.0
equity_min_variance,2023-11-01,DUK,0.0
equity_min_variance,2023-12-01,DUK,0.00021298617093026085
equity_min_variance,2021-01-04,EA,0.07299748936024746
equity_min_variance,2021-02-01,EA,0.08641275166727505
equity_min_variance,2021-03-01,EA,0.09356938662861042
equity_min_variance,2021-04-01,EA,0.08978991448698018
equity_min_variance,2021-05-03,EA,0.06199872030608644
equity_min_variance,2021-06-01,EA,0.06235917103613046
equity_min_variance,2021-07-01,EA,0.025627181037197595
equity_min_variance,2021-08-02,EA,0.023039326696982585
equity_min_variance,2021-09-01,EA,0.022543339399411274
equity_min_variance,2021-10-01,EA,0.04539571317598355
equity_min_variance,2021-11-01,EA,0.05277938681957352
equity_min_variance,2021-12-01,EA,0.06813452670823186
equity_min_variance,2022-01-03,EA,0.05972242290184581
equity_min_variance,2022-02-01,EA,0.0633210840112024
equity_min_variance,2022-03-01,EA,0.0683105686880442
equity_min_variance,2022-04-01,EA,0.07476302450512894
equity_min_variance,2022-05-02,EA,0.09459510572620762
equity_min_variance,2022-06-01,EA,0.09253993762369996
equity_min_variance,2022-07-01,EA,0.09116196896041731
equity_min_variance,2022-08-01,EA,0.0956393028565423
equity_min_variance,2022-09-01,EA,0.10192827096685053
equity_min_variance,2022-10-03,EA,0.09493168690454595
equity_min_variance,2022-11-01,EA,0.1052375744611939
equity_min_variance,2022-12-01,EA,0.10549648011313459
equity_min_variance,2023-01-03,EA,0.10503636659422622
equity_min_variance,2023-02-01,EA,0.1339176881899606
equity_min_variance,2023-03-01,EA,0.09429219175322716
equity_min_variance,2023-04-03,EA,0.10574324550017068
equity_min_variance,2023-05-01,EA,0.07926379655907623
equity_min_variance,2023-06-01,EA,0.12471896158504915
equity_min_variance,2023-07-03,EA,0.12612798180754012
equity_min_variance,2023-08-01,EA,0.11528528377705102
equity_min_variance,2023-09-01,EA,0.07816090549356161
equity_min_variance,2023-10-02,EA,0.07867447840324622
equity_min_variance,2023-11-01,EA,0.06716285962573922
equity_min_variance,2023-12-01,EA,0.042484908594084096
equity_min_variance,2021-01-04,GE,1.7306511519413508e-15
equity_min_variance,2021-02-01,GE,2.485362410922485e-15
equity_min_variance,2021-03-01,GE,0.0
equity_min_variance,2021-04-01,GE,1.676577085997844e-16
equity_min_variance,2021-05-03,GE,0.0
equity_min_variance,2021-06-01,GE,7.959872634362631e-17
equity_min_variance,2021-07-01,GE,1.9240757897980304e-16
equity_min_variance,2021-08-02,GE,3.240850322011522e-18
equity_min_variance,2021-09-01,GE,8.861530571740084e-17
equity_min_variance,2021-10-01,GE,4.084323997941127e-17
equity_min_variance,2021-11-01,GE,1.570615705774503e-17
equity_min_variance,2021-12-01,GE,0.0
equity_min_variance,2022-01-03,GE,2.8526432548100757e-18
equity_min_variance,2022-02-01,GE,2.8222295688485733e-18
equity_min_variance,2022-03-01,GE,0.0
equity_min_variance,2022-04-01,GE,2.4344235868477293e-18
equity_min_variance,2022-05-02,GE,0.0
equity_min_variance,2022-06-01,GE,0.0
equity_min_variance,2022-07-01,GE,5.1687886118830076e-17
equity_min_variance,2022-08-01,GE,8.578177988066367e-17
equity_min_variance,2022-09-01,GE,5.530870592148013e-17
equity_min_variance,2022-10-03,GE,7.779018100474071e-17
equity_min_variance,2022-11-01,GE,7.474159548388958e-17
equity_min_variance,2022-12-01,GE,1.736257645353405e-17
equity_min_variance,2023-01-03,GE,4.914576878672303e-17
equity_min_variance,2023-02-01,GE,0.0
equity_min_variance,2023-03-01,GE,1.9255164146217801e-16
equity_min_variance,2023-04-03,GE,2.9991742596380266e-17
equity_min_variance,2023-05-01,GE,1.830741814082096e-17
equity_min_variance,2023-06-01,GE,2.70040879848249e-16
equity_min_variance,2023-07-03,GE,4.210775871320109e-17
equity_min_variance,2023-08-01,GE,3.183827442139464e-17
equity_min_variance,2023-09-01,GE,0.0
equity_min_variance,2023-10-02,GE,0.007377973838320032
equity_min_variance,2023-11-01,GE,0.008054211525739872
equity_min_variance,2023-12-01,GE,0.011697195977247499
equity_min_variance,2021-01-04,GILD,0.12752433874635313
equity_min_variance,2021-02-01,GILD,0.12019556054192801
equity_min_variance,2021-03-01,GILD,0.13223632839214675
equity_min_variance,2021-04-01,GILD,0.054098576494475
equity_min_variance,2021-05-03,GILD,0.04467042281971999
equity_min_variance,2021-06-01,GILD,0.059085863281073896
equity_min_variance,2021-07-01,GILD,0.030931740076315502
equity_min_variance,2021-08-02,GILD,0.02484302654345746
equity_min_variance,2021-09-01,GILD,0.01874016391605663
equity_min_variance,2021-10-01,GILD,0.0062822414396714816
equity_min_variance,2021-11-01,GILD,0.044950800529914535
equity_min_variance,2021-12-01,GILD,0.03932079597431264
equity_min_variance,2022-01-03,GILD,0.06942999318104756
equity_min_variance,2022-02-01,GILD,0.06830213110039866
equity_min_variance,2022-03-01,GILD,0.1410441160158296
equity_min_variance,2022-04-01,GILD,0.141987090571111
equity_min_variance,2022-05-02,GILD,0.12907823688832176
equity_min_variance,2022-06-01,GILD,0.17026458175921808
equity_min_variance,2022-07-01,GILD,0.17558274732448553
equity_min_variance,2022-08-01,GILD,0.1690515905744354
equity_min_variance,2022-09-01,GILD,0.1425038371654917
equity_min_variance,2022-10-03,GILD,0.09720439869708457
equity_min_variance,2022-11-01,GILD,0.03808950949730451
equity_min_variance,2022-12-01,GILD,0.027188316391997622
equity_min_variance,2023-01-03,GILD,0.009984302506514902
equity_min_variance,2023-02-01,GILD,3.7322643348276785e-16
equity_min_variance,2023-03-01,GILD,4.031471486227265e-17
equity_min_variance,2023-04-03,GILD,0.0
equity_min_variance,2023-05-01,GILD,9.681822921625764e-17
equity_min_variance,2023-06-01,GILD,1.2197952066819728e-16
equity_min_variance,2023-07-03,GILD,2.368535841130475e-17
equity_min_variance,2023-08-01,GILD,0.0
equity_min_variance,2023-09-01,GILD,0.0
equity_min_variance,2023-10-02,GILD,0.0
equity_min_variance,2023-11-01,GILD,1.8634101631441397e-17
equity_min_variance,2023-12-01,GILD,3.831197341386058e-17
equity_min_variance,2021-01-04,GS,3.4484272910172493e-16
equity_min_variance,2021-02-01,GS,9.818079232793891e-16
equity_min_variance,2021-03-01,GS,0.0
equity_min_variance,2021-04-01,GS,2.2328446866846036e-16
equity_min_variance,2021-05-03,GS,0.0
equity_min_variance,2021-06-01,GS,1.0961621286750773e-16
equity_min_variance,2021-07-01,GS,0.02086420884707347
equity_min_variance,2021-08-02,GS,0.022501738622763754
equity_min_variance,2021-09-01,GS,0.031121682666520843
equity_min_variance,2021-10-01,GS,0.04411719381671383
equity_min_variance,2021-11-01,GS,0.06302614073956062
equity_min_variance,2021-12-01,GS,0.05160907099964383
equity_min_variance,2022-01-03,GS,0.04462631851250605
equity_min_variance,2022-02-01,GS,0.0023046386375391707
equity_min_variance,2022-03-01,GS,0.0012045569066099753
equity_min_variance,2022-04-01,GS,1.746055174449317e-17
equity_min_variance,2022-05-02,GS,0.0
equity_min_variance,2022-06-01,GS,0.0
equity_min_variance,2022-07-01,GS,0.0
equity_min_variance,2022-08-01,GS,5.83513538506551e-17
equity_min_variance,2022-09-01,GS,8.799401144366116e-17
equity_min_variance,2022-10-03,GS,9.665436985781401e-18
equity_min_variance,2022-11-01,GS,0.0
equity_min_variance,2022-12-01,GS,1.3833449424158175e-17
equity_min_variance,2023-01-03,GS,0.0
equity_min_variance,2023-02-01,GS,3.7978246849451613e-16
equity_min_variance,2023-03-01,GS,8.46964601763861e-17
equity_min_variance,2023-04-03,GS,0.0
equity_min_variance,2023-05-01,GS,3.9120740220162664e-17
equity_min_variance,2023-06-01,GS,2.8551786586047956e-17
equity_min_variance,2023-07-03,GS,1.405260119026336e-16
equity_min_variance,2023-08-01,GS,1.0388808430020643e-16
equity_min_variance,2023-09-01,GS,1.0392435772283576e-16
equity_min_variance,2023-10-02,GS,1.5565974934598155e-16
equity_min_variance,2023-11-01,GS,0.005072711775750678
equity_min_variance,2023-12-01,GS,1.678026890721855e-17
equity_min_variance,2021-01-04,INTC,5.819621310371405e-15
equity_min_variance,2021-02-01,INTC,6.653489767289495e-15
equity_min_variance,2021-03-01,INTC,0.0
equity_min_variance,2021-04-01,INTC,1.0983209163822348e-16
equity_min_variance,2021-05-03,INTC,1.2104626161708382e-16
equity_min_variance,2021-06-01,INTC,5.621679409837403e-17
equity_min_variance,2021-07-01,INTC,8.415586048812074e-17
equity_min_variance,2021-08-02,INTC,4.714165115531897e-17
equity_min_variance,2021-09-01,INTC,1.868324534709008e-17
equity_min_variance,2021-10-01,INTC,0.0018383354213115971
equity_min_variance,2021-11-01,INTC,0.00023413613434294586
equity_min_variance,2021-12-01,INTC,0.006475335832974075
equity_min_variance,2022-01-03,INTC,0.007816722422500347
equity_min_variance,2022-02-01,INTC,0.013690784601235996
equity_min_variance,2022-03-01,INTC,8.33190298534973e-05
equity_min_variance,2022-04-01,INTC,0.0015079229621070907
equity_min_variance,2022-05-02,INTC,0.0
equity_min_variance,2022-06-01,INTC,0.003064563459431939
equity_min_variance,2022-07-01,INTC,4.037231425893543e-17
equity_min_variance,2022-08-01,INTC,2.2206296718104042e-17
equity_min_variance,2022-09-01,INTC,1.6650208543783004e-17
equity_min_variance,2022-10-03,INTC,2.996759935644991e-17
equity_min_variance,2022-11-01,INTC,9.448378440774139e-17
equity_min_variance,2022-12-01,INTC,1.355952171374224e-16
equity_min_variance,2023-01-03,INTC,2.43625315888592e-16
equity_min_variance,2023-02-01,INTC,0.0
equity_min_variance,2023-03-01,INTC,2.2369502333583824e-16
equity_min_variance,2023-04-03,INTC,0.0
equity_min_variance,2023-05-01,INTC,7.446114136746192e-17
equity_min_variance,2023-06-01,INTC,2.488792588742746e-16
equity_min_variance,2023-07-03,INTC,7.95547653755527e-17
equity_min_variance,2023-08-01,INTC,6.714996925367543e-17
equity_min_variance,2023-09-01,INTC,9.733745580965729e-17
equity_min_variance,2023-10-02,INTC,0.0
equity_min_variance,2023-11-01,INTC,0.0
equity_min_variance,2023-12-01,INTC,0.0029090895698378576
equity_min_variance,2021-01-04,KO,3.645926426317468e-05
equity_min_variance,2021-02-01,KO,2.1976668047285e-15
equity_min_variance,2021-03-01,KO,1.9863802323389541e-16
equity_min_variance,2021-04-01,KO,1.154763554022814e-16
equity_min_variance,2021-05-03,KO,0.0
equity_min_variance,2021-06-01,KO,1.9940079765320766e-17
equity_min_variance,2021-07-01,KO,1.129920904265116e-18
equity_min_variance,2021-08-02,KO,1.806968750562515e-17
equity_min_variance,2021-09-01,KO,4.4768291613762244e-17
equity_min_variance,2021-10-01,KO,0.0
equity_min_variance,2021-11-01,KO,0.06509442582289927
equity_min_variance,2021-12-01,KO,0.03287358170415713
equity_min_variance,2022-01-03,KO,0.024243016537542027
equity_min_variance,2022-02-01,KO,0.029410797577300578
equity_min_variance,2022-03-01,KO,0.08962867117167582
equity_min_variance,2022-04-01,KO,0.08702216720965089
equity_min_variance,2022-05-02,KO,0.1107371450983032
equity_min_variance,2022-06-01,KO,5.193555019488672e-19
equity_min_variance,2022-07-01,KO,0.029638547569533852
equity_min_variance,2022-08-01,KO,0.026004567973319074
equity_min_variance,2022-09-01,KO,0.03241423058587735
equity_min_variance,2022-10-03,KO,0.06314242231666156
equity_min_variance,2022-11-01,KO,0.08188541120043173
equity_min_variance,2022-12-01,KO,0.09436603377180768
equity_min_variance,2023-01-03,KO,0.09198565309888623
equity_min_variance,2023-02-01,KO,0.077475536770231
equity_min_variance,2023-03-01,KO,0.08286782427292168
equity_min_variance,2023-04-03,KO,0.13564831126245916
equity_min_variance,2023-05-01,KO,0.15473085277075882
equity_min_variance,2023-06-01,KO,0.2861890364586637
equity_min_variance,2023-07-03,KO,0.23847281422359196
equity_min_variance,2023-08-01,KO,0.232818835878899
equity_min_variance,2023-09-01,KO,0.2560538885490074
equity_min_variance,2023-10-02,KO,0.28744593598342566
equity_min_variance,2023-11-01,KO,0.17899131484095146
equity_min_variance,2023-12-01,KO,0.18773900795427795
equity_min_variance,2021-01-04,MMM,0.07755187055347908
equity_min_variance,2021-02-01,MMM,0.10039974987696369
equity_min_variance,2021-03-01,MMM,0.0775153492324078
equity_min_variance,2021-04-01,MMM,0.10499020255974176
equity_min_variance,2021-05-03,MMM,0.07075468203656783
equity_min_variance,2021-06-01,MMM,0.08494968282151025
equity_min_variance,2021-07-01,MMM,0.09464058083157306
equity_min_variance,2021-08-02,MMM,0.08191904855484163
equity_min_variance,2021-09-01,MMM,0.07446240966542152
equity_min_variance,2021-10-01,MMM,0.0829741313340213
equity_min_variance,2021-11-01,MMM,0.0632183804235152
equity_min_variance,2021-12-01,MMM,0.06337367673225885
equity_min_variance,2022-01-03,MMM,0.07645025843003944
equity_min_variance,2022-02-01,MMM,0.01738511974871842
equity_min_variance,2022-03-01,MMM,0.0
equity_min_variance,2022-04-01,MMM,2.83459540142746e-17
equity_min_variance,2022-05-02,MMM,0.0
equity_min_variance,2022-06-01,MMM,2.126456243832554e-17
equity_min_variance,2022-07-01,MMM,0.0026222304536142787
equity_min_variance,2022-08-01,MMM,0.0321654122326087
equity_min_variance,2022-09-01,MMM,6.669527656414367e-17
equity_min_variance,2022-10-03,MMM,0.02040018788272694
equity_min_variance,2022-11-01,MMM,0.0
equity_min_variance,2022-12-01,MMM,1.483739426744177e-16
equity_min_variance,2023-01-03,MMM,0.0
equity_min_variance,2023-02-01,MMM,4.43734243810592e-16
equity_min_variance,2023-03-01,MMM,1.0029111632266523e-16
equity_min_variance,2023-04-03,MMM,0.0
equity_min_variance,2023-05-01,MMM,1.6402522810200108e-17
equity_min_variance,2023-06-01,MMM,1.866284633344345e-16
equity_min_variance,2023-07-03,MMM,1.0605352636797856e-17
equity_min_variance,2023-08-01,MMM,0.0
equity_min_variance,2023-09-01,MMM,4.535964926003677e-17
equity_min_variance,2023-10-02,MMM,0.0
equity_min_variance,2023-11-01,MMM,9.213380435380692e-17
equity_min_variance,2023-12-01,MMM,1.2631305265885273e-17
equity_min_variance,2021-01-04,MRK,0.05760927106698053
equity_min_variance,2021-02-01,MRK,0.0669290670072966
equity_min_variance,2021-03-01,MRK,0.02153789579350652
equity_min_variance,2021-04-01,MRK,0.04684434260950163
equity_min_variance,2021-05-03,MRK,0.10675707256379649
equity_min_variance,2021-06-01,MRK,0.11716769199628677
equity_min_variance,2021-07-01,MRK,0.13499989022146827
equity_min_variance,2021-08-02,MRK,0.14400267172574518
equity_min_variance,2021-09-01,MRK,0.1303302914030185
equity_min_variance,2021-10-01,MRK,0.14590927529667597
equity_min_variance,2021-11-01,MRK,0.0730164999026526
equity_min_variance,2021-12-01,MRK,0.03314919160492319
equity_min_variance,2022-01-03,MRK,0.048514275593482814
equity_min_variance,2022-02-01,MRK,0.06278281413741782
equity_min_variance,2022-03-01,MRK,0.047446376744223966
equity_min_variance,2022-04-01,MRK,0.051097427152617635
equity_min_variance,2022-05-02,MRK,0.054988603660978116
equity_min_variance,2022-06-01,MRK,0.07337043797608242
equity_min_variance,2022-07-01,MRK,0.061804830402660896
equity_min_variance,2022-08-01,MRK,0.06191672790403769
equity_min_variance,2022-09-01,MRK,0.06477224128923106
equity_min_variance,2022-10-03,MRK,0.07837222204128365
equity_min_variance,2022-11-01,MRK,0.1343523482365178
equity_min_variance,2022-12-01,MRK,0.23890143520646517
equity_min_variance,2023-01-03,MRK,0.22178086550112816
equity_min_variance,2023-02-01,MRK,0.2137466013460701
equity_min_variance,2023-03-01,MRK,0.20548732623740018
equity_min_variance,2023-04-03,MRK,0.18912594102012428
equity_min_variance,2023-05-01,MRK,0.17682967392385027
equity_min_variance,2023-06-01,MRK,0.15643752494330182
equity_min_variance,2023-07-03,MRK,0.17631797044042244
equity_min_variance,2023-08-01,MRK,0.15981594417438422
equity_min_variance,2023-09-01,MRK,0.14189688919393106
equity_min_variance,2023-10-02,MRK,0.1166152588199155
equity_min_variance,2023-11-01,MRK,0.12161661583940564
equity_min_variance,2023-12-01,MRK,0.10355002475613881
equity_min_variance,2021-01-04,MS,2.7267894432571112e-15
equity_min_variance,2021-02-01,MS,3.581101882304087e-15
equity_min_variance,2021-03-01,MS,0.0
equity_min_variance,2021-04-01,MS,3.2727480649318106e-17
equity_min_variance,2021-05-03,MS,0.0
equity_min_variance,2021-06-01,MS,1.0343255346615727e-16
equity_min_variance,2021-07-01,MS,4.8650354885685784e-18
equity_min_variance,2021-08-02,MS,2.5854720838158803e-17
equity_min_variance,2021-09-01,MS,2.1959554036045498e-17
equity_min_variance,2021-10-01,MS,0.0
equity_min_variance,2021-11-01,MS,9.824744781853409e-18
equity_min_variance,2021-12-01,MS,1.3411096488587678e-17
equity_min_variance,2022-01-03,MS,1.2952387319274464e-17
equity_min_variance,2022-02-01,MS,0.02143238168183247
equity_min_variance,2022-03-01,MS,0.011096740047693732
equity_min_variance,2022-04-01,MS,1.2954317352613907e-17
equity_min_variance,2022-05-02,MS,1.8658379537742646e-16
equity_min_variance,2022-06-01,MS,7.82063334089943e-17
equity_min_variance,2022-07-01,MS,2.218719628117593e-17
equity_min_variance,2022-08-01,MS,5.224159280859746e-17
equity_min_variance,2022-09-01,MS,3.6629065655773574e-17
equity_min_variance,2022-10-03,MS,0.0
equity_min_variance,2022-11-01,MS,1.6749776066376948e-16
equity_min_variance,2022-12-01,MS,3.9881412660460396e-17
equity_min_variance,2023-01-03,MS,1.05482952605573e-17
equity_min_variance,2023-02-01,MS,4.399251958813605e-16
equity_min_variance,2023-03-01,MS,1.148444873728121e-16
equity_min_variance,2023-04-03,MS,4.166724474133354e-17
equity_min_variance,2023-05-01,MS,2.6383583218846507e-17
equity_min_variance,2023-06-01,MS,2.0623558199747705e-17
equity_min_variance,2023-07-03,MS,9.748473546162567e-17
equity_min_variance,2023-08-01,MS,0.0
equity_min_variance,2023-09-01,MS,1.4599545238655264e-16
equity_min_variance,2023-10-02,MS,1.0004776847860878e-16
equity_min_variance,2023-11-01,MS,5.84900031658686e-17
equity_min_variance,2023-12-01,MS,2.1593330723578793e-17
equity_min_variance,2021-01-04,NEE,2.8015916105796238e-15
equity_min_variance,2021-02-01,NEE,2.4355256047114705e-15
equity_min_variance,2021-03-01,NEE,0.0
equity_min_variance,2021-04-01,NEE,4.1266223976857728e-16
equity_min_variance,2021-05-03,NEE,3.3727496706950633e-16
equity_min_variance,2021-06-01,NEE,2.5172435541830854e-17
equity_min_variance,2021-07-01,NEE,8.653311596318758e-17
equity_min_variance,2021-08-02,NEE,6.966906518324174e-17
equity_min_variance,2021-09-01,NEE,1.6241967721707228e-17
equity_min_variance,2021-10-01,NEE,2.4258757606446867e-17
equity_min_variance,2021-11-01,NEE,5.595185258469565e-17
equity_min_variance,2021-12-01,NEE,1.2941585587725137e-17
equity_min_variance,2022-01-03,NEE,4.5503471293971357e-17
equity_min_variance,2022-02-01,NEE,1.6916834615569616e-17
equity_min_variance,2022-03-01,NEE,2.4287237603993324e-17
equity_min_variance,2022-04-01,NEE,0.018665920927317517
equity_min_variance,2022-05-02,NEE,3.139526227989094e-17
equity_min_variance,2022-06-01,NEE,3.232242278084218e-17
equity_min_variance,2022-07-01,NEE,5.126537227142481e-17
equity_min_variance,2022-08-01,NEE,1.7917322498144493e-17
equity_min_variance,2022-09-01,NEE,2.429735343223503e-17
equity_min_variance,2022-10-03,NEE,8.517763317589244e-18
equity_min_variance,2022-11-01,NEE,7.033763190564014e-17
equity_min_variance,2022-12-01,NEE,8.219798825871753e-17
equity_min_variance,2023-01-03,NEE,4.3134619532362236e-17
equity_min_variance,2023-02-01,NEE,2.893883518624621e-16
equity_min_variance,2023-03-01,NEE,7.215306342584082e-17
equity_min_variance,2023-04-03,NEE,1.1978401126891414e-16
equity_min_variance,2023-05-01,NEE,3.442784389302701e-17
equity_min_variance,2023-06-01,NEE,4.2418054745779754e-16
equity_min_variance,2023-07-03,NEE,0.0
equity_min_variance,2023-08-01,NEE,1.1570470059493743e-17
equity_min_variance,2023-09-01,NEE,3.220177438432115e-17
equity_min_variance,2023-10-02,NEE,2.1333619866482415e-16
equity_min_variance,2023-11-01,NEE,2.627377674567879e-16
equity_min_variance,2023-12-01,NEE,5.412674170114293e-17
equity_min_variance,2021-01-04,NEM,0.13706782759274402
equity_min_variance,2021-02-01,NEM,0.12818047992521747
equity_min_variance,2021-03-01,NEM,0.13214624985561083
equity_min_variance,2021-04-01,NEM,0.0006377191745227488
equity_min_variance,2021-05-03,NEM,0.0015795728763210544
equity_min_variance,2021-06-01,NEM,2.486662949359233e-17
equity_min_variance,2021-07-01,NEM,1.136618290735241e-16
equity_min_variance,2021-08-02,NEM,5.412230656378319e-17
equity_min_variance,2021-09-01,NEM,1.480504379764514e-16
equity_min_variance,2021-10-01,NEM,1.1382343913113284e-18
equity_min_variance,2021-11-01,NEM,0.0013504965691169427
equity_min_variance,2021-12-01,NEM,0.014462633915589013
equity_min_variance,2022-01-03,NEM,0.01405133365787231
equity_min_variance,2022-02-01,NEM,0.012795166529930836
equity_min_variance,2022-03-01,NEM,0.021576495606029693
equity_min_variance,2022-04-01,NEM,0.0348214431394742
equity_min_variance,2022-05-02,NEM,0.04787072520762548
equity_min_variance,2022-06-01,NEM,0.06290550583557396
equity_min_variance,2022-07-01,NEM,0.061821664647878874
equity_min_variance,2022-08-01,NEM,0.05941489017095117
equity_min_variance,2022-09-01,NEM,0.059500826271461194
equity_min_variance,2022-10-03,NEM,0.055649130410916146
equity_min_variance,2022-11-01,NEM,0.055305958022956
equity_min_variance,2022-12-01,NEM,0.015214379707032509
equity_min_variance,2023-01-03,NEM,0.014813824148799419
equity_min_variance,2023-02-01,NEM,0.007136882645050535
equity_min_variance,2023-03-01,NEM,0.001045356462049986
equity_min_variance,2023-04-03,NEM,0.005567806519601116
equity_min_variance,2023-05-01,NEM,0.004337877336716261
equity_min_variance,2023-06-01,NEM,1.1742925967554718e-16
equity_min_variance,2023-07-03,NEM,1.2089972964708377e-16
equity_min_variance,2023-08-01,NEM,9.818452780416721e-17
equity_min_variance,2023-09-01,NEM,7.735435689941972e-18
equity_min_variance,2023-10-02,NEM,3.140911921178748e-17
equity_min_variance,2023-11-01,NEM,0.0
equity_min_variance,2023-12-01,NEM,0.011252632419620625
equity_min_variance,2021-01-04,NKE,0.005083905320426706
equity_min_variance,2021-02-01,NKE,2.486407291374948e-15
equity_min_variance,2021-03-01,NKE,0.0
equity_min_variance,2021-04-01,NKE,2.5162944893060433e-17
equity_min_variance,2021-05-03,NKE,0.026981831217760283
equity_min_variance,2021-06-01,NKE,0.025839163441168593
equity_min_variance,2021-07-01,NKE,0.03628059033795339
equity_min_variance,2021-08-02,NKE,0.033203354548004986
equity_min_variance,2021-09-01,NKE,0.029299146303585592
equity_min_variance,2021-10-01,NKE,2.7032132467851903e-17
equity_min_variance,2021-11-01,NKE,1.6278963571288007e-17
equity_min_variance,2021-12-01,NKE,0.0008942691953588146
equity_min_variance,2022-01-03,NKE,0.00917270800336667
equity_min_variance,2022-02-01,NKE,0.017379458962777716
equity_min_variance,2022-03-01,NKE,0.022133715826025014
equity_min_variance,2022-04-01,NKE,0.01326713763431206
equity_min_variance,2022-05-02,NKE,0.0
equity_min_variance,2022-06-01,NKE,0.0
equity_min_variance,2022-07-01,NKE,2.94836281594313e-17
equity_min_variance,2022-08-01,NKE,1.717924011273155e-17
equity_min_variance,2022-09-01,NKE,4.2211502907791224e-17
equity_min_variance,2022-10-03,NKE,0.0
equity_min_variance,2022-11-01,NKE,1.1185214171006892e-16
equity_min_variance,2022-12-01,NKE,1.2784218577805605e-16
equity_min_variance,2023-01-03,NKE,4.990218738971497e-16
equity_min_variance,2023-02-01,NKE,0.0
equity_min_variance,2023-03-01,NKE,7.529330863549846e-17
equity_min_variance,2023-04-03,NKE,0.0
equity_min_variance,2023-05-01,NKE,3.3386036127780823e-16
equity_min_variance,2023-06-01,NKE,4.342975089798029e-16
equity_min_variance,2023-07-03,NKE,9.958973739933032e-17
equity_min_variance,2023-08-01,NKE,1.5047452307083043e-16
equity_min_variance,2023-09-01,NKE,3.265115172579216e-16
equity_min_variance,2023-10-02,NKE,1.6852737449397386e-16
equity_min_variance,2023-11-01,NKE,1.6355306365934736e-18
equity_min_variance,2023-12-01,NKE,1.2131880767508539e-17
equity_min_variance,2021-01-04,NUE,6.103034815605375e-16
equity_min_variance,2021-02-01,NUE,1.7656013082726061e-16
equity_min_variance,2021-03-01,NUE,8.790169113426227e-17
equity_min_variance,2021-04-01,NUE,1.787729664226834e-16
equity_min_variance,2021-05-03,NUE,1.6128184942079682e-16
equity_min_variance,2021-06-01,NUE,1.7883132039752173e-16
equity_min_variance,2021-07-01,NUE,3.3201838216852533e-17
equity_min_variance,2021-08-02,NUE,5.918726295945385e-17
equity_min_variance,2021-09-01,NUE,7.036399975521051e-17
equity_min_variance,2021-10-01,NUE,8.866609939041764e-17
equity_min_variance,2021-11-01,NUE,2.943661546252577e-17
equity_min_variance,2021-12-01,NUE,6.40077192348148e-17
equity_min_variance,2022-01-03,NUE,4.97086594745372e-17
equity_min_variance,2022-02-01,NUE,9.379809785168619e-17
equity_min_variance,2022-03-01,NUE,6.545838510276417e-17
equity_min_variance,2022-04-01,NUE,2.5245816295526653e-17
equity_min_variance,2022-05-02,NUE,8.422228635682468e-17
equity_min_variance,2022-06-01,NUE,2.447443500363321e-16
equity_min_variance,2022-07-01,NUE,5.858046703604908e-20
equity_min_variance,2022-08-01,NUE,8.799756783454617e-17
equity_min_variance,2022-09-01,NUE,7.203975016306947e-17
equity_min_variance,2022-10-03,NUE,2.4047783896556404e-16
equity_min_variance,2022-11-01,NUE,6.863850041429549e-17
equity_min_variance,2022-12-01,NUE,5.4845574170619195e-17
equity_min_variance,2023-01-03,NUE,5.35995481470865e-16
equity_min_variance,2023-02-01,NUE,0.0
equity_min_variance,2023-03-01,NUE,4.3535309414362613e-17
equity_min_variance,2023-04-03,NUE,0.0
equity_min_variance,2023-05-01,NUE,1.1159439324212953e-16
equity_min_variance,2023-06-01,NUE,2.1907660147785224e-17
equity_min_variance,2023-07-03,NUE,1.1084108115132425e-17
equity_min_variance,2023-08-01,NUE,3.987703611727431e-17
equity_min_variance,2023-09-01,NUE,4.438572376766513e-17
equity_min_variance,2023-10-02,NUE,0.0
equity_min_variance,2023-11-01,NUE,4.3086077699722625e-17
equity_min_variance,2023-12-01,NUE,1.0613979196891464e-16
equity_min_variance,2021-01-04,NVDA,9.133365086065367e-15
equity_min_variance,2021-02-01,NVDA,1.1058792196853293e-14
equity_min_variance,2021-03-01,NVDA,9.184954229482512e-16
equity_min_variance,2021-04-01,NVDA,8.014381724137665e-16
equity_min_variance,2021-05-03,NVDA,2.8019710620514904e-16
equity_min_variance,2021-06-01,NVDA,1.706602108358577e-16
equity_min_variance,2021-07-01,NVDA,3.479406512074819e-17
equity_min_variance,2021-08-02,NVDA,9.700595093770535e-17
equity_min_variance,2021-09-01,NVDA,8.149687430539477e-18
equity_min_variance,2021-10-01,NVDA,1.1998052291267713e-16
equity_min_variance,2021-11-01,NVDA,0.0
equity_min_variance,2021-12-01,NVDA,3.906653294606801e-18
equity_min_variance,2022-01-03,NVDA,2.691392813114253e-17
equity_min_variance,2022-02-01,NVDA,5.3847023645060165e-17
equity_min_variance,2022-03-01,NVDA,1.3265648847148192e-16
equity_min_variance,2022-04-01,NVDA,6.34410492261898e-17
equity_min_variance,2022-05-02,NVDA,0.0
equity_min_variance,2022-06-01,NVDA,2.1714067364546953e-17
equity_min_variance,2022-07-01,NVDA,1.86307456669813e-16
equity_min_variance,2022-08-01,NVDA,8.238340064662031e-18
equity_min_variance,2022-09-01,NVDA,2.0517287956932816e-16
equity_min_variance,2022-10-03,NVDA,0.0
equity_min_variance,2022-11-01,NVDA,0.0
equity_min_variance,2022-12-01,NVDA,1.4979912344831563e-16
equity_min_variance,2023-01-03,NVDA,6.136192290195169e-17
equity_min_variance,2023-02-01,NVDA,0.0
equity_min_variance,2023-03-01,NVDA,0.0
equity_min_variance,2023-04-03,NVDA,2.5155580911071247e-16
equity_min_variance,2023-05-01,NVDA,3.5257218496014663e-16
equity_min_variance,2023-06-01,NVDA,0.0
equity_min_variance,2023-07-03,NVDA,2.3484681070025566e-17
equity_min_variance,2023-08-01,NVDA,0.0
equity_min_variance,2023-09-01,NVDA,1.2134214547885417e-17
equity_min_variance,2023-10-02,NVDA,0.0
equity_min_variance,2023-11-01,NVDA,0.00408912066730294
equity_min_variance,2023-12-01,NVDA,0.01208917383419946
equity_min_variance,2021-01-04,O,1.3263783526528244e-15
equity_min_variance,2021-02-01,O,2.515630100571139e-15
equity_min_variance,2021-03-01,O,0.0
equity_min_variance,2021-04-01,O,1.385394623381959e-16
equity_min_variance,2021-05-03,O,0.0
equity_min_variance,2021-06-01,O,7.404274257960414e-17
equity_min_variance,2021-07-01,O,2.2747515780743364e-17
equity_min_variance,2021-08-02,O,1.2933962193903982e-17
equity_min_variance,2021-09-01,O,8.270350282674086e-18
equity_min_variance,2021-10-01,O,7.944494924524162e-17
equity_min_variance,2021-11-01,O,7.928359879503566e-18
equity_min_variance,2021-12-01,O,0.003967187252781309
equity_min_variance,2022-01-03,O,0.006156351895226701
equity_min_variance,2022-02-01,O,0.008036226301876205
equity_min_variance,2022-03-01,O,0.005286494546773385
equity_min_variance,2022-04-01,O,0.008311212518096814
equity_min_variance,2022-05-02,O,6.228042183438961e-17
equity_min_variance,2022-06-01,O,2.2417668885110558e-18
equity_min_variance,2022-07-01,O,2.0479175669525367e-17
equity_min_variance,2022-08-01,O,2.35441731906376e-17
equity_min_variance,2022-09-01,O,0.019024967150489527
equity_min_variance,2022-10-03,O,0.07264071645815122
equity_min_variance,2022-11-01,O,0.08288923509572986
equity_min_variance,2022-12-01,O,0.04219655414662972
equity_min_variance,2023-01-03,O,0.060805055886843616
equity_min_variance,2023-02-01,O,0.07357965072674735
equity_min_variance,2023-03-01,O,0.08649208963975644
equity_min_variance,2023-04-03,O,0.07262101726124921
equity_min_variance,2023-05-01,O,0.10223021029938743
equity_min_variance,2023-06-01,O,0.08480649246991587
equity_min_variance,2023-07-03,O,0.11712138551019025
equity_min_variance,2023-08-01,O,0.12245717024090443
equity_min_variance,2023-09-01,O,0.0938682431459283
equity_min_variance,2023-10-02,O,0.06318315711168151
equity_min_variance,2023-11-01,O,0.10033403355987967
equity_min_variance,2023-12-01,O,0.08453435639303013
equity_min_variance,2021-01-04,OXY,1.1359726723037053e-15
equity_min_variance,2021-02-01,OXY,1.2392536858105296e-15
equity_min_variance,2021-03-01,OXY,0.0
equity_min_variance,2021-04-01,OXY,4.890781140103573e-16
equity_min_variance,2021-05-03,OXY,0.0
equity_min_variance,2021-06-01,OXY,6.197154516162965e-17
equity_min_variance,2021-07-01,OXY,0.0
equity_min_variance,2021-08-02,OXY,3.047939952679868e-17
equity_min_variance,2021-09-01,OXY,7.087389744409282e-19
equity_min_variance,2021-10-01,OXY,0.002636343755755654
equity_min_variance,2021-11-01,OXY,0.004352889963059744
equity_min_variance,2021-12-01,OXY,6.924847286885995e-18
equity_min_variance,2022-01-03,OXY,0.0038726475383231685
equity_min_variance,2022-02-01,OXY,2.0048941786973296e-18
equity_min_variance,2022-03-01,OXY,0.004206203794617643
equity_min_variance,2022-04-01,OXY,8.602574749461016e-17
equity_min_variance,2022-05-02,OXY,2.1966952454093025e-16
equity_min_variance,2022-06-01,OXY,0.0
equity_min_variance,2022-07-01,OXY,1.0261524931074238e-16
equity_min_variance,2022-08-01,OXY,1.7211424497271872e-16
equity_min_variance,2022-09-01,OXY,2.1301160591197017e-17
equity_min_variance,2022-10-03,OXY,0.0
equity_min_variance,2022-11-01,OXY,0.0
equity_min_variance,2022-12-01,OXY,6.725032004045542e-17
equity_min_variance,2023-01-03,OXY,0.0
equity_min_variance,2023-02-01,OXY,3.992743906767321e-16
equity_min_variance,2023-03-01,OXY,7.640903625960463e-17
equity_min_variance,2023-04-03,OXY,2.350008208862331e-17
equity_min_variance,2023-05-01,OXY,4.997561655739126e-17
equity_min_variance,2023-06-01,OXY,1.2934193104573166e-16
equity_min_variance,2023-07-03,OXY,0.00449693552525733
equity_min_variance,2023-08-01,OXY,0.013532393659410974
equity_min_variance,2023-09-01,OXY,0.019213722511479316
equity_min_variance,2023-10-02,OXY,0.017764871949539816
equity_min_variance,2023-11-01,OXY,1.6603366572700325e-17
equity_min_variance,2023-12-01,OXY,0.02772271621392164
equity_min_variance,2021-01-04,PLD,2.671554919543845e-15
equity_min_variance,2021-02-01,PLD,2.874686886560295e-15
equity_min_variance,2021-03-01,PLD,4.84340215503587e-16
equity_min_variance,2021-04-01,PLD,3.4140703787993015e-16
equity_min_variance,2021-05-03,PLD,1.8312924703723257e-16
equity_min_variance,2021-06-01,PLD,7.296975778057326e-17
equity_min_variance,2021-07-01,PLD,5.778491318452106e-17
equity_min_variance,2021-08-02,PLD,0.0
equity_min_variance,2021-09-01,PLD,3.5285277448723476e-17
equity_min_variance,2021-10-01,PLD,1.949458443177586e-16
equity_min_variance,2021-11-01,PLD,4.5115954410438123e-17
equity_min_variance,2021-12-01,PLD,2.3664139355027816e-17
equity_min_variance,2022-01-03,PLD,2.0196487390701406e-17
equity_min_variance,2022-02-01,PLD,4.008670655743119e-17
equity_min_variance,2022-03-01,PLD,6.776668291450218e-17
equity_min_variance,2022-04-01,PLD,4.04045583995414e-17
equity_min_variance,2022-05-02,PLD,8.946464252872793e-18
equity_min_variance,2022-06-01,PLD,1.979842234870589e-18
equity_min_variance,2022-07-01,PLD,1.3839009926205617e-16
equity_min_variance,2022-08-01,PLD,2.434648814476024e-16
equity_min_variance,2022-09-01,PLD,1.2324384833612433e-16
equity_min_variance,2022-10-03,PLD,0.0
equity_min_variance,2022-11-01,PLD,0.0
equity_min_variance,2022-12-01,PLD,6.44789925732467e-17
equity_min_variance,2023-01-03,PLD,6.61412557348538e-16
equity_min_variance,2023-02-01,PLD,0.0
equity_min_variance,2023-03-01,PLD,2.9767827787136865e-16
equity_min_variance,2023-04-03,PLD,1.883394933749862e-17
equity_min_variance,2023-05-01,PLD,7.473597562228544e-17
equity_min_variance,2023-06-01,PLD,1.7066358634458545e-16
equity_min_variance,2023-07-03,PLD,5.306596966323807e-17
equity_min_variance,2023-08-01,PLD,3.3690410624986827e-16
equity_min_variance,2023-09-01,PLD,9.331422979404355e-17
equity_min_variance,2023-10-02,PLD,0.0
equity_min_variance,2023-11-01,PLD,4.35091288863923e-16
equity_min_variance,2023-12-01,PLD,2.271718018163094e-17
equity_min_variance,2021-01-04,PSA,0.0762969583451964
equity_min_variance,2021-02-01,PSA,0.08161771325036346
equity_min_variance,2021-03-01,PSA,0.11709665262273217
equity_min_variance,2021-04-01,PSA,0.1236706009767306
equity_min_variance,2021-05-03,PSA,0.0660180906347368
equity_min_variance,2021-06-01,PSA,0.08902092570701325
equity_min_variance,2021-07-01,PSA,0.10448893855575107
equity_min_variance,2021-08-02,PSA,0.1055830671259411
equity_min_variance,2021-09-01,PSA,0.11671204184044093
equity_min_variance,2021-10-01,PSA,0.09451605533630295
equity_min_variance,2021-11-01,PSA,0.10255288912031461
equity_min_variance,2021-12-01,PSA,0.12708229773018206
equity_min_variance,2022-01-03,PSA,0.1146454592137999
equity_min_variance,2022-02-01,PSA,0.10470386621704496
equity_min_variance,2022-03-01,PSA,0.06963383588465917
equity_min_variance,2022-04-01,PSA,0.04833380355701691
equity_min_variance,2022-05-02,PSA,9.215718466126788e-19
equity_min_variance,2022-06-01,PSA,1.5852674964689198e-16
equity_min_variance,2022-07-01,PSA,5.4018672994283455e-17
equity_min_variance,2022-08-01,PSA,3.59406450653222e-17
equity_min_variance,2022-09-01,PSA,1.0086761679730514e-16
equity_min_variance,2022-10-03,PSA,0.0
equity_min_variance,2022-11-01,PSA,0.0
equity_min_variance,2022-12-01,PSA,6.377766435950286e-18
equity_min_variance,2023-01-03,PSA,5.4638693078916046e-17
equity_min_variance,2023-02-01,PSA,1.6382294826255972e-16
equity_min_variance,2023-03-01,PSA,1.348659050067678e-17
equity_min_variance,2023-04-03,PSA,0.0
equity_min_variance,2023-05-01,PSA,2.4223737029748534e-17
equity_min_variance,2023-06-01,PSA,1.0789505682125278e-16
equity_min_variance,2023-07-03,PSA,7.696945165477025e-18
equity_min_variance,2023-08-01,PSA,0.0
equity_min_variance,2023-09-01,PSA,1.2205524024956551e-16
equity_min_variance,2023-10-02,PSA,3.686952275194676e-17
equity_min_variance,2023-11-01,PSA,1.948177784349351e-17
equity_min_variance,2023-12-01,PSA,4.417275523430242e-18
equity_min_variance,2021-01-04,QCOM,2.2939644125911477e-15
equity_min_variance,2021-02-01,QCOM,3.1298561463952376e-15
equity_min_variance,2021-03-01,QCOM,0.0
equity_min_variance,2021-04-01,QCOM,2.0052393830760975e-16
equity_min_variance,2021-05-03,QCOM,3.7230976362229044e-16
equity_min_variance,2021-06-01,QCOM,2.489196428367769e-17
equity_min_variance,2021-07-01,QCOM,7.307505335646902e-17
equity_min_variance,2021-08-02,QCOM,1.0980271918855553e-17
equity_min_variance,2021-09-01,QCOM,0.0
equity_min_variance,2021-10-01,QCOM,0.0
equity_min_variance,2021-11-01,QCOM,2.2182382843200982e-16
equity_min_variance,2021-12-01,QCOM,4.7566845899767516e-17
equity_min_variance,2022-01-03,QCOM,6.568031994452031e-18
equity_min_variance,2022-02-01,QCOM,4.4132851647095146e-18
equity_min_variance,2022-03-01,QCOM,4.549431105208035e-17
equity_min_variance,2022-04-01,QCOM,4.331001985350908e-18
equity_min_variance,2022-05-02,QCOM,1.4661462690614135e-16
equity_min_variance,2022-06-01,QCOM,9.020651419925162e-18
equity_min_variance,2022-07-01,QCOM,0.0
equity_min_variance,2022-08-01,QCOM,2.1602231651081762e-17
equity_min_variance,2022-09-01,QCOM,6.28857354764833e-17
equity_min_variance,2022-10-03,QCOM,9.686862552208375e-17
equity_min_variance,2022-11-01,QCOM,2.82402350395825e-16
equity_min_variance,2022-12-01,QCOM,8.324740347566011e-17
equity_min_variance,2023-01-03,QCOM,3.556720617836336e-16
equity_min_variance,2023-02-01,QCOM,0.0
equity_min_variance,2023-03-01,QCOM,1.0550605471756076e-16
equity_min_variance,2023-04-03,QCOM,1.5454106549335193e-16
equity_min_variance,2023-05-01,QCOM,6.576644636641576e-17
equity_min_variance,2023-06-01,QCOM,0.0
equity_min_variance,2023-07-03,QCOM,5.238988284706964e-17
equity_min_variance,2023-08-01,QCOM,1.4840699066359051e-16
equity_min_variance,2023-09-01,QCOM,1.46518813075606e-16
equity_min_variance,2023-10-02,QCOM,0.0
equity_min_variance,2023-11-01,QCOM,0.0
equity_min_variance,2023-12-01,QCOM,5.990175523728325e-18
equity_min_variance,2021-01-04,SBUX,8.359834755707683e-16
equity_min_variance,2021-02-01,SBUX,9.724851651983826e-16
equity_min_variance,2021-03-01,SBUX,2.4476728195518596e-17
equity_min_variance,2021-04-01,SBUX,7.011515880997892e-17
equity_min_variance,2021-05-03,SBUX,9.908972402752689e-18
equity_min_variance,2021-06-01,SBUX,2.1386983709839348e-18
equity_min_variance,2021-07-01,SBUX,0.021771996509937597
equity_min_variance,2021-08-02,SBUX,0.014399181137950124
equity_min_variance,2021-09-01,SBUX,0.0038147282612754413
equity_min_variance,2021-10-01,SBUX,0.020353814292025835
equity_min_variance,2021-11-01,SBUX,0.01302077668143794
equity_min_variance,2021-12-01,SBUX,0.011919500171084133
equity_min_variance,2022-01-03,SBUX,2.7732464565749737e-18
equity_min_variance,2022-02-01,SBUX,0.02447082904890162
equity_min_variance,2022-03-01,SBUX,3.988441411056468e-17
equity_min_variance,2022-04-01,SBUX,2.0320190383175923e-18
equity_min_variance,2022-05-02,SBUX,7.504020540973712e-18
equity_min_variance,2022-06-01,SBUX,3.583231977352036e-17
equity_min_variance,2022-07-01,SBUX,8.589525543717357e-17
equity_min_variance,2022-08-01,SBUX,3.1723223323123464e-17
equity_min_variance,2022-09-01,SBUX,3.5518091824769295e-17
equity_min_variance,2022-10-03,SBUX,7.34965319432694e-17
equity_min_variance,2022-11-01,SBUX,7.62555067676875e-17
equity_min_variance,2022-12-01,SBUX,7.232424741044196e-17
equity_min_variance,2023-01-03,SBUX,0.0
equity_min_variance,2023-02-01,SBUX,3.631365770150746e-16
equity_min_variance,2023-03-01,SBUX,1.3303806981700346e-16
equity_min_variance,2023-04-03,SBUX,0.0
equity_min_variance,2023-05-01,SBUX,2.4748434183293337e-17
equity_min_variance,2023-06-01,SBUX,8.069174668723367e-17
equity_min_variance,2023-07-03,SBUX,1.1666534117507116e-17
equity_min_variance,2023-08-01,SBUX,8.070518614359664e-17
equity_min_variance,2023-09-01,SBUX,0.0
equity_min_variance,2023-10-02,SBUX,1.0741799475273999e-16
equity_min_variance,2023-11-01,SBUX,8.485199303518624e-17
equity_min_variance,2023-12-01,SBUX,7.771837948246762e-17
equity_min_variance,2021-01-04,SHW,9.037841564751126e-16
equity_min_variance,2021-02-01,SHW,8.750269956108011e-16
equity_min_variance,2021-03-01,SHW,1.705178966776577e-16
equity_min_variance,2021-04-01,SHW,2.9416600201411304e-16
equity_min_variance,2021-05-03,SHW,1.0019643605647305e-16
equity_min_variance,2021-06-01,SHW,8.310031327150715e-17
equity_min_variance,2021-07-01,SHW,1.785493699525439e-17
equity_min_variance,2021-08-02,SHW,1.2043855295269752e-17
equity_min_variance,2021-09-01,SHW,2.250501756935464e-17
equity_min_variance,2021-10-01,SHW,0.0
equity_min_variance,2021-11-01,SHW,3.3399677238988906e-18
equity_min_variance,2021-12-01,SHW,0.02723884054908414
equity_min_variance,2022-01-03,SHW,0.0073634711100989654
equity_min_variance,2022-02-01,SHW,0.011327820693295798
equity_min_variance,2022-03-01,SHW,8.318569902846449e-18
equity_min_variance,2022-04-01,SHW,0.008406021012311693
equity_min_variance,2022-05-02,SHW,0.06786007585288212
equity_min_variance,2022-06-01,SHW,0.05297970758450229
equity_min_variance,2022-07-01,SHW,0.027341076291996894
equity_min_variance,2022-08-01,SHW,0.02286857270579773
equity_min_variance,2022-09-01,SHW,0.025660849342886323
equity_min_variance,2022-10-03,SHW,0.013654227768165467
equity_min_variance,2022-11-01,SHW,0.0
equity_min_variance,2022-12-01,SHW,1.368632001398479e-17
equity_min_variance,2023-01-03,SHW,7.578370637017605e-17
equity_min_variance,2023-02-01,SHW,1.8148189114691737e-16
equity_min_variance,2023-03-01,SHW,0.0
equity_min_variance,2023-04-03,SHW,6.50504422158712e-17
equity_min_variance,2023-05-01,SHW,1.0637571935689014e-16
equity_min_variance,2023-06-01,SHW,0.0
equity_min_variance,2023-07-03,SHW,9.467539606885356e-17
equity_min_variance,2023-08-01,SHW,0.0
equity_min_variance,2023-09-01,SHW,1.0204379187685223e-16
equity_min_variance,2023-10-02,SHW,0.0
equity_min_variance,2023-11-01,SHW,4.192266677825762e-18
equity_min_variance,2023-12-01,SHW,2.44858298540668e-17
equity_min_variance,2021-01-04,SLB,7.590181645770825e-16
equity_min_variance,2021-02-01,SLB,1.144075398234806e-15
equity_min_variance,2021-03-01,SLB,0.0
equity_min_variance,2021-04-01,SLB,1.8118665987756525e-17
equity_min_variance,2021-05-03,SLB,7.226803601450595e-16
equity_min_variance,2021-06-01,SLB,1.8661977594236461e-16
equity_min_variance,2021-07-01,SLB,2.5157151525197664e-17
equity_min_variance,2021-08-02,SLB,5.934509437367988e-17
equity_min_variance,2021-09-01,SLB,1.0687768211688207e-18
equity_min_variance,2021-10-01,SLB,0.0017147300346869105
equity_min_variance,2021-11-01,SLB,1.2464145488043109e-17
equity_min_variance,2021-12-01,SLB,2.235836985541589e-17
equity_min_variance,2022-01-03,SLB,7.976940429890439e-17
equity_min_variance,2022-02-01,SLB,3.361684146911486e-17
equity_min_variance,2022-03-01,SLB,7.555378509659146e-17
equity_min_variance,2022-04-01,SLB,1.6485834600847933e-17
equity_min_variance,2022-05-02,SLB,0.0
equity_min_variance,2022-06-01,SLB,3.709051144833703e-17
equity_min_variance,2022-07-01,SLB,1.1562596442417251e-16
equity_min_variance,2022-08-01,SLB,2.1268668846328888e-17
equity_min_variance,2022-09-01,SLB,7.366438865781381e-17
equity_min_variance,2022-10-03,SLB,1.4247094172817332e-16
equity_min_variance,2022-11-01,SLB,0.0
equity_min_variance,2022-12-01,SLB,1.0937805892026166e-16
equity_min_variance,2023-01-03,SLB,0.0
equity_min_variance,2023-02-01,SLB,2.371566949306287e-16
equity_min_variance,2023-03-01,SLB,5.511090105382594e-17
equity_min_variance,2023-04-03,SLB,0.0
equity_min_variance,2023-05-01,SLB,0.0
equity_min_variance,2023-06-01,SLB,3.897029183727585e-17
equity_min_variance,2023-07-03,SLB,8.502291869359375e-17
equity_min_variance,2023-08-01,SLB,1.0848465832440873e-16
equity_min_variance,2023-09-01,SLB,2.196151211606818e-17
equity_min_variance,2023-10-02,SLB,1.8578927103218052e-17
equity_min_variance,2023-11-01,SLB,3.751689537475314e-17
equity_min_variance,2023-12-01,SLB,1.593607894109707e-17
equity_min_variance,2021-01-04,SO,3.610753669650631e-15
equity_min_variance,2021-02-01,SO,4.2865412993655115e-15
equity_min_variance,2021-03-01,SO,3.298427611771182e-15
equity_min_variance,2021-04-01,SO,2.19538518229473e-16
equity_min_variance,2021-05-03,SO,0.0
equity_min_variance,2021-06-01,SO,2.1391864276423027e-17
equity_min_variance,2021-07-01,SO,3.650418696942517e-17
equity_min_variance,2021-08-02,SO,3.616333864143068e-18
equity_min_variance,2021-09-01,SO,3.808810779400065e-18
equity_min_variance,2021-10-01,SO,3.174820292536105e-17
equity_min_variance,2021-11-01,SO,4.373359949211768e-18
equity_min_variance,2021-12-01,SO,0.00886364824483665
equity_min_variance,2022-01-03,SO,0.008726353955965568
equity_min_variance,2022-02-01,SO,0.10878401915304206
equity_min_variance,2022-03-01,SO,0.09232290205436265
equity_min_variance,2022-04-01,SO,0.0999014636212383
equity_min_variance,2022-05-02,SO,0.06690620079523983
equity_min_variance,2022-06-01,SO,0.04528490672940224
equity_min_variance,2022-07-01,SO,0.0034552402284617634
equity_min_variance,2022-08-01,SO,0.00270334106546868
equity_min_variance,2022-09-01,SO,0.03179604858483919
equity_min_variance,2022-10-03,SO,0.0
equity_min_variance,2022-11-01,SO,0.0
equity_min_variance,2022-12-01,SO,2.3936357277236043e-17
equity_min_variance,2023-01-03,SO,1.7444227596505133e-16
equity_min_variance,2023-02-01,SO,3.850105601413831e-16
equity_min_variance,2023-03-01,SO,3.3059149357425763e-17
equity_min_variance,2023-04-03,SO,0.0
equity_min_variance,2023-05-01,SO,2.1902087689905637e-17
equity_min_variance,2023-06-01,SO,0.0
equity_min_variance,2023-07-03,SO,0.0
equity_min_variance,2023-08-01,SO,0.0
equity_min_variance,2023-09-01,SO,5.83694050306509e-17
equity_min_variance,2023-10-02,SO,3.196744234884153e-17
equity_min_variance,2023-11-01,SO,1.1057189273111085e-18
equity_min_variance,2023-12-01,SO,3.8901918106004625e-17
equity_min_variance,2021-01-04,T,1.1645557341076635e-15
equity_min_variance,2021-02-01,T,1.882822209523791e-15
equity_min_variance,2021-03-01,T,7.304322967443384e-16
equity_min_variance,2021-04-01,T,0.09603779401064771
equity_min_variance,2021-05-03,T,0.11427222640830988
equity_min_variance,2021-06-01,T,0.11626941084908592
equity_min_variance,2021-07-01,T,0.16336372494626336
equity_min_variance,2021-08-02,T,0.1639976477184542
equity_min_variance,2021-09-01,T,0.1633374958541871
equity_min_variance,2021-10-01,T,0.13455155569496902
equity_min_variance,2021-11-01,T,0.11040045953969281
equity_min_variance,2021-12-01,T,0.08833197615192363
equity_min_variance,2022-01-03,T,0.07346765517528801
equity_min_variance,2022-02-01,T,0.009073357430317367
equity_min_variance,2022-03-01,T,3.212316787505623e-17
equity_min_variance,2022-04-01,T,2.5093994179699117e-17
equity_min_variance,2022-05-02,T,3.0103550945417834e-17
equity_min_variance,2022-06-01,T,1.2826311428897906e-17
equity_min_variance,2022-07-01,T,1.1732334684165233e-16
equity_min_variance,2022-08-01,T,1.5611561594414103e-17
equity_min_variance,2022-09-01,T,3.060061099170185e-17
equity_min_variance,2022-10-03,T,9.242497276005717e-17
equity_min_variance,2022-11-01,T,5.1833602010179865e-17
equity_min_variance,2022-12-01,T,1.6750316935825902e-17
equity_min_variance,2023-01-03,T,0.003540251225310048
equity_min_variance,2023-02-01,T,0.029517862196868767
equity_min_variance,2023-03-01,T,0.04304671466740113
equity_min_variance,2023-04-03,T,0.05100731537018739
equity_min_variance,2023-05-01,T,0.0358576726110083
equity_min_variance,2023-06-01,T,0.02380594022979153
equity_min_variance,2023-07-03,T,0.043904841414034175
equity_min_variance,2023-08-01,T,0.027046033032807094
equity_min_variance,2023-09-01,T,0.033043011962999
equity_min_variance,2023-10-02,T,0.02711111047967406
equity_min_variance,2023-11-01,T,0.04103841709800862
equity_min_variance,2023-12-01,T,0.03631240068356582
equity_min_variance,2021-01-04,TMUS,7.797236873161405e-16
equity_min_variance,2021-02-01,TMUS,1.1532735928114871e-15
equity_min_variance,2021-03-01,TMUS,0.0
equity_min_variance,2021-04-01,TMUS,9.560416501289629e-17
equity_min_variance,2021-05-03,TMUS,1.7911697515818337e-16
equity_min_variance,2021-06-01,TMUS,6.750464768636534e-18
equity_min_variance,2021-07-01,TMUS,7.138981815935691e-17
equity_min_variance,2021-08-02,TMUS,4.249473801806748e-17
equity_min_variance,2021-09-01,TMUS,1.4978571147339263e-17
equity_min_variance,2021-10-01,TMUS,1.2043163609281285e-16
equity_min_variance,2021-11-01,TMUS,0.0007798693854100061
equity_min_variance,2021-12-01,TMUS,1.607068540837412e-17
equity_min_variance,2022-01-03,TMUS,5.108179525052959e-18
equity_min_variance,2022-02-01,TMUS,6.451559091293018e-18
equity_min_variance,2022-03-01,TMUS,1.642396781580556e-17
equity_min_variance,2022-04-01,TMUS,0.01483857674254134
equity_min_variance,2022-05-02,TMUS,0.0
equity_min_variance,2022-06-01,TMUS,6.636723525898026e-17
equity_min_variance,2022-07-01,TMUS,9.532874310381217e-18
equity_min_variance,2022-08-01,TMUS,5.264297175273219e-17
equity_min_variance,2022-09-01,TMUS,7.365935423446064e-17
equity_min_variance,2022-10-03,TMUS,0.0
equity_min_variance,2022-11-01,TMUS,4.765552210001107e-18
equity_min_variance,2022-12-01,TMUS,9.430492184001814e-17
equity_min_variance,2023-01-03,TMUS,0.0
equity_min_variance,2023-02-01,TMUS,3.1541135263497833e-16
equity_min_variance,2023-03-01,TMUS,1.0242439724824968e-16
equity_min_variance,2023-04-03,TMUS,8.678199814612186e-17
equity_min_variance,2023-05-01,TMUS,0.0
equity_min_variance,2023-06-01,TMUS,8.61940727125976e-17
equity_min_variance,2023-07-03,TMUS,0.030042789274364694
equity_min_variance,2023-08-01,TMUS,0.05265442791733691
equity_min_variance,2023-09-01,TMUS,0.034441252027824866
equity_min_variance,2023-10-02,TMUS,0.06157878946650252
equity_min_variance,2023-11-01,TMUS,0.062247522611978086
equity_min_variance,2023-12-01,TMUS,0.0640720405658957
equity_min_variance,2021-01-04,TTWO,0.03751215804133975
equity_min_variance,2021-02-01,TTWO,0.031919251386631264
equity_min_variance,2021-03-01,TTWO,0.014478055159416307
equity_min_variance,2021-04-01,TTWO,0.07732083182708636
equity_min_variance,2021-05-03,TTWO,0.06244923553136462
equity_min_variance,2021-06-01,TTWO,0.0568347015113899
equity_min_variance,2021-07-01,TTWO,0.04886933701240242
equity_min_variance,2021-08-02,TTWO,0.056483223338802645
equity_min_variance,2021-09-01,TTWO,0.056748423946855364
equity_min_variance,2021-10-01,TTWO,0.04052732789384731
equity_min_variance,2021-11-01,TTWO,0.026729149627769812
equity_min_variance,2021-12-01,TTWO,0.021549438513318295
equity_min_variance,2022-01-03,TTWO,0.019421072499989145
equity_min_variance,2022-02-01,TTWO,0.031312412824683465
equity_min_variance,2022-03-01,TTWO,0.0403390224430864
equity_min_variance,2022-04-01,TTWO,0.03342588464911466
equity_min_variance,2022-05-02,TTWO,0.038349740046646076
equity_min_variance,2022-06-01,TTWO,0.026261392357383305
equity_min_variance,2022-07-01,TTWO,0.02746495604410347
equity_min_variance,2022-08-01,TTWO,0.02730697321700654
equity_min_variance,2022-09-01,TTWO,0.012155501931095561
equity_min_variance,2022-10-03,TTWO,0.013508162926160243
equity_min_variance,2022-11-01,TTWO,0.02000200423278931
equity_min_variance,2022-12-01,TTWO,0.03660484876504576
equity_min_variance,2023-01-03,TTWO,0.03530520984873484
equity_min_variance,2023-02-01,TTWO,0.02250590280342669
equity_min_variance,2023-03-01,TTWO,0.027720538384386848
equity_min_variance,2023-04-03,TTWO,0.023188288813772114
equity_min_variance,2023-05-01,TTWO,0.02225051294646838
equity_min_variance,2023-06-01,TTWO,1.124893635271601e-16
equity_min_variance,2023-07-03,TTWO,0.0006599789260957398
equity_min_variance,2023-08-01,TTWO,0.0023643305057032328
equity_min_variance,2023-09-01,TTWO,0.01594397308191229
equity_min_variance,2023-10-02,TTWO,0.016405050214877783
equity_min_variance,2023-11-01,TTWO,0.0
equity_min_variance,2023-12-01,TTWO,9.018749079594668e-18
equity_min_variance,2021-01-04,UPS,0.014125583689285126
equity_min_variance,2021-02-01,UPS,0.00727236883833206
equity_min_variance,2021-03-01,UPS,0.021162448945739782
equity_min_variance,2021-04-01,UPS,9.477690264117881e-17
equity_min_variance,2021-05-03,UPS,0.0
equity_min_variance,2021-06-01,UPS,7.22236754440021e-17
equity_min_variance,2021-07-01,UPS,1.2200499619135684e-16
equity_min_variance,2021-08-02,UPS,4.183346809668389e-18
equity_min_variance,2021-09-01,UPS,6.203615016147018e-18
equity_min_variance,2021-10-01,UPS,0.0
equity_min_variance,2021-11-01,UPS,0.007742983845712431
equity_min_variance,2021-12-01,UPS,0.00036760377038254566
equity_min_variance,2022-01-03,UPS,0.0033824040726306167
equity_min_variance,2022-02-01,UPS,0.0023587603127707426
equity_min_variance,2022-03-01,UPS,0.011895039790346115
equity_min_variance,2022-04-01,UPS,1.5982231879697462e-17
equity_min_variance,2022-05-02,UPS,0.0
equity_min_variance,2022-06-01,UPS,5.197132480073049e-17
equity_min_variance,2022-07-01,UPS,0.00834109739481616
equity_min_variance,2022-08-01,UPS,2.0953342897621632e-17
equity_min_variance,2022-09-01,UPS,0.004364977026372979
equity_min_variance,2022-10-03,UPS,0.0009556370545093175
equity_min_variance,2022-11-01,UPS,0.016082890869705446
equity_min_variance,2022-12-01,UPS,1.3948950655835573e-16
equity_min_variance,2023-01-03,UPS,2.846909994162311e-17
equity_min_variance,2023-02-01,UPS,3.3032929690202106e-16
equity_min_variance,2023-03-01,UPS,1.7075963016230685e-16
equity_min_variance,2023-04-03,UPS,8.537414481965544e-17
equity_min_variance,2023-05-01,UPS,2.1877634735718918e-17
equity_min_variance,2023-06-01,UPS,0.0
equity_min_variance,2023-07-03,UPS,7.626494505515311e-17
equity_min_variance,2023-08-01,UPS,3.605961069365001e-18
equity_min_variance,2023-09-01,UPS,6.390533234753493e-17
equity_min_variance,2023-10-02,UPS,6.765584706501198e-17
equity_min_variance,2023-11-01,UPS,0.0
equity_min_variance,2023-12-01,UPS,4.197619034281509e-17
equity_min_variance,2021-01-04,USB,5.344225516126865e-16
equity_min_variance,2021-02-01,USB,8.146885034191716e-16
equity_min_variance,2021-03-01,USB,8.181043800862687e-16
equity_min_variance,2021-04-01,USB,1.2488970598723482e-16
equity_min_variance,2021-05-03,USB,0.0
equity_min_variance,2021-06-01,USB,7.327329757281634e-17
equity_min_variance,2021-07-01,USB,1.0584425417018755e-17
equity_min_variance,2021-08-02,USB,6.679597114456167e-18
equity_min_variance,2021-09-01,USB,1.1098836219830062e-17
equity_min_variance,2021-10-01,USB,0.0
equity_min_variance,2021-11-01,USB,4.231639637289515e-18
equity_min_variance,2021-12-01,USB,4.0367307892932505e-18
equity_min_variance,2022-01-03,USB,3.04830811943579e-18
equity_min_variance,2022-02-01,USB,2.2878727998565386e-18
equity_min_variance,2022-03-01,USB,7.395817069046832e-18
equity_min_variance,2022-04-01,USB,1.0226740645999081e-17
equity_min_variance,2022-05-02,USB,8.965104884631274e-17
equity_min_variance,2022-06-01,USB,0.0
equity_min_variance,2022-07-01,USB,4.2629266335934765e-17
equity_min_variance,2022-08-01,USB,0.0
equity_min_variance,2022-09-01,USB,6.790609368925501e-18
equity_min_variance,2022-10-03,USB,8.561809030846468e-17
equity_min_variance,2022-11-01,USB,1.4599739072509835e-16
equity_min_variance,2022-12-01,USB,2.13963432480071e-16
equity_min_variance,2023-01-03,USB,1.943965877848045e-17
equity_min_variance,2023-02-01,USB,2.406556128421028e-16
equity_min_variance,2023-03-01,USB,7.734375841100887e-17
equity_min_variance,2023-04-03,USB,8.139308996756023e-17
equity_min_variance,2023-05-01,USB,3.574226988308509e-17
equity_min_variance,2023-06-01,USB,1.0416811185333386e-16
equity_min_variance,2023-07-03,USB,1.4270046943330583e-17
equity_min_variance,2023-08-01,USB,3.433693506523849e-17
equity_min_variance,2023-09-01,USB,3.2760816177831814e-17
equity_min_variance,2023-10-02,USB,8.263355534633426e-17
equity_min_variance,2023-11-01,USB,1.489955844643989e-16
equity_min_variance,2023-12-01,USB,1.3068710754027168e-16
equity_min_variance,2021-01-04,V,1.5547325516316345e-16
equity_min_variance,2021-02-01,V,2.45225421051457e-16
equity_min_variance,2021-03-01,V,2.1528932449435595e-16
equity_min_variance,2021-04-01,V,9.412373165654936e-17
equity_min_variance,2021-05-03,V,0.0
equity_min_variance,2021-06-01,V,4.5582292338953246e-18
equity_min_variance,2021-07-01,V,6.911539988918701e-17
equity_min_variance,2021-08-02,V,3.047213259937321e-17
equity_min_variance,2021-09-01,V,1.5837117894690092e-16
equity_min_variance,2021-10-01,V,0.0
equity_min_variance,2021-11-01,V,1.181397609489585e-17
equity_min_variance,2021-12-01,V,8.984335915078435e-18
equity_min_variance,2022-01-03,V,4.277088265477231e-18
equity_min_variance,2022-02-01,V,3.3058669791103605e-17
equity_min_variance,2022-03-01,V,0.0
equity_min_variance,2022-04-01,V,2.835590335253272e-17
equity_min_variance,2022-05-02,V,3.01169082010881e-17
equity_min_variance,2022-06-01,V,0.0
equity_min_variance,2022-07-01,V,5.748884967249639e-17
equity_min_variance,2022-08-01,V,1.6858596791139865e-17
equity_min_variance,2022-09-01,V,4.6871224685774317e-17
equity_min_variance,2022-10-03,V,1.7924572416616602e-16
equity_min_variance,2022-11-01,V,2.245151527093217e-17
equity_min_variance,2022-12-01,V,8.418665418844405e-17
equity_min_variance,2023-01-03,V,4.1472500059717386e-17
equity_min_variance,2023-02-01,V,3.1468290430033963e-16
equity_min_variance,2023-03-01,V,6.166591704970786e-17
equity_min_variance,2023-04-03,V,0.0
equity_min_variance,2023-05-01,V,8.142042294510206e-17
equity_min_variance,2023-06-01,V,1.7889335846010823e-17
equity_min_variance,2023-07-03,V,2.1846359487441382e-17
equity_min_variance,2023-08-01,V,0.011914425873859253
equity_min_variance,2023-09-01,V,0.018377137037556873
equity_min_variance,2023-10-02,V,0.029163195949643284
equity_min_variance,2023-11-01,V,0.039752741431229165
equity_min_variance,2023-12-01,V,0.07751953895808869
equity_min_variance,2021-01-04,WFC,1.4536335362151622e-15
equity_min_variance,2021-02-01,WFC,2.134703640468401e-15
equity_min_variance,2021-03-01,WFC,3.8415993476592636e-16
equity_min_variance,2021-04-01,WFC,9.192633325133042e-17
equity_min_variance,2021-05-03,WFC,0.0
equity_min_variance,2021-06-01,WFC,2.670278656263036e-17
equity_min_variance,2021-07-01,WFC,3.092615941443589e-17
equity_min_variance,2021-08-02,WFC,5.5062293467711956e-17
equity_min_variance,2021-09-01,WFC,4.6327298698592476e-18
equity_min_variance,2021-10-01,WFC,0.0
equity_min_variance,2021-11-01,WFC,1.6722734619551017e-17
equity_min_variance,2021-12-01,WFC,7.4495472970633e-18
equity_min_variance,2022-01-03,WFC,1.5960119843470612e-17
equity_min_variance,2022-02-01,WFC,2.044535007232126e-17
equity_min_variance,2022-03-01,WFC,0.0
equity_min_variance,2022-04-01,WFC,8.580647732117235e-18
equity_min_variance,2022-05-02,WFC,5.4889601307207904e-17
equity_min_variance,2022-06-01,WFC,0.0
equity_min_variance,2022-07-01,WFC,3.2805708273347906e-17
equity_min_variance,2022-08-01,WFC,1.839098266754306e-17
equity_min_variance,2022-09-01,WFC,5.871645242604157e-17
equity_min_variance,2022-10-03,WFC,2.329972473442718e-16
equity_min_variance,2022-11-01,WFC,0.0
equity_min_variance,2022-12-01,WFC,3.0763352468639445e-17
equity_min_variance,2023-01-03,WFC,1.261590847862485e-16
equity_min_variance,2023-02-01,WFC,1.1995002972657598e-16
equity_min_variance,2023-03-01,WFC,3.39872955675388e-16
equity_min_variance,2023-04-03,WFC,0.0
equity_min_variance,2023-05-01,WFC,0.0
equity_min_variance,2023-06-01,WFC,2.3405214398530827e-17
equity_min_variance,2023-07-03,WFC,4.785229492312994e-17
equity_min_variance,2023-08-01,WFC,1.2283574095083206e-18
equity_min_variance,2023-09-01,WFC,2.863744577353411e-17
equity_min_variance,2023-10-02,WFC,6.373955890341085e-17
equity_min_variance,2023-11-01,WFC,0.0
equity_min_variance,2023-12-01,WFC,2.812361336673049e-17
equity_min_variance,2021-01-04,WMT,0.23094293289606002
equity_min_variance,2021-02-01,WMT,0.22800109567128318
equity_min_variance,2021-03-01,WMT,0.20961647357613894
equity_min_variance,2021-04-01,WMT,0.23154891338488146
equity_min_variance,2021-05-03,WMT,0.20458992799818485
equity_min_variance,2021-06-01,WMT,0.1751166293420642
equity_min_variance,2021-07-01,WMT,0.10643702389992757
equity_min_variance,2021-08-02,WMT,0.11130267988806294
equity_min_variance,2021-09-01,WMT,0.12325256688984097
equity_min_variance,2021-10-01,WMT,0.1283821258997419
equity_min_variance,2021-11-01,WMT,0.10683822388629195
equity_min_variance,2021-12-01,WMT,0.11198906145244872
equity_min_variance,2022-01-03,WMT,0.11393466144280685
equity_min_variance,2022-02-01,WMT,0.09401717627156904
equity_min_variance,2022-03-01,WMT,0.13157363624751725
equity_min_variance,2022-04-01,WMT,0.11629372065696264
equity_min_variance,2022-05-02,WMT,0.10745425467734976
equity_min_variance,2022-06-01,WMT,0.08537188681102036
equity_min_variance,2022-07-01,WMT,0.11128824508405244
equity_min_variance,2022-08-01,WMT,0.10898289846554583
equity_min_variance,2022-09-01,WMT,0.09919331287105096
equity_min_variance,2022-10-03,WMT,0.11563577356360008
equity_min_variance,2022-11-01,WMT,0.11091666794395097
equity_min_variance,2022-12-01,WMT,0.11246307147432826
equity_min_variance,2023-01-03,WMT,0.10718365947767014
equity_min_variance,2023-02-01,WMT,0.10095765258897885
equity_min_variance,2023-03-01,WMT,0.095363684282452
equity_min_variance,2023-04-03,WMT,0.10424964922767181
equity_min_variance,2023-05-01,WMT,0.11917639575379352
equity_min_variance,2023-06-01,WMT,0.15308152871157438
equity_min_variance,2023-07-03,WMT,0.13942119629141964
equity_min_variance,2023-08-01,WMT,0.13789832515165953
equity_min_variance,2023-09-01,WMT,0.18068830450458115
equity_min_variance,2023-10-02,WMT,0.1580237304992131
equity_min_variance,2023-11-01,WMT,0.1964067947539714
equity_min_variance,2023-12-01,WMT,0.17857448404929263
equity_min_variance,2021-01-04,XOM,1.2722416226817151e-15
equity_min_variance,2021-02-01,XOM,2.1917940180340976e-15
equity_min_variance,2021-03-01,XOM,1.4029495619987682e-16
equity_min_variance,2021-04-01,XOM,2.4228439700691807e-16
equity_min_variance,2021-05-03,XOM,0.0
equity_min_variance,2021-06-01,XOM,2.0473529243792348e-17
equity_min_variance,2021-07-01,XOM,3.73082777290075e-17
equity_min_variance,2021-08-02,XOM,0.0
equity_min_variance,2021-09-01,XOM,2.4789598513552406e-17
equity_min_variance,2021-10-01,XOM,4.26299046794131e-17
equity_min_variance,2021-11-01,XOM,6.130324671318157e-18
equity_min_variance,2021-12-01,XOM,3.740181704233049e-18
equity_min_variance,2022-01-03,XOM,4.3907562762891255e-18
equity_min_variance,2022-02-01,XOM,4.5918452681642283e-17
equity_min_variance,2022-03-01,XOM,1.5826122120611695e-18
equity_min_variance,2022-04-01,XOM,6.8865111909136116e-18
equity_min_variance,2022-05-02,XOM,0.0
equity_min_variance,2022-06-01,XOM,0.0
equity_min_variance,2022-07-01,XOM,1.3178763725304754e-17
equity_min_variance,2022-08-01,XOM,3.637279930895076e-18
equity_min_variance,2022-09-01,XOM,3.3386273726425025e-17
equity_min_variance,2022-10-03,XOM,0.0
equity_min_variance,2022-11-01,XOM,3.5362609108330334e-16
equity_min_variance,2022-12-01,XOM,0.015684000084394294
equity_min_variance,2023-01-03,XOM,0.008680708174760042
equity_min_variance,2023-02-01,XOM,0.007511499907294215
equity_min_variance,2023-03-01,XOM,9.595011074804264e-17
equity_min_variance,2023-04-03,XOM,0.009740283566844888
equity_min_variance,2023-05-01,XOM,1.417171251129145e-16
equity_min_variance,2023-06-01,XOM,2.2951204738802522e-17
equity_min_variance,2023-07-03,XOM,0.009382525291062458
equity_min_variance,2023-08-01,XOM,0.008678667907849658
equity_min_variance,2023-09-01,XOM,0.013516982064645721
equity_min_variance,2023-10-02,XOM,0.0
equity_min_variance,2023-11-01,XOM,0.0
equity_min_variance,2023-12-01,XOM,1.5996283746375337e-17
equity_max_sharpe,2021-01-04,ABBV,0.0
equity_max_sharpe,2021-02-01,ABBV,0.003807252003973122
equity_max_sharpe,2021-03-01,ABBV,0.0
equity_max_sharpe,2021-04-01,ABBV,0.11348197160226363
equity_max_sharpe,2021-05-03,ABBV,0.1334913318183452
equity_max_sharpe,2021-06-01,ABBV,0.0
equity_max_sharpe,2021-07-01,ABBV,1.4676479729229908e-17
equity_max_sharpe,2021-08-02,ABBV,0.008519785459735044
equity_max_sharpe,2021-09-01,ABBV,0.03282390486841689
equity_max_sharpe,2021-10-01,ABBV,0.02373347223373007
equity_max_sharpe,2021-11-01,ABBV,0.0512624766956063
equity_max_sharpe,2021-12-01,ABBV,0.0
equity_max_sharpe,2022-01-03,ABBV,0.0
equity_max_sharpe,2022-02-01,ABBV,0.12173470164388561
equity_max_sharpe,2022-03-01,ABBV,0.18964313919261233
equity_max_sharpe,2022-04-01,ABBV,0.3
equity_max_sharpe,2022-05-02,ABBV,0.1976118286009127
equity_max_sharpe,2022-06-01,ABBV,0.25476100351307746
equity_max_sharpe,2022-07-01,ABBV,0.2999999999999996
equity_max_sharpe,2022-08-01,ABBV,0.24226142818449947
equity_max_sharpe,2022-09-01,ABBV,0.08826098167335777
equity_max_sharpe,2022-10-03,ABBV,0.2999999999999979
equity_max_sharpe,2022-11-01,ABBV,0.21777183804473962
equity_max_sharpe,2022-12-01,ABBV,0.10456791100844488
equity_max_sharpe,2023-01-03,ABBV,0.09017987279238811
equity_max_sharpe,2023-02-01,ABBV,0.0
equity_max_sharpe,2023-03-01,ABBV,2.059289723079748e-16
equity_max_sharpe,2023-04-03,ABBV,0.0
equity_max_sharpe,2023-05-01,ABBV,0.0
equity_max_sharpe,2023-06-01,ABBV,0.0
equity_max_sharpe,2023-07-03,ABBV,0.0
equity_max_sharpe,2023-08-01,ABBV,6.008631438365163e-19
equity_max_sharpe,2023-09-01,ABBV,2.1011838102769076e-16
equity_max_sharpe,2023-10-02,ABBV,6.520103520311321e-16
equity_max_sharpe,2023-11-01,ABBV,2.1496773701900906e-16
equity_max_sharpe,2023-12-01,ABBV,2.7412621463170966e-16
equity_max_sharpe,2021-01-04,ABT,0.0
equity_max_sharpe,2021-02-01,ABT,0.0
equity_max_sharpe,2021-03-01,ABT,6.516443202431653e-17
equity_max_sharpe,2021-04-01,ABT,0.06537366437854036
equity_max_sharpe,2021-05-03,ABT,1.2140353826406436e-16
equity_max_sharpe,2021-06-01,ABT,0.0
equity_max_sharpe,2021-07-01,ABT,0.03132882363431579
equity_max_sharpe,2021-08-02,ABT,0.009686806987144435
equity_max_sharpe,2021-09-01,ABT,1.0577069818953899e-16
equity_max_sharpe,2021-10-01,ABT,0.025184366622951343
equity_max_sharpe,2021-11-01,ABT,0.0890962816948445
equity_max_sharpe,2021-12-01,ABT,0.02861591484583683
equity_max_sharpe,2022-01-03,ABT,0.07993320420688538
equity_max_sharpe,2022-02-01,ABT,1.2181011407874642e-16
equity_max_sharpe,2022-03-01,ABT,0.0
equity_max_sharpe,2022-04-01,ABT,0.0
equity_max_sharpe,2022-05-02,ABT,0.0
equity_max_sharpe,2022-06-01,ABT,0.0
equity_max_sharpe,2022-07-01,ABT,0.0
equity_max_sharpe,2022-08-01,ABT,4.040008345224111e-16
equity_max_sharpe,2022-09-01,ABT,1.4007892068512717e-16
equity_max_sharpe,2022-10-03,ABT,0.0
equity_max_sharpe,2022-11-01,ABT,0.0
equity_max_sharpe,2022-12-01,ABT,0.0
equity_max_sharpe,2023-01-03,ABT,6.71852981234955e-16
equity_max_sharpe,2023-02-01,ABT,0.0
equity_max_sharpe,2023-03-01,ABT,0.0
equity_max_sharpe,2023-04-03,ABT,0.0
equity_max_sharpe,2023-05-01,ABT,6.173303700903033e-16
equity_max_sharpe,2023-06-01,ABT,2.4092983556849915e-16
equity_max_sharpe,2023-07-03,ABT,0.0
equity_max_sharpe,2023-08-01,ABT,0.0
equity_max_sharpe,2023-09-01,ABT,0.0
equity_max_sharpe,2023-10-02,ABT,0.0
equity_max_sharpe,2023-11-01,ABT,0.0
equity_max_sharpe,2023-12-01,ABT,0.0
equity_max_sharpe,2021-01-04,ADBE,0.0
equity_max_sharpe,2021-02-01,ADBE,0.0
equity_max_sharpe,2021-03-01,ADBE,0.0
equity_max_sharpe,2021-04-01,ADBE,0.0
equity_max_sharpe,2021-05-03,ADBE,0.0
equity_max_sharpe,2021-06-01,ADBE,1.1045735294759791e-16
equity_max_sharpe,2021-07-01,ADBE,0.0
equity_max_sharpe,2021-08-02,ADBE,0.028819039432727015
equity_max_sharpe,2021-09-01,ADBE,0.0
equity_max_sharpe,2021-10-01,ADBE,0.0
equity_max_sharpe,2021-11-01,ADBE,0.0
equity_max_sharpe,2021-12-01,ADBE,3.161000806524222e-17
equity_max_sharpe,2022-01-03,ADBE,4.45517009294543e-16
equity_max_sharpe,2022-02-01,ADBE,0.0
equity_max_sharpe,2022-03-01,ADBE,0.0
equity_max_sharpe,2022-04-01,ADBE,0.0
equity_max_sharpe,2022-05-02,ADBE,8.029872339970767e-17
equity_max_sharpe,2022-06-01,ADBE,0.0
equity_max_sharpe,2022-07-01,ADBE,6.421896662619776e-17
equity_max_sharpe,2022-08-01,ADBE,0.0
equity_max_sharpe,2022-09-01,ADBE,8.588914085158605e-18
equity_max_sharpe,2022-10-03,ADBE,6.442983619043807e-18
equity_max_sharpe,2022-11-01,ADBE,0.0
equity_max_sharpe,2022-12-01,ADBE,4.458781434346637e-18
equity_max_sharpe,2023-01-03,ADBE,0.0
equity_max_sharpe,2023-02-01,ADBE,0.0
equity_max_sharpe,2023-03-01,ADBE,2.0326345739145465e-16
equity_max_sharpe,2023-04-03,ADBE,0.0
equity_max_sharpe,2023-05-01,ADBE,0.0
equity_max_sharpe,2023-06-01,ADBE,0.0
equity_max_sharpe,2023-07-03,ADBE,0.0
equity_max_sharpe,2023-08-01,ADBE,4.533757619848758e-17
equity_max_sharpe,2023-09-01,ADBE,8.748698380328657e-16
equity_max_sharpe,2023-10-02,ADBE,0.0
equity_max_sharpe,2023-11-01,ADBE,0.0
equity_max_sharpe,2023-12-01,ADBE,0.11328928487625108
equity_max_sharpe,2021-01-04,AEP,0.0
equity_max_sharpe,2021-02-01,AEP,0.0
equity_max_sharpe,2021-03-01,AEP,0.0
equity_max_sharpe,2021-04-01,AEP,0.0
equity_max_sharpe,2021-05-03,AEP,1.9773137120704387e-16
equity_max_sharpe,2021-06-01,AEP,1.5800461215063307e-16
equity_max_sharpe,2021-07-01,AEP,0.0
equity_max_sharpe,2021-08-02,AEP,1.9522415368317114e-16
equity_max_sharpe,2021-09-01,AEP,0.0
equity_max_sharpe,2021-10-01,AEP,0.0
equity_max_sharpe,2021-11-01,AEP,0.0
equity_max_sharpe,2021-12-01,AEP,7.684654109255939e-17
equity_max_sharpe,2022-01-03,AEP,0.0
equity_max_sharpe,2022-02-01,AEP,9.879792296774159e-18
equity_max_sharpe,2022-03-01,AEP,0.05823130552371271
equity_max_sharpe,2022-04-01,AEP,4.3551067369342554e-16
equity_max_sharpe,2022-05-02,AEP,0.0
equity_max_sharpe,2022-06-01,AEP,0.11716948996701987
equity_max_sharpe,2022-07-01,AEP,0.0
equity_max_sharpe,2022-08-01,AEP,0.0
equity_max_sharpe,2022-09-01,AEP,0.0
equity_max_sharpe,2022-10-03,AEP,0.0
equity_max_sharpe,2022-11-01,AEP,0.0
equity_max_sharpe,2022-12-01,AEP,2.5505856107721492e-17
equity_max_sharpe,2023-01-03,AEP,9.242823520438925e-17
equity_max_sharpe,2023-02-01,AEP,1.3894497987604783e-16
equity_max_sharpe,2023-03-01,AEP,5.985979996547052e-17
equity_max_sharpe,2023-04-03,AEP,1.0966084287945982e-16
equity_max_sharpe,2023-05-01,AEP,2.2894101550323335e-16
equity_max_sharpe,2023-06-01,AEP,7.093976691957849e-17
equity_max_sharpe,2023-07-03,AEP,1.784358838258011e-16
equity_max_sharpe,2023-08-01,AEP,0.0
equity_max_sharpe,2023-09-01,AEP,1.0576392192596096e-16
equity_max_sharpe,2023-10-02,AEP,3.030967247019185e-16
equity_max_sharpe,2023-11-01,AEP,2.10630785851865e-17
equity_max_sharpe,2023-12-01,AEP,9.891574400600103e-17
equity_max_sharpe,2021-01-04,AMD,0.0
equity_max_sharpe,2021-02-01,AMD,0.0
equity_max_sharpe,2021-03-01,AMD,0.00023744132277452674
equity_max_sharpe,2021-04-01,AMD,0.0
equity_max_sharpe,2021-05-03,AMD,0.0
equity_max_sharpe,2021-06-01,AMD,0.0
equity_max_sharpe,2021-07-01,AMD,0.037482319034625074
equity_max_sharpe,2021-08-02,AMD,0.0
equity_max_sharpe,2021-09-01,AMD,0.0
equity_max_sharpe,2021-10-01,AMD,5.0212113113234924e-17
equity_max_sharpe,2021-11-01,AMD,0.011085951444534996
equity_max_sharpe,2021-12-01,AMD,0.0
equity_max_sharpe,2022-01-03,AMD,0.0
equity_max_sharpe,2022-02-01,AMD,2.0331501239534422e-16
equity_max_sharpe,2022-03-01,AMD,2.2764179864048772e-16
equity_max_sharpe,2022-04-01,AMD,0.0
equity_max_sharpe,2022-05-02,AMD,0.0
equity_max_sharpe,2022-06-01,AMD,0.04002298602295733
equity_max_sharpe,2022-07-01,AMD,3.5702698182377416e-17
equity_max_sharpe,2022-08-01,AMD,5.385774291821743e-17
equity_max_sharpe,2022-09-01,AMD,2.94462533783485e-17
equity_max_sharpe,2022-10-03,AMD,0.0
equity_max_sharpe,2022-11-01,AMD,0.0
equity_max_sharpe,2022-12-01,AMD,0.0
equity_max_sharpe,2023-01-03,AMD,0.0
equity_max_sharpe,2023-02-01,AMD,0.0
equity_max_sharpe,2023-03-01,AMD,2.2241467107729226e-17
equity_max_sharpe,2023-04-03,AMD,0.0
equity_max_sharpe,2023-05-01,AMD,3.899733600498624e-17
equity_max_sharpe,2023-06-01,AMD,0.0
equity_max_sharpe,2023-07-03,AMD,0.0
equity_max_sharpe,2023-08-01,AMD,3.09516700163869e-17
equity_max_sharpe,2023-09-01,AMD,5.848999670016175e-16
equity_max_sharpe,2023-10-02,AMD,0.0
equity_max_sharpe,2023-11-01,AMD,0.0
equity_max_sharpe,2023-12-01,AMD,0.0
equity_max_sharpe,2021-01-04,AMGN,1.7305995340644213e-17
equity_max_sharpe,2021-02-01,AMGN,0.0
equity_max_sharpe,2021-03-01,AMGN,0.0
equity_max_sharpe,2021-04-01,AMGN,4.9229554894419936e-17
equity_max_sharpe,2021-05-03,AMGN,5.0198560586078855e-17
equity_max_sharpe,2021-06-01,AMGN,0.0
equity_max_sharpe,2021-07-01,AMGN,2.45979827086766e-16
equity_max_sharpe,2021-08-02,AMGN,0.0
equity_max_sharpe,2021-09-01,AMGN,0.0
equity_max_sharpe,2021-10-01,AMGN,4.7013716704402686e-17
equity_max_sharpe,2021-11-01,AMGN,8.87538062792001e-17
equity_max_sharpe,2021-12-01,AMGN,0.0
equity_max_sharpe,2022-01-03,AMGN,1.928682777922643e-16
equity_max_sharpe,2022-02-01,AMGN,0.0
equity_max_sharpe,2022-03-01,AMGN,1.1499319291924381e-16
equity_max_sharpe,2022-04-01,AMGN,4.692065903615936e-17
equity_max_sharpe,2022-05-02,AMGN,9.376993539284006e-17
equity_max_sharpe,2022-06-01,AMGN,0.0
equity_max_sharpe,2022-07-01,AMGN,2.61422766681186e-16
equity_max_sharpe,2022-08-01,AMGN,0.0
equity_max_sharpe,2022-09-01,AMGN,0.07753908645696879
equity_max_sharpe,2022-10-03,AMGN,0.0753389667325997
equity_max_sharpe,2022-11-01,AMGN,0.3
equity_max_sharpe,2022-12-01,AMGN,0.2999999999999997
equity_max_sharpe,2023-01-03,AMGN,0.15890155155126515
equity_max_sharpe,2023-02-01,AMGN,0.0
equity_max_sharpe,2023-03-01,AMGN,8.864460601618004e-17
equity_max_sharpe,2023-04-03,AMGN,0.0
equity_max_sharpe,2023-05-01,AMGN,1.0203490953204045e-16
equity_max_sharpe,2023-06-01,AMGN,3.1178889991135223e-19
equity_max_sharpe,2023-07-03,AMGN,0.0
equity_max_sharpe,2023-08-01,AMGN,2.546525494733551e-16
equity_max_sharpe,2023-09-01,AMGN,0.0
equity_max_sharpe,2023-10-02,AMGN,0.11171793407946369
equity_max_sharpe,2023-11-01,AMGN,1.4505876906495886e-16
equity_max_sharpe,2023-12-01,AMGN,1.5263919093940231e-16
equity_max_sharpe,2021-01-04,AMT,0.0
equity_max_sharpe,2021-02-01,AMT,0.0
equity_max_sharpe,2021-03-01,AMT,0.0
equity_max_sharpe,2021-04-01,AMT,1.762506156646748e-17
equity_max_sharpe,2021-05-03,AMT,0.0
equity_max_sharpe,2021-06-01,AMT,1.1170527227662965e-16
equity_max_sharpe,2021-07-01,AMT,0.0
equity_max_sharpe,2021-08-02,AMT,5.540950727758731e-17
equity_max_sharpe,2021-09-01,AMT,0.0
equity_max_sharpe,2021-10-01,AMT,1.1771725087761364e-16
equity_max_sharpe,2021-11-01,AMT,6.844026213814747e-19
equity_max_sharpe,2021-12-01,AMT,0.0
equity_max_sharpe,2022-01-03,AMT,2.7404147030900166e-17
equity_max_sharpe,2022-02-01,AMT,8.882326298087495e-17
equity_max_sharpe,2022-03-01,AMT,1.3721933745519665e-16
equity_max_sharpe,2022-04-01,AMT,0.0
equity_max_sharpe,2022-05-02,AMT,2.2510747606230286e-17
equity_max_sharpe,2022-06-01,AMT,4.038653092508504e-17
equity_max_sharpe,2022-07-01,AMT,4.1754970171857883e-17
equity_max_sharpe,2022-08-01,AMT,0.0
equity_max_sharpe,2022-09-01,AMT,0.0
equity_max_sharpe,2022-10-03,AMT,0.0
equity_max_sharpe,2022-11-01,AMT,0.0
equity_max_sharpe,2022-12-01,AMT,1.9260851594204986e-16
equity_max_sharpe,2023-01-03,AMT,0.0
equity_max_sharpe,2023-02-01,AMT,1.1490331539112076e-16
equity_max_sharpe,2023-03-01,AMT,8.725816195282634e-17
equity_max_sharpe,2023-04-03,AMT,0.0
equity_max_sharpe,2023-05-01,AMT,4.4983748609742087e-17
equity_max_sharpe,2023-06-01,AMT,0.0
equity_max_sharpe,2023-07-03,AMT,9.37461983689427e-17
equity_max_sharpe,2023-08-01,AMT,0.0
equity_max_sharpe,2023-09-01,AMT,0.0
equity_max_sharpe,2023-10-02,AMT,7.704486980602137e-17
equity_max_sharpe,2023-11-01,AMT,0.0
equity_max_sharpe,2023-12-01,AMT,2.1018564133504314e-16
equity_max_sharpe,2021-01-04,BA,0.0
equity_max_sharpe,2021-02-01,BA,0.0
equity_max_sharpe,2021-03-01,BA,0.0
equity_max_sharpe,2021-04-01,BA,5.74356100874196e-17
equity_max_sharpe,2021-05-03,BA,8.153200337090993e-17
equity_max_sharpe,2021-06-01,BA,0.0
equity_max_sharpe,2021-07-01,BA,1.0560385540717651e-16
equity_max_sharpe,2021-08-02,BA,3.853661096828165e-17
equity_max_sharpe,2021-09-01,BA,0.0
equity_max_sharpe,2021-10-01,BA,0.0
equity_max_sharpe,2021-11-01,BA,0.0
equity_max_sharpe,2021-12-01,BA,0.0
equity_max_sharpe,2022-01-03,BA,0.0
equity_max_sharpe,2022-02-01,BA,0.0
equity_max_sharpe,2022-03-01,BA,0.0
equity_max_sharpe,2022-04-01,BA,1.8584268605335698e-17
equity_max_sharpe,2022-05-02,BA,7.789992609308349e-17
equity_max_sharpe,2022-06-01,BA,1.2387009820646888e-16
equity_max_sharpe,2022-07-01,BA,2.8836075031806623e-16
equity_max_sharpe,2022-08-01,BA,5.692061405548898e-18
equity_max_sharpe,2022-09-01,BA,0.0
equity_max_sharpe,2022-10-03,BA,2.023566018097034e-16
equity_max_sharpe,2022-11-01,BA,0.0
equity_max_sharpe,2022-12-01,BA,1.9777202878851208e-16
equity_max_sharpe,2023-01-03,BA,0.0
equity_max_sharpe,2023-02-01,BA,0.0
equity_max_sharpe,2023-03-01,BA,0.0
equity_max_sharpe,2023-04-03,BA,0.0
equity_max_sharpe,2023-05-01,BA,4.003817920301975e-16
equity_max_sharpe,2023-06-01,BA,0.07457104895807329
equity_max_sharpe,2023-07-03,BA,8.185961759958396e-18
equity_max_sharpe,2023-08-01,BA,2.406207345971083e-16
equity_max_sharpe,2023-09-01,BA,1.2766480581016815e-16
equity_max_sharpe,2023-10-02,BA,0.0
equity_max_sharpe,2023-11-01,BA,0.0017645265681267988
equity_max_sharpe,2023-12-01,BA,0.007658189628402723
equity_max_sharpe,2021-01-04,CAT,1.3526339989374421e-16
equity_max_sharpe,2021-02-01,CAT,2.4749625092412852e-16
equity_max_sharpe,2021-03-01,CAT,0.3
equity_max_sharpe,2021-04-01,CAT,0.027972924573467766
equity_max_sharpe,2021-05-03,CAT,0.15017412545403871
equity_max_sharpe,2021-06-01,CAT,0.12160562186861529
equity_max_sharpe,2021-07-01,CAT,0.0011028816829833504
equity_max_sharpe,2021-08-02,CAT,3.1953470902221226e-17
equity_max_sharpe,2021-09-01,CAT,0.0
equity_max_sharpe,2021-10-01,CAT,1.974603206639225e-17
equity_max_sharpe,2021-11-01,CAT,2.3029131769949918e-17
equity_max_sharpe,2021-12-01,CAT,1.8375409456688108e-16
equity_max_sharpe,2022-01-03,CAT,0.0
equity_max_sharpe,2022-02-01,CAT,0.0
equity_max_sharpe,2022-03-01,CAT,6.12167651639628e-17
equity_max_sharpe,2022-04-01,CAT,0.0
equity_max_sharpe,2022-05-02,CAT,0.0
equity_max_sharpe,2022-06-01,CAT,3.992167924363188e-16
equity_max_sharpe,2022-07-01,CAT,2.1173621854755421e-16
equity_max_sharpe,2022-08-01,CAT,1.56396163381034e-17
equity_max_sharpe,2022-09-01,CAT,9.642623071542955e-18
equity_max_sharpe,2022-10-03,CAT,0.0
equity_max_sharpe,2022-11-01,CAT,6.26939906239743e-17
equity_max_sharpe,2022-12-01,CAT,1.1628068299907035e-16
equity_max_sharpe,2023-01-03,CAT,0.0
equity_max_sharpe,2023-02-01,CAT,1.2030415241327132e-16
equity_max_sharpe,2023-03-01,CAT,0.013163983110451093
equity_max_sharpe,2023-04-03,CAT,0.0
equity_max_sharpe,2023-05-01,CAT,0.0
equity_max_sharpe,2023-06-01,CAT,7.601970968917171e-17
equity_max_sharpe,2023-07-03,CAT,0.0
equity_max_sharpe,2023-08-01,CAT,7.479575576198111e-16
equity_max_sharpe,2023-09-01,CAT,0.02388293450219786
equity_max_sharpe,2023-10-02,CAT,0.06367420984064528
equity_max_sharpe,2023-11-01,CAT,1.2515876385370518e-16
equity_max_sharpe,2023-12-01,CAT,0.0
equity_max_sharpe,2021-01-04,CCI,2.19134355127158e-16
equity_max_sharpe,2021-02-01,CCI,0.0
equity_max_sharpe,2021-03-01,CCI,1.2532998251927898e-16
equity_max_sharpe,2021-04-01,CCI,2.8575503508571076e-17
equity_max_sharpe,2021-05-03,CCI,1.341971238993933e-16
equity_max_sharpe,2021-06-01,CCI,2.3638245925235427e-19
equity_max_sharpe,2021-07-01,CCI,1.259183165114081e-16
equity_max_sharpe,2021-08-02,CCI,0.0
equity_max_sharpe,2021-09-01,CCI,0.027620156918464537
equity_max_sharpe,2021-10-01,CCI,0.021885027728061675
equity_max_sharpe,2021-11-01,CCI,0.0
equity_max_sharpe,2021-12-01,CCI,0.0
equity_max_sharpe,2022-01-03,CCI,0.0
equity_max_sharpe,2022-02-01,CCI,0.0
equity_max_sharpe,2022-03-01,CCI,0.0
equity_max_sharpe,2022-04-01,CCI,4.4876299376881374e-17
equity_max_sharpe,2022-05-02,CCI,0.0
equity_max_sharpe,2022-06-01,CCI,2.9012572509354295e-17
equity_max_sharpe,2022-07-01,CCI,0.0
equity_max_sharpe,2022-08-01,CCI,0.0
equity_max_sharpe,2022-09-01,CCI,1.0574359313522685e-16
equity_max_sharpe,2022-10-03,CCI,5.788520349386674e-17
equity_max_sharpe,2022-11-01,CCI,0.0
equity_max_sharpe,2022-12-01,CCI,1.597029800071148e-16
equity_max_sharpe,2023-01-03,CCI,0.0
equity_max_sharpe,2023-02-01,CCI,0.0
equity_max_sharpe,2023-03-01,CCI,0.0
equity_max_sharpe,2023-04-03,CCI,0.0
equity_max_sharpe,2023-05-01,CCI,1.9283891063670395e-16
equity_max_sharpe,2023-06-01,CCI,0.0
equity_max_sharpe,2023-07-03,CCI,0.0
equity_max_sharpe,2023-08-01,CCI,5.2847211952889723e-17
equity_max_sharpe,2023-09-01,CCI,1.9979135533476633e-16
equity_max_sharpe,2023-10-02,CCI,0.0
equity_max_sharpe,2023-11-01,CCI,0.0
equity_max_sharpe,2023-12-01,CCI,0.0
equity_max_sharpe,2021-01-04,CMCSA,3.2386798436719574e-17
equity_max_sharpe,2021-02-01,CMCSA,1.0256552551712872e-16
equity_max_sharpe,2021-03-01,CMCSA,0.0
equity_max_sharpe,2021-04-01,CMCSA,0.0
equity_max_sharpe,2021-05-03,CMCSA,6.69494841509799e-17
equity_max_sharpe,2021-06-01,CMCSA,1.3900633050367323e-16
equity_max_sharpe,2021-07-01,CMCSA,0.0
equity_max_sharpe,2021-08-02,CMCSA,2.4835006013496086e-17
equity_max_sharpe,2021-09-01,CMCSA,0.0
equity_max_sharpe,2021-10-01,CMCSA,0.0
equity_max_sharpe,2021-11-01,CMCSA,5.3093719199794054e-17
equity_max_sharpe,2021-12-01,CMCSA,0.0
equity_max_sharpe,2022-01-03,CMCSA,5.40969907542841e-17
equity_max_sharpe,2022-02-01,CMCSA,0.0
equity_max_sharpe,2022-03-01,CMCSA,0.0
equity_max_sharpe,2022-04-01,CMCSA,1.6773518480821257e-16
equity_max_sharpe,2022-05-02,CMCSA,1.1370570283941728e-17
equity_max_sharpe,2022-06-01,CMCSA,0.0
equity_max_sharpe,2022-07-01,CMCSA,0.0
equity_max_sharpe,2022-08-01,CMCSA,5.816744655384731e-17
equity_max_sharpe,2022-09-01,CMCSA,0.0
equity_max_sharpe,2022-10-03,CMCSA,1.5751291066573272e-16
equity_max_sharpe,2022-11-01,CMCSA,1.6502488801471357e-16
equity_max_sharpe,2022-12-01,CMCSA,3.133615329026229e-16
equity_max_sharpe,2023-01-03,CMCSA,8.835570079399058e-17
equity_max_sharpe,2023-02-01,CMCSA,1.2129896822154882e-16
equity_max_sharpe,2023-03-01,CMCSA,3.309332372710486e-17
equity_max_sharpe,2023-04-03,CMCSA,0.0
equity_max_sharpe,2023-05-01,CMCSA,8.64292148858106e-18
equity_max_sharpe,2023-06-01,CMCSA,0.0
equity_max_sharpe,2023-07-03,CMCSA,2.0012757332412102e-16
equity_max_sharpe,2023-08-01,CMCSA,0.0
equity_max_sharpe,2023-09-01,CMCSA,3.622048407730949e-16
equity_max_sharpe,2023-10-02,CMCSA,0.006846149173121181
equity_max_sharpe,2023-11-01,CMCSA,0.05576512911006417
equity_max_sharpe,2023-12-01,CMCSA,4.360739441999982e-17
equity_max_sharpe,2021-01-04,COP,5.191410400966963e-17
equity_max_sharpe,2021-02-01,COP,7.6029677345546e-17
equity_max_sharpe,2021-03-01,COP,1.9844133921703416e-17
equity_max_sharpe,2021-04-01,COP,0.0
equity_max_sharpe,2021-05-03,COP,1.3590474232105798e-16
equity_max_sharpe,2021-06-01,COP,0.0
equity_max_sharpe,2021-07-01,COP,0.0
equity_max_sharpe,2021-08-02,COP,0.0
equity_max_sharpe,2021-09-01,COP,0.0
equity_max_sharpe,2021-10-01,COP,7.98514900035574e-17
equity_max_sharpe,2021-11-01,COP,0.007373461911370416
equity_max_sharpe,2021-12-01,COP,0.03783603118444022
equity_max_sharpe,2022-01-03,COP,0.09018815938823657
equity_max_sharpe,2022-02-01,COP,0.16480390443642653
equity_max_sharpe,2022-03-01,COP,0.15033020499332475
equity_max_sharpe,2022-04-01,COP,0.07623168155150355
equity_max_sharpe,2022-05-02,COP,0.173162522607474
equity_max_sharpe,2022-06-01,COP,0.04970294443762525
equity_max_sharpe,2022-07-01,COP,2.0920374652569786e-16
equity_max_sharpe,2022-08-01,COP,1.733910324347443e-16
equity_max_sharpe,2022-09-01,COP,0.06235986448491109
equity_max_sharpe,2022-10-03,COP,2.360636909224657e-16
equity_max_sharpe,2022-11-01,COP,0.0
equity_max_sharpe,2022-12-01,COP,0.0
equity_max_sharpe,2023-01-03,COP,0.0
equity_max_sharpe,2023-02-01,COP,8.358634140430517e-17
equity_max_sharpe,2023-03-01,COP,0.0
equity_max_sharpe,2023-04-03,COP,0.0
equity_max_sharpe,2023-05-01,COP,1.2132000747322198e-16
equity_max_sharpe,2023-06-01,COP,5.0426757353464815e-17
equity_max_sharpe,2023-07-03,COP,0.0
equity_max_sharpe,2023-08-01,COP,2.366050878734685e-16
equity_max_sharpe,2023-09-01,COP,0.0
equity_max_sharpe,2023-10-02,COP,0.0
equity_max_sharpe,2023-11-01,COP,0.0
equity_max_sharpe,2023-12-01,COP,2.296567981011418e-17
equity_max_sharpe,2021-01-04,CVX,0.0
equity_max_sharpe,2021-02-01,CVX,1.4776320358261819e-16
equity_max_sharpe,2021-03-01,CVX,8.327927982004658e-17
equity_max_sharpe,2021-04-01,CVX,1.5287250632045613e-17
equity_max_sharpe,2021-05-03,CVX,0.0
equity_max_sharpe,2021-06-01,CVX,1.5869233536601954e-17
equity_max_sharpe,2021-07-01,CVX,5.758192747447042e-18
equity_max_sharpe,2021-08-02,CVX,5.3769651491702986e-17
equity_max_sharpe,2021-09-01,CVX,1.475666919388552e-16
equity_max_sharpe,2021-10-01,CVX,1.3491540783866496e-17
equity_max_sharpe,2021-11-01,CVX,3.226517902681081e-17
equity_max_sharpe,2021-12-01,CVX,0.0
equity_max_sharpe,2022-01-03,CVX,9.920157265836907e-18
equity_max_sharpe,2022-02-01,CVX,6.896881069723415e-17
equity_max_sharpe,2022-03-01,CVX,0.0
equity_max_sharpe,2022-04-01,CVX,0.10966180573569716
equity_max_sharpe,2022-05-02,CVX,0.08460909659582898
equity_max_sharpe,2022-06-01,CVX,0.1953392911155927
equity_max_sharpe,2022-07-01,CVX,0.1326976332532456
equity_max_sharpe,2022-08-01,CVX,0.20952869464608195
equity_max_sharpe,2022-09-01,CVX,0.13791326160559034
equity_max_sharpe,2022-10-03,CVX,0.13966966687999496
equity_max_sharpe,2022-11-01,CVX,0.06992419607248214
equity_max_sharpe,2022-12-01,CVX,8.49336876870832e-17
equity_max_sharpe,2023-01-03,CVX,0.0
equity_max_sharpe,2023-02-01,CVX,0.0
equity_max_sharpe,2023-03-01,CVX,1.9084266600780957e-16
equity_max_sharpe,2023-04-03,CVX,0.0
equity_max_sharpe,2023-05-01,CVX,0.0
equity_max_sharpe,2023-06-01,CVX,1.7087785170006679e-16
equity_max_sharpe,2023-07-03,CVX,0.0
equity_max_sharpe,2023-08-01,CVX,0.0
equity_max_sharpe,2023-09-01,CVX,2.9761349634727097e-17
equity_max_sharpe,2023-10-02,CVX,0.0
equity_max_sharpe,2023-11-01,CVX,3.193940220541348e-17
equity_max_sharpe,2023-12-01,CVX,1.6451300717370698e-16
equity_max_sharpe,2021-01-04,D,0.0
equity_max_sharpe,2021-02-01,D,3.144186300207963e-17
equity_max_sharpe,2021-03-01,D,1.3130092940540547e-16
equity_max_sharpe,2021-04-01,D,2.2571733978432595e-17
equity_max_sharpe,2021-05-03,D,0.0
equity_max_sharpe,2021-06-01,D,6.334385034494894e-17
equity_max_sharpe,2021-07-01,D,0.0
equity_max_sharpe,2021-08-02,D,0.0
equity_max_sharpe,2021-09-01,D,2.5356778309004735e-17
equity_max_sharpe,2021-10-01,D,0.0
equity_max_sharpe,2021-11-01,D,0.0
equity_max_sharpe,2021-12-01,D,6.058379978963072e-17
equity_max_sharpe,2022-01-03,D,1.1981714716480986e-16
equity_max_sharpe,2022-02-01,D,0.0
equity_max_sharpe,2022-03-01,D,1.159554223473247e-16
equity_max_sharpe,2022-04-01,D,7.892174814076237e-17
equity_max_sharpe,2022-05-02,D,3.150962563785997e-17
equity_max_sharpe,2022-06-01,D,0.0
equity_max_sharpe,2022-07-01,D,1.192113451768762e-16
equity_max_sharpe,2022-08-01,D,1.1519648082658485e-17
equity_max_sharpe,2022-09-01,D,6.856901114613012e-17
equity_max_sharpe,2022-10-03,D,0.0
equity_max_sharpe,2022-11-01,D,5.193328406205566e-17
equity_max_sharpe,2022-12-01,D,0.0
equity_max_sharpe,2023-01-03,D,4.738166781668995e-16
equity_max_sharpe,2023-02-01,D,0.0
equity_max_sharpe,2023-03-01,D,6.03559652734302e-17
equity_max_sharpe,2023-04-03,D,0.0
equity_max_sharpe,2023-05-01,D,0.0
equity_max_sharpe,2023-06-01,D,3.148086110248178e-17
equity_max_sharpe,2023-07-03,D,0.0
equity_max_sharpe,2023-08-01,D,5.2517981221607455e-17
equity_max_sharpe,2023-09-01,D,2.5278173651499536e-16
equity_max_sharpe,2023-10-02,D,9.381080067662e-17
equity_max_sharpe,2023-11-01,D,3.556694367289911e-18
equity_max_sharpe,2023-12-01,D,7.840257219786401e-17
equity_max_sharpe,2021-01-04,DD,3.027216736032767e-17
equity_max_sharpe,2021-02-01,DD,0.11056451581502784
equity_max_sharpe,2021-03-01,DD,1.8259113582849026e-17
equity_max_sharpe,2021-04-01,DD,0.09676835262306248
equity_max_sharpe,2021-05-03,DD,1.916327339868129e-17
equity_max_sharpe,2021-06-01,DD,0.0
equity_max_sharpe,2021-07-01,DD,0.0
equity_max_sharpe,2021-08-02,DD,0.0
equity_max_sharpe,2021-09-01,DD,1.6191881819713205e-16
equity_max_sharpe,2021-10-01,DD,2.1236810053559818e-17
equity_max_sharpe,2021-11-01,DD,0.0
equity_max_sharpe,2021-12-01,DD,4.91162977201386e-17
equity_max_sharpe,2022-01-03,DD,1.0430739906858034e-16
equity_max_sharpe,2022-02-01,DD,8.433737649221618e-17
equity_max_sharpe,2022-03-01,DD,4.0562713778113935e-17
equity_max_sharpe,2022-04-01,DD,0.0
equity_max_sharpe,2022-05-02,DD,1.856831745652987e-16
equity_max_sharpe,2022-06-01,DD,0.0
equity_max_sharpe,2022-07-01,DD,0.0
equity_max_sharpe,2022-08-01,DD,0.0
equity_max_sharpe,2022-09-01,DD,0.0
equity_max_sharpe,2022-10-03,DD,7.176807089153444e-17
equity_max_sharpe,2022-11-01,DD,1.239141439197261e-16
equity_max_sharpe,2022-12-01,DD,0.0
equity_max_sharpe,2023-01-03,DD,0.0
equity_max_sharpe,2023-02-01,DD,0.0
equity_max_sharpe,2023-03-01,DD,1.9141918404227147e-16
equity_max_sharpe,2023-04-03,DD,0.0
equity_max_sharpe,2023-05-01,DD,1.6235338061225699e-16
equity_max_sharpe,2023-06-01,DD,0.0
equity_max_sharpe,2023-07-03,DD,3.168665226504537e-17
equity_max_sharpe,2023-08-01,DD,3.654838541312133e-17
equity_max_sharpe,2023-09-01,DD,6.492473659386322e-16
equity_max_sharpe,2023-10-02,DD,0.0
equity_max_sharpe,2023-11-01,DD,0.0
equity_max_sharpe,2023-12-01,DD,0.0
equity_max_sharpe,2021-01-04,DIS,8.300767699158457e-17
equity_max_sharpe,2021-02-01,DIS,0.0
equity_max_sharpe,2021-03-01,DIS,0.0
equity_max_sharpe,2021-04-01,DIS,0.053380092742265385
equity_max_sharpe,2021-05-03,DIS,0.0
equity_max_sharpe,2021-06-01,DIS,0.0
equity_max_sharpe,2021-07-01,DIS,0.007809828155135068
equity_max_sharpe,2021-08-02,DIS,3.499940138054769e-17
equity_max_sharpe,2021-09-01,DIS,7.688348655637833e-17
equity_max_sharpe,2021-10-01,DIS,1.580055259808172e-17
equity_max_sharpe,2021-11-01,DIS,4.860783271113528e-17
equity_max_sharpe,2021-12-01,DIS,0.0
equity_max_sharpe,2022-01-03,DIS,0.0
equity_max_sharpe,2022-02-01,DIS,2.573624906937466e-17
equity_max_sharpe,2022-03-01,DIS,0.0
equity_max_sharpe,2022-04-01,DIS,0.0
equity_max_sharpe,2022-05-02,DIS,8.029872339970767e-17
equity_max_sharpe,2022-06-01,DIS,0.0
equity_max_sharpe,2022-07-01,DIS,8.651776262493837e-17
equity_max_sharpe,2022-08-01,DIS,9.115429765171879e-17
equity_max_sharpe,2022-09-01,DIS,7.912642980070772e-17
equity_max_sharpe,2022-10-03,DIS,2.0409395271507662e-18
equity_max_sharpe,2022-11-01,DIS,0.0
equity_max_sharpe,2022-12-01,DIS,0.0
equity_max_sharpe,2023-01-03,DIS,0.0
equity_max_sharpe,2023-02-01,DIS,5.3947142694601425e-17
equity_max_sharpe,2023-03-01,DIS,0.0
equity_max_sharpe,2023-04-03,DIS,0.0
equity_max_sharpe,2023-05-01,DIS,1.1055582424003663e-16
equity_max_sharpe,2023-06-01,DIS,0.0
equity_max_sharpe,2023-07-03,DIS,3.138233231732316e-17
equity_max_sharpe,2023-08-01,DIS,1.1387579641093697e-16
equity_max_sharpe,2023-09-01,DIS,1.2853216754815655e-16
equity_max_sharpe,2023-10-02,DIS,0.0
equity_max_sharpe,2023-11-01,DIS,8.817631947321077e-17
equity_max_sharpe,2023-12-01,DIS,3.090262585035142e-17
equity_max_sharpe,2021-01-04,DOW,2.2699622806025163e-17
equity_max_sharpe,2021-02-01,DOW,0.0
equity_max_sharpe,2021-03-01,DOW,0.0
equity_max_sharpe,2021-04-01,DOW,7.962109704190423e-17
equity_max_sharpe,2021-05-03,DOW,4.54009659728305e-17
equity_max_sharpe,2021-06-01,DOW,0.0
equity_max_sharpe,2021-07-01,DOW,7.540502323874713e-17
equity_max_sharpe,2021-08-02,DOW,1.6080073470675638e-16
equity_max_sharpe,2021-09-01,DOW,9.27331670654008e-17
equity_max_sharpe,2021-10-01,DOW,1.9569849213363355e-17
equity_max_sharpe,2021-11-01,DOW,1.2941816401098455e-16
equity_max_sharpe,2021-12-01,DOW,0.0
equity_max_sharpe,2022-01-03,DOW,0.0
equity_max_sharpe,2022-02-01,DOW,0.0
equity_max_sharpe,2022-03-01,DOW,0.0
equity_max_sharpe,2022-04-01,DOW,2.2836781114078576e-16
equity_max_sharpe,2022-05-02,DOW,4.652582572678421e-17
equity_max_sharpe,2022-06-01,DOW,8.267041565201971e-19
equity_max_sharpe,2022-07-01,DOW,0.0
equity_max_sharpe,2022-08-01,DOW,0.0
equity_max_sharpe,2022-09-01,DOW,0.0
equity_max_sharpe,2022-10-03,DOW,2.3009936677065894e-16
equity_max_sharpe,2022-11-01,DOW,0.0
equity_max_sharpe,2022-12-01,DOW,0.0
equity_max_sharpe,2023-01-03,DOW,3.9119369635992607e-17
equity_max_sharpe,2023-02-01,DOW,6.473429235532792e-17
equity_max_sharpe,2023-03-01,DOW,3.180285480291554e-17
equity_max_sharpe,2023-04-03,DOW,0.0
equity_max_sharpe,2023-05-01,DOW,4.025057914000998e-18
equity_max_sharpe,2023-06-01,DOW,2.807008989459439e-17
equity_max_sharpe,2023-07-03,DOW,0.0
equity_max_sharpe,2023-08-01,DOW,1.5572722182402117e-16
equity_max_sharpe,2023-09-01,DOW,9.522005579853943e-17
equity_max_sharpe,2023-10-02,DOW,0.0
equity_max_sharpe,2023-11-01,DOW,2.832963601934782e-16
equity_max_sharpe,2023-12-01,DOW,1.5654808384637392e-17
equity_max_sharpe,2021-01-04,DUK,2.285372291363863e-17
equity_max_sharpe,2021-02-01,DUK,0.0
equity_max_sharpe,2021-03-01,DUK,0.0
equity_max_sharpe,2021-04-01,DUK,0.0
equity_max_sharpe,2021-05-03,DUK,0.0
equity_max_sharpe,2021-06-01,DUK,3.389901304885397e-17
equity_max_sharpe,2021-07-01,DUK,0.00874842208804705
equity_max_sharpe,2021-08-02,DUK,0.053043306568049564
equity_max_sharpe,2021-09-01,DUK,0.0952415124836193
equity_max_sharpe,2021-10-01,DUK,0.032952697906080713
equity_max_sharpe,2021-11-01,DUK,2.7985968577282083e-18
equity_max_sharpe,2021-12-01,DUK,0.0
equity_max_sharpe,2022-01-03,DUK,9.36049396058794e-17
equity_max_sharpe,2022-02-01,DUK,4.6580035835408484e-17
equity_max_sharpe,2022-03-01,DUK,0.0
equity_max_sharpe,2022-04-01,DUK,0.0
equity_max_sharpe,2022-05-02,DUK,0.0
equity_max_sharpe,2022-06-01,DUK,8.123384777347642e-17
equity_max_sharpe,2022-07-01,DUK,0.0
equity_max_sharpe,2022-08-01,DUK,0.0
equity_max_sharpe,2022-09-01,DUK,5.736784745163925e-17
equity_max_sharpe,2022-10-03,DUK,7.03119412096013e-17
equity_max_sharpe,2022-11-01,DUK,1.3824932951905788e-16
equity_max_sharpe,2022-12-01,DUK,0.0
equity_max_sharpe,2023-01-03,DUK,0.0
equity_max_sharpe,2023-02-01,DUK,9.310186668794918e-17
equity_max_sharpe,2023-03-01,DUK,0.0
equity_max_sharpe,2023-04-03,DUK,0.0
equity_max_sharpe,2023-05-01,DUK,0.0
equity_max_sharpe,2023-06-01,DUK,0.0
equity_max_sharpe,2023-07-03,DUK,0.0
equity_max_sharpe,2023-08-01,DUK,9.288243401109545e-18
equity_max_sharpe,2023-09-01,DUK,3.550762114890027e-18
equity_max_sharpe,2023-10-02,DUK,0.0
equity_max_sharpe,2023-11-01,DUK,1.7174260676710143e-16
equity_max_sharpe,2023-12-01,DUK,1.3341861915683574e-16
equity_max_sharpe,2021-01-04,EA,0.0
equity_max_sharpe,2021-02-01,EA,0.0
equity_max_sharpe,2021-03-01,EA,0.0
equity_max_sharpe,2021-04-01,EA,0.06601259915448775
equity_max_sharpe,2021-05-03,EA,0.0
equity_max_sharpe,2021-06-01,EA,1.9382218866125904e-17
equity_max_sharpe,2021-07-01,EA,6.642620879207456e-17
equity_max_sharpe,2021-08-02,EA,1.555491304337797e-17
equity_max_sharpe,2021-09-01,EA,0.0
equity_max_sharpe,2021-10-01,EA,0.013427857044839765
equity_max_sharpe,2021-11-01,EA,2.3452648243577068e-17
equity_max_sharpe,2021-12-01,EA,1.5310177602107729e-18
equity_max_sharpe,2022-01-03,EA,6.399112371597957e-17
equity_max_sharpe,2022-02-01,EA,0.0
equity_max_sharpe,2022-03-01,EA,0.0
equity_max_sharpe,2022-04-01,EA,8.669846796164701e-17
equity_max_sharpe,2022-05-02,EA,0.0
equity_max_sharpe,2022-06-01,EA,0.0
equity_max_sharpe,2022-07-01,EA,0.0
equity_max_sharpe,2022-08-01,EA,7.112366251504909e-17
equity_max_sharpe,2022-09-01,EA,2.202285662861181e-17
equity_max_sharpe,2022-10-03,EA,1.7745672153697668e-16
equity_max_sharpe,2022-11-01,EA,1.5957423099913215e-16
equity_max_sharpe,2022-12-01,EA,0.0
equity_max_sharpe,2023-01-03,EA,3.0342075423364645e-16
equity_max_sharpe,2023-02-01,EA,0.0
equity_max_sharpe,2023-03-01,EA,0.0
equity_max_sharpe,2023-04-03,EA,0.0
equity_max_sharpe,2023-05-01,EA,7.723762096575571e-17
equity_max_sharpe,2023-06-01,EA,0.0
equity_max_sharpe,2023-07-03,EA,1.49201904422835e-16
equity_max_sharpe,2023-08-01,EA,0.0
equity_max_sharpe,2023-09-01,EA,0.0
equity_max_sharpe,2023-10-02,EA,0.0
equity_max_sharpe,2023-11-01,EA,0.0
equity_max_sharpe,2023-12-01,EA,0.0
equity_max_sharpe,2021-01-04,GE,3.3781267370307197e-17
equity_max_sharpe,2021-02-01,GE,0.0
equity_max_sharpe,2021-03-01,GE,1.9082955277375467e-17
equity_max_sharpe,2021-04-01,GE,0.0
equity_max_sharpe,2021-05-03,GE,0.0053333681710160345
equity_max_sharpe,2021-06-01,GE,0.07019663849465568
equity_max_sharpe,2021-07-01,GE,0.08187505136630557
equity_max_sharpe,2021-08-02,GE,0.07672392340207355
equity_max_sharpe,2021-09-01,GE,0.06715576193948646
equity_max_sharpe,2021-10-01,GE,0.11554350878817664
equity_max_sharpe,2021-11-01,GE,6.366299631563321e-18
equity_max_sharpe,2021-12-01,GE,0.0
equity_max_sharpe,2022-01-03,GE,6.710594899390344e-18
equity_max_sharpe,2022-02-01,GE,0.0
equity_max_sharpe,2022-03-01,GE,1.5027042110649091e-16
equity_max_sharpe,2022-04-01,GE,2.2100548973488662e-17
equity_max_sharpe,2022-05-02,GE,0.0
equity_max_sharpe,2022-06-01,GE,0.0
equity_max_sharpe,2022-07-01,GE,0.0
equity_max_sharpe,2022-08-01,GE,0.0
equity_max_sharpe,2022-09-01,GE,0.0
equity_max_sharpe,2022-10-03,GE,1.8810654527250263e-17
equity_max_sharpe,2022-11-01,GE,0.0
equity_max_sharpe,2022-12-01,GE,1.292911090688964e-16
equity_max_sharpe,2023-01-03,GE,5.353248226647178e-17
equity_max_sharpe,2023-02-01,GE,0.0
equity_max_sharpe,2023-03-01,GE,1.4800208582427347e-16
equity_max_sharpe,2023-04-03,GE,0.15297329293130899
equity_max_sharpe,2023-05-01,GE,0.25513992280899206
equity_max_sharpe,2023-06-01,GE,0.3
equity_max_sharpe,2023-07-03,GE,0.3
equity_max_sharpe,2023-08-01,GE,0.29999999999999916
equity_max_sharpe,2023-09-01,GE,0.2999999999999976
equity_max_sharpe,2023-10-02,GE,0.3
equity_max_sharpe,2023-11-01,GE,0.3
equity_max_sharpe,2023-12-01,GE,0.3
equity_max_sharpe,2021-01-04,GILD,8.799941203389507e-18
equity_max_sharpe,2021-02-01,GILD,3.9654694458657325e-17
equity_max_sharpe,2021-03-01,GILD,7.040566812347867e-17
equity_max_sharpe,2021-04-01,GILD,8.663452984516984e-17
equity_max_sharpe,2021-05-03,GILD,7.857755245088693e-17
equity_max_sharpe,2021-06-01,GILD,2.9879438583637383e-17
equity_max_sharpe,2021-07-01,GILD,0.0
equity_max_sharpe,2021-08-02,GILD,0.0
equity_max_sharpe,2021-09-01,GILD,0.0
equity_max_sharpe,2021-10-01,GILD,0.02257019612197158
equity_max_sharpe,2021-11-01,GILD,0.0
equity_max_sharpe,2021-12-01,GILD,0.09195850713188088
equity_max_sharpe,2022-01-03,GILD,0.117815250853931
equity_max_sharpe,2022-02-01,GILD,0.0
equity_max_sharpe,2022-03-01,GILD,3.9749562148749806e-17
equity_max_sharpe,2022-04-01,GILD,1.2079731963072381e-17
equity_max_sharpe,2022-05-02,GILD,2.1412992906588713e-18
equity_max_sharpe,2022-06-01,GILD,0.0
equity_max_sharpe,2022-07-01,GILD,4.303460901322616e-17
equity_max_sharpe,2022-08-01,GILD,0.0
equity_max_sharpe,2022-09-01,GILD,1.286812453468733e-16
equity_max_sharpe,2022-10-03,GILD,7.769968757819758e-17
equity_max_sharpe,2022-11-01,GILD,0.08529839167223893
equity_max_sharpe,2022-12-01,GILD,0.0
equity_max_sharpe,2023-01-03,GILD,0.06713354312969579
equity_max_sharpe,2023-02-01,GILD,0.1444981492426918
equity_max_sharpe,2023-03-01,GILD,0.2999999999999995
equity_max_sharpe,2023-04-03,GILD,0.3
equity_max_sharpe,2023-05-01,GILD,0.17616905617768772
equity_max_sharpe,2023-06-01,GILD,0.1017670180855474
equity_max_sharpe,2023-07-03,GILD,0.03571486882455299
equity_max_sharpe,2023-08-01,GILD,0.07613313730235746
equity_max_sharpe,2023-09-01,GILD,5.293617107160475e-16
equity_max_sharpe,2023-10-02,GILD,0.0
equity_max_sharpe,2023-11-01,GILD,1.4811118311990927e-16
equity_max_sharpe,2023-12-01,GILD,1.2250919082354763e-16
equity_max_sharpe,2021-01-04,GS,6.331103962101084e-17
equity_max_sharpe,2021-02-01,GS,0.0
equity_max_sharpe,2021-03-01,GS,5.3644433801119035e-17
equity_max_sharpe,2021-04-01,GS,0.10610808835440814
equity_max_sharpe,2021-05-03,GS,2.1819568721270777e-17
equity_max_sharpe,2021-06-01,GS,1.5891582749650492e-16
equity_max_sharpe,2021-07-01,GS,0.17336096882744292
equity_max_sharpe,2021-08-02,GS,0.13771568190508807
equity_max_sharpe,2021-09-01,GS,0.19473522161240694
equity_max_sharpe,2021-10-01,GS,0.07103338091394348
equity_max_sharpe,2021-11-01,GS,0.17754327551621513
equity_max_sharpe,2021-12-01,GS,0.12796070134610657
equity_max_sharpe,2022-01-03,GS,0.000533318562905604
equity_max_sharpe,2022-02-01,GS,4.363913744254155e-18
equity_max_sharpe,2022-03-01,GS,2.1507860596681194e-17
equity_max_sharpe,2022-04-01,GS,0.0
equity_max_sharpe,2022-05-02,GS,5.17435486818707e-17
equity_max_sharpe,2022-06-01,GS,3.1143707404646115e-17
equity_max_sharpe,2022-07-01,GS,0.0
equity_max_sharpe,2022-08-01,GS,1.718731493932646e-16
equity_max_sharpe,2022-09-01,GS,0.0
equity_max_sharpe,2022-10-03,GS,3.395035729102673e-17
equity_max_sharpe,2022-11-01,GS,0.0
equity_max_sharpe,2022-12-01,GS,0.0
equity_max_sharpe,2023-01-03,GS,0.0
equity_max_sharpe,2023-02-01,GS,0.0
equity_max_sharpe,2023-03-01,GS,1.739180958869785e-17
equity_max_sharpe,2023-04-03,GS,0.0
equity_max_sharpe,2023-05-01,GS,9.523544219451951e-17
equity_max_sharpe,2023-06-01,GS,0.0
equity_max_sharpe,2023-07-03,GS,0.0
equity_max_sharpe,2023-08-01,GS,0.0
equity_max_sharpe,2023-09-01,GS,3.4884204899721105e-17
equity_max_sharpe,2023-10-02,GS,0.0
equity_max_sharpe,2023-11-01,GS,0.0
equity_max_sharpe,2023-12-01,GS,0.0
equity_max_sharpe,2021-01-04,INTC,5.924491688790477e-17
equity_max_sharpe,2021-02-01,INTC,0.0
equity_max_sharpe,2021-03-01,INTC,9.074903187964889e-17
equity_max_sharpe,2021-04-01,INTC,1.1858461261560205e-18
equity_max_sharpe,2021-05-03,INTC,0.0
equity_max_sharpe,2021-06-01,INTC,6.316172454882366e-18
equity_max_sharpe,2021-07-01,INTC,9.952308302595973e-17
equity_max_sharpe,2021-08-02,INTC,5.357991611151802e-17
equity_max_sharpe,2021-09-01,INTC,0.0
equity_max_sharpe,2021-10-01,INTC,6.604824109510132e-17
equity_max_sharpe,2021-11-01,INTC,2.2690318591048197e-17
equity_max_sharpe,2021-12-01,INTC,2.0488512466656117e-17
equity_max_sharpe,2022-01-03,INTC,7.944835067547137e-17
equity_max_sharpe,2022-02-01,INTC,0.0
equity_max_sharpe,2022-03-01,INTC,0.0
equity_max_sharpe,2022-04-01,INTC,2.457045896099086e-17
equity_max_sharpe,2022-05-02,INTC,0.0
equity_max_sharpe,2022-06-01,INTC,4.380176776841438e-17
equity_max_sharpe,2022-07-01,INTC,0.0
equity_max_sharpe,2022-08-01,INTC,0.0
equity_max_sharpe,2022-09-01,INTC,0.0
equity_max_sharpe,2022-10-03,INTC,8.680895428170994e-17
equity_max_sharpe,2022-11-01,INTC,2.9388655137935205e-17
equity_max_sharpe,2022-12-01,INTC,7.697835424647081e-18
equity_max_sharpe,2023-01-03,INTC,0.0
equity_max_sharpe,2023-02-01,INTC,0.0
equity_max_sharpe,2023-03-01,INTC,1.6021854991012432e-16
equity_max_sharpe,2023-04-03,INTC,0.0
equity_max_sharpe,2023-05-01,INTC,1.0423099756238439e-16
equity_max_sharpe,2023-06-01,INTC,0.0
equity_max_sharpe,2023-07-03,INTC,5.423055766932596e-17
equity_max_sharpe,2023-08-01,INTC,1.140886334719287e-16
equity_max_sharpe,2023-09-01,INTC,1.5116488789879146e-16
equity_max_sharpe,2023-10-02,INTC,0.0
equity_max_sharpe,2023-11-01,INTC,0.0
equity_max_sharpe,2023-12-01,INTC,0.06934538369060987
equity_max_sharpe,2021-01-04,KO,0.0
equity_max_sharpe,2021-02-01,KO,8.131516293641283e-18
equity_max_sharpe,2021-03-01,KO,1.2833672357422792e-17
equity_max_sharpe,2021-04-01,KO,8.395790573184625e-17
equity_max_sharpe,2021-05-03,KO,3.117081245895825e-17
equity_max_sharpe,2021-06-01,KO,7.156095261250285e-17
equity_max_sharpe,2021-07-01,KO,3.261349612229055e-17
equity_max_sharpe,2021-08-02,KO,0.0
equity_max_sharpe,2021-09-01,KO,1.541871014545948e-16
equity_max_sharpe,2021-10-01,KO,4.992751004295748e-17
equity_max_sharpe,2021-11-01,KO,1.7099901139169815e-17
equity_max_sharpe,2021-12-01,KO,0.0
equity_max_sharpe,2022-01-03,KO,3.804649274603116e-17
equity_max_sharpe,2022-02-01,KO,0.014158269654048443
equity_max_sharpe,2022-03-01,KO,0.06077127183086322
equity_max_sharpe,2022-04-01,KO,3.184287915425912e-17
equity_max_sharpe,2022-05-02,KO,0.024092149221534378
equity_max_sharpe,2022-06-01,KO,1.478038611640864e-16
equity_max_sharpe,2022-07-01,KO,0.12568233032714404
equity_max_sharpe,2022-08-01,KO,0.0
equity_max_sharpe,2022-09-01,KO,1.0936821652311746e-15
equity_max_sharpe,2022-10-03,KO,8.402269205833424e-16
equity_max_sharpe,2022-11-01,KO,1.3924544026502894e-16
equity_max_sharpe,2022-12-01,KO,0.0
equity_max_sharpe,2023-01-03,KO,3.067614521776174e-17
equity_max_sharpe,2023-02-01,KO,1.398121970039142e-16
equity_max_sharpe,2023-03-01,KO,5.2761343293062334e-17
equity_max_sharpe,2023-04-03,KO,2.1980973614489534e-17
equity_max_sharpe,2023-05-01,KO,3.1383169179208194e-17
equity_max_sharpe,2023-06-01,KO,1.1440972344757897e-17
equity_max_sharpe,2023-07-03,KO,2.8138381172304425e-17
equity_max_sharpe,2023-08-01,KO,5.2568114738462433e-17
equity_max_sharpe,2023-09-01,KO,1.935029827343504e-16
equity_max_sharpe,2023-10-02,KO,2.308045873612799e-16
equity_max_sharpe,2023-11-01,KO,1.2198797580343139e-17
equity_max_sharpe,2023-12-01,KO,1.5529199905931716e-16
equity_max_sharpe,2021-01-04,MMM,7.7130094505848e-18
equity_max_sharpe,2021-02-01,MMM,0.0
equity_max_sharpe,2021-03-01,MMM,0.0
equity_max_sharpe,2021-04-01,MMM,0.0
equity_max_sharpe,2021-05-03,MMM,0.0
equity_max_sharpe,2021-06-01,MMM,0.0
equity_max_sharpe,2021-07-01,MMM,7.771069484454217e-17
equity_max_sharpe,2021-08-02,MMM,0.0
equity_max_sharpe,2021-09-01,MMM,4.9134687204327454e-17
equity_max_sharpe,2021-10-01,MMM,2.9120992726602846e-17
equity_max_sharpe,2021-11-01,MMM,3.456402644565898e-17
equity_max_sharpe,2021-12-01,MMM,1.2855778672439922e-16
equity_max_sharpe,2022-01-03,MMM,2.9226948078609965e-17
equity_max_sharpe,2022-02-01,MMM,1.6059744679941534e-17
equity_max_sharpe,2022-03-01,MMM,2.2350827785788674e-16
equity_max_sharpe,2022-04-01,MMM,2.812262822474481e-17
equity_max_sharpe,2022-05-02,MMM,0.0
equity_max_sharpe,2022-06-01,MMM,0.0
equity_max_sharpe,2022-07-01,MMM,6.0802883790478556e-21
equity_max_sharpe,2022-08-01,MMM,0.0
equity_max_sharpe,2022-09-01,MMM,0.0
equity_max_sharpe,2022-10-03,MMM,8.940720941499904e-18
equity_max_sharpe,2022-11-01,MMM,2.4245471082207093e-17
equity_max_sharpe,2022-12-01,MMM,0.0
equity_max_sharpe,2023-01-03,MMM,0.0
equity_max_sharpe,2023-02-01,MMM,9.092870937752316e-17
equity_max_sharpe,2023-03-01,MMM,0.0
equity_max_sharpe,2023-04-03,MMM,0.0
equity_max_sharpe,2023-05-01,MMM,1.601423721979889e-16
equity_max_sharpe,2023-06-01,MMM,0.0
equity_max_sharpe,2023-07-03,MMM,0.0
equity_max_sharpe,2023-08-01,MMM,0.0
equity_max_sharpe,2023-09-01,MMM,9.90960785651751e-17
equity_max_sharpe,2023-10-02,MMM,9.553068610168143e-17
equity_max_sharpe,2023-11-01,MMM,0.0
equity_max_sharpe,2023-12-01,MMM,0.0
equity_max_sharpe,2021-01-04,MRK,0.0
equity_max_sharpe,2021-02-01,MRK,4.662069341687669e-17
equity_max_sharpe,2021-03-01,MRK,0.0
equity_max_sharpe,2021-04-01,MRK,1.353761937619713e-16
equity_max_sharpe,2021-05-03,MRK,0.0
equity_max_sharpe,2021-06-01,MRK,0.0
equity_max_sharpe,2021-07-01,MRK,0.0
equity_max_sharpe,2021-08-02,MRK,0.0
equity_max_sharpe,2021-09-01,MRK,8.243324642678851e-17
equity_max_sharpe,2021-10-01,MRK,1.9366561306022323e-17
equity_max_sharpe,2021-11-01,MRK,0.036200948992548415
equity_max_sharpe,2021-12-01,MRK,6.1721757297870626e-18
equity_max_sharpe,2022-01-03,MRK,0.0
equity_max_sharpe,2022-02-01,MRK,1.220811646218678e-16
equity_max_sharpe,2022-03-01,MRK,0.0
equity_max_sharpe,2022-04-01,MRK,0.0
equity_max_sharpe,2022-05-02,MRK,0.08081575585537029
equity_max_sharpe,2022-06-01,MRK,0.13415102447127486
equity_max_sharpe,2022-07-01,MRK,0.06905569604206417
equity_max_sharpe,2022-08-01,MRK,0.05783970291993093
equity_max_sharpe,2022-09-01,MRK,0.03955089005542455
equity_max_sharpe,2022-10-03,MRK,0.11944914936119147
equity_max_sharpe,2022-11-01,MRK,0.004191567662930619
equity_max_sharpe,2022-12-01,MRK,0.29999999999999966
equity_max_sharpe,2023-01-03,MRK,0.3
equity_max_sharpe,2023-02-01,MRK,0.29999999999999954
equity_max_sharpe,2023-03-01,MRK,0.29999999999999827
equity_max_sharpe,2023-04-03,MRK,0.3
equity_max_sharpe,2023-05-01,MRK,0.29999999999999954
equity_max_sharpe,2023-06-01,MRK,0.3
equity_max_sharpe,2023-07-03,MRK,0.3
equity_max_sharpe,2023-08-01,MRK,0.2823368320526548
equity_max_sharpe,2023-09-01,MRK,0.2999999999999996
equity_max_sharpe,2023-10-02,MRK,0.22476947851077336
equity_max_sharpe,2023-11-01,MRK,0.1558578080687197
equity_max_sharpe,2023-12-01,MRK,0.0058449069890816
equity_max_sharpe,2021-01-04,MS,1.8281126701471572e-16
equity_max_sharpe,2021-02-01,MS,0.0
equity_max_sharpe,2021-03-01,MS,0.0
equity_max_sharpe,2021-04-01,MS,0.02926416253809811
equity_max_sharpe,2021-05-03,MS,0.12203031895615235
equity_max_sharpe,2021-06-01,MS,0.12636818897224292
equity_max_sharpe,2021-07-01,MS,5.849807621297568e-17
equity_max_sharpe,2021-08-02,MS,0.006044865614676299
equity_max_sharpe,2021-09-01,MS,0.0
equity_max_sharpe,2021-10-01,MS,0.13705841806236724
equity_max_sharpe,2021-11-01,MS,0.0
equity_max_sharpe,2021-12-01,MS,0.0
equity_max_sharpe,2022-01-03,MS,7.103337552819477e-17
equity_max_sharpe,2022-02-01,MS,0.004165813019237752
equity_max_sharpe,2022-03-01,MS,2.6346112791397758e-17
equity_max_sharpe,2022-04-01,MS,7.450384644668235e-17
equity_max_sharpe,2022-05-02,MS,0.0
equity_max_sharpe,2022-06-01,MS,0.0
equity_max_sharpe,2022-07-01,MS,8.833214026096868e-17
equity_max_sharpe,2022-08-01,MS,3.450473413935118e-17
equity_max_sharpe,2022-09-01,MS,0.0
equity_max_sharpe,2022-10-03,MS,6.215531036547824e-17
equity_max_sharpe,2022-11-01,MS,0.0
equity_max_sharpe,2022-12-01,MS,1.660049051346868e-16
equity_max_sharpe,2023-01-03,MS,0.0
equity_max_sharpe,2023-02-01,MS,8.612949407283763e-17
equity_max_sharpe,2023-03-01,MS,6.140230361993932e-17
equity_max_sharpe,2023-04-03,MS,0.0
equity_max_sharpe,2023-05-01,MS,5.75341395731637e-17
equity_max_sharpe,2023-06-01,MS,0.0
equity_max_sharpe,2023-07-03,MS,6.989965923598479e-17
equity_max_sharpe,2023-08-01,MS,3.970765488479677e-17
equity_max_sharpe,2023-09-01,MS,1.7190025444757673e-16
equity_max_sharpe,2023-10-02,MS,0.0
equity_max_sharpe,2023-11-01,MS,5.969827949634944e-17
equity_max_sharpe,2023-12-01,MS,0.0
equity_max_sharpe,2021-01-04,NEE,1.5627062166220473e-16
equity_max_sharpe,2021-02-01,NEE,0.0
equity_max_sharpe,2021-03-01,NEE,0.0
equity_max_sharpe,2021-04-01,NEE,8.095602096677701e-17
equity_max_sharpe,2021-05-03,NEE,0.0
equity_max_sharpe,2021-06-01,NEE,0.0
equity_max_sharpe,2021-07-01,NEE,7.024811112870749e-17
equity_max_sharpe,2021-08-02,NEE,3.438276139494656e-17
equity_max_sharpe,2021-09-01,NEE,0.0
equity_max_sharpe,2021-10-01,NEE,0.0
equity_max_sharpe,2021-11-01,NEE,0.0
equity_max_sharpe,2021-12-01,NEE,3.892950543605571e-17
equity_max_sharpe,2022-01-03,NEE,0.0
equity_max_sharpe,2022-02-01,NEE,0.0
equity_max_sharpe,2022-03-01,NEE,6.511989298491061e-17
equity_max_sharpe,2022-04-01,NEE,0.00021005186813006257
equity_max_sharpe,2022-05-02,NEE,3.558893631183668e-17
equity_max_sharpe,2022-06-01,NEE,4.641740550953566e-17
equity_max_sharpe,2022-07-01,NEE,2.964895483401975e-17
equity_max_sharpe,2022-08-01,NEE,8.063753657860939e-17
equity_max_sharpe,2022-09-01,NEE,4.1311490903486736e-17
equity_max_sharpe,2022-10-03,NEE,0.0
equity_max_sharpe,2022-11-01,NEE,1.8018084853993477e-17
equity_max_sharpe,2022-12-01,NEE,0.0
equity_max_sharpe,2023-01-03,NEE,2.8663594935085523e-18
equity_max_sharpe,2023-02-01,NEE,0.0
equity_max_sharpe,2023-03-01,NEE,0.0
equity_max_sharpe,2023-04-03,NEE,0.0
equity_max_sharpe,2023-05-01,NEE,2.1584933740948553e-16
equity_max_sharpe,2023-06-01,NEE,0.0
equity_max_sharpe,2023-07-03,NEE,1.388851916873477e-16
equity_max_sharpe,2023-08-01,NEE,0.0
equity_max_sharpe,2023-09-01,NEE,0.0
equity_max_sharpe,2023-10-02,NEE,0.0
equity_max_sharpe,2023-11-01,NEE,5.345407677283502e-17
equity_max_sharpe,2023-12-01,NEE,0.0
equity_max_sharpe,2021-01-04,NEM,0.160684451537051
equity_max_sharpe,2021-02-01,NEM,0.14393538940271658
equity_max_sharpe,2021-03-01,NEM,2.732818680494877e-16
equity_max_sharpe,2021-04-01,NEM,0.012513372347240486
equity_max_sharpe,2021-05-03,NEM,4.198572912950116e-17
equity_max_sharpe,2021-06-01,NEM,1.5142418599728604e-17
equity_max_sharpe,2021-07-01,NEM,3.652180113702139e-17
equity_max_sharpe,2021-08-02,NEM,1.4412773817300273e-16
equity_max_sharpe,2021-09-01,NEM,9.488124261963771e-17
equity_max_sharpe,2021-10-01,NEM,0.0
equity_max_sharpe,2021-11-01,NEM,0.0
equity_max_sharpe,2021-12-01,NEM,7.778355890775911e-17
equity_max_sharpe,2022-01-03,NEM,0.0
equity_max_sharpe,2022-02-01,NEM,0.0
equity_max_sharpe,2022-03-01,NEM,0.027729923944378156
equity_max_sharpe,2022-04-01,NEM,0.06022558663298531
equity_max_sharpe,2022-05-02,NEM,1.9420771414646598e-17
equity_max_sharpe,2022-06-01,NEM,0.0
equity_max_sharpe,2022-07-01,NEM,0.0
equity_max_sharpe,2022-08-01,NEM,0.0
equity_max_sharpe,2022-09-01,NEM,0.0
equity_max_sharpe,2022-10-03,NEM,7.29974316407177e-17
equity_max_sharpe,2022-11-01,NEM,1.6876623254273582e-16
equity_max_sharpe,2022-12-01,NEM,0.0
equity_max_sharpe,2023-01-03,NEM,0.0
equity_max_sharpe,2023-02-01,NEM,0.0
equity_max_sharpe,2023-03-01,NEM,6.923896716675309e-17
equity_max_sharpe,2023-04-03,NEM,0.0
equity_max_sharpe,2023-05-01,NEM,0.0
equity_max_sharpe,2023-06-01,NEM,1.1930257297922636e-17
equity_max_sharpe,2023-07-03,NEM,0.0
equity_max_sharpe,2023-08-01,NEM,0.0
equity_max_sharpe,2023-09-01,NEM,0.0
equity_max_sharpe,2023-10-02,NEM,4.6937255781302995e-17
equity_max_sharpe,2023-11-01,NEM,5.4597749631693946e-17
equity_max_sharpe,2023-12-01,NEM,6.92716239688204e-17
equity_max_sharpe,2021-01-04,NKE,6.20972719632884e-17
equity_max_sharpe,2021-02-01,NKE,0.0
equity_max_sharpe,2021-03-01,NKE,0.0
equity_max_sharpe,2021-04-01,NKE,1.1695830935687379e-17
equity_max_sharpe,2021-05-03,NKE,2.3960868011929648e-17
equity_max_sharpe,2021-06-01,NKE,0.0
equity_max_sharpe,2021-07-01,NKE,0.07057045258693671
equity_max_sharpe,2021-08-02,NKE,0.14010841491388215
equity_max_sharpe,2021-09-01,NKE,0.0741205109327878
equity_max_sharpe,2021-10-01,NKE,0.0
equity_max_sharpe,2021-11-01,NKE,1.2173557517938804e-17
equity_max_sharpe,2021-12-01,NKE,0.0
equity_max_sharpe,2022-01-03,NKE,1.988723466070785e-17
equity_max_sharpe,2022-02-01,NKE,0.0
equity_max_sharpe,2022-03-01,NKE,0.0
equity_max_sharpe,2022-04-01,NKE,5.341808162863267e-17
equity_max_sharpe,2022-05-02,NKE,0.0
equity_max_sharpe,2022-06-01,NKE,1.248187751073937e-16
equity_max_sharpe,2022-07-01,NKE,6.940709997869546e-17
equity_max_sharpe,2022-08-01,NKE,8.153200337090993e-17
equity_max_sharpe,2022-09-01,NKE,0.0
equity_max_sharpe,2022-10-03,NKE,4.1648230155879994e-17
equity_max_sharpe,2022-11-01,NKE,0.0
equity_max_sharpe,2022-12-01,NKE,0.0
equity_max_sharpe,2023-01-03,NKE,0.0
equity_max_sharpe,2023-02-01,NKE,0.0
equity_max_sharpe,2023-03-01,NKE,2.2066941190644897e-17
equity_max_sharpe,2023-04-03,NKE,0.0
equity_max_sharpe,2023-05-01,NKE,0.0
equity_max_sharpe,2023-06-01,NKE,1.1848839959875142e-17
equity_max_sharpe,2023-07-03,NKE,3.783154201445508e-17
equity_max_sharpe,2023-08-01,NKE,1.0584915425056433e-16
equity_max_sharpe,2023-09-01,NKE,5.307169634316544e-17
equity_max_sharpe,2023-10-02,NKE,0.0
equity_max_sharpe,2023-11-01,NKE,3.745812959832905e-17
equity_max_sharpe,2023-12-01,NKE,0.0
equity_max_sharpe,2021-01-04,NUE,2.418162473511216e-17
equity_max_sharpe,2021-02-01,NUE,0.0
equity_max_sharpe,2021-03-01,NUE,2.7246991991010327e-17
equity_max_sharpe,2021-04-01,NUE,0.14249825990181428
equity_max_sharpe,2021-05-03,NUE,0.004321867106985974
equity_max_sharpe,2021-06-01,NUE,0.09524677194181685
equity_max_sharpe,2021-07-01,NUE,0.09922793580505028
equity_max_sharpe,2021-08-02,NUE,0.12029590386376814
equity_max_sharpe,2021-09-01,NUE,0.11184179515870465
equity_max_sharpe,2021-10-01,NUE,0.056359484733669946
equity_max_sharpe,2021-11-01,NUE,0.022826538814450115
equity_max_sharpe,2021-12-01,NUE,0.05073407081586717
equity_max_sharpe,2022-01-03,NUE,0.10443599307336505
equity_max_sharpe,2022-02-01,NUE,0.07182997771182127
equity_max_sharpe,2022-03-01,NUE,0.09663378347794156
equity_max_sharpe,2022-04-01,NUE,0.03615672055068518
equity_max_sharpe,2022-05-02,NUE,0.10453430077720102
equity_max_sharpe,2022-06-01,NUE,0.0
equity_max_sharpe,2022-07-01,NUE,0.0
equity_max_sharpe,2022-08-01,NUE,0.023127301424983617
equity_max_sharpe,2022-09-01,NUE,0.0
equity_max_sharpe,2022-10-03,NUE,6.070056094473368e-16
equity_max_sharpe,2022-11-01,NUE,0.0
equity_max_sharpe,2022-12-01,NUE,7.178773634569646e-17
equity_max_sharpe,2023-01-03,NUE,0.0
equity_max_sharpe,2023-02-01,NUE,0.1371182570777086
equity_max_sharpe,2023-03-01,NUE,0.0647931676170705
equity_max_sharpe,2023-04-03,NUE,0.0
equity_max_sharpe,2023-05-01,NUE,0.0
equity_max_sharpe,2023-06-01,NUE,1.630678872331376e-17
equity_max_sharpe,2023-07-03,NUE,0.0
equity_max_sharpe,2023-08-01,NUE,2.7329009071730504e-16
equity_max_sharpe,2023-09-01,NUE,1.3625710802711577e-16
equity_max_sharpe,2023-10-02,NUE,0.0
equity_max_sharpe,2023-11-01,NUE,0.0
equity_max_sharpe,2023-12-01,NUE,0.0
equity_max_sharpe,2021-01-04,NVDA,0.19590302348119307
equity_max_sharpe,2021-02-01,NVDA,0.25218126936145874
equity_max_sharpe,2021-03-01,NVDA,0.1060475833267713
equity_max_sharpe,2021-04-01,NVDA,0.017937486580582508
equity_max_sharpe,2021-05-03,NVDA,0.06825271808931052
equity_max_sharpe,2021-06-01,NVDA,0.05444503002455673
equity_max_sharpe,2021-07-01,NVDA,0.09268529154479055
equity_max_sharpe,2021-08-02,NVDA,0.08526906004428869
equity_max_sharpe,2021-09-01,NVDA,0.08723748359710347
equity_max_sharpe,2021-10-01,NVDA,0.11415257070591787
equity_max_sharpe,2021-11-01,NVDA,0.08355111202356251
equity_max_sharpe,2021-12-01,NVDA,0.14383260777743412
equity_max_sharpe,2022-01-03,NVDA,0.08911581843814265
equity_max_sharpe,2022-02-01,NVDA,0.06326964354777281
equity_max_sharpe,2022-03-01,NVDA,0.0630666812561906
equity_max_sharpe,2022-04-01,NVDA,0.0707831619922614
equity_max_sharpe,2022-05-02,NVDA,1.509751525186065e-17
equity_max_sharpe,2022-06-01,NVDA,1.0734956760322101e-16
equity_max_sharpe,2022-07-01,NVDA,7.185095763627387e-17
equity_max_sharpe,2022-08-01,NVDA,7.209944447028604e-18
equity_max_sharpe,2022-09-01,NVDA,0.0
equity_max_sharpe,2022-10-03,NVDA,0.0
equity_max_sharpe,2022-11-01,NVDA,0.0
equity_max_sharpe,2022-12-01,NVDA,5.954980432376633e-17
equity_max_sharpe,2023-01-03,NVDA,0.0
equity_max_sharpe,2023-02-01,NVDA,0.0
equity_max_sharpe,2023-03-01,NVDA,6.723304248918191e-17
equity_max_sharpe,2023-04-03,NVDA,0.0
equity_max_sharpe,2023-05-01,NVDA,3.489693482684046e-16
equity_max_sharpe,2023-06-01,NVDA,0.13810390695415717
equity_max_sharpe,2023-07-03,NVDA,0.13436248780595703
equity_max_sharpe,2023-08-01,NVDA,0.1558392923029903
equity_max_sharpe,2023-09-01,NVDA,0.19189078123456163
equity_max_sharpe,2023-10-02,NVDA,0.1829431784331599
equity_max_sharpe,2023-11-01,NVDA,0.23617330317360669
equity_max_sharpe,2023-12-01,NVDA,0.21867536993131512
equity_max_sharpe,2021-01-04,O,0.0
equity_max_sharpe,2021-02-01,O,0.0
equity_max_sharpe,2021-03-01,O,0.0
equity_max_sharpe,2021-04-01,O,6.013933925505532e-17
equity_max_sharpe,2021-05-03,O,9.459663954936026e-18
equity_max_sharpe,2021-06-01,O,3.516749046535255e-17
equity_max_sharpe,2021-07-01,O,0.0
equity_max_sharpe,2021-08-02,O,0.0
equity_max_sharpe,2021-09-01,O,0.0
equity_max_sharpe,2021-10-01,O,0.0
equity_max_sharpe,2021-11-01,O,0.0
equity_max_sharpe,2021-12-01,O,4.286653160114718e-17
equity_max_sharpe,2022-01-03,O,1.0594674003249544e-17
equity_max_sharpe,2022-02-01,O,3.8733122612044646e-17
equity_max_sharpe,2022-03-01,O,0.0
equity_max_sharpe,2022-04-01,O,1.0512623304162315e-16
equity_max_sharpe,2022-05-02,O,4.0088375327651526e-17
equity_max_sharpe,2022-06-01,O,2.801307363159422e-17
equity_max_sharpe,2022-07-01,O,0.0
equity_max_sharpe,2022-08-01,O,0.0
equity_max_sharpe,2022-09-01,O,7.955333440612389e-17
equity_max_sharpe,2022-10-03,O,0.0
equity_max_sharpe,2022-11-01,O,5.3783204018859054e-17
equity_max_sharpe,2022-12-01,O,7.002590781540752e-17
equity_max_sharpe,2023-01-03,O,0.0
equity_max_sharpe,2023-02-01,O,0.0
equity_max_sharpe,2023-03-01,O,1.72074879427096e-17
equity_max_sharpe,2023-04-03,O,0.0
equity_max_sharpe,2023-05-01,O,0.0
equity_max_sharpe,2023-06-01,O,3.139636170852081e-17
equity_max_sharpe,2023-07-03,O,7.685692188745376e-17
equity_max_sharpe,2023-08-01,O,0.0
equity_max_sharpe,2023-09-01,O,0.0
equity_max_sharpe,2023-10-02,O,2.0409348131730896e-17
equity_max_sharpe,2023-11-01,O,0.0
equity_max_sharpe,2023-12-01,O,8.260808442831369e-17
equity_max_sharpe,2021-01-04,OXY,0.0
equity_max_sharpe,2021-02-01,OXY,4.195862407518902e-17
equity_max_sharpe,2021-03-01,OXY,3.7255801428501207e-17
equity_max_sharpe,2021-04-01,OXY,3.732365978781349e-17
equity_max_sharpe,2021-05-03,OXY,0.0
equity_max_sharpe,2021-06-01,OXY,1.6695742310743525e-16
equity_max_sharpe,2021-07-01,OXY,8.072793426230447e-18
equity_max_sharpe,2021-08-02,OXY,6.570265165262157e-17
equity_max_sharpe,2021-09-01,OXY,1.2489331400675208e-16
equity_max_sharpe,2021-10-01,OXY,0.036806939948039595
equity_max_sharpe,2021-11-01,OXY,0.05252039998874283
equity_max_sharpe,2021-12-01,OXY,0.0
equity_max_sharpe,2022-01-03,OXY,0.0
equity_max_sharpe,2022-02-01,OXY,5.636496044209016e-17
equity_max_sharpe,2022-03-01,OXY,0.0
equity_max_sharpe,2022-04-01,OXY,0.004577842007193331
equity_max_sharpe,2022-05-02,OXY,0.013313179237274625
equity_max_sharpe,2022-06-01,OXY,0.06738560970602787
equity_max_sharpe,2022-07-01,OXY,0.10424459674762594
equity_max_sharpe,2022-08-01,OXY,0.1672428728245044
equity_max_sharpe,2022-09-01,OXY,0.22579287036955287
equity_max_sharpe,2022-10-03,OXY,0.20920057411273962
equity_max_sharpe,2022-11-01,OXY,0.10232882539330339
equity_max_sharpe,2022-12-01,OXY,0.07910906261534806
equity_max_sharpe,2023-01-03,OXY,0.0837850325266529
equity_max_sharpe,2023-02-01,OXY,0.06806082177310063
equity_max_sharpe,2023-03-01,OXY,0.04889079400462084
equity_max_sharpe,2023-04-03,OXY,0.0
equity_max_sharpe,2023-05-01,OXY,0.0
equity_max_sharpe,2023-06-01,OXY,0.0
equity_max_sharpe,2023-07-03,OXY,0.0
equity_max_sharpe,2023-08-01,OXY,9.28024087818731e-17
equity_max_sharpe,2023-09-01,OXY,0.0
equity_max_sharpe,2023-10-02,OXY,0.0
equity_max_sharpe,2023-11-01,OXY,1.0537554366211216e-16
equity_max_sharpe,2023-12-01,OXY,0.0
equity_max_sharpe,2021-01-04,PLD,6.805951076777996e-17
equity_max_sharpe,2021-02-01,PLD,0.0
equity_max_sharpe,2021-03-01,PLD,0.0
equity_max_sharpe,2021-04-01,PLD,3.5839658064223956e-17
equity_max_sharpe,2021-05-03,PLD,0.0
equity_max_sharpe,2021-06-01,PLD,0.0
equity_max_sharpe,2021-07-01,PLD,0.0
equity_max_sharpe,2021-08-02,PLD,0.0
equity_max_sharpe,2021-09-01,PLD,0.0
equity_max_sharpe,2021-10-01,PLD,5.557891386703817e-17
equity_max_sharpe,2021-11-01,PLD,0.05582125973321027
equity_max_sharpe,2021-12-01,PLD,0.08955023297740321
equity_max_sharpe,2022-01-03,PLD,0.15455023527945555
equity_max_sharpe,2022-02-01,PLD,0.1358815214374169
equity_max_sharpe,2022-03-01,PLD,0.05359368978097655
equity_max_sharpe,2022-04-01,PLD,0.04215314966154433
equity_max_sharpe,2022-05-02,PLD,0.22355550634052576
equity_max_sharpe,2022-06-01,PLD,2.782333825140926e-17
equity_max_sharpe,2022-07-01,PLD,1.1573706630397837e-16
equity_max_sharpe,2022-08-01,PLD,1.4907779871675686e-18
equity_max_sharpe,2022-09-01,PLD,0.0
equity_max_sharpe,2022-10-03,PLD,9.357577924117034e-17
equity_max_sharpe,2022-11-01,PLD,0.0
equity_max_sharpe,2022-12-01,PLD,9.732069750773009e-17
equity_max_sharpe,2023-01-03,PLD,0.0
equity_max_sharpe,2023-02-01,PLD,0.0
equity_max_sharpe,2023-03-01,PLD,5.442694744929657e-17
equity_max_sharpe,2023-04-03,PLD,0.0
equity_max_sharpe,2023-05-01,PLD,1.0604146179678494e-16
equity_max_sharpe,2023-06-01,PLD,6.067209032696591e-18
equity_max_sharpe,2023-07-03,PLD,1.799798101094691e-18
equity_max_sharpe,2023-08-01,PLD,0.0
equity_max_sharpe,2023-09-01,PLD,1.3227266504323154e-17
equity_max_sharpe,2023-10-02,PLD,6.4019951891672316e-18
equity_max_sharpe,2023-11-01,PLD,0.0
equity_max_sharpe,2023-12-01,PLD,0.0
equity_max_sharpe,2021-01-04,PSA,4.128703084670723e-18
equity_max_sharpe,2021-02-01,PSA,2.6725583551767684e-17
equity_max_sharpe,2021-03-01,PSA,6.414021701160426e-17
equity_max_sharpe,2021-04-01,PSA,0.0043060255604469135
equity_max_sharpe,2021-05-03,PSA,0.19899262206952878
equity_max_sharpe,2021-06-01,PSA,0.20814675640056493
equity_max_sharpe,2021-07-01,PSA,0.3
equity_max_sharpe,2021-08-02,PSA,0.3
equity_max_sharpe,2021-09-01,PSA,0.3
equity_max_sharpe,2021-10-01,PSA,0.3
equity_max_sharpe,2021-11-01,PSA,0.3
equity_max_sharpe,2021-12-01,PSA,0.3
equity_max_sharpe,2022-01-03,PSA,0.3
equity_max_sharpe,2022-02-01,PSA,0.3
equity_max_sharpe,2022-03-01,PSA,0.3
equity_max_sharpe,2022-04-01,PSA,0.2999999999999999
equity_max_sharpe,2022-05-02,PSA,0.09830566076387887
equity_max_sharpe,2022-06-01,PSA,3.865180744910823e-17
equity_max_sharpe,2022-07-01,PSA,7.643517103510427e-17
equity_max_sharpe,2022-08-01,PSA,0.0
equity_max_sharpe,2022-09-01,PSA,7.62871753615113e-17
equity_max_sharpe,2022-10-03,PSA,0.0
equity_max_sharpe,2022-11-01,PSA,0.0
equity_max_sharpe,2022-12-01,PSA,7.373930025617037e-17
equity_max_sharpe,2023-01-03,PSA,0.0
equity_max_sharpe,2023-02-01,PSA,1.1220901738963176e-16
equity_max_sharpe,2023-03-01,PSA,0.0
equity_max_sharpe,2023-04-03,PSA,0.0
equity_max_sharpe,2023-05-01,PSA,0.0
equity_max_sharpe,2023-06-01,PSA,6.321663809916624e-17
equity_max_sharpe,2023-07-03,PSA,7.270799079597502e-17
equity_max_sharpe,2023-08-01,PSA,0.0
equity_max_sharpe,2023-09-01,PSA,0.0
equity_max_sharpe,2023-10-02,PSA,0.0
equity_max_sharpe,2023-11-01,PSA,3.040665011726505e-17
equity_max_sharpe,2023-12-01,PSA,0.0
equity_max_sharpe,2021-01-04,QCOM,0.003223713492332951
equity_max_sharpe,2021-02-01,QCOM,0.11565488947021303
equity_max_sharpe,2021-03-01,QCOM,0.0
equity_max_sharpe,2021-04-01,QCOM,1.5165277887640993e-17
equity_max_sharpe,2021-05-03,QCOM,6.621764768455218e-17
equity_max_sharpe,2021-06-01,QCOM,0.0
equity_max_sharpe,2021-07-01,QCOM,3.29178845642437e-17
equity_max_sharpe,2021-08-02,QCOM,4.742029251908475e-17
equity_max_sharpe,2021-09-01,QCOM,3.4640259410911867e-17
equity_max_sharpe,2021-10-01,QCOM,0.0
equity_max_sharpe,2021-11-01,QCOM,2.5575312809396344e-17
equity_max_sharpe,2021-12-01,QCOM,0.0
equity_max_sharpe,2022-01-03,QCOM,0.0
equity_max_sharpe,2022-02-01,QCOM,0.0
equity_max_sharpe,2022-03-01,QCOM,0.0
equity_max_sharpe,2022-04-01,QCOM,0.0
equity_max_sharpe,2022-05-02,QCOM,0.0
equity_max_sharpe,2022-06-01,QCOM,5.896704565605537e-17
equity_max_sharpe,2022-07-01,QCOM,4.029925677344339e-18
equity_max_sharpe,2022-08-01,QCOM,0.0
equity_max_sharpe,2022-09-01,QCOM,4.048478674696654e-17
equity_max_sharpe,2022-10-03,QCOM,8.551866303636152e-19
equity_max_sharpe,2022-11-01,QCOM,0.0
equity_max_sharpe,2022-12-01,QCOM,0.0
equity_max_sharpe,2023-01-03,QCOM,0.0
equity_max_sharpe,2023-02-01,QCOM,6.972142094176345e-17
equity_max_sharpe,2023-03-01,QCOM,2.6736133834157276e-16
equity_max_sharpe,2023-04-03,QCOM,0.0
equity_max_sharpe,2023-05-01,QCOM,0.0
equity_max_sharpe,2023-06-01,QCOM,1.4052052552654187e-17
equity_max_sharpe,2023-07-03,QCOM,0.0
equity_max_sharpe,2023-08-01,QCOM,8.573374686973751e-17
equity_max_sharpe,2023-09-01,QCOM,1.4522888100443332e-16
equity_max_sharpe,2023-10-02,QCOM,0.0
equity_max_sharpe,2023-11-01,QCOM,0.0
equity_max_sharpe,2023-12-01,QCOM,0.0
equity_max_sharpe,2021-01-04,SBUX,0.0
equity_max_sharpe,2021-02-01,SBUX,0.0
equity_max_sharpe,2021-03-01,SBUX,0.0
equity_max_sharpe,2021-04-01,SBUX,0.0
equity_max_sharpe,2021-05-03,SBUX,1.4013313079375145e-17
equity_max_sharpe,2021-06-01,SBUX,3.624353968955683e-17
equity_max_sharpe,2021-07-01,SBUX,1.6111251331111005e-16
equity_max_sharpe,2021-08-02,SBUX,0.03377321180856666
equity_max_sharpe,2021-09-01,SBUX,0.0
equity_max_sharpe,2021-10-01,SBUX,0.0
equity_max_sharpe,2021-11-01,SBUX,0.0
equity_max_sharpe,2021-12-01,SBUX,6.429954710718791e-17
equity_max_sharpe,2022-01-03,SBUX,0.0
equity_max_sharpe,2022-02-01,SBUX,0.0
equity_max_sharpe,2022-03-01,SBUX,0.0
equity_max_sharpe,2022-04-01,SBUX,0.0
equity_max_sharpe,2022-05-02,SBUX,0.0
equity_max_sharpe,2022-06-01,SBUX,0.0
equity_max_sharpe,2022-07-01,SBUX,0.0
equity_max_sharpe,2022-08-01,SBUX,5.074066167232161e-17
equity_max_sharpe,2022-09-01,SBUX,1.3192029933717375e-16
equity_max_sharpe,2022-10-03,SBUX,0.0
equity_max_sharpe,2022-11-01,SBUX,0.0
equity_max_sharpe,2022-12-01,SBUX,2.653584817158272e-17
equity_max_sharpe,2023-01-03,SBUX,9.64939933512099e-17
equity_max_sharpe,2023-02-01,SBUX,0.0
equity_max_sharpe,2023-03-01,SBUX,6.529845662248725e-17
equity_max_sharpe,2023-04-03,SBUX,3.398187082403809e-15
equity_max_sharpe,2023-05-01,SBUX,0.16471457442735796
equity_max_sharpe,2023-06-01,SBUX,0.0
equity_max_sharpe,2023-07-03,SBUX,0.0
equity_max_sharpe,2023-08-01,SBUX,1.9250349558033069e-16
equity_max_sharpe,2023-09-01,SBUX,0.0
equity_max_sharpe,2023-10-02,SBUX,0.0
equity_max_sharpe,2023-11-01,SBUX,0.0
equity_max_sharpe,2023-12-01,SBUX,0.0
equity_max_sharpe,2021-01-04,SHW,1.3009886485146606e-16
equity_max_sharpe,2021-02-01,SHW,0.0
equity_max_sharpe,2021-03-01,SHW,3.037346647260351e-17
equity_max_sharpe,2021-04-01,SHW,9.961107459710572e-19
equity_max_sharpe,2021-05-03,SHW,0.030802489162352453
equity_max_sharpe,2021-06-01,SHW,1.2132034710640422e-16
equity_max_sharpe,2021-07-01,SHW,0.0
equity_max_sharpe,2021-08-02,SHW,2.0485322422755803e-16
equity_max_sharpe,2021-09-01,SHW,0.009223652489010241
equity_max_sharpe,2021-10-01,SHW,0.025356233905653894
equity_max_sharpe,2021-11-01,SHW,0.033197816944658426
equity_max_sharpe,2021-12-01,SHW,0.03419710230735391
equity_max_sharpe,2022-01-03,SHW,0.03628114122882379
equity_max_sharpe,2022-02-01,SHW,0.0
equity_max_sharpe,2022-03-01,SHW,2.5221253037444047e-17
equity_max_sharpe,2022-04-01,SHW,1.6407708073530515e-17
equity_max_sharpe,2022-05-02,SHW,7.752045533271357e-18
equity_max_sharpe,2022-06-01,SHW,0.0
equity_max_sharpe,2022-07-01,SHW,0.0
equity_max_sharpe,2022-08-01,SHW,3.287843088062292e-17
equity_max_sharpe,2022-09-01,SHW,3.250234825204201e-17
equity_max_sharpe,2022-10-03,SHW,2.2702121194335945e-17
equity_max_sharpe,2022-11-01,SHW,0.0
equity_max_sharpe,2022-12-01,SHW,4.4994390158148434e-17
equity_max_sharpe,2023-01-03,SHW,1.9392311107618854e-16
equity_max_sharpe,2023-02-01,SHW,0.0
equity_max_sharpe,2023-03-01,SHW,4.699187903411216e-17
equity_max_sharpe,2023-04-03,SHW,0.0
equity_max_sharpe,2023-05-01,SHW,5.7911625042837e-17
equity_max_sharpe,2023-06-01,SHW,6.767053830282304e-17
equity_max_sharpe,2023-07-03,SHW,0.0
equity_max_sharpe,2023-08-01,SHW,4.7928057330924226e-17
equity_max_sharpe,2023-09-01,SHW,4.6349642873755315e-18
equity_max_sharpe,2023-10-02,SHW,0.0
equity_max_sharpe,2023-11-01,SHW,0.0
equity_max_sharpe,2023-12-01,SHW,4.9157200410806847e-17
equity_max_sharpe,2021-01-04,SLB,0.0
equity_max_sharpe,2021-02-01,SLB,3.599551212651875e-17
equity_max_sharpe,2021-03-01,SLB,0.0
equity_max_sharpe,2021-04-01,SLB,6.342582709040201e-18
equity_max_sharpe,2021-05-03,SLB,0.0
equity_max_sharpe,2021-06-01,SLB,0.0
equity_max_sharpe,2021-07-01,SLB,0.0
equity_max_sharpe,2021-08-02,SLB,4.5197678065489466e-17
equity_max_sharpe,2021-09-01,SLB,1.7957098481791167e-18
equity_max_sharpe,2021-10-01,SLB,0.0
equity_max_sharpe,2021-11-01,SLB,1.0808479220143774e-16
equity_max_sharpe,2021-12-01,SLB,6.773226840259599e-17
equity_max_sharpe,2022-01-03,SLB,0.0
equity_max_sharpe,2022-02-01,SLB,7.109655746073695e-17
equity_max_sharpe,2022-03-01,SLB,0.0
equity_max_sharpe,2022-04-01,SLB,0.0
equity_max_sharpe,2022-05-02,SLB,0.0
equity_max_sharpe,2022-06-01,SLB,3.8963515573697816e-17
equity_max_sharpe,2022-07-01,SLB,5.2638540848142996e-17
equity_max_sharpe,2022-08-01,SLB,4.0597950348719714e-16
equity_max_sharpe,2022-09-01,SLB,0.0
equity_max_sharpe,2022-10-03,SLB,9.417025557035454e-16
equity_max_sharpe,2022-11-01,SLB,0.0
equity_max_sharpe,2022-12-01,SLB,8.863352760068999e-18
equity_max_sharpe,2023-01-03,SLB,0.0
equity_max_sharpe,2023-02-01,SLB,2.0456653618876923e-18
equity_max_sharpe,2023-03-01,SLB,0.0
equity_max_sharpe,2023-04-03,SLB,1.1572933216635735e-15
equity_max_sharpe,2023-05-01,SLB,8.180522588274779e-17
equity_max_sharpe,2023-06-01,SLB,9.410345762457547e-18
equity_max_sharpe,2023-07-03,SLB,0.0
equity_max_sharpe,2023-08-01,SLB,0.09290181000856843
equity_max_sharpe,2023-09-01,SLB,0.038893881241324965
equity_max_sharpe,2023-10-02,SLB,0.06175987805291889
equity_max_sharpe,2023-11-01,SLB,0.0
equity_max_sharpe,2023-12-01,SLB,0.0
equity_max_sharpe,2021-01-04,SO,0.0
equity_max_sharpe,2021-02-01,SO,1.3594539990252619e-16
equity_max_sharpe,2021-03-01,SO,2.6613548891064062e-17
equity_max_sharpe,2021-04-01,SO,2.974779710757103e-17
equity_max_sharpe,2021-05-03,SO,2.3852447794681098e-18
equity_max_sharpe,2021-06-01,SO,0.0
equity_max_sharpe,2021-07-01,SO,5.871313883983483e-18
equity_max_sharpe,2021-08-02,SO,8.273817828780006e-18
equity_max_sharpe,2021-09-01,SO,1.7963874745369202e-17
equity_max_sharpe,2021-10-01,SO,1.4433441421213278e-17
equity_max_sharpe,2021-11-01,SO,0.0
equity_max_sharpe,2021-12-01,SO,0.0
equity_max_sharpe,2022-01-03,SO,0.0
equity_max_sharpe,2022-02-01,SO,0.064394071543482
equity_max_sharpe,2022-03-01,SO,0.0
equity_max_sharpe,2022-04-01,SO,3.9851767323569865e-17
equity_max_sharpe,2022-05-02,SO,1.473159701864679e-17
equity_max_sharpe,2022-06-01,SO,0.14146765076642437
equity_max_sharpe,2022-07-01,SO,0.26831974362992006
equity_max_sharpe,2022-08-01,SO,0.2999999999999996
equity_max_sharpe,2022-09-01,SO,0.3
equity_max_sharpe,2022-10-03,SO,0.10436879734946984
equity_max_sharpe,2022-11-01,SO,0.0
equity_max_sharpe,2022-12-01,SO,0.0
equity_max_sharpe,2023-01-03,SO,0.0
equity_max_sharpe,2023-02-01,SO,2.1181140047840628e-17
equity_max_sharpe,2023-03-01,SO,5.306601854144498e-17
equity_max_sharpe,2023-04-03,SO,0.0
equity_max_sharpe,2023-05-01,SO,0.0
equity_max_sharpe,2023-06-01,SO,1.5796830194606817e-17
equity_max_sharpe,2023-07-03,SO,3.062980194575949e-17
equity_max_sharpe,2023-08-01,SO,2.810037792614371e-17
equity_max_sharpe,2023-09-01,SO,0.0
equity_max_sharpe,2023-10-02,SO,0.0
equity_max_sharpe,2023-11-01,SO,0.0
equity_max_sharpe,2023-12-01,SO,0.1869032659527311
equity_max_sharpe,2021-01-04,T,0.0
equity_max_sharpe,2021-02-01,T,0.0
equity_max_sharpe,2021-03-01,T,1.218757491795019e-16
equity_max_sharpe,2021-04-01,T,6.262622798819395e-17
equity_max_sharpe,2021-05-03,T,6.62989628474886e-17
equity_max_sharpe,2021-06-01,T,6.820990878013761e-18
equity_max_sharpe,2021-07-01,T,9.405702259246482e-17
equity_max_sharpe,2021-08-02,T,3.233632979438017e-17
equity_max_sharpe,2021-09-01,T,1.1794086757568878e-16
equity_max_sharpe,2021-10-01,T,0.0
equity_max_sharpe,2021-11-01,T,0.0
equity_max_sharpe,2021-12-01,T,9.062572212064456e-18
equity_max_sharpe,2022-01-03,T,0.0
equity_max_sharpe,2022-02-01,T,0.0
equity_max_sharpe,2022-03-01,T,7.399679827213568e-17
equity_max_sharpe,2022-04-01,T,7.764945212755424e-17
equity_max_sharpe,2022-05-02,T,0.0
equity_max_sharpe,2022-06-01,T,3.1590940800796385e-17
equity_max_sharpe,2022-07-01,T,0.0
equity_max_sharpe,2022-08-01,T,0.0
equity_max_sharpe,2022-09-01,T,5.571782727038788e-17
equity_max_sharpe,2022-10-03,T,5.388855524784978e-17
equity_max_sharpe,2022-11-01,T,2.0763149229455213e-16
equity_max_sharpe,2022-12-01,T,0.0
equity_max_sharpe,2023-01-03,T,2.376435636816665e-17
equity_max_sharpe,2023-02-01,T,0.0
equity_max_sharpe,2023-03-01,T,0.009722093223731229
equity_max_sharpe,2023-04-03,T,1.556046957951196e-15
equity_max_sharpe,2023-05-01,T,6.303613676535748e-17
equity_max_sharpe,2023-06-01,T,0.0
equity_max_sharpe,2023-07-03,T,0.0
equity_max_sharpe,2023-08-01,T,9.859112463792496e-17
equity_max_sharpe,2023-09-01,T,0.0
equity_max_sharpe,2023-10-02,T,0.0
equity_max_sharpe,2023-11-01,T,0.0
equity_max_sharpe,2023-12-01,T,5.2143493116510095e-17
equity_max_sharpe,2021-01-04,TMUS,0.29086344698391753
equity_max_sharpe,2021-02-01,TMUS,0.07874701067047785
equity_max_sharpe,2021-03-01,TMUS,0.0
equity_max_sharpe,2021-04-01,TMUS,6.173176119589341e-18
equity_max_sharpe,2021-05-03,TMUS,4.607859233063394e-19
equity_max_sharpe,2021-06-01,TMUS,0.0
equity_max_sharpe,2021-07-01,TMUS,4.0793322070482856e-17
equity_max_sharpe,2021-08-02,TMUS,1.381341330382313e-17
equity_max_sharpe,2021-09-01,TMUS,0.0
equity_max_sharpe,2021-10-01,TMUS,0.0
equity_max_sharpe,2021-11-01,TMUS,0.0
equity_max_sharpe,2021-12-01,TMUS,0.0
equity_max_sharpe,2022-01-03,TMUS,0.0
equity_max_sharpe,2022-02-01,TMUS,5.669022109383581e-17
equity_max_sharpe,2022-03-01,TMUS,4.5658463988795805e-17
equity_max_sharpe,2022-04-01,TMUS,5.707912540610214e-17
equity_max_sharpe,2022-05-02,TMUS,0.0
equity_max_sharpe,2022-06-01,TMUS,3.583288180064592e-17
equity_max_sharpe,2022-07-01,TMUS,0.0
equity_max_sharpe,2022-08-01,TMUS,0.0
equity_max_sharpe,2022-09-01,TMUS,5.426093060111048e-17
equity_max_sharpe,2022-10-03,TMUS,3.08705263764512e-17
equity_max_sharpe,2022-11-01,TMUS,0.014831610556219406
equity_max_sharpe,2022-12-01,TMUS,0.028843583842878964
equity_max_sharpe,2023-01-03,TMUS,0.0
equity_max_sharpe,2023-02-01,TMUS,0.15507042134465995
equity_max_sharpe,2023-03-01,TMUS,1.187862248916424e-16
equity_max_sharpe,2023-04-03,TMUS,0.0
equity_max_sharpe,2023-05-01,TMUS,9.75104261597983e-17
equity_max_sharpe,2023-06-01,TMUS,3.971097121650157e-17
equity_max_sharpe,2023-07-03,TMUS,0.0
equity_max_sharpe,2023-08-01,TMUS,0.0
equity_max_sharpe,2023-09-01,TMUS,0.0
equity_max_sharpe,2023-10-02,TMUS,1.25974958037774e-16
equity_max_sharpe,2023-11-01,TMUS,6.842447846827516e-17
equity_max_sharpe,2023-12-01,TMUS,0.0
equity_max_sharpe,2021-01-04,TTWO,0.24253983636037532
equity_max_sharpe,2021-02-01,TTWO,0.18634338865601002
equity_max_sharpe,2021-03-01,TTWO,0.3
equity_max_sharpe,2021-04-01,TTWO,0.1755444613544127
equity_max_sharpe,2021-05-03,TTWO,0.10241748264186522
equity_max_sharpe,2021-06-01,TTWO,0.11437624048910036
equity_max_sharpe,2021-07-01,TTWO,0.0
equity_max_sharpe,2021-08-02,TTWO,1.800114419504839e-17
equity_max_sharpe,2021-09-01,TTWO,0.0
equity_max_sharpe,2021-10-01,TTWO,3.587353938211413e-17
equity_max_sharpe,2021-11-01,TTWO,1.421151878903265e-17
equity_max_sharpe,2021-12-01,TTWO,1.3963274279632624e-16
equity_max_sharpe,2022-01-03,TTWO,5.303114936807588e-17
equity_max_sharpe,2022-02-01,TTWO,1.1561660916842298e-16
equity_max_sharpe,2022-03-01,TTWO,0.0
equity_max_sharpe,2022-04-01,TTWO,4.053395122165785e-17
equity_max_sharpe,2022-05-02,TTWO,3.323079658668071e-17
equity_max_sharpe,2022-06-01,TTWO,0.0
equity_max_sharpe,2022-07-01,TTWO,1.3155159198016067e-17
equity_max_sharpe,2022-08-01,TTWO,7.318364664277155e-18
equity_max_sharpe,2022-09-01,TTWO,6.837249950236712e-17
equity_max_sharpe,2022-10-03,TTWO,0.0
equity_max_sharpe,2022-11-01,TTWO,0.0
equity_max_sharpe,2022-12-01,TTWO,2.3459424507155102e-17
equity_max_sharpe,2023-01-03,TTWO,0.0
equity_max_sharpe,2023-02-01,TTWO,0.0
equity_max_sharpe,2023-03-01,TTWO,5.146263503929101e-17
equity_max_sharpe,2023-04-03,TTWO,0.0
equity_max_sharpe,2023-05-01,TTWO,0.0
equity_max_sharpe,2023-06-01,TTWO,0.0
equity_max_sharpe,2023-07-03,TTWO,2.6003886634039602e-17
equity_max_sharpe,2023-08-01,TTWO,3.079391374740243e-18
equity_max_sharpe,2023-09-01,TTWO,0.0
equity_max_sharpe,2023-10-02,TTWO,1.9892140462965537e-17
equity_max_sharpe,2023-11-01,TTWO,2.7416193144615232e-17
equity_max_sharpe,2023-12-01,TTWO,0.09828359893160873
equity_max_sharpe,2021-01-04,UPS,0.10678552814513036
equity_max_sharpe,2021-02-01,UPS,0.10876628462012329
equity_max_sharpe,2021-03-01,UPS,0.2937149753504541
equity_max_sharpe,2021-04-01,UPS,0.08883853828890857
equity_max_sharpe,2021-05-03,UPS,0.1841836765304046
equity_max_sharpe,2021-06-01,UPS,0.20961475180844708
equity_max_sharpe,2021-07-01,UPS,0.09580802527436666
equity_max_sharpe,2021-08-02,UPS,2.251752386980832e-17
equity_max_sharpe,2021-09-01,UPS,1.7232038278941486e-17
equity_max_sharpe,2021-10-01,UPS,0.0
equity_max_sharpe,2021-11-01,UPS,0.0
equity_max_sharpe,2021-12-01,UPS,4.7471288396665934e-17
equity_max_sharpe,2022-01-03,UPS,1.8611051936793306e-17
equity_max_sharpe,2022-02-01,UPS,3.165870343657673e-17
equity_max_sharpe,2022-03-01,UPS,1.577514160966409e-17
equity_max_sharpe,2022-04-01,UPS,0.0
equity_max_sharpe,2022-05-02,UPS,0.0
equity_max_sharpe,2022-06-01,UPS,6.194860163039051e-17
equity_max_sharpe,2022-07-01,UPS,1.0837985197028099e-16
equity_max_sharpe,2022-08-01,UPS,0.0
equity_max_sharpe,2022-09-01,UPS,3.330533548603909e-17
equity_max_sharpe,2022-10-03,UPS,0.0
equity_max_sharpe,2022-11-01,UPS,8.717705444788622e-17
equity_max_sharpe,2022-12-01,UPS,8.145068820797352e-17
equity_max_sharpe,2023-01-03,UPS,0.0
equity_max_sharpe,2023-02-01,UPS,0.0
equity_max_sharpe,2023-03-01,UPS,8.466168690402828e-17
equity_max_sharpe,2023-04-03,UPS,0.0
equity_max_sharpe,2023-05-01,UPS,0.0
equity_max_sharpe,2023-06-01,UPS,0.0
equity_max_sharpe,2023-07-03,UPS,0.0
equity_max_sharpe,2023-08-01,UPS,1.4904979532747422e-16
equity_max_sharpe,2023-09-01,UPS,1.0411051361292056e-16
equity_max_sharpe,2023-10-02,UPS,0.0
equity_max_sharpe,2023-11-01,UPS,0.0
equity_max_sharpe,2023-12-01,UPS,0.0
equity_max_sharpe,2021-01-04,USB,0.0
equity_max_sharpe,2021-02-01,USB,1.4203048459560108e-17
equity_max_sharpe,2021-03-01,USB,0.0
equity_max_sharpe,2021-04-01,USB,6.451680552646555e-17
equity_max_sharpe,2021-05-03,USB,0.0
equity_max_sharpe,2021-06-01,USB,0.0
equity_max_sharpe,2021-07-01,USB,1.0776024556969596e-17
equity_max_sharpe,2021-08-02,USB,3.1302949598729923e-17
equity_max_sharpe,2021-09-01,USB,1.4623854427756044e-16
equity_max_sharpe,2021-10-01,USB,5.526720574244859e-17
equity_max_sharpe,2021-11-01,USB,0.0
equity_max_sharpe,2021-12-01,USB,5.583486398703914e-17
equity_max_sharpe,2022-01-03,USB,5.19906317741245e-17
equity_max_sharpe,2022-02-01,USB,0.0
equity_max_sharpe,2022-03-01,USB,6.610922746730363e-17
equity_max_sharpe,2022-04-01,USB,0.0
equity_max_sharpe,2022-05-02,USB,3.2160146941351275e-17
equity_max_sharpe,2022-06-01,USB,0.0
equity_max_sharpe,2022-07-01,USB,7.827909533620239e-17
equity_max_sharpe,2022-08-01,USB,0.0
equity_max_sharpe,2022-09-01,USB,0.0
equity_max_sharpe,2022-10-03,USB,7.40459082819638e-17
equity_max_sharpe,2022-11-01,USB,0.0
equity_max_sharpe,2022-12-01,USB,6.822342170365037e-17
equity_max_sharpe,2023-01-03,USB,0.0
equity_max_sharpe,2023-02-01,USB,0.0
equity_max_sharpe,2023-03-01,USB,1.448552241940814e-17
equity_max_sharpe,2023-04-03,USB,0.0
equity_max_sharpe,2023-05-01,USB,1.2197857046276954e-16
equity_max_sharpe,2023-06-01,USB,0.0
equity_max_sharpe,2023-07-03,USB,0.0
equity_max_sharpe,2023-08-01,USB,0.0
equity_max_sharpe,2023-09-01,USB,9.134403303190375e-17
equity_max_sharpe,2023-10-02,USB,0.0
equity_max_sharpe,2023-11-01,USB,0.0
equity_max_sharpe,2023-12-01,USB,0.0
equity_max_sharpe,2021-01-04,V,5.446097082551899e-17
equity_max_sharpe,2021-02-01,V,1.0148132334464322e-16
equity_max_sharpe,2021-03-01,V,9.901855762271075e-17
equity_max_sharpe,2021-04-01,V,1.4754636314812108e-16
equity_max_sharpe,2021-05-03,V,9.595189226496714e-18
equity_max_sharpe,2021-06-01,V,4.5737525380253526e-17
equity_max_sharpe,2021-07-01,V,7.68624690437602e-17
equity_max_sharpe,2021-08-02,V,1.1411227865409934e-17
equity_max_sharpe,2021-09-01,V,0.0
equity_max_sharpe,2021-10-01,V,0.0
equity_max_sharpe,2021-11-01,V,2.0825152041194228e-17
equity_max_sharpe,2021-12-01,V,1.0447455333694693e-16
equity_max_sharpe,2022-01-03,V,2.985127252114984e-17
equity_max_sharpe,2022-02-01,V,2.6278350155617414e-17
equity_max_sharpe,2022-03-01,V,1.1848974492550957e-16
equity_max_sharpe,2022-04-01,V,7.995474526486383e-17
equity_max_sharpe,2022-05-02,V,9.742911772497864e-17
equity_max_sharpe,2022-06-01,V,4.149783815188268e-17
equity_max_sharpe,2022-07-01,V,1.2710653166966162e-17
equity_max_sharpe,2022-08-01,V,2.664426838883127e-17
equity_max_sharpe,2022-09-01,V,8.507598922222193e-18
equity_max_sharpe,2022-10-03,V,0.0
equity_max_sharpe,2022-11-01,V,7.796768872886384e-17
equity_max_sharpe,2022-12-01,V,0.0
equity_max_sharpe,2023-01-03,V,0.0
equity_max_sharpe,2023-02-01,V,0.0
equity_max_sharpe,2023-03-01,V,0.0
equity_max_sharpe,2023-04-03,V,0.0
equity_max_sharpe,2023-05-01,V,0.0
equity_max_sharpe,2023-06-01,V,0.0
equity_max_sharpe,2023-07-03,V,0.0
equity_max_sharpe,2023-08-01,V,0.0
equity_max_sharpe,2023-09-01,V,3.876022766635678e-18
equity_max_sharpe,2023-10-02,V,6.63153070998368e-17
equity_max_sharpe,2023-11-01,V,0.0
equity_max_sharpe,2023-12-01,V,1.3192164570692664e-16
equity_max_sharpe,2021-01-04,WFC,1.0060720406319566e-16
equity_max_sharpe,2021-02-01,WFC,6.620409515739611e-17
equity_max_sharpe,2021-03-01,WFC,0.0
equity_max_sharpe,2021-04-01,WFC,3.110304982317791e-18
equity_max_sharpe,2021-05-03,WFC,2.9652929417478546e-17
equity_max_sharpe,2021-06-01,WFC,5.013959820727721e-17
equity_max_sharpe,2021-07-01,WFC,0.0
equity_max_sharpe,2021-08-02,WFC,0.0
equity_max_sharpe,2021-09-01,WFC,0.0
equity_max_sharpe,2021-10-01,WFC,0.00393584528459593
equity_max_sharpe,2021-11-01,WFC,0.07952047624025617
equity_max_sharpe,2021-12-01,WFC,0.0597985484893763
equity_max_sharpe,2022-01-03,WFC,0.027146878968254375
equity_max_sharpe,2022-02-01,WFC,0.05976209700590874
equity_max_sharpe,2022-03-01,WFC,0.0
equity_max_sharpe,2022-04-01,WFC,0.0
equity_max_sharpe,2022-05-02,WFC,2.1589175759617607e-17
equity_max_sharpe,2022-06-01,WFC,0.0
equity_max_sharpe,2022-07-01,WFC,0.0
equity_max_sharpe,2022-08-01,WFC,0.0
equity_max_sharpe,2022-09-01,WFC,0.0
equity_max_sharpe,2022-10-03,WFC,1.8631526029164457e-17
equity_max_sharpe,2022-11-01,WFC,0.0
equity_max_sharpe,2022-12-01,WFC,3.281066824484258e-17
equity_max_sharpe,2023-01-03,WFC,0.0
equity_max_sharpe,2023-02-01,WFC,0.0
equity_max_sharpe,2023-03-01,WFC,1.29350163795787e-16
equity_max_sharpe,2023-04-03,WFC,0.0
equity_max_sharpe,2023-05-01,WFC,0.0
equity_max_sharpe,2023-06-01,WFC,9.264133204973073e-17
equity_max_sharpe,2023-07-03,WFC,1.665762254698607e-17
equity_max_sharpe,2023-08-01,WFC,7.323724628450408e-17
equity_max_sharpe,2023-09-01,WFC,0.0
equity_max_sharpe,2023-10-02,WFC,6.107411830089988e-18
equity_max_sharpe,2023-11-01,WFC,6.718007605322715e-17
equity_max_sharpe,2023-12-01,WFC,0.0
equity_max_sharpe,2021-01-04,WMT,6.471348832634315e-18
equity_max_sharpe,2021-02-01,WMT,0.0
equity_max_sharpe,2021-03-01,WMT,2.138640934264039e-17
equity_max_sharpe,2021-04-01,WMT,2.3229031545501932e-17
equity_max_sharpe,2021-05-03,WMT,2.2551405187698492e-17
equity_max_sharpe,2021-06-01,WMT,1.5227549585919793e-17
equity_max_sharpe,2021-07-01,WMT,5.503642424020929e-17
equity_max_sharpe,2021-08-02,WMT,0.0
equity_max_sharpe,2021-09-01,WMT,3.049318610115481e-17
equity_max_sharpe,2021-10-01,WMT,2.110128478199913e-17
equity_max_sharpe,2021-11-01,WMT,0.0
equity_max_sharpe,2021-12-01,WMT,0.0
equity_max_sharpe,2022-01-03,WMT,1.4706415050930436e-17
equity_max_sharpe,2022-02-01,WMT,1.9718927012080112e-17
equity_max_sharpe,2022-03-01,WMT,0.0
equity_max_sharpe,2022-04-01,WMT,3.080141431202261e-17
equity_max_sharpe,2022-05-02,WMT,1.462317680139824e-17
equity_max_sharpe,2022-06-01,WMT,2.3066401219629107e-17
equity_max_sharpe,2022-07-01,WMT,1.062660917530293e-16
equity_max_sharpe,2022-08-01,WMT,0.0
equity_max_sharpe,2022-09-01,WMT,1.836367429647323e-18
equity_max_sharpe,2022-10-03,WMT,0.0
equity_max_sharpe,2022-11-01,WMT,1.2677711528144564e-16
equity_max_sharpe,2022-12-01,WMT,3.729655473350135e-17
equity_max_sharpe,2023-01-03,WMT,7.026307704063872e-17
equity_max_sharpe,2023-02-01,WMT,0.0
equity_max_sharpe,2023-03-01,WMT,0.010680284132149323
equity_max_sharpe,2023-04-03,WMT,1.1781970747410413e-17
equity_max_sharpe,2023-05-01,WMT,0.0
equity_max_sharpe,2023-06-01,WMT,0.08555802600222218
equity_max_sharpe,2023-07-03,WMT,0.22992264336949017
equity_max_sharpe,2023-08-01,WMT,0.09278892833342764
equity_max_sharpe,2023-09-01,WMT,0.1453324030219143
equity_max_sharpe,2023-10-02,WMT,0.04828917190991868
equity_max_sharpe,2023-11-01,WMT,0.2504392330794841
equity_max_sharpe,2023-12-01,WMT,2.319972281793565e-16
equity_max_sharpe,2021-01-04,XOM,0.0
equity_max_sharpe,2021-02-01,XOM,7.990570011218168e-17
equity_max_sharpe,2021-03-01,XOM,0.0
equity_max_sharpe,2021-04-01,XOM,8.28059409235804e-17
equity_max_sharpe,2021-05-03,XOM,0.0
equity_max_sharpe,2021-06-01,XOM,0.0
equity_max_sharpe,2021-07-01,XOM,4.403294636531025e-18
equity_max_sharpe,2021-08-02,XOM,1.5619287547369298e-18
equity_max_sharpe,2021-09-01,XOM,7.579928438389283e-17
equity_max_sharpe,2021-10-01,XOM,7.968885967768458e-18
equity_max_sharpe,2021-11-01,XOM,2.2378610466458615e-18
equity_max_sharpe,2021-12-01,XOM,0.03551628312430127
equity_max_sharpe,2022-01-03,XOM,1.1075895864330583e-17
equity_max_sharpe,2022-02-01,XOM,3.04118709382184e-17
equity_max_sharpe,2022-03-01,XOM,5.0862634416726227e-17
equity_max_sharpe,2022-04-01,XOM,0.0
equity_max_sharpe,2022-05-02,XOM,1.8973538018496328e-18
equity_max_sharpe,2022-06-01,XOM,8.470329472543003e-18
equity_max_sharpe,2022-07-01,XOM,1.6241776687818847e-16
equity_max_sharpe,2022-08-01,XOM,0.0
equity_max_sharpe,2022-09-01,XOM,0.06858304535419514
equity_max_sharpe,2022-10-03,XOM,0.05197284556400359
equity_max_sharpe,2022-11-01,XOM,0.2056535705980916
equity_max_sharpe,2022-12-01,XOM,0.18747944253332874
equity_max_sharpe,2023-01-03,XOM,0.3
equity_max_sharpe,2023-02-01,XOM,0.19525235056183957
equity_max_sharpe,2023-03-01,XOM,0.2527496779119776
equity_max_sharpe,2023-04-03,XOM,0.24702670706869273
equity_max_sharpe,2023-05-01,XOM,0.10397644658596103
equity_max_sharpe,2023-06-01,XOM,0.0
equity_max_sharpe,2023-07-03,XOM,5.511682074259283e-17
equity_max_sharpe,2023-08-01,XOM,9.653274530660257e-17
equity_max_sharpe,2023-09-01,XOM,0.0
equity_max_sharpe,2023-10-02,XOM,1.6685117985871888e-16
equity_max_sharpe,2023-11-01,XOM,2.1598965390337753e-17
equity_max_sharpe,2023-12-01,XOM,1.4345216870407444e-16
equity_equal_weight,2021-01-04,ABBV,0.02
equity_equal_weight,2021-02-01,ABBV,0.02
equity_equal_weight,2021-03-01,ABBV,0.02
equity_equal_weight,2021-04-01,ABBV,0.02
equity_equal_weight,2021-05-03,ABBV,0.02
equity_equal_weight,2021-06-01,ABBV,0.02
equity_equal_weight,2021-07-01,ABBV,0.02
equity_equal_weight,2021-08-02,ABBV,0.02
equity_equal_weight,2021-09-01,ABBV,0.02
equity_equal_weight,2021-10-01,ABBV,0.02
equity_equal_weight,2021-11-01,ABBV,0.02
equity_equal_weight,2021-12-01,ABBV,0.02
equity_equal_weight,2022-01-03,ABBV,0.02
equity_equal_weight,2022-02-01,ABBV,0.02
equity_equal_weight,2022-03-01,ABBV,0.02
equity_equal_weight,2022-04-01,ABBV,0.02
equity_equal_weight,2022-05-02,ABBV,0.02
equity_equal_weight,2022-06-01,ABBV,0.02
equity_equal_weight,2022-07-01,ABBV,0.02
equity_equal_weight,2022-08-01,ABBV,0.02
equity_equal_weight,2022-09-01,ABBV,0.02
equity_equal_weight,2022-10-03,ABBV,0.02
equity_equal_weight,2022-11-01,ABBV,0.02
equity_equal_weight,2022-12-01,ABBV,0.02
equity_equal_weight,2023-01-03,ABBV,0.02
equity_equal_weight,2023-02-01,ABBV,0.02
equity_equal_weight,2023-03-01,ABBV,0.02
equity_equal_weight,2023-04-03,ABBV,0.02
equity_equal_weight,2023-05-01,ABBV,0.02
equity_equal_weight,2023-06-01,ABBV,0.02
equity_equal_weight,2023-07-03,ABBV,0.02
equity_equal_weight,2023-08-01,ABBV,0.02
equity_equal_weight,2023-09-01,ABBV,0.02
equity_equal_weight,2023-10-02,ABBV,0.02
equity_equal_weight,2023-11-01,ABBV,0.02
equity_equal_weight,2023-12-01,ABBV,0.02
equity_equal_weight,2021-01-04,ABT,0.02
equity_equal_weight,2021-02-01,ABT,0.02
equity_equal_weight,2021-03-01,ABT,0.02
equity_equal_weight,2021-04-01,ABT,0.02
equity_equal_weight,2021-05-03,ABT,0.02
equity_equal_weight,2021-06-01,ABT,0.02
equity_equal_weight,2021-07-01,ABT,0.02
equity_equal_weight,2021-08-02,ABT,0.02
equity_equal_weight,2021-09-01,ABT,0.02
equity_equal_weight,2021-10-01,ABT,0.02
equity_equal_weight,2021-11-01,ABT,0.02
equity_equal_weight,2021-12-01,ABT,0.02
equity_equal_weight,2022-01-03,ABT,0.02
equity_equal_weight,2022-02-01,ABT,0.02
equity_equal_weight,2022-03-01,ABT,0.02
equity_equal_weight,2022-04-01,ABT,0.02
equity_equal_weight,2022-05-02,ABT,0.02
equity_equal_weight,2022-06-01,ABT,0.02
equity_equal_weight,2022-07-01,ABT,0.02
equity_equal_weight,2022-08-01,ABT,0.02
equity_equal_weight,2022-09-01,ABT,0.02
equity_equal_weight,2022-10-03,ABT,0.02
equity_equal_weight,2022-11-01,ABT,0.02
equity_equal_weight,2022-12-01,ABT,0.02
equity_equal_weight,2023-01-03,ABT,0.02
equity_equal_weight,2023-02-01,ABT,0.02
equity_equal_weight,2023-03-01,ABT,0.02
equity_equal_weight,2023-04-03,ABT,0.02
equity_equal_weight,2023-05-01,ABT,0.02
equity_equal_weight,2023-06-01,ABT,0.02
equity_equal_weight,2023-07-03,ABT,0.02
equity_equal_weight,2023-08-01,ABT,0.02
equity_equal_weight,2023-09-01,ABT,0.02
equity_equal_weight,2023-10-02,ABT,0.02
equity_equal_weight,2023-11-01,ABT,0.02
equity_equal_weight,2023-12-01,ABT,0.02
equity_equal_weight,2021-01-04,ADBE,0.02
equity_equal_weight,2021-02-01,ADBE,0.02
equity_equal_weight,2021-03-01,ADBE,0.02
equity_equal_weight,2021-04-01,ADBE,0.02
equity_equal_weight,2021-05-03,ADBE,0.02
equity_equal_weight,2021-06-01,ADBE,0.02
equity_equal_weight,2021-07-01,ADBE,0.02
equity_equal_weight,2021-08-02,ADBE,0.02
equity_equal_weight,2021-09-01,ADBE,0.02
equity_equal_weight,2021-10-01,ADBE,0.02
equity_equal_weight,2021-11-01,ADBE,0.02
equity_equal_weight,2021-12-01,ADBE,0.02
equity_equal_weight,2022-01-03,ADBE,0.02
equity_equal_weight,2022-02-01,ADBE,0.02
equity_equal_weight,2022-03-01,ADBE,0.02
equity_equal_weight,2022-04-01,ADBE,0.02
equity_equal_weight,2022-05-02,ADBE,0.02
equity_equal_weight,2022-06-01,ADBE,0.02
equity_equal_weight,2022-07-01,ADBE,0.02
equity_equal_weight,2022-08-01,ADBE,0.02
equity_equal_weight,2022-09-01,ADBE,0.02
equity_equal_weight,2022-10-03,ADBE,0.02
equity_equal_weight,2022-11-01,ADBE,0.02
equity_equal_weight,2022-12-01,ADBE,0.02
equity_equal_weight,2023-01-03,ADBE,0.02
equity_equal_weight,2023-02-01,ADBE,0.02
equity_equal_weight,2023-03-01,ADBE,0.02
equity_equal_weight,2023-04-03,ADBE,0.02
equity_equal_weight,2023-05-01,ADBE,0.02
equity_equal_weight,2023-06-01,ADBE,0.02
equity_equal_weight,2023-07-03,ADBE,0.02
equity_equal_weight,2023-08-01,ADBE,0.02
equity_equal_weight,2023-09-01,ADBE,0.02
equity_equal_weight,2023-10-02,ADBE,0.02
equity_equal_weight,2023-11-01,ADBE,0.02
equity_equal_weight,2023-12-01,ADBE,0.02
equity_equal_weight,2021-01-04,AEP,0.02
equity_equal_weight,2021-02-01,AEP,0.02
equity_equal_weight,2021-03-01,AEP,0.02
equity_equal_weight,2021-04-01,AEP,0.02
equity_equal_weight,2021-05-03,AEP,0.02
equity_equal_weight,2021-06-01,AEP,0.02
equity_equal_weight,2021-07-01,AEP,0.02
equity_equal_weight,2021-08-02,AEP,0.02
equity_equal_weight,2021-09-01,AEP,0.02
equity_equal_weight,2021-10-01,AEP,0.02
equity_equal_weight,2021-11-01,AEP,0.02
equity_equal_weight,2021-12-01,AEP,0.02
equity_equal_weight,2022-01-03,AEP,0.02
equity_equal_weight,2022-02-01,AEP,0.02
equity_equal_weight,2022-03-01,AEP,0.02
equity_equal_weight,2022-04-01,AEP,0.02
equity_equal_weight,2022-05-02,AEP,0.02
equity_equal_weight,2022-06-01,AEP,0.02
equity_equal_weight,2022-07-01,AEP,0.02
equity_equal_weight,2022-08-01,AEP,0.02
equity_equal_weight,2022-09-01,AEP,0.02
equity_equal_weight,2022-10-03,AEP,0.02
equity_equal_weight,2022-11-01,AEP,0.02
equity_equal_weight,2022-12-01,AEP,0.02
equity_equal_weight,2023-01-03,AEP,0.02
equity_equal_weight,2023-02-01,AEP,0.02
equity_equal_weight,2023-03-01,AEP,0.02
equity_equal_weight,2023-04-03,AEP,0.02
equity_equal_weight,2023-05-01,AEP,0.02
equity_equal_weight,2023-06-01,AEP,0.02
equity_equal_weight,2023-07-03,AEP,0.02
equity_equal_weight,2023-08-01,AEP,0.02
equity_equal_weight,2023-09-01,AEP,0.02
equity_equal_weight,2023-10-02,AEP,0.02
equity_equal_weight,2023-11-01,AEP,0.02
equity_equal_weight,2023-12-01,AEP,0.02
equity_equal_weight,2021-01-04,AMD,0.02
equity_equal_weight,2021-02-01,AMD,0.02
equity_equal_weight,2021-03-01,AMD,0.02
equity_equal_weight,2021-04-01,AMD,0.02
equity_equal_weight,2021-05-03,AMD,0.02
equity_equal_weight,2021-06-01,AMD,0.02
equity_equal_weight,2021-07-01,AMD,0.02
equity_equal_weight,2021-08-02,AMD,0.02
equity_equal_weight,2021-09-01,AMD,0.02
equity_equal_weight,2021-10-01,AMD,0.02
equity_equal_weight,2021-11-01,AMD,0.02
equity_equal_weight,2021-12-01,AMD,0.02
equity_equal_weight,2022-01-03,AMD,0.02
equity_equal_weight,2022-02-01,AMD,0.02
equity_equal_weight,2022-03-01,AMD,0.02
equity_equal_weight,2022-04-01,AMD,0.02
equity_equal_weight,2022-05-02,AMD,0.02
equity_equal_weight,2022-06-01,AMD,0.02
equity_equal_weight,2022-07-01,AMD,0.02
equity_equal_weight,2022-08-01,AMD,0.02
equity_equal_weight,2022-09-01,AMD,0.02
equity_equal_weight,2022-10-03,AMD,0.02
equity_equal_weight,2022-11-01,AMD,0.02
equity_equal_weight,2022-12-01,AMD,0.02
equity_equal_weight,2023-01-03,AMD,0.02
equity_equal_weight,2023-02-01,AMD,0.02
equity_equal_weight,2023-03-01,AMD,0.02
equity_equal_weight,2023-04-03,AMD,0.02
equity_equal_weight,2023-05-01,AMD,0.02
equity_equal_weight,2023-06-01,AMD,0.02
equity_equal_weight,2023-07-03,AMD,0.02
equity_equal_weight,2023-08-01,AMD,0.02
equity_equal_weight,2023-09-01,AMD,0.02
equity_equal_weight,2023-10-02,AMD,0.02
equity_equal_weight,2023-11-01,AMD,0.02
equity_equal_weight,2023-12-01,AMD,0.02
equity_equal_weight,2021-01-04,AMGN,0.02
equity_equal_weight,2021-02-01,AMGN,0.02
equity_equal_weight,2021-03-01,AMGN,0.02
equity_equal_weight,2021-04-01,AMGN,0.02
equity_equal_weight,2021-05-03,AMGN,0.02
equity_equal_weight,2021-06-01,AMGN,0.02
equity_equal_weight,2021-07-01,AMGN,0.02
equity_equal_weight,2021-08-02,AMGN,0.02
equity_equal_weight,2021-09-01,AMGN,0.02
equity_equal_weight,2021-10-01,AMGN,0.02
equity_equal_weight,2021-11-01,AMGN,0.02
equity_equal_weight,2021-12-01,AMGN,0.02
equity_equal_weight,2022-01-03,AMGN,0.02
equity_equal_weight,2022-02-01,AMGN,0.02
equity_equal_weight,2022-03-01,AMGN,0.02
equity_equal_weight,2022-04-01,AMGN,0.02
equity_equal_weight,2022-05-02,AMGN,0.02
equity_equal_weight,2022-06-01,AMGN,0.02
equity_equal_weight,2022-07-01,AMGN,0.02
equity_equal_weight,2022-08-01,AMGN,0.02
equity_equal_weight,2022-09-01,AMGN,0.02
equity_equal_weight,2022-10-03,AMGN,0.02
equity_equal_weight,2022-11-01,AMGN,0.02
equity_equal_weight,2022-12-01,AMGN,0.02
equity_equal_weight,2023-01-03,AMGN,0.02
equity_equal_weight,2023-02-01,AMGN,0.02
equity_equal_weight,2023-03-01,AMGN,0.02
equity_equal_weight,2023-04-03,AMGN,0.02
equity_equal_weight,2023-05-01,AMGN,0.02
equity_equal_weight,2023-06-01,AMGN,0.02
equity_equal_weight,2023-07-03,AMGN,0.02
equity_equal_weight,2023-08-01,AMGN,0.02
equity_equal_weight,2023-09-01,AMGN,0.02
equity_equal_weight,2023-10-02,AMGN,0.02
equity_equal_weight,2023-11-01,AMGN,0.02
equity_equal_weight,2023-12-01,AMGN,0.02
equity_equal_weight,2021-01-04,AMT,0.02
equity_equal_weight,2021-02-01,AMT,0.02
equity_equal_weight,2021-03-01,AMT,0.02
equity_equal_weight,2021-04-01,AMT,0.02
equity_equal_weight,2021-05-03,AMT,0.02
equity_equal_weight,2021-06-01,AMT,0.02
equity_equal_weight,2021-07-01,AMT,0.02
equity_equal_weight,2021-08-02,AMT,0.02
equity_equal_weight,2021-09-01,AMT,0.02
equity_equal_weight,2021-10-01,AMT,0.02
equity_equal_weight,2021-11-01,AMT,0.02
equity_equal_weight,2021-12-01,AMT,0.02
equity_equal_weight,2022-01-03,AMT,0.02
equity_equal_weight,2022-02-01,AMT,0.02
equity_equal_weight,2022-03-01,AMT,0.02
equity_equal_weight,2022-04-01,AMT,0.02
equity_equal_weight,2022-05-02,AMT,0.02
equity_equal_weight,2022-06-01,AMT,0.02
equity_equal_weight,2022-07-01,AMT,0.02
equity_equal_weight,2022-08-01,AMT,0.02
equity_equal_weight,2022-09-01,AMT,0.02
equity_equal_weight,2022-10-03,AMT,0.02
equity_equal_weight,2022-11-01,AMT,0.02
equity_equal_weight,2022-12-01,AMT,0.02
equity_equal_weight,2023-01-03,AMT,0.02
equity_equal_weight,2023-02-01,AMT,0.02
equity_equal_weight,2023-03-01,AMT,0.02
equity_equal_weight,2023-04-03,AMT,0.02
equity_equal_weight,2023-05-01,AMT,0.02
equity_equal_weight,2023-06-01,AMT,0.02
equity_equal_weight,2023-07-03,AMT,0.02
equity_equal_weight,2023-08-01,AMT,0.02
equity_equal_weight,2023-09-01,AMT,0.02
equity_equal_weight,2023-10-02,AMT,0.02
equity_equal_weight,2023-11-01,AMT,0.02
equity_equal_weight,2023-12-01,AMT,0.02
equity_equal_weight,2021-01-04,BA,0.02
equity_equal_weight,2021-02-01,BA,0.02
equity_equal_weight,2021-03-01,BA,0.02
equity_equal_weight,2021-04-01,BA,0.02
equity_equal_weight,2021-05-03,BA,0.02
equity_equal_weight,2021-06-01,BA,0.02
equity_equal_weight,2021-07-01,BA,0.02
equity_equal_weight,2021-08-02,BA,0.02
equity_equal_weight,2021-09-01,BA,0.02
equity_equal_weight,2021-10-01,BA,0.02
equity_equal_weight,2021-11-01,BA,0.02
equity_equal_weight,2021-12-01,BA,0.02
equity_equal_weight,2022-01-03,BA,0.02
equity_equal_weight,2022-02-01,BA,0.02
equity_equal_weight,2022-03-01,BA,0.02
equity_equal_weight,2022-04-01,BA,0.02
equity_equal_weight,2022-05-02,BA,0.02
equity_equal_weight,2022-06-01,BA,0.02
equity_equal_weight,2022-07-01,BA,0.02
equity_equal_weight,2022-08-01,BA,0.02
equity_equal_weight,2022-09-01,BA,0.02
equity_equal_weight,2022-10-03,BA,0.02
equity_equal_weight,2022-11-01,BA,0.02
equity_equal_weight,2022-12-01,BA,0.02
equity_equal_weight,2023-01-03,BA,0.02
equity_equal_weight,2023-02-01,BA,0.02
equity_equal_weight,2023-03-01,BA,0.02
equity_equal_weight,2023-04-03,BA,0.02
equity_equal_weight,2023-05-01,BA,0.02
equity_equal_weight,2023-06-01,BA,0.02
equity_equal_weight,2023-07-03,BA,0.02
equity_equal_weight,2023-08-01,BA,0.02
equity_equal_weight,2023-09-01,BA,0.02
equity_equal_weight,2023-10-02,BA,0.02
equity_equal_weight,2023-11-01,BA,0.02
equity_equal_weight,2023-12-01,BA,0.02
equity_equal_weight,2021-01-04,CAT,0.02
equity_equal_weight,2021-02-01,CAT,0.02
equity_equal_weight,2021-03-01,CAT,0.02
equity_equal_weight,2021-04-01,CAT,0.02
equity_equal_weight,2021-05-03,CAT,0.02
equity_equal_weight,2021-06-01,CAT,0.02
equity_equal_weight,2021-07-01,CAT,0.02
equity_equal_weight,2021-08-02,CAT,0.02
equity_equal_weight,2021-09-01,CAT,0.02
equity_equal_weight,2021-10-01,CAT,0.02
equity_equal_weight,2021-11-01,CAT,0.02
equity_equal_weight,2021-12-01,CAT,0.02
equity_equal_weight,2022-01-03,CAT,0.02
equity_equal_weight,2022-02-01,CAT,0.02
equity_equal_weight,2022-03-01,CAT,0.02
equity_equal_weight,2022-04-01,CAT,0.02
equity_equal_weight,2022-05-02,CAT,0.02
equity_equal_weight,2022-06-01,CAT,0.02
equity_equal_weight,2022-07-01,CAT,0.02
equity_equal_weight,2022-08-01,CAT,0.02
equity_equal_weight,2022-09-01,CAT,0.02
equity_equal_weight,2022-10-03,CAT,0.02
equity_equal_weight,2022-11-01,CAT,0.02
equity_equal_weight,2022-12-01,CAT,0.02
equity_equal_weight,2023-01-03,CAT,0.02
equity_equal_weight,2023-02-01,CAT,0.02
equity_equal_weight,2023-03-01,CAT,0.02
equity_equal_weight,2023-04-03,CAT,0.02
equity_equal_weight,2023-05-01,CAT,0.02
equity_equal_weight,2023-06-01,CAT,0.02
equity_equal_weight,2023-07-03,CAT,0.02
equity_equal_weight,2023-08-01,CAT,0.02
equity_equal_weight,2023-09-01,CAT,0.02
equity_equal_weight,2023-10-02,CAT,0.02
equity_equal_weight,2023-11-01,CAT,0.02
equity_equal_weight,2023-12-01,CAT,0.02
equity_equal_weight,2021-01-04,CCI,0.02
equity_equal_weight,2021-02-01,CCI,0.02
equity_equal_weight,2021-03-01,CCI,0.02
equity_equal_weight,2021-04-01,CCI,0.02
equity_equal_weight,2021-05-03,CCI,0.02
equity_equal_weight,2021-06-01,CCI,0.02
equity_equal_weight,2021-07-01,CCI,0.02
equity_equal_weight,2021-08-02,CCI,0.02
equity_equal_weight,2021-09-01,CCI,0.02
equity_equal_weight,2021-10-01,CCI,0.02
equity_equal_weight,2021-11-01,CCI,0.02
equity_equal_weight,2021-12-01,CCI,0.02
equity_equal_weight,2022-01-03,CCI,0.02
equity_equal_weight,2022-02-01,CCI,0.02
equity_equal_weight,2022-03-01,CCI,0.02
equity_equal_weight,2022-04-01,CCI,0.02
equity_equal_weight,2022-05-02,CCI,0.02
equity_equal_weight,2022-06-01,CCI,0.02
equity_equal_weight,2022-07-01,CCI,0.02
equity_equal_weight,2022-08-01,CCI,0.02
equity_equal_weight,2022-09-01,CCI,0.02
equity_equal_weight,2022-10-03,CCI,0.02
equity_equal_weight,2022-11-01,CCI,0.02
equity_equal_weight,2022-12-01,CCI,0.02
equity_equal_weight,2023-01-03,CCI,0.02
equity_equal_weight,2023-02-01,CCI,0.02
equity_equal_weight,2023-03-01,CCI,0.02
equity_equal_weight,2023-04-03,CCI,0.02
equity_equal_weight,2023-05-01,CCI,0.02
equity_equal_weight,2023-06-01,CCI,0.02
equity_equal_weight,2023-07-03,CCI,0.02
equity_equal_weight,2023-08-01,CCI,0.02
equity_equal_weight,2023-09-01,CCI,0.02
equity_equal_weight,2023-10-02,CCI,0.02
equity_equal_weight,2023-11-01,CCI,0.02
equity_equal_weight,2023-12-01,CCI,0.02
equity_equal_weight,2021-01-04,CMCSA,0.02
equity_equal_weight,2021-02-01,CMCSA,0.02
equity_equal_weight,2021-03-01,CMCSA,0.02
equity_equal_weight,2021-04-01,CMCSA,0.02
equity_equal_weight,2021-05-03,CMCSA,0.02
equity_equal_weight,2021-06-01,CMCSA,0.02
equity_equal_weight,2021-07-01,CMCSA,0.02
equity_equal_weight,2021-08-02,CMCSA,0.02
equity_equal_weight,2021-09-01,CMCSA,0.02
equity_equal_weight,2021-10-01,CMCSA,0.02
equity_equal_weight,2021-11-01,CMCSA,0.02
equity_equal_weight,2021-12-01,CMCSA,0.02
equity_equal_weight,2022-01-03,CMCSA,0.02
equity_equal_weight,2022-02-01,CMCSA,0.02
equity_equal_weight,2022-03-01,CMCSA,0.02
equity_equal_weight,2022-04-01,CMCSA,0.02
equity_equal_weight,2022-05-02,CMCSA,0.02
equity_equal_weight,2022-06-01,CMCSA,0.02
equity_equal_weight,2022-07-01,CMCSA,0.02
equity_equal_weight,2022-08-01,CMCSA,0.02
equity_equal_weight,2022-09-01,CMCSA,0.02
equity_equal_weight,2022-10-03,CMCSA,0.02
equity_equal_weight,2022-11-01,CMCSA,0.02
equity_equal_weight,2022-12-01,CMCSA,0.02
equity_equal_weight,2023-01-03,CMCSA,0.02
equity_equal_weight,2023-02-01,CMCSA,0.02
equity_equal_weight,2023-03-01,CMCSA,0.02
equity_equal_weight,2023-04-03,CMCSA,0.02
equity_equal_weight,2023-05-01,CMCSA,0.02
equity_equal_weight,2023-06-01,CMCSA,0.02
equity_equal_weight,2023-07-03,CMCSA,0.02
equity_equal_weight,2023-08-01,CMCSA,0.02
equity_equal_weight,2023-09-01,CMCSA,0.02
equity_equal_weight,2023-10-02,CMCSA,0.02
equity_equal_weight,2023-11-01,CMCSA,0.02
equity_equal_weight,2023-12-01,CMCSA,0.02
equity_equal_weight,2021-01-04,COP,0.02
equity_equal_weight,2021-02-01,COP,0.02
equity_equal_weight,2021-03-01,COP,0.02
equity_equal_weight,2021-04-01,COP,0.02
equity_equal_weight,2021-05-03,COP,0.02
equity_equal_weight,2021-06-01,COP,0.02
equity_equal_weight,2021-07-01,COP,0.02
equity_equal_weight,2021-08-02,COP,0.02
equity_equal_weight,2021-09-01,COP,0.02
equity_equal_weight,2021-10-01,COP,0.02
equity_equal_weight,2021-11-01,COP,0.02
equity_equal_weight,2021-12-01,COP,0.02
equity_equal_weight,2022-01-03,COP,0.02
equity_equal_weight,2022-02-01,COP,0.02
equity_equal_weight,2022-03-01,COP,0.02
equity_equal_weight,2022-04-01,COP,0.02
equity_equal_weight,2022-05-02,COP,0.02
equity_equal_weight,2022-06-01,COP,0.02
equity_equal_weight,2022-07-01,COP,0.02
equity_equal_weight,2022-08-01,COP,0.02
equity_equal_weight,2022-09-01,COP,0.02
equity_equal_weight,2022-10-03,COP,0.02
equity_equal_weight,2022-11-01,COP,0.02
equity_equal_weight,2022-12-01,COP,0.02
equity_equal_weight,2023-01-03,COP,0.02
equity_equal_weight,2023-02-01,COP,0.02
equity_equal_weight,2023-03-01,COP,0.02
equity_equal_weight,2023-04-03,COP,0.02
equity_equal_weight,2023-05-01,COP,0.02
equity_equal_weight,2023-06-01,COP,0.02
equity_equal_weight,2023-07-03,COP,0.02
equity_equal_weight,2023-08-01,COP,0.02
equity_equal_weight,2023-09-01,COP,0.02
equity_equal_weight,2023-10-02,COP,0.02
equity_equal_weight,2023-11-01,COP,0.02
equity_equal_weight,2023-12-01,COP,0.02
equity_equal_weight,2021-01-04,CVX,0.02
equity_equal_weight,2021-02-01,CVX,0.02
equity_equal_weight,2021-03-01,CVX,0.02
equity_equal_weight,2021-04-01,CVX,0.02
equity_equal_weight,2021-05-03,CVX,0.02
equity_equal_weight,2021-06-01,CVX,0.02
equity_equal_weight,2021-07-01,CVX,0.02
equity_equal_weight,2021-08-02,CVX,0.02
equity_equal_weight,2021-09-01,CVX,0.02
equity_equal_weight,2021-10-01,CVX,0.02
equity_equal_weight,2021-11-01,CVX,0.02
equity_equal_weight,2021-12-01,CVX,0.02
equity_equal_weight,2022-01-03,CVX,0.02
equity_equal_weight,2022-02-01,CVX,0.02
equity_equal_weight,2022-03-01,CVX,0.02
equity_equal_weight,2022-04-01,CVX,0.02
equity_equal_weight,2022-05-02,CVX,0.02
equity_equal_weight,2022-06-01,CVX,0.02
equity_equal_weight,2022-07-01,CVX,0.02
equity_equal_weight,2022-08-01,CVX,0.02
equity_equal_weight,2022-09-01,CVX,0.02
equity_equal_weight,2022-10-03,CVX,0.02
equity_equal_weight,2022-11-01,CVX,0.02
equity_equal_weight,2022-12-01,CVX,0.02
equity_equal_weight,2023-01-03,CVX,0.02
equity_equal_weight,2023-02-01,CVX,0.02
equity_equal_weight,2023-03-01,CVX,0.02
equity_equal_weight,2023-04-03,CVX,0.02
equity_equal_weight,2023-05-01,CVX,0.02
equity_equal_weight,2023-06-01,CVX,0.02
equity_equal_weight,2023-07-03,CVX,0.02
equity_equal_weight,2023-08-01,CVX,0.02
equity_equal_weight,2023-09-01,CVX,0.02
equity_equal_weight,2023-10-02,CVX,0.02
equity_equal_weight,2023-11-01,CVX,0.02
equity_equal_weight,2023-12-01,CVX,0.02
equity_equal_weight,2021-01-04,D,0.02
equity_equal_weight,2021-02-01,D,0.02
equity_equal_weight,2021-03-01,D,0.02
equity_equal_weight,2021-04-01,D,0.02
equity_equal_weight,2021-05-03,D,0.02
equity_equal_weight,2021-06-01,D,0.02
equity_equal_weight,2021-07-01,D,0.02
equity_equal_weight,2021-08-02,D,0.02
equity_equal_weight,2021-09-01,D,0.02
equity_equal_weight,2021-10-01,D,0.02
equity_equal_weight,2021-11-01,D,0.02
equity_equal_weight,2021-12-01,D,0.02
equity_equal_weight,2022-01-03,D,0.02
equity_equal_weight,2022-02-01,D,0.02
equity_equal_weight,2022-03-01,D,0.02
equity_equal_weight,2022-04-01,D,0.02
equity_equal_weight,2022-05-02,D,0.02
equity_equal_weight,2022-06-01,D,0.02
equity_equal_weight,2022-07-01,D,0.02
equity_equal_weight,2022-08-01,D,0.02
equity_equal_weight,2022-09-01,D,0.02
equity_equal_weight,2022-10-03,D,0.02
equity_equal_weight,2022-11-01,D,0.02
equity_equal_weight,2022-12-01,D,0.02
equity_equal_weight,2023-01-03,D,0.02
equity_equal_weight,2023-02-01,D,0.02
equity_equal_weight,2023-03-01,D,0.02
equity_equal_weight,2023-04-03,D,0.02
equity_equal_weight,2023-05-01,D,0.02
equity_equal_weight,2023-06-01,D,0.02
equity_equal_weight,2023-07-03,D,0.02
equity_equal_weight,2023-08-01,D,0.02
equity_equal_weight,2023-09-01,D,0.02
equity_equal_weight,2023-10-02,D,0.02
equity_equal_weight,2023-11-01,D,0.02
equity_equal_weight,2023-12-01,D,0.02
equity_equal_weight,2021-01-04,DD,0.02
equity_equal_weight,2021-02-01,DD,0.02
equity_equal_weight,2021-03-01,DD,0.02
equity_equal_weight,2021-04-01,DD,0.02
equity_equal_weight,2021-05-03,DD,0.02
equity_equal_weight,2021-06-01,DD,0.02
equity_equal_weight,2021-07-01,DD,0.02
equity_equal_weight,2021-08-02,DD,0.02
equity_equal_weight,2021-09-01,DD,0.02
equity_equal_weight,2021-10-01,DD,0.02
equity_equal_weight,2021-11-01,DD,0.02
equity_equal_weight,2021-12-01,DD,0.02
equity_equal_weight,2022-01-03,DD,0.02
equity_equal_weight,2022-02-01,DD,0.02
equity_equal_weight,2022-03-01,DD,0.02
equity_equal_weight,2022-04-01,DD,0.02
equity_equal_weight,2022-05-02,DD,0.02
equity_equal_weight,2022-06-01,DD,0.02
equity_equal_weight,2022-07-01,DD,0.02
equity_equal_weight,2022-08-01,DD,0.02
equity_equal_weight,2022-09-01,DD,0.02
equity_equal_weight,2022-10-03,DD,0.02
equity_equal_weight,2022-11-01,DD,0.02
equity_equal_weight,2022-12-01,DD,0.02
equity_equal_weight,2023-01-03,DD,0.02
equity_equal_weight,2023-02-01,DD,0.02
equity_equal_weight,2023-03-01,DD,0.02
equity_equal_weight,2023-04-03,DD,0.02
equity_equal_weight,2023-05-01,DD,0.02
equity_equal_weight,2023-06-01,DD,0.02
equity_equal_weight,2023-07-03,DD,0.02
equity_equal_weight,2023-08-01,DD,0.02
equity_equal_weight,2023-09-01,DD,0.02
equity_equal_weight,2023-10-02,DD,0.02
equity_equal_weight,2023-11-01,DD,0.02
equity_equal_weight,2023-12-01,DD,0.02
equity_equal_weight,2021-01-04,DIS,0.02
equity_equal_weight,2021-02-01,DIS,0.02
equity_equal_weight,2021-03-01,DIS,0.02
equity_equal_weight,2021-04-01,DIS,0.02
equity_equal_weight,2021-05-03,DIS,0.02
equity_equal_weight,2021-06-01,DIS,0.02
equity_equal_weight,2021-07-01,DIS,0.02
equity_equal_weight,2021-08-02,DIS,0.02
equity_equal_weight,2021-09-01,DIS,0.02
equity_equal_weight,2021-10-01,DIS,0.02
equity_equal_weight,2021-11-01,DIS,0.02
equity_equal_weight,2021-12-01,DIS,0.02
equity_equal_weight,2022-01-03,DIS,0.02
equity_equal_weight,2022-02-01,DIS,0.02
equity_equal_weight,2022-03-01,DIS,0.02
equity_equal_weight,2022-04-01,DIS,0.02
equity_equal_weight,2022-05-02,DIS,0.02
equity_equal_weight,2022-06-01,DIS,0.02
equity_equal_weight,2022-07-01,DIS,0.02
equity_equal_weight,2022-08-01,DIS,0.02
equity_equal_weight,2022-09-01,DIS,0.02
equity_equal_weight,2022-10-03,DIS,0.02
equity_equal_weight,2022-11-01,DIS,0.02
equity_equal_weight,2022-12-01,DIS,0.02
equity_equal_weight,2023-01-03,DIS,0.02
equity_equal_weight,2023-02-01,DIS,0.02
equity_equal_weight,2023-03-01,DIS,0.02
equity_equal_weight,2023-04-03,DIS,0.02
equity_equal_weight,2023-05-01,DIS,0.02
equity_equal_weight,2023-06-01,DIS,0.02
equity_equal_weight,2023-07-03,DIS,0.02
equity_equal_weight,2023-08-01,DIS,0.02
equity_equal_weight,2023-09-01,DIS,0.02
equity_equal_weight,2023-10-02,DIS,0.02
equity_equal_weight,2023-11-01,DIS,0.02
equity_equal_weight,2023-12-01,DIS,0.02
equity_equal_weight,2021-01-04,DOW,0.02
equity_equal_weight,2021-02-01,DOW,0.02
equity_equal_weight,2021-03-01,DOW,0.02
equity_equal_weight,2021-04-01,DOW,0.02
equity_equal_weight,2021-05-03,DOW,0.02
equity_equal_weight,2021-06-01,DOW,0.02
equity_equal_weight,2021-07-01,DOW,0.02
equity_equal_weight,2021-08-02,DOW,0.02
equity_equal_weight,2021-09-01,DOW,0.02
equity_equal_weight,2021-10-01,DOW,0.02
equity_equal_weight,2021-11-01,DOW,0.02
equity_equal_weight,2021-12-01,DOW,0.02
equity_equal_weight,2022-01-03,DOW,0.02
equity_equal_weight,2022-02-01,DOW,0.02
equity_equal_weight,2022-03-01,DOW,0.02
equity_equal_weight,2022-04-01,DOW,0.02
equity_equal_weight,2022-05-02,DOW,0.02
equity_equal_weight,2022-06-01,DOW,0.02
equity_equal_weight,2022-07-01,DOW,0.02
equity_equal_weight,2022-08-01,DOW,0.02
equity_equal_weight,2022-09-01,DOW,0.02
equity_equal_weight,2022-10-03,DOW,0.02
equity_equal_weight,2022-11-01,DOW,0.02
equity_equal_weight,2022-12-01,DOW,0.02
equity_equal_weight,2023-01-03,DOW,0.02
equity_equal_weight,2023-02-01,DOW,0.02
equity_equal_weight,2023-03-01,DOW,0.02
equity_equal_weight,2023-04-03,DOW,0.02
equity_equal_weight,2023-05-01,DOW,0.02
equity_equal_weight,2023-06-01,DOW,0.02
equity_equal_weight,2023-07-03,DOW,0.02
equity_equal_weight,2023-08-01,DOW,0.02
equity_equal_weight,2023-09-01,DOW,0.02
equity_equal_weight,2023-10-02,DOW,0.02
equity_equal_weight,2023-11-01,DOW,0.02
equity_equal_weight,2023-12-01,DOW,0.02
equity_equal_weight,2021-01-04,DUK,0.02
equity_equal_weight,2021-02-01,DUK,0.02
equity_equal_weight,2021-03-01,DUK,0.02
equity_equal_weight,2021-04-01,DUK,0.02
equity_equal_weight,2021-05-03,DUK,0.02
equity_equal_weight,2021-06-01,DUK,0.02
equity_equal_weight,2021-07-01,DUK,0.02
equity_equal_weight,2021-08-02,DUK,0.02
equity_equal_weight,2021-09-01,DUK,0.02
equity_equal_weight,2021-10-01,DUK,0.02
equity_equal_weight,2021-11-01,DUK,0.02
equity_equal_weight,2021-12-01,DUK,0.02
equity_equal_weight,2022-01-03,DUK,0.02
equity_equal_weight,2022-02-01,DUK,0.02
equity_equal_weight,2022-03-01,DUK,0.02
equity_equal_weight,2022-04-01,DUK,0.02
equity_equal_weight,2022-05-02,DUK,0.02
equity_equal_weight,2022-06-01,DUK,0.02
equity_equal_weight,2022-07-01,DUK,0.02
equity_equal_weight,2022-08-01,DUK,0.02
equity_equal_weight,2022-09-01,DUK,0.02
equity_equal_weight,2022-10-03,DUK,0.02
equity_equal_weight,2022-11-01,DUK,0.02
equity_equal_weight,2022-12-01,DUK,0.02
equity_equal_weight,2023-01-03,DUK,0.02
equity_equal_weight,2023-02-01,DUK,0.02
equity_equal_weight,2023-03-01,DUK,0.02
equity_equal_weight,2023-04-03,DUK,0.02
equity_equal_weight,2023-05-01,DUK,0.02
equity_equal_weight,2023-06-01,DUK,0.02
equity_equal_weight,2023-07-03,DUK,0.02
equity_equal_weight,2023-08-01,DUK,0.02
equity_equal_weight,2023-09-01,DUK,0.02
equity_equal_weight,2023-10-02,DUK,0.02
equity_equal_weight,2023-11-01,DUK,0.02
equity_equal_weight,2023-12-01,DUK,0.02
equity_equal_weight,2021-01-04,EA,0.02
equity_equal_weight,2021-02-01,EA,0.02
equity_equal_weight,2021-03-01,EA,0.02
equity_equal_weight,2021-04-01,EA,0.02
equity_equal_weight,2021-05-03,EA,0.02
equity_equal_weight,2021-06-01,EA,0.02
equity_equal_weight,2021-07-01,EA,0.02
equity_equal_weight,2021-08-02,EA,0.02
equity_equal_weight,2021-09-01,EA,0.02
equity_equal_weight,2021-10-01,EA,0.02
equity_equal_weight,2021-11-01,EA,0.02
equity_equal_weight,2021-12-01,EA,0.02
equity_equal_weight,2022-01-03,EA,0.02
equity_equal_weight,2022-02-01,EA,0.02
equity_equal_weight,2022-03-01,EA,0.02
equity_equal_weight,2022-04-01,EA,0.02
equity_equal_weight,2022-05-02,EA,0.02
equity_equal_weight,2022-06-01,EA,0.02
equity_equal_weight,2022-07-01,EA,0.02
equity_equal_weight,2022-08-01,EA,0.02
equity_equal_weight,2022-09-01,EA,0.02
equity_equal_weight,2022-10-03,EA,0.02
equity_equal_weight,2022-11-01,EA,0.02
equity_equal_weight,2022-12-01,EA,0.02
equity_equal_weight,2023-01-03,EA,0.02
equity_equal_weight,2023-02-01,EA,0.02
equity_equal_weight,2023-03-01,EA,0.02
equity_equal_weight,2023-04-03,EA,0.02
equity_equal_weight,2023-05-01,EA,0.02
equity_equal_weight,2023-06-01,EA,0.02
equity_equal_weight,2023-07-03,EA,0.02
equity_equal_weight,2023-08-01,EA,0.02
equity_equal_weight,2023-09-01,EA,0.02
equity_equal_weight,2023-10-02,EA,0.02
equity_equal_weight,2023-11-01,EA,0.02
equity_equal_weight,2023-12-01,EA,0.02
equity_equal_weight,2021-01-04,GE,0.02
equity_equal_weight,2021-02-01,GE,0.02
equity_equal_weight,2021-03-01,GE,0.02
equity_equal_weight,2021-04-01,GE,0.02
equity_equal_weight,2021-05-03,GE,0.02
equity_equal_weight,2021-06-01,GE,0.02
equity_equal_weight,2021-07-01,GE,0.02
equity_equal_weight,2021-08-02,GE,0.02
equity_equal_weight,2021-09-01,GE,0.02
equity_equal_weight,2021-10-01,GE,0.02
equity_equal_weight,2021-11-01,GE,0.02
equity_equal_weight,2021-12-01,GE,0.02
equity_equal_weight,2022-01-03,GE,0.02
equity_equal_weight,2022-02-01,GE,0.02
equity_equal_weight,2022-03-01,GE,0.02
equity_equal_weight,2022-04-01,GE,0.02
equity_equal_weight,2022-05-02,GE,0.02
equity_equal_weight,2022-06-01,GE,0.02
equity_equal_weight,2022-07-01,GE,0.02
equity_equal_weight,2022-08-01,GE,0.02
equity_equal_weight,2022-09-01,GE,0.02
equity_equal_weight,2022-10-03,GE,0.02
equity_equal_weight,2022-11-01,GE,0.02
equity_equal_weight,2022-12-01,GE,0.02
equity_equal_weight,2023-01-03,GE,0.02
equity_equal_weight,2023-02-01,GE,0.02
equity_equal_weight,2023-03-01,GE,0.02
equity_equal_weight,2023-04-03,GE,0.02
equity_equal_weight,2023-05-01,GE,0.02
equity_equal_weight,2023-06-01,GE,0.02
equity_equal_weight,2023-07-03,GE,0.02
equity_equal_weight,2023-08-01,GE,0.02
equity_equal_weight,2023-09-01,GE,0.02
equity_equal_weight,2023-10-02,GE,0.02
equity_equal_weight,2023-11-01,GE,0.02
equity_equal_weight,2023-12-01,GE,0.02
equity_equal_weight,2021-01-04,GILD,0.02
equity_equal_weight,2021-02-01,GILD,0.02
equity_equal_weight,2021-03-01,GILD,0.02
equity_equal_weight,2021-04-01,GILD,0.02
equity_equal_weight,2021-05-03,GILD,0.02
equity_equal_weight,2021-06-01,GILD,0.02
equity_equal_weight,2021-07-01,GILD,0.02
equity_equal_weight,2021-08-02,GILD,0.02
equity_equal_weight,2021-09-01,GILD,0.02
equity_equal_weight,2021-10-01,GILD,0.02
equity_equal_weight,2021-11-01,GILD,0.02
equity_equal_weight,2021-12-01,GILD,0.02
equity_equal_weight,2022-01-03,GILD,0.02
equity_equal_weight,2022-02-01,GILD,0.02
equity_equal_weight,2022-03-01,GILD,0.02
equity_equal_weight,2022-04-01,GILD,0.02
equity_equal_weight,2022-05-02,GILD,0.02
equity_equal_weight,2022-06-01,GILD,0.02
equity_equal_weight,2022-07-01,GILD,0.02
equity_equal_weight,2022-08-01,GILD,0.02
equity_equal_weight,2022-09-01,GILD,0.02
equity_equal_weight,2022-10-03,GILD,0.02
equity_equal_weight,2022-11-01,GILD,0.02
equity_equal_weight,2022-12-01,GILD,0.02
equity_equal_weight,2023-01-03,GILD,0.02
equity_equal_weight,2023-02-01,GILD,0.02
equity_equal_weight,2023-03-01,GILD,0.02
equity_equal_weight,2023-04-03,GILD,0.02
equity_equal_weight,2023-05-01,GILD,0.02
equity_equal_weight,2023-06-01,GILD,0.02
equity_equal_weight,2023-07-03,GILD,0.02
equity_equal_weight,2023-08-01,GILD,0.02
equity_equal_weight,2023-09-01,GILD,0.02
equity_equal_weight,2023-10-02,GILD,0.02
equity_equal_weight,2023-11-01,GILD,0.02
equity_equal_weight,2023-12-01,GILD,0.02
equity_equal_weight,2021-01-04,GS,0.02
equity_equal_weight,2021-02-01,GS,0.02
equity_equal_weight,2021-03-01,GS,0.02
equity_equal_weight,2021-04-01,GS,0.02
equity_equal_weight,2021-05-03,GS,0.02
equity_equal_weight,2021-06-01,GS,0.02
equity_equal_weight,2021-07-01,GS,0.02
equity_equal_weight,2021-08-02,GS,0.02
equity_equal_weight,2021-09-01,GS,0.02
equity_equal_weight,2021-10-01,GS,0.02
equity_equal_weight,2021-11-01,GS,0.02
equity_equal_weight,2021-12-01,GS,0.02
equity_equal_weight,2022-01-03,GS,0.02
equity_equal_weight,2022-02-01,GS,0.02
equity_equal_weight,2022-03-01,GS,0.02
equity_equal_weight,2022-04-01,GS,0.02
equity_equal_weight,2022-05-02,GS,0.02
equity_equal_weight,2022-06-01,GS,0.02
equity_equal_weight,2022-07-01,GS,0.02
equity_equal_weight,2022-08-01,GS,0.02
equity_equal_weight,2022-09-01,GS,0.02
equity_equal_weight,2022-10-03,GS,0.02
equity_equal_weight,2022-11-01,GS,0.02
equity_equal_weight,2022-12-01,GS,0.02
equity_equal_weight,2023-01-03,GS,0.02
equity_equal_weight,2023-02-01,GS,0.02
equity_equal_weight,2023-03-01,GS,0.02
equity_equal_weight,2023-04-03,GS,0.02
equity_equal_weight,2023-05-01,GS,0.02
equity_equal_weight,2023-06-01,GS,0.02
equity_equal_weight,2023-07-03,GS,0.02
equity_equal_weight,2023-08-01,GS,0.02
equity_equal_weight,2023-09-01,GS,0.02
equity_equal_weight,2023-10-02,GS,0.02
equity_equal_weight,2023-11-01,GS,0.02
equity_equal_weight,2023-12-01,GS,0.02
equity_equal_weight,2021-01-04,INTC,0.02
equity_equal_weight,2021-02-01,INTC,0.02
equity_equal_weight,2021-03-01,INTC,0.02
equity_equal_weight,2021-04-01,INTC,0.02
equity_equal_weight,2021-05-03,INTC,0.02
equity_equal_weight,2021-06-01,INTC,0.02
equity_equal_weight,2021-07-01,INTC,0.02
equity_equal_weight,2021-08-02,INTC,0.02
equity_equal_weight,2021-09-01,INTC,0.02
equity_equal_weight,2021-10-01,INTC,0.02
equity_equal_weight,2021-11-01,INTC,0.02
equity_equal_weight,2021-12-01,INTC,0.02
equity_equal_weight,2022-01-03,INTC,0.02
equity_equal_weight,2022-02-01,INTC,0.02
equity_equal_weight,2022-03-01,INTC,0.02
equity_equal_weight,2022-04-01,INTC,0.02
equity_equal_weight,2022-05-02,INTC,0.02
equity_equal_weight,2022-06-01,INTC,0.02
equity_equal_weight,2022-07-01,INTC,0.02
equity_equal_weight,2022-08-01,INTC,0.02
equity_equal_weight,2022-09-01,INTC,0.02
equity_equal_weight,2022-10-03,INTC,0.02
equity_equal_weight,2022-11-01,INTC,0.02
equity_equal_weight,2022-12-01,INTC,0.02
equity_equal_weight,2023-01-03,INTC,0.02
equity_equal_weight,2023-02-01,INTC,0.02
equity_equal_weight,2023-03-01,INTC,0.02
equity_equal_weight,2023-04-03,INTC,0.02
equity_equal_weight,2023-05-01,INTC,0.02
equity_equal_weight,2023-06-01,INTC,0.02
equity_equal_weight,2023-07-03,INTC,0.02
equity_equal_weight,2023-08-01,INTC,0.02
equity_equal_weight,2023-09-01,INTC,0.02
equity_equal_weight,2023-10-02,INTC,0.02
equity_equal_weight,2023-11-01,INTC,0.02
equity_equal_weight,2023-12-01,INTC,0.02
equity_equal_weight,2021-01-04,KO,0.02
equity_equal_weight,2021-02-01,KO,0.02
equity_equal_weight,2021-03-01,KO,0.02
equity_equal_weight,2021-04-01,KO,0.02
equity_equal_weight,2021-05-03,KO,0.02
equity_equal_weight,2021-06-01,KO,0.02
equity_equal_weight,2021-07-01,KO,0.02
equity_equal_weight,2021-08-02,KO,0.02
equity_equal_weight,2021-09-01,KO,0.02
equity_equal_weight,2021-10-01,KO,0.02
equity_equal_weight,2021-11-01,KO,0.02
equity_equal_weight,2021-12-01,KO,0.02
equity_equal_weight,2022-01-03,KO,0.02
equity_equal_weight,2022-02-01,KO,0.02
equity_equal_weight,2022-03-01,KO,0.02
equity_equal_weight,2022-04-01,KO,0.02
equity_equal_weight,2022-05-02,KO,0.02
equity_equal_weight,2022-06-01,KO,0.02
equity_equal_weight,2022-07-01,KO,0.02
equity_equal_weight,2022-08-01,KO,0.02
equity_equal_weight,2022-09-01,KO,0.02
equity_equal_weight,2022-10-03,KO,0.02
equity_equal_weight,2022-11-01,KO,0.02
equity_equal_weight,2022-12-01,KO,0.02
equity_equal_weight,2023-01-03,KO,0.02
equity_equal_weight,2023-02-01,KO,0.02
equity_equal_weight,2023-03-01,KO,0.02
equity_equal_weight,2023-04-03,KO,0.02
equity_equal_weight,2023-05-01,KO,0.02
equity_equal_weight,2023-06-01,KO,0.02
equity_equal_weight,2023-07-03,KO,0.02
equity_equal_weight,2023-08-01,KO,0.02
equity_equal_weight,2023-09-01,KO,0.02
equity_equal_weight,2023-10-02,KO,0.02
equity_equal_weight,2023-11-01,KO,0.02
equity_equal_weight,2023-12-01,KO,0.02
equity_equal_weight,2021-01-04,MMM,0.02
equity_equal_weight,2021-02-01,MMM,0.02
equity_equal_weight,2021-03-01,MMM,0.02
equity_equal_weight,2021-04-01,MMM,0.02
equity_equal_weight,2021-05-03,MMM,0.02
equity_equal_weight,2021-06-01,MMM,0.02
equity_equal_weight,2021-07-01,MMM,0.02
equity_equal_weight,2021-08-02,MMM,0.02
equity_equal_weight,2021-09-01,MMM,0.02
equity_equal_weight,2021-10-01,MMM,0.02
equity_equal_weight,2021-11-01,MMM,0.02
equity_equal_weight,2021-12-01,MMM,0.02
equity_equal_weight,2022-01-03,MMM,0.02
equity_equal_weight,2022-02-01,MMM,0.02
equity_equal_weight,2022-03-01,MMM,0.02
equity_equal_weight,2022-04-01,MMM,0.02
equity_equal_weight,2022-05-02,MMM,0.02
equity_equal_weight,2022-06-01,MMM,0.02
equity_equal_weight,2022-07-01,MMM,0.02
equity_equal_weight,2022-08-01,MMM,0.02
equity_equal_weight,2022-09-01,MMM,0.02
equity_equal_weight,2022-10-03,MMM,0.02
equity_equal_weight,2022-11-01,MMM,0.02
equity_equal_weight,2022-12-01,MMM,0.02
equity_equal_weight,2023-01-03,MMM,0.02
equity_equal_weight,2023-02-01,MMM,0.02
equity_equal_weight,2023-03-01,MMM,0.02
equity_equal_weight,2023-04-03,MMM,0.02
equity_equal_weight,2023-05-01,MMM,0.02
equity_equal_weight,2023-06-01,MMM,0.02
equity_equal_weight,2023-07-03,MMM,0.02
equity_equal_weight,2023-08-01,MMM,0.02
equity_equal_weight,2023-09-01,MMM,0.02
equity_equal_weight,2023-10-02,MMM,0.02
equity_equal_weight,2023-11-01,MMM,0.02
equity_equal_weight,2023-12-01,MMM,0.02
equity_equal_weight,2021-01-04,MRK,0.02
equity_equal_weight,2021-02-01,MRK,0.02
equity_equal_weight,2021-03-01,MRK,0.02
equity_equal_weight,2021-04-01,MRK,0.02
equity_equal_weight,2021-05-03,MRK,0.02
equity_equal_weight,2021-06-01,MRK,0.02
equity_equal_weight,2021-07-01,MRK,0.02
equity_equal_weight,2021-08-02,MRK,0.02
equity_equal_weight,2021-09-01,MRK,0.02
equity_equal_weight,2021-10-01,MRK,0.02
equity_equal_weight,2021-11-01,MRK,0.02
equity_equal_weight,2021-12-01,MRK,0.02
equity_equal_weight,2022-01-03,MRK,0.02
equity_equal_weight,2022-02-01,MRK,0.02
equity_equal_weight,2022-03-01,MRK,0.02
equity_equal_weight,2022-04-01,MRK,0.02
equity_equal_weight,2022-05-02,MRK,0.02
equity_equal_weight,2022-06-01,MRK,0.02
equity_equal_weight,2022-07-01,MRK,0.02
equity_equal_weight,2022-08-01,MRK,0.02
equity_equal_weight,2022-09-01,MRK,0.02
equity_equal_weight,2022-10-03,MRK,0.02
equity_equal_weight,2022-11-01,MRK,0.02
equity_equal_weight,2022-12-01,MRK,0.02
equity_equal_weight,2023-01-03,MRK,0.02
equity_equal_weight,2023-02-01,MRK,0.02
equity_equal_weight,2023-03-01,MRK,0.02
equity_equal_weight,2023-04-03,MRK,0.02
equity_equal_weight,2023-05-01,MRK,0.02
equity_equal_weight,2023-06-01,MRK,0.02
equity_equal_weight,2023-07-03,MRK,0.02
equity_equal_weight,2023-08-01,MRK,0.02
equity_equal_weight,2023-09-01,MRK,0.02
equity_equal_weight,2023-10-02,MRK,0.02
equity_equal_weight,2023-11-01,MRK,0.02
equity_equal_weight,2023-12-01,MRK,0.02
equity_equal_weight,2021-01-04,MS,0.02
equity_equal_weight,2021-02-01,MS,0.02
equity_equal_weight,2021-03-01,MS,0.02
equity_equal_weight,2021-04-01,MS,0.02
equity_equal_weight,2021-05-03,MS,0.02
equity_equal_weight,2021-06-01,MS,0.02
equity_equal_weight,2021-07-01,MS,0.02
equity_equal_weight,2021-08-02,MS,0.02
equity_equal_weight,2021-09-01,MS,0.02
equity_equal_weight,2021-10-01,MS,0.02
equity_equal_weight,2021-11-01,MS,0.02
equity_equal_weight,2021-12-01,MS,0.02
equity_equal_weight,2022-01-03,MS,0.02
equity_equal_weight,2022-02-01,MS,0.02
equity_equal_weight,2022-03-01,MS,0.02
equity_equal_weight,2022-04-01,MS,0.02
equity_equal_weight,2022-05-02,MS,0.02
equity_equal_weight,2022-06-01,MS,0.02
equity_equal_weight,2022-07-01,MS,0.02
equity_equal_weight,2022-08-01,MS,0.02
equity_equal_weight,2022-09-01,MS,0.02
equity_equal_weight,2022-10-03,MS,0.02
equity_equal_weight,2022-11-01,MS,0.02
equity_equal_weight,2022-12-01,MS,0.02
equity_equal_weight,2023-01-03,MS,0.02
equity_equal_weight,2023-02-01,MS,0.02
equity_equal_weight,2023-03-01,MS,0.02
equity_equal_weight,2023-04-03,MS,0.02
equity_equal_weight,2023-05-01,MS,0.02
equity_equal_weight,2023-06-01,MS,0.02
equity_equal_weight,2023-07-03,MS,0.02
equity_equal_weight,2023-08-01,MS,0.02
equity_equal_weight,2023-09-01,MS,0.02
equity_equal_weight,2023-10-02,MS,0.02
equity_equal_weight,2023-11-01,MS,0.02
equity_equal_weight,2023-12-01,MS,0.02
equity_equal_weight,2021-01-04,NEE,0.02
equity_equal_weight,2021-02-01,NEE,0.02
equity_equal_weight,2021-03-01,NEE,0.02
equity_equal_weight,2021-04-01,NEE,0.02
equity_equal_weight,2021-05-03,NEE,0.02
equity_equal_weight,2021-06-01,NEE,0.02
equity_equal_weight,2021-07-01,NEE,0.02
equity_equal_weight,2021-08-02,NEE,0.02
equity_equal_weight,2021-09-01,NEE,0.02
equity_equal_weight,2021-10-01,NEE,0.02
equity_equal_weight,2021-11-01,NEE,0.02
equity_equal_weight,2021-12-01,NEE,0.02
equity_equal_weight,2022-01-03,NEE,0.02
equity_equal_weight,2022-02-01,NEE,0.02
equity_equal_weight,2022-03-01,NEE,0.02
equity_equal_weight,2022-04-01,NEE,0.02
equity_equal_weight,2022-05-02,NEE,0.02
equity_equal_weight,2022-06-01,NEE,0.02
equity_equal_weight,2022-07-01,NEE,0.02
equity_equal_weight,2022-08-01,NEE,0.02
equity_equal_weight,2022-09-01,NEE,0.02
equity_equal_weight,2022-10-03,NEE,0.02
equity_equal_weight,2022-11-01,NEE,0.02
equity_equal_weight,2022-12-01,NEE,0.02
equity_equal_weight,2023-01-03,NEE,0.02
equity_equal_weight,2023-02-01,NEE,0.02
equity_equal_weight,2023-03-01,NEE,0.02
equity_equal_weight,2023-04-03,NEE,0.02
equity_equal_weight,2023-05-01,NEE,0.02
equity_equal_weight,2023-06-01,NEE,0.02
equity_equal_weight,2023-07-03,NEE,0.02
equity_equal_weight,2023-08-01,NEE,0.02
equity_equal_weight,2023-09-01,NEE,0.02
equity_equal_weight,2023-10-02,NEE,0.02
equity_equal_weight,2023-11-01,NEE,0.02
equity_equal_weight,2023-12-01,NEE,0.02
equity_equal_weight,2021-01-04,NEM,0.02
equity_equal_weight,2021-02-01,NEM,0.02
equity_equal_weight,2021-03-01,NEM,0.02
equity_equal_weight,2021-04-01,NEM,0.02
equity_equal_weight,2021-05-03,NEM,0.02
equity_equal_weight,2021-06-01,NEM,0.02
equity_equal_weight,2021-07-01,NEM,0.02
equity_equal_weight,2021-08-02,NEM,0.02
equity_equal_weight,2021-09-01,NEM,0.02
equity_equal_weight,2021-10-01,NEM,0.02
equity_equal_weight,2021-11-01,NEM,0.02
equity_equal_weight,2021-12-01,NEM,0.02
equity_equal_weight,2022-01-03,NEM,0.02
equity_equal_weight,2022-02-01,NEM,0.02
equity_equal_weight,2022-03-01,NEM,0.02
equity_equal_weight,2022-04-01,NEM,0.02
equity_equal_weight,2022-05-02,NEM,0.02
equity_equal_weight,2022-06-01,NEM,0.02
equity_equal_weight,2022-07-01,NEM,0.02
equity_equal_weight,2022-08-01,NEM,0.02
equity_equal_weight,2022-09-01,NEM,0.02
equity_equal_weight,2022-10-03,NEM,0.02
equity_equal_weight,2022-11-01,NEM,0.02
equity_equal_weight,2022-12-01,NEM,0.02
equity_equal_weight,2023-01-03,NEM,0.02
equity_equal_weight,2023-02-01,NEM,0.02
equity_equal_weight,2023-03-01,NEM,0.02
equity_equal_weight,2023-04-03,NEM,0.02
equity_equal_weight,2023-05-01,NEM,0.02
equity_equal_weight,2023-06-01,NEM,0.02
equity_equal_weight,2023-07-03,NEM,0.02
equity_equal_weight,2023-08-01,NEM,0.02
equity_equal_weight,2023-09-01,NEM,0.02
equity_equal_weight,2023-10-02,NEM,0.02
equity_equal_weight,2023-11-01,NEM,0.02
equity_equal_weight,2023-12-01,NEM,0.02
equity_equal_weight,2021-01-04,NKE,0.02
equity_equal_weight,2021-02-01,NKE,0.02
equity_equal_weight,2021-03-01,NKE,0.02
equity_equal_weight,2021-04-01,NKE,0.02
equity_equal_weight,2021-05-03,NKE,0.02
equity_equal_weight,2021-06-01,NKE,0.02
equity_equal_weight,2021-07-01,NKE,0.02
equity_equal_weight,2021-08-02,NKE,0.02
equity_equal_weight,2021-09-01,NKE,0.02
equity_equal_weight,2021-10-01,NKE,0.02
equity_equal_weight,2021-11-01,NKE,0.02
equity_equal_weight,2021-12-01,NKE,0.02
equity_equal_weight,2022-01-03,NKE,0.02
equity_equal_weight,2022-02-01,NKE,0.02
equity_equal_weight,2022-03-01,NKE,0.02
equity_equal_weight,2022-04-01,NKE,0.02
equity_equal_weight,2022-05-02,NKE,0.02
equity_equal_weight,2022-06-01,NKE,0.02
equity_equal_weight,2022-07-01,NKE,0.02
equity_equal_weight,2022-08-01,NKE,0.02
equity_equal_weight,2022-09-01,NKE,0.02
equity_equal_weight,2022-10-03,NKE,0.02
equity_equal_weight,2022-11-01,NKE,0.02
equity_equal_weight,2022-12-01,NKE,0.02
equity_equal_weight,2023-01-03,NKE,0.02
equity_equal_weight,2023-02-01,NKE,0.02
equity_equal_weight,2023-03-01,NKE,0.02
equity_equal_weight,2023-04-03,NKE,0.02
equity_equal_weight,2023-05-01,NKE,0.02
equity_equal_weight,2023-06-01,NKE,0.02
equity_equal_weight,2023-07-03,NKE,0.02
equity_equal_weight,2023-08-01,NKE,0.02
equity_equal_weight,2023-09-01,NKE,0.02
equity_equal_weight,2023-10-02,NKE,0.02
equity_equal_weight,2023-11-01,NKE,0.02
equity_equal_weight,2023-12-01,NKE,0.02
equity_equal_weight,2021-01-04,NUE,0.02
equity_equal_weight,2021-02-01,NUE,0.02
equity_equal_weight,2021-03-01,NUE,0.02
equity_equal_weight,2021-04-01,NUE,0.02
equity_equal_weight,2021-05-03,NUE,0.02
equity_equal_weight,2021-06-01,NUE,0.02
equity_equal_weight,2021-07-01,NUE,0.02
equity_equal_weight,2021-08-02,NUE,0.02
equity_equal_weight,2021-09-01,NUE,0.02
equity_equal_weight,2021-10-01,NUE,0.02
equity_equal_weight,2021-11-01,NUE,0.02
equity_equal_weight,2021-12-01,NUE,0.02
equity_equal_weight,2022-01-03,NUE,0.02
equity_equal_weight,2022-02-01,NUE,0.02
equity_equal_weight,2022-03-01,NUE,0.02
equity_equal_weight,2022-04-01,NUE,0.02
equity_equal_weight,2022-05-02,NUE,0.02
equity_equal_weight,2022-06-01,NUE,0.02
equity_equal_weight,2022-07-01,NUE,0.02
equity_equal_weight,2022-08-01,NUE,0.02
equity_equal_weight,2022-09-01,NUE,0.02
equity_equal_weight,2022-10-03,NUE,0.02
equity_equal_weight,2022-11-01,NUE,0.02
equity_equal_weight,2022-12-01,NUE,0.02
equity_equal_weight,2023-01-03,NUE,0.02
equity_equal_weight,2023-02-01,NUE,0.02
equity_equal_weight,2023-03-01,NUE,0.02
equity_equal_weight,2023-04-03,NUE,0.02
equity_equal_weight,2023-05-01,NUE,0.02
equity_equal_weight,2023-06-01,NUE,0.02
equity_equal_weight,2023-07-03,NUE,0.02
equity_equal_weight,2023-08-01,NUE,0.02
equity_equal_weight,2023-09-01,NUE,0.02
equity_equal_weight,2023-10-02,NUE,0.02
equity_equal_weight,2023-11-01,NUE,0.02
equity_equal_weight,2023-12-01,NUE,0.02
equity_equal_weight,2021-01-04,NVDA,0.02
equity_equal_weight,2021-02-01,NVDA,0.02
equity_equal_weight,2021-03-01,NVDA,0.02
equity_equal_weight,2021-04-01,NVDA,0.02
equity_equal_weight,2021-05-03,NVDA,0.02
equity_equal_weight,2021-06-01,NVDA,0.02
equity_equal_weight,2021-07-01,NVDA,0.02
equity_equal_weight,2021-08-02,NVDA,0.02
equity_equal_weight,2021-09-01,NVDA,0.02
equity_equal_weight,2021-10-01,NVDA,0.02
equity_equal_weight,2021-11-01,NVDA,0.02
equity_equal_weight,2021-12-01,NVDA,0.02
equity_equal_weight,2022-01-03,NVDA,0.02
equity_equal_weight,2022-02-01,NVDA,0.02
equity_equal_weight,2022-03-01,NVDA,0.02
equity_equal_weight,2022-04-01,NVDA,0.02
equity_equal_weight,2022-05-02,NVDA,0.02
equity_equal_weight,2022-06-01,NVDA,0.02
equity_equal_weight,2022-07-01,NVDA,0.02
equity_equal_weight,2022-08-01,NVDA,0.02
equity_equal_weight,2022-09-01,NVDA,0.02
equity_equal_weight,2022-10-03,NVDA,0.02
equity_equal_weight,2022-11-01,NVDA,0.02
equity_equal_weight,2022-12-01,NVDA,0.02
equity_equal_weight,2023-01-03,NVDA,0.02
equity_equal_weight,2023-02-01,NVDA,0.02
equity_equal_weight,2023-03-01,NVDA,0.02
equity_equal_weight,2023-04-03,NVDA,0.02
equity_equal_weight,2023-05-01,NVDA,0.02
equity_equal_weight,2023-06-01,NVDA,0.02
equity_equal_weight,2023-07-03,NVDA,0.02
equity_equal_weight,2023-08-01,NVDA,0.02
equity_equal_weight,2023-09-01,NVDA,0.02
equity_equal_weight,2023-10-02,NVDA,0.02
equity_equal_weight,2023-11-01,NVDA,0.02
equity_equal_weight,2023-12-01,NVDA,0.02
equity_equal_weight,2021-01-04,O,0.02
equity_equal_weight,2021-02-01,O,0.02
equity_equal_weight,2021-03-01,O,0.02
equity_equal_weight,2021-04-01,O,0.02
equity_equal_weight,2021-05-03,O,0.02
equity_equal_weight,2021-06-01,O,0.02
equity_equal_weight,2021-07-01,O,0.02
equity_equal_weight,2021-08-02,O,0.02
equity_equal_weight,2021-09-01,O,0.02
equity_equal_weight,2021-10-01,O,0.02
equity_equal_weight,2021-11-01,O,0.02
equity_equal_weight,2021-12-01,O,0.02
equity_equal_weight,2022-01-03,O,0.02
equity_equal_weight,2022-02-01,O,0.02
equity_equal_weight,2022-03-01,O,0.02
equity_equal_weight,2022-04-01,O,0.02
equity_equal_weight,2022-05-02,O,0.02
equity_equal_weight,2022-06-01,O,0.02
equity_equal_weight,2022-07-01,O,0.02
equity_equal_weight,2022-08-01,O,0.02
equity_equal_weight,2022-09-01,O,0.02
equity_equal_weight,2022-10-03,O,0.02
equity_equal_weight,2022-11-01,O,0.02
equity_equal_weight,2022-12-01,O,0.02
equity_equal_weight,2023-01-03,O,0.02
equity_equal_weight,2023-02-01,O,0.02
equity_equal_weight,2023-03-01,O,0.02
equity_equal_weight,2023-04-03,O,0.02
equity_equal_weight,2023-05-01,O,0.02
equity_equal_weight,2023-06-01,O,0.02
equity_equal_weight,2023-07-03,O,0.02
equity_equal_weight,2023-08-01,O,0.02
equity_equal_weight,2023-09-01,O,0.02
equity_equal_weight,2023-10-02,O,0.02
equity_equal_weight,2023-11-01,O,0.02
equity_equal_weight,2023-12-01,O,0.02
equity_equal_weight,2021-01-04,OXY,0.02
equity_equal_weight,2021-02-01,OXY,0.02
equity_equal_weight,2021-03-01,OXY,0.02
equity_equal_weight,2021-04-01,OXY,0.02
equity_equal_weight,2021-05-03,OXY,0.02
equity_equal_weight,2021-06-01,OXY,0.02
equity_equal_weight,2021-07-01,OXY,0.02
equity_equal_weight,2021-08-02,OXY,0.02
equity_equal_weight,2021-09-01,OXY,0.02
equity_equal_weight,2021-10-01,OXY,0.02
equity_equal_weight,2021-11-01,OXY,0.02
equity_equal_weight,2021-12-01,OXY,0.02
equity_equal_weight,2022-01-03,OXY,0.02
equity_equal_weight,2022-02-01,OXY,0.02
equity_equal_weight,2022-03-01,OXY,0.02
equity_equal_weight,2022-04-01,OXY,0.02
equity_equal_weight,2022-05-02,OXY,0.02
equity_equal_weight,2022-06-01,OXY,0.02
equity_equal_weight,2022-07-01,OXY,0.02
equity_equal_weight,2022-08-01,OXY,0.02
equity_equal_weight,2022-09-01,OXY,0.02
equity_equal_weight,2022-10-03,OXY,0.02
equity_equal_weight,2022-11-01,OXY,0.02
equity_equal_weight,2022-12-01,OXY,0.02
equity_equal_weight,2023-01-03,OXY,0.02
equity_equal_weight,2023-02-01,OXY,0.02
equity_equal_weight,2023-03-01,OXY,0.02
equity_equal_weight,2023-04-03,OXY,0.02
equity_equal_weight,2023-05-01,OXY,0.02
equity_equal_weight,2023-06-01,OXY,0.02
equity_equal_weight,2023-07-03,OXY,0.02
equity_equal_weight,2023-08-01,OXY,0.02
equity_equal_weight,2023-09-01,OXY,0.02
equity_equal_weight,2023-10-02,OXY,0.02
equity_equal_weight,2023-11-01,OXY,0.02
equity_equal_weight,2023-12-01,OXY,0.02
equity_equal_weight,2021-01-04,PLD,0.02
equity_equal_weight,2021-02-01,PLD,0.02
equity_equal_weight,2021-03-01,PLD,0.02
equity_equal_weight,2021-04-01,PLD,0.02
equity_equal_weight,2021-05-03,PLD,0.02
equity_equal_weight,2021-06-01,PLD,0.02
equity_equal_weight,2021-07-01,PLD,0.02
equity_equal_weight,2021-08-02,PLD,0.02
equity_equal_weight,2021-09-01,PLD,0.02
equity_equal_weight,2021-10-01,PLD,0.02
equity_equal_weight,2021-11-01,PLD,0.02
equity_equal_weight,2021-12-01,PLD,0.02
equity_equal_weight,2022-01-03,PLD,0.02
equity_equal_weight,2022-02-01,PLD,0.02
equity_equal_weight,2022-03-01,PLD,0.02
equity_equal_weight,2022-04-01,PLD,0.02
equity_equal_weight,2022-05-02,PLD,0.02
equity_equal_weight,2022-06-01,PLD,0.02
equity_equal_weight,2022-07-01,PLD,0.02
equity_equal_weight,2022-08-01,PLD,0.02
equity_equal_weight,2022-09-01,PLD,0.02
equity_equal_weight,2022-10-03,PLD,0.02
equity_equal_weight,2022-11-01,PLD,0.02
equity_equal_weight,2022-12-01,PLD,0.02
equity_equal_weight,2023-01-03,PLD,0.02
equity_equal_weight,2023-02-01,PLD,0.02
equity_equal_weight,2023-03-01,PLD,0.02
equity_equal_weight,2023-04-03,PLD,0.02
equity_equal_weight,2023-05-01,PLD,0.02
equity_equal_weight,2023-06-01,PLD,0.02
equity_equal_weight,2023-07-03,PLD,0.02
equity_equal_weight,2023-08-01,PLD,0.02
equity_equal_weight,2023-09-01,PLD,0.02
equity_equal_weight,2023-10-02,PLD,0.02
equity_equal_weight,2023-11-01,PLD,0.02
equity_equal_weight,2023-12-01,PLD,0.02
equity_equal_weight,2021-01-04,PSA,0.02
equity_equal_weight,2021-02-01,PSA,0.02
equity_equal_weight,2021-03-01,PSA,0.02
equity_equal_weight,2021-04-01,PSA,0.02
equity_equal_weight,2021-05-03,PSA,0.02
equity_equal_weight,2021-06-01,PSA,0.02
equity_equal_weight,2021-07-01,PSA,0.02
equity_equal_weight,2021-08-02,PSA,0.02
equity_equal_weight,2021-09-01,PSA,0.02
equity_equal_weight,2021-10-01,PSA,0.02
equity_equal_weight,2021-11-01,PSA,0.02
equity_equal_weight,2021-12-01,PSA,0.02
equity_equal_weight,2022-01-03,PSA,0.02
equity_equal_weight,2022-02-01,PSA,0.02
equity_equal_weight,2022-03-01,PSA,0.02
equity_equal_weight,2022-04-01,PSA,0.02
equity_equal_weight,2022-05-02,PSA,0.02
equity_equal_weight,2022-06-01,PSA,0.02
equity_equal_weight,2022-07-01,PSA,0.02
equity_equal_weight,2022-08-01,PSA,0.02
equity_equal_weight,2022-09-01,PSA,0.02
equity_equal_weight,2022-10-03,PSA,0.02
equity_equal_weight,2022-11-01,PSA,0.02
equity_equal_weight,2022-12-01,PSA,0.02
equity_equal_weight,2023-01-03,PSA,0.02
equity_equal_weight,2023-02-01,PSA,0.02
equity_equal_weight,2023-03-01,PSA,0.02
equity_equal_weight,2023-04-03,PSA,0.02
equity_equal_weight,2023-05-01,PSA,0.02
equity_equal_weight,2023-06-01,PSA,0.02
equity_equal_weight,2023-07-03,PSA,0.02
equity_equal_weight,2023-08-01,PSA,0.02
equity_equal_weight,2023-09-01,PSA,0.02
equity_equal_weight,2023-10-02,PSA,0.02
equity_equal_weight,2023-11-01,PSA,0.02
equity_equal_weight,2023-12-01,PSA,0.02
equity_equal_weight,2021-01-04,QCOM,0.02
equity_equal_weight,2021-02-01,QCOM,0.02
equity_equal_weight,2021-03-01,QCOM,0.02
equity_equal_weight,2021-04-01,QCOM,0.02
equity_equal_weight,2021-05-03,QCOM,0.02
equity_equal_weight,2021-06-01,QCOM,0.02
equity_equal_weight,2021-07-01,QCOM,0.02
equity_equal_weight,2021-08-02,QCOM,0.02
equity_equal_weight,2021-09-01,QCOM,0.02
equity_equal_weight,2021-10-01,QCOM,0.02
equity_equal_weight,2021-11-01,QCOM,0.02
equity_equal_weight,2021-12-01,QCOM,0.02
equity_equal_weight,2022-01-03,QCOM,0.02
equity_equal_weight,2022-02-01,QCOM,0.02
equity_equal_weight,2022-03-01,QCOM,0.02
equity_equal_weight,2022-04-01,QCOM,0.02
equity_equal_weight,2022-05-02,QCOM,0.02
equity_equal_weight,2022-06-01,QCOM,0.02
equity_equal_weight,2022-07-01,QCOM,0.02
equity_equal_weight,2022-08-01,QCOM,0.02
equity_equal_weight,2022-09-01,QCOM,0.02
equity_equal_weight,2022-10-03,QCOM,0.02
equity_equal_weight,2022-11-01,QCOM,0.02
equity_equal_weight,2022-12-01,QCOM,0.02
equity_equal_weight,2023-01-03,QCOM,0.02
equity_equal_weight,2023-02-01,QCOM,0.02
equity_equal_weight,2023-03-01,QCOM,0.02
equity_equal_weight,2023-04-03,QCOM,0.02
equity_equal_weight,2023-05-01,QCOM,0.02
equity_equal_weight,2023-06-01,QCOM,0.02
equity_equal_weight,2023-07-03,QCOM,0.02
equity_equal_weight,2023-08-01,QCOM,0.02
equity_equal_weight,2023-09-01,QCOM,0.02
equity_equal_weight,2023-10-02,QCOM,0.02
equity_equal_weight,2023-11-01,QCOM,0.02
equity_equal_weight,2023-12-01,QCOM,0.02
equity_equal_weight,2021-01-04,SBUX,0.02
equity_equal_weight,2021-02-01,SBUX,0.02
equity_equal_weight,2021-03-01,SBUX,0.02
equity_equal_weight,2021-04-01,SBUX,0.02
equity_equal_weight,2021-05-03,SBUX,0.02
equity_equal_weight,2021-06-01,SBUX,0.02
equity_equal_weight,2021-07-01,SBUX,0.02
equity_equal_weight,2021-08-02,SBUX,0.02
equity_equal_weight,2021-09-01,SBUX,0.02
equity_equal_weight,2021-10-01,SBUX,0.02
equity_equal_weight,2021-11-01,SBUX,0.02
equity_equal_weight,2021-12-01,SBUX,0.02
equity_equal_weight,2022-01-03,SBUX,0.02
equity_equal_weight,2022-02-01,SBUX,0.02
equity_equal_weight,2022-03-01,SBUX,0.02
equity_equal_weight,2022-04-01,SBUX,0.02
equity_equal_weight,2022-05-02,SBUX,0.02
equity_equal_weight,2022-06-01,SBUX,0.02
equity_equal_weight,2022-07-01,SBUX,0.02
equity_equal_weight,2022-08-01,SBUX,0.02
equity_equal_weight,2022-09-01,SBUX,0.02
equity_equal_weight,2022-10-03,SBUX,0.02
equity_equal_weight,2022-11-01,SBUX,0.02
equity_equal_weight,2022-12-01,SBUX,0.02
equity_equal_weight,2023-01-03,SBUX,0.02
equity_equal_weight,2023-02-01,SBUX,0.02
equity_equal_weight,2023-03-01,SBUX,0.02
equity_equal_weight,2023-04-03,SBUX,0.02
equity_equal_weight,2023-05-01,SBUX,0.02
equity_equal_weight,2023-06-01,SBUX,0.02
equity_equal_weight,2023-07-03,SBUX,0.02
equity_equal_weight,2023-08-01,SBUX,0.02
equity_equal_weight,2023-09-01,SBUX,0.02
equity_equal_weight,2023-10-02,SBUX,0.02
equity_equal_weight,2023-11-01,SBUX,0.02
equity_equal_weight,2023-12-01,SBUX,0.02
equity_equal_weight,2021-01-04,SHW,0.02
equity_equal_weight,2021-02-01,SHW,0.02
equity_equal_weight,2021-03-01,SHW,0.02
equity_equal_weight,2021-04-01,SHW,0.02
equity_equal_weight,2021-05-03,SHW,0.02
equity_equal_weight,2021-06-01,SHW,0.02
equity_equal_weight,2021-07-01,SHW,0.02
equity_equal_weight,2021-08-02,SHW,0.02
equity_equal_weight,2021-09-01,SHW,0.02
equity_equal_weight,2021-10-01,SHW,0.02
equity_equal_weight,2021-11-01,SHW,0.02
equity_equal_weight,2021-12-01,SHW,0.02
equity_equal_weight,2022-01-03,SHW,0.02
equity_equal_weight,2022-02-01,SHW,0.02
equity_equal_weight,2022-03-01,SHW,0.02
equity_equal_weight,2022-04-01,SHW,0.02
equity_equal_weight,2022-05-02,SHW,0.02
equity_equal_weight,2022-06-01,SHW,0.02
equity_equal_weight,2022-07-01,SHW,0.02
equity_equal_weight,2022-08-01,SHW,0.02
equity_equal_weight,2022-09-01,SHW,0.02
equity_equal_weight,2022-10-03,SHW,0.02
equity_equal_weight,2022-11-01,SHW,0.02
equity_equal_weight,2022-12-01,SHW,0.02
equity_equal_weight,2023-01-03,SHW,0.02
equity_equal_weight,2023-02-01,SHW,0.02
equity_equal_weight,2023-03-01,SHW,0.02
equity_equal_weight,2023-04-03,SHW,0.02
equity_equal_weight,2023-05-01,SHW,0.02
equity_equal_weight,2023-06-01,SHW,0.02
equity_equal_weight,2023-07-03,SHW,0.02
equity_equal_weight,2023-08-01,SHW,0.02
equity_equal_weight,2023-09-01,SHW,0.02
equity_equal_weight,2023-10-02,SHW,0.02
equity_equal_weight,2023-11-01,SHW,0.02
equity_equal_weight,2023-12-01,SHW,0.02
equity_equal_weight,2021-01-04,SLB,0.02
equity_equal_weight,2021-02-01,SLB,0.02
equity_equal_weight,2021-03-01,SLB,0.02
equity_equal_weight,2021-04-01,SLB,0.02
equity_equal_weight,2021-05-03,SLB,0.02
equity_equal_weight,2021-06-01,SLB,0.02
equity_equal_weight,2021-07-01,SLB,0.02
equity_equal_weight,2021-08-02,SLB,0.02
equity_equal_weight,2021-09-01,SLB,0.02
equity_equal_weight,2021-10-01,SLB,0.02
equity_equal_weight,2021-11-01,SLB,0.02
equity_equal_weight,2021-12-01,SLB,0.02
equity_equal_weight,2022-01-03,SLB,0.02
equity_equal_weight,2022-02-01,SLB,0.02
equity_equal_weight,2022-03-01,SLB,0.02
equity_equal_weight,2022-04-01,SLB,0.02
equity_equal_weight,2022-05-02,SLB,0.02
equity_equal_weight,2022-06-01,SLB,0.02
equity_equal_weight,2022-07-01,SLB,0.02
equity_equal_weight,2022-08-01,SLB,0.02
equity_equal_weight,2022-09-01,SLB,0.02
equity_equal_weight,2022-10-03,SLB,0.02
equity_equal_weight,2022-11-01,SLB,0.02
equity_equal_weight,2022-12-01,SLB,0.02
equity_equal_weight,2023-01-03,SLB,0.02
equity_equal_weight,2023-02-01,SLB,0.02
equity_equal_weight,2023-03-01,SLB,0.02
equity_equal_weight,2023-04-03,SLB,0.02
equity_equal_weight,2023-05-01,SLB,0.02
equity_equal_weight,2023-06-01,SLB,0.02
equity_equal_weight,2023-07-03,SLB,0.02
equity_equal_weight,2023-08-01,SLB,0.02
equity_equal_weight,2023-09-01,SLB,0.02
equity_equal_weight,2023-10-02,SLB,0.02
equity_equal_weight,2023-11-01,SLB,0.02
equity_equal_weight,2023-12-01,SLB,0.02
equity_equal_weight,2021-01-04,SO,0.02
equity_equal_weight,2021-02-01,SO,0.02
equity_equal_weight,2021-03-01,SO,0.02
equity_equal_weight,2021-04-01,SO,0.02
equity_equal_weight,2021-05-03,SO,0.02
equity_equal_weight,2021-06-01,SO,0.02
equity_equal_weight,2021-07-01,SO,0.02
equity_equal_weight,2021-08-02,SO,0.02
equity_equal_weight,2021-09-01,SO,0.02
equity_equal_weight,2021-10-01,SO,0.02
equity_equal_weight,2021-11-01,SO,0.02
equity_equal_weight,2021-12-01,SO,0.02
equity_equal_weight,2022-01-03,SO,0.02
equity_equal_weight,2022-02-01,SO,0.02
equity_equal_weight,2022-03-01,SO,0.02
equity_equal_weight,2022-04-01,SO,0.02
equity_equal_weight,2022-05-02,SO,0.02
equity_equal_weight,2022-06-01,SO,0.02
equity_equal_weight,2022-07-01,SO,0.02
equity_equal_weight,2022-08-01,SO,0.02
equity_equal_weight,2022-09-01,SO,0.02
equity_equal_weight,2022-10-03,SO,0.02
equity_equal_weight,2022-11-01,SO,0.02
equity_equal_weight,2022-12-01,SO,0.02
equity_equal_weight,2023-01-03,SO,0.02
equity_equal_weight,2023-02-01,SO,0.02
equity_equal_weight,2023-03-01,SO,0.02
equity_equal_weight,2023-04-03,SO,0.02
equity_equal_weight,2023-05-01,SO,0.02
equity_equal_weight,2023-06-01,SO,0.02
equity_equal_weight,2023-07-03,SO,0.02
equity_equal_weight,2023-08-01,SO,0.02
equity_equal_weight,2023-09-01,SO,0.02
equity_equal_weight,2023-10-02,SO,0.02
equity_equal_weight,2023-11-01,SO,0.02
equity_equal_weight,2023-12-01,SO,0.02
equity_equal_weight,2021-01-04,T,0.02
equity_equal_weight,2021-02-01,T,0.02
equity_equal_weight,2021-03-01,T,0.02
equity_equal_weight,2021-04-01,T,0.02
equity_equal_weight,2021-05-03,T,0.02
equity_equal_weight,2021-06-01,T,0.02
equity_equal_weight,2021-07-01,T,0.02
equity_equal_weight,2021-08-02,T,0.02
equity_equal_weight,2021-09-01,T,0.02
equity_equal_weight,2021-10-01,T,0.02
equity_equal_weight,2021-11-01,T,0.02
equity_equal_weight,2021-12-01,T,0.02
equity_equal_weight,2022-01-03,T,0.02
equity_equal_weight,2022-02-01,T,0.02
equity_equal_weight,2022-03-01,T,0.02
equity_equal_weight,2022-04-01,T,0.02
equity_equal_weight,2022-05-02,T,0.02
equity_equal_weight,2022-06-01,T,0.02
equity_equal_weight,2022-07-01,T,0.02
equity_equal_weight,2022-08-01,T,0.02
equity_equal_weight,2022-09-01,T,0.02
equity_equal_weight,2022-10-03,T,0.02
equity_equal_weight,2022-11-01,T,0.02
equity_equal_weight,2022-12-01,T,0.02
equity_equal_weight,2023-01-03,T,0.02
equity_equal_weight,2023-02-01,T,0.02
equity_equal_weight,2023-03-01,T,0.02
equity_equal_weight,2023-04-03,T,0.02
equity_equal_weight,2023-05-01,T,0.02
equity_equal_weight,2023-06-01,T,0.02
equity_equal_weight,2023-07-03,T,0.02
equity_equal_weight,2023-08-01,T,0.02
equity_equal_weight,2023-09-01,T,0.02
equity_equal_weight,2023-10-02,T,0.02
equity_equal_weight,2023-11-01,T,0.02
equity_equal_weight,2023-12-01,T,0.02
equity_equal_weight,2021-01-04,TMUS,0.02
equity_equal_weight,2021-02-01,TMUS,0.02
equity_equal_weight,2021-03-01,TMUS,0.02
equity_equal_weight,2021-04-01,TMUS,0.02
equity_equal_weight,2021-05-03,TMUS,0.02
equity_equal_weight,2021-06-01,TMUS,0.02
equity_equal_weight,2021-07-01,TMUS,0.02
equity_equal_weight,2021-08-02,TMUS,0.02
equity_equal_weight,2021-09-01,TMUS,0.02
equity_equal_weight,2021-10-01,TMUS,0.02
equity_equal_weight,2021-11-01,TMUS,0.02
equity_equal_weight,2021-12-01,TMUS,0.02
equity_equal_weight,2022-01-03,TMUS,0.02
equity_equal_weight,2022-02-01,TMUS,0.02
equity_equal_weight,2022-03-01,TMUS,0.02
equity_equal_weight,2022-04-01,TMUS,0.02
equity_equal_weight,2022-05-02,TMUS,0.02
equity_equal_weight,2022-06-01,TMUS,0.02
equity_equal_weight,2022-07-01,TMUS,0.02
equity_equal_weight,2022-08-01,TMUS,0.02
equity_equal_weight,2022-09-01,TMUS,0.02
equity_equal_weight,2022-10-03,TMUS,0.02
equity_equal_weight,2022-11-01,TMUS,0.02
equity_equal_weight,2022-12-01,TMUS,0.02
equity_equal_weight,2023-01-03,TMUS,0.02
equity_equal_weight,2023-02-01,TMUS,0.02
equity_equal_weight,2023-03-01,TMUS,0.02
equity_equal_weight,2023-04-03,TMUS,0.02
equity_equal_weight,2023-05-01,TMUS,0.02
equity_equal_weight,2023-06-01,TMUS,0.02
equity_equal_weight,2023-07-03,TMUS,0.02
equity_equal_weight,2023-08-01,TMUS,0.02
equity_equal_weight,2023-09-01,TMUS,0.02
equity_equal_weight,2023-10-02,TMUS,0.02
equity_equal_weight,2023-11-01,TMUS,0.02
equity_equal_weight,2023-12-01,TMUS,0.02
equity_equal_weight,2021-01-04,TTWO,0.02
equity_equal_weight,2021-02-01,TTWO,0.02
equity_equal_weight,2021-03-01,TTWO,0.02
equity_equal_weight,2021-04-01,TTWO,0.02
equity_equal_weight,2021-05-03,TTWO,0.02
equity_equal_weight,2021-06-01,TTWO,0.02
equity_equal_weight,2021-07-01,TTWO,0.02
equity_equal_weight,2021-08-02,TTWO,0.02
equity_equal_weight,2021-09-01,TTWO,0.02
equity_equal_weight,2021-10-01,TTWO,0.02
equity_equal_weight,2021-11-01,TTWO,0.02
equity_equal_weight,2021-12-01,TTWO,0.02
equity_equal_weight,2022-01-03,TTWO,0.02
equity_equal_weight,2022-02-01,TTWO,0.02
equity_equal_weight,2022-03-01,TTWO,0.02
equity_equal_weight,2022-04-01,TTWO,0.02
equity_equal_weight,2022-05-02,TTWO,0.02
equity_equal_weight,2022-06-01,TTWO,0.02
equity_equal_weight,2022-07-01,TTWO,0.02
equity_equal_weight,2022-08-01,TTWO,0.02
equity_equal_weight,2022-09-01,TTWO,0.02
equity_equal_weight,2022-10-03,TTWO,0.02
equity_equal_weight,2022-11-01,TTWO,0.02
equity_equal_weight,2022-12-01,TTWO,0.02
equity_equal_weight,2023-01-03,TTWO,0.02
equity_equal_weight,2023-02-01,TTWO,0.02
equity_equal_weight,2023-03-01,TTWO,0.02
equity_equal_weight,2023-04-03,TTWO,0.02
equity_equal_weight,2023-05-01,TTWO,0.02
equity_equal_weight,2023-06-01,TTWO,0.02
equity_equal_weight,2023-07-03,TTWO,0.02
equity_equal_weight,2023-08-01,TTWO,0.02
equity_equal_weight,2023-09-01,TTWO,0.02
equity_equal_weight,2023-10-02,TTWO,0.02
equity_equal_weight,2023-11-01,TTWO,0.02
equity_equal_weight,2023-12-01,TTWO,0.02
equity_equal_weight,2021-01-04,UPS,0.02
equity_equal_weight,2021-02-01,UPS,0.02
equity_equal_weight,2021-03-01,UPS,0.02
equity_equal_weight,2021-04-01,UPS,0.02
equity_equal_weight,2021-05-03,UPS,0.02
equity_equal_weight,2021-06-01,UPS,0.02
equity_equal_weight,2021-07-01,UPS,0.02
equity_equal_weight,2021-08-02,UPS,0.02
equity_equal_weight,2021-09-01,UPS,0.02
equity_equal_weight,2021-10-01,UPS,0.02
equity_equal_weight,2021-11-01,UPS,0.02
equity_equal_weight,2021-12-01,UPS,0.02
equity_equal_weight,2022-01-03,UPS,0.02
equity_equal_weight,2022-02-01,UPS,0.02
equity_equal_weight,2022-03-01,UPS,0.02
equity_equal_weight,2022-04-01,UPS,0.02
equity_equal_weight,2022-05-02,UPS,0.02
equity_equal_weight,2022-06-01,UPS,0.02
equity_equal_weight,2022-07-01,UPS,0.02
equity_equal_weight,2022-08-01,UPS,0.02
equity_equal_weight,2022-09-01,UPS,0.02
equity_equal_weight,2022-10-03,UPS,0.02
equity_equal_weight,2022-11-01,UPS,0.02
equity_equal_weight,2022-12-01,UPS,0.02
equity_equal_weight,2023-01-03,UPS,0.02
equity_equal_weight,2023-02-01,UPS,0.02
equity_equal_weight,2023-03-01,UPS,0.02
equity_equal_weight,2023-04-03,UPS,0.02
equity_equal_weight,2023-05-01,UPS,0.02
equity_equal_weight,2023-06-01,UPS,0.02
equity_equal_weight,2023-07-03,UPS,0.02
equity_equal_weight,2023-08-01,UPS,0.02
equity_equal_weight,2023-09-01,UPS,0.02
equity_equal_weight,2023-10-02,UPS,0.02
equity_equal_weight,2023-11-01,UPS,0.02
equity_equal_weight,2023-12-01,UPS,0.02
equity_equal_weight,2021-01-04,USB,0.02
equity_equal_weight,2021-02-01,USB,0.02
equity_equal_weight,2021-03-01,USB,0.02
equity_equal_weight,2021-04-01,USB,0.02
equity_equal_weight,2021-05-03,USB,0.02
equity_equal_weight,2021-06-01,USB,0.02
equity_equal_weight,2021-07-01,USB,0.02
equity_equal_weight,2021-08-02,USB,0.02
equity_equal_weight,2021-09-01,USB,0.02
equity_equal_weight,2021-10-01,USB,0.02
equity_equal_weight,2021-11-01,USB,0.02
equity_equal_weight,2021-12-01,USB,0.02
equity_equal_weight,2022-01-03,USB,0.02
equity_equal_weight,2022-02-01,USB,0.02
equity_equal_weight,2022-03-01,USB,0.02
equity_equal_weight,2022-04-01,USB,0.02
equity_equal_weight,2022-05-02,USB,0.02
equity_equal_weight,2022-06-01,USB,0.02
equity_equal_weight,2022-07-01,USB,0.02
equity_equal_weight,2022-08-01,USB,0.02
equity_equal_weight,2022-09-01,USB,0.02
equity_equal_weight,2022-10-03,USB,0.02
equity_equal_weight,2022-11-01,USB,0.02
equity_equal_weight,2022-12-01,USB,0.02
equity_equal_weight,2023-01-03,USB,0.02
equity_equal_weight,2023-02-01,USB,0.02
equity_equal_weight,2023-03-01,USB,0.02
equity_equal_weight,2023-04-03,USB,0.02
equity_equal_weight,2023-05-01,USB,0.02
equity_equal_weight,2023-06-01,USB,0.02
equity_equal_weight,2023-07-03,USB,0.02
equity_equal_weight,2023-08-01,USB,0.02
equity_equal_weight,2023-09-01,USB,0.02
equity_equal_weight,2023-10-02,USB,0.02
equity_equal_weight,2023-11-01,USB,0.02
equity_equal_weight,2023-12-01,USB,0.02
equity_equal_weight,2021-01-04,V,0.02
equity_equal_weight,2021-02-01,V,0.02
equity_equal_weight,2021-03-01,V,0.02
equity_equal_weight,2021-04-01,V,0.02
equity_equal_weight,2021-05-03,V,0.02
equity_equal_weight,2021-06-01,V,0.02
equity_equal_weight,2021-07-01,V,0.02
equity_equal_weight,2021-08-02,V,0.02
equity_equal_weight,2021-09-01,V,0.02
equity_equal_weight,2021-10-01,V,0.02
equity_equal_weight,2021-11-01,V,0.02
equity_equal_weight,2021-12-01,V,0.02
equity_equal_weight,2022-01-03,V,0.02
equity_equal_weight,2022-02-01,V,0.02
equity_equal_weight,2022-03-01,V,0.02
equity_equal_weight,2022-04-01,V,0.02
equity_equal_weight,2022-05-02,V,0.02
equity_equal_weight,2022-06-01,V,0.02
equity_equal_weight,2022-07-01,V,0.02
equity_equal_weight,2022-08-01,V,0.02
equity_equal_weight,2022-09-01,V,0.02
equity_equal_weight,2022-10-03,V,0.02
equity_equal_weight,2022-11-01,V,0.02
equity_equal_weight,2022-12-01,V,0.02
equity_equal_weight,2023-01-03,V,0.02
equity_equal_weight,2023-02-01,V,0.02
equity_equal_weight,2023-03-01,V,0.02
equity_equal_weight,2023-04-03,V,0.02
equity_equal_weight,2023-05-01,V,0.02
equity_equal_weight,2023-06-01,V,0.02
equity_equal_weight,2023-07-03,V,0.02
equity_equal_weight,2023-08-01,V,0.02
equity_equal_weight,2023-09-01,V,0.02
equity_equal_weight,2023-10-02,V,0.02
equity_equal_weight,2023-11-01,V,0.02
equity_equal_weight,2023-12-01,V,0.02
equity_equal_weight,2021-01-04,WFC,0.02
equity_equal_weight,2021-02-01,WFC,0.02
equity_equal_weight,2021-03-01,WFC,0.02
equity_equal_weight,2021-04-01,WFC,0.02
equity_equal_weight,2021-05-03,WFC,0.02
equity_equal_weight,2021-06-01,WFC,0.02
equity_equal_weight,2021-07-01,WFC,0.02
equity_equal_weight,2021-08-02,WFC,0.02
equity_equal_weight,2021-09-01,WFC,0.02
equity_equal_weight,2021-10-01,WFC,0.02
equity_equal_weight,2021-11-01,WFC,0.02
equity_equal_weight,2021-12-01,WFC,0.02
equity_equal_weight,2022-01-03,WFC,0.02
equity_equal_weight,2022-02-01,WFC,0.02
equity_equal_weight,2022-03-01,WFC,0.02
equity_equal_weight,2022-04-01,WFC,0.02
equity_equal_weight,2022-05-02,WFC,0.02
equity_equal_weight,2022-06-01,WFC,0.02
equity_equal_weight,2022-07-01,WFC,0.02
equity_equal_weight,2022-08-01,WFC,0.02
equity_equal_weight,2022-09-01,WFC,0.02
equity_equal_weight,2022-10-03,WFC,0.02
equity_equal_weight,2022-11-01,WFC,0.02
equity_equal_weight,2022-12-01,WFC,0.02
equity_equal_weight,2023-01-03,WFC,0.02
equity_equal_weight,2023-02-01,WFC,0.02
equity_equal_weight,2023-03-01,WFC,0.02
equity_equal_weight,2023-04-03,WFC,0.02
equity_equal_weight,2023-05-01,WFC,0.02
equity_equal_weight,2023-06-01,WFC,0.02
equity_equal_weight,2023-07-03,WFC,0.02
equity_equal_weight,2023-08-01,WFC,0.02
equity_equal_weight,2023-09-01,WFC,0.02
equity_equal_weight,2023-10-02,WFC,0.02
equity_equal_weight,2023-11-01,WFC,0.02
equity_equal_weight,2023-12-01,WFC,0.02
equity_equal_weight,2021-01-04,WMT,0.02
equity_equal_weight,2021-02-01,WMT,0.02
equity_equal_weight,2021-03-01,WMT,0.02
equity_equal_weight,2021-04-01,WMT,0.02
equity_equal_weight,2021-05-03,WMT,0.02
equity_equal_weight,2021-06-01,WMT,0.02
equity_equal_weight,2021-07-01,WMT,0.02
equity_equal_weight,2021-08-02,WMT,0.02
equity_equal_weight,2021-09-01,WMT,0.02
equity_equal_weight,2021-10-01,WMT,0.02
equity_equal_weight,2021-11-01,WMT,0.02
equity_equal_weight,2021-12-01,WMT,0.02
equity_equal_weight,2022-01-03,WMT,0.02
equity_equal_weight,2022-02-01,WMT,0.02
equity_equal_weight,2022-03-01,WMT,0.02
equity_equal_weight,2022-04-01,WMT,0.02
equity_equal_weight,2022-05-02,WMT,0.02
equity_equal_weight,2022-06-01,WMT,0.02
equity_equal_weight,2022-07-01,WMT,0.02
equity_equal_weight,2022-08-01,WMT,0.02
equity_equal_weight,2022-09-01,WMT,0.02
equity_equal_weight,2022-10-03,WMT,0.02
equity_equal_weight,2022-11-01,WMT,0.02
equity_equal_weight,2022-12-01,WMT,0.02
equity_equal_weight,2023-01-03,WMT,0.02
equity_equal_weight,2023-02-01,WMT,0.02
equity_equal_weight,2023-03-01,WMT,0.02
equity_equal_weight,2023-04-03,WMT,0.02
equity_equal_weight,2023-05-01,WMT,0.02
equity_equal_weight,2023-06-01,WMT,0.02
equity_equal_weight,2023-07-03,WMT,0.02
equity_equal_weight,2023-08-01,WMT,0.02
equity_equal_weight,2023-09-01,WMT,0.02
equity_equal_weight,2023-10-02,WMT,0.02
equity_equal_weight,2023-11-01,WMT,0.02
equity_equal_weight,2023-12-01,WMT,0.02
equity_equal_weight,2021-01-04,XOM,0.02
equity_equal_weight,2021-02-01,XOM,0.02
equity_equal_weight,2021-03-01,XOM,0.02
equity_equal_weight,2021-04-01,XOM,0.02
equity_equal_weight,2021-05-03,XOM,0.02
equity_equal_weight,2021-06-01,XOM,0.02
equity_equal_weight,2021-07-01,XOM,0.02
equity_equal_weight,2021-08-02,XOM,0.02
equity_equal_weight,2021-09-01,XOM,0.02
equity_equal_weight,2021-10-01,XOM,0.02
equity_equal_weight,2021-11-01,XOM,0.02
equity_equal_weight,2021-12-01,XOM,0.02
equity_equal_weight,2022-01-03,XOM,0.02
equity_equal_weight,2022-02-01,XOM,0.02
equity_equal_weight,2022-03-01,XOM,0.02
equity_equal_weight,2022-04-01,XOM,0.02
equity_equal_weight,2022-05-02,XOM,0.02
equity_equal_weight,2022-06-01,XOM,0.02
equity_equal_weight,2022-07-01,XOM,0.02
equity_equal_weight,2022-08-01,XOM,0.02
equity_equal_weight,2022-09-01,XOM,0.02
equity_equal_weight,2022-10-03,XOM,0.02
equity_equal_weight,2022-11-01,XOM,0.02
equity_equal_weight,2022-12-01,XOM,0.02
equity_equal_weight,2023-01-03,XOM,0.02
equity_equal_weight,2023-02-01,XOM,0.02
equity_equal_weight,2023-03-01,XOM,0.02
equity_equal_weight,2023-04-03,XOM,0.02
equity_equal_weight,2023-05-01,XOM,0.02
equity_equal_weight,2023-06-01,XOM,0.02
equity_equal_weight,2023-07-03,XOM,0.02
equity_equal_weight,2023-08-01,XOM,0.02
equity_equal_weight,2023-09-01,XOM,0.02
equity_equal_weight,2023-10-02,XOM,0.02
equity_equal_weight,2023-11-01,XOM,0.02
equity_equal_weight,2023-12-01,XOM,0.02
crypto_min_variance,2021-01-01,ADA-USD,1.4986553469237687e-14
crypto_min_variance,2021-02-01,ADA-USD,0.0
crypto_min_variance,2021-03-01,ADA-USD,0.026915268542837316
crypto_min_variance,2021-04-01,ADA-USD,0.045210816904005836
crypto_min_variance,2021-05-01,ADA-USD,0.06179288853354188
crypto_min_variance,2021-06-01,ADA-USD,0.11353609302381722
crypto_min_variance,2021-07-01,ADA-USD,0.12696946399750975
crypto_min_variance,2021-08-01,ADA-USD,0.1322269245869037
crypto_min_variance,2021-09-01,ADA-USD,0.11315433946448399
crypto_min_variance,2021-10-01,ADA-USD,0.14658996481125788
crypto_min_variance,2021-11-01,ADA-USD,0.15584174030129003
crypto_min_variance,2021-12-01,ADA-USD,0.17151816445467014
crypto_min_variance,2022-01-01,ADA-USD,0.157023014645853
crypto_min_variance,2022-02-01,ADA-USD,0.16222948549754884
crypto_min_variance,2022-03-01,ADA-USD,0.17393160532012752
crypto_min_variance,2022-04-01,ADA-USD,0.16869279634909368
crypto_min_variance,2022-05-01,ADA-USD,0.05409275295787535
crypto_min_variance,2022-06-01,ADA-USD,2.3020910419023228e-15
crypto_min_variance,2022-07-01,ADA-USD,0.0
crypto_min_variance,2022-08-01,ADA-USD,2.6942673173989757e-15
crypto_min_variance,2022-09-01,ADA-USD,1.4865164111368712e-15
crypto_min_variance,2022-10-01,ADA-USD,3.907676433967862e-14
crypto_min_variance,2022-11-01,ADA-USD,2.53209854103055e-14
crypto_min_variance,2022-12-01,ADA-USD,6.894917693415097e-15
crypto_min_variance,2023-01-01,ADA-USD,0.0
crypto_min_variance,2023-02-01,ADA-USD,0.0
crypto_min_variance,2023-03-01,ADA-USD,3.367482206246912e-15
crypto_min_variance,2023-04-01,ADA-USD,5.485265881114521e-15
crypto_min_variance,2023-05-01,ADA-USD,0.0
crypto_min_variance,2023-06-01,ADA-USD,0.009117438964349354
crypto_min_variance,2023-07-01,ADA-USD,0.021079001684256474
crypto_min_variance,2023-08-01,ADA-USD,0.024685815816308885
crypto_min_variance,2023-09-01,ADA-USD,0.026736740771189337
crypto_min_variance,2023-10-01,ADA-USD,0.0
crypto_min_variance,2023-11-01,ADA-USD,0.011274622010950365
crypto_min_variance,2023-12-01,ADA-USD,1.3692712959288617e-15
crypto_min_variance,2021-01-01,BCH-USD,2.1348439400414987e-14
crypto_min_variance,2021-02-01,BCH-USD,0.0
crypto_min_variance,2021-03-01,BCH-USD,7.152113692134019e-14
crypto_min_variance,2021-04-01,BCH-USD,3.5254560003931078e-15
crypto_min_variance,2021-05-01,BCH-USD,7.461525787592528e-16
crypto_min_variance,2021-06-01,BCH-USD,3.536277336551815e-14
crypto_min_variance,2021-07-01,BCH-USD,2.268870136698052e-14
crypto_min_variance,2021-08-01,BCH-USD,5.706622240725379e-14
crypto_min_variance,2021-09-01,BCH-USD,1.2670942710164237e-13
crypto_min_variance,2021-10-01,BCH-USD,1.572647148447565e-13
crypto_min_variance,2021-11-01,BCH-USD,2.211251285658404e-12
crypto_min_variance,2021-12-01,BCH-USD,0.0
crypto_min_variance,2022-01-01,BCH-USD,9.44040781188622e-15
crypto_min_variance,2022-02-01,BCH-USD,3.558381286462685e-13
crypto_min_variance,2022-03-01,BCH-USD,5.180377261993796e-13
crypto_min_variance,2022-04-01,BCH-USD,0.0
crypto_min_variance,2022-05-01,BCH-USD,2.4359235608309937e-15
crypto_min_variance,2022-06-01,BCH-USD,0.18844018787318226
crypto_min_variance,2022-07-01,BCH-USD,0.2073552187454244
crypto_min_variance,2022-08-01,BCH-USD,0.1449554646636627
crypto_min_variance,2022-09-01,BCH-USD,0.07741026284031224
crypto_min_variance,2022-10-01,BCH-USD,0.056846932732632006
crypto_min_variance,2022-11-01,BCH-USD,0.053169500711821596
crypto_min_variance,2022-12-01,BCH-USD,0.1163315262943133
crypto_min_variance,2023-01-01,BCH-USD,0.0892120196774432
crypto_min_variance,2023-02-01,BCH-USD,0.08138678371174592
crypto_min_variance,2023-03-01,BCH-USD,0.03137497740201661
crypto_min_variance,2023-04-01,BCH-USD,0.059489529189140924
crypto_min_variance,2023-05-01,BCH-USD,0.08390226949695488
crypto_min_variance,2023-06-01,BCH-USD,0.05466419798322708
crypto_min_variance,2023-07-01,BCH-USD,1.8693508926134056e-16
crypto_min_variance,2023-08-01,BCH-USD,0.0805544731856475
crypto_min_variance,2023-09-01,BCH-USD,0.05364070977365477
crypto_min_variance,2023-10-01,BCH-USD,0.024858433620131265
crypto_min_variance,2023-11-01,BCH-USD,0.02388591829234473
crypto_min_variance,2023-12-01,BCH-USD,0.0314858041388882
crypto_min_variance,2021-01-01,BTC-USD,0.29999999999994376
crypto_min_variance,2021-02-01,BTC-USD,0.3
crypto_min_variance,2021-03-01,BTC-USD,0.29999999999984267
crypto_min_variance,2021-04-01,BTC-USD,0.2999999999999759
crypto_min_variance,2021-05-01,BTC-USD,0.29999999999999755
crypto_min_variance,2021-06-01,BTC-USD,0.29999999999991794
crypto_min_variance,2021-07-01,BTC-USD,0.29999999999987553
crypto_min_variance,2021-08-01,BTC-USD,0.29999999999970245
crypto_min_variance,2021-09-01,BTC-USD,0.2999999999992952
crypto_min_variance,2021-10-01,BTC-USD,0.2999999999986659
crypto_min_variance,2021-11-01,BTC-USD,0.29999999999064025
crypto_min_variance,2021-12-01,BTC-USD,0.3
crypto_min_variance,2022-01-01,BTC-USD,0.29999999999966903
crypto_min_variance,2022-02-01,BTC-USD,0.299999999998855
crypto_min_variance,2022-03-01,BTC-USD,0.29999999999795834
crypto_min_variance,2022-04-01,BTC-USD,0.2999999999999502
crypto_min_variance,2022-05-01,BTC-USD,0.2999999999999882
crypto_min_variance,2022-06-01,BTC-USD,0.3
crypto_min_variance,2022-07-01,BTC-USD,0.29999999999998356
crypto_min_variance,2022-08-01,BTC-USD,0.29999999999999494
crypto_min_variance,2022-09-01,BTC-USD,0.2999999999999844
crypto_min_variance,2022-10-01,BTC-USD,0.29999999999988
crypto_min_variance,2022-11-01,BTC-USD,0.29999999999994015
crypto_min_variance,2022-12-01,BTC-USD,0.2999999999999829
crypto_min_variance,2023-01-01,BTC-USD,0.3
crypto_min_variance,2023-02-01,BTC-USD,0.3
crypto_min_variance,2023-03-01,BTC-USD,0.29999999999999644
crypto_min_variance,2023-04-01,BTC-USD,0.2999999999999921
crypto_min_variance,2023-05-01,BTC-USD,0.3
crypto_min_variance,2023-06-01,BTC-USD,0.29999999999999966
crypto_min_variance,2023-07-01,BTC-USD,0.3
crypto_min_variance,2023-08-01,BTC-USD,0.3
crypto_min_variance,2023-09-01,BTC-USD,0.29999999999999527
crypto_min_variance,2023-10-01,BTC-USD,0.3
crypto_min_variance,2023-11-01,BTC-USD,0.3
crypto_min_variance,2023-12-01,BTC-USD,0.29999999999999866
crypto_min_variance,2021-01-01,EOS-USD,0.042669119545449406
crypto_min_variance,2021-02-01,EOS-USD,0.11465280888964285
crypto_min_variance,2021-03-01,EOS-USD,0.09165982572617566
crypto_min_variance,2021-04-01,EOS-USD,0.027024190810271197
crypto_min_variance,2021-05-01,EOS-USD,0.010262595252576154
crypto_min_variance,2021-06-01,EOS-USD,1.1788100255338688e-14
crypto_min_variance,2021-07-01,EOS-USD,2.471494600571489e-14
crypto_min_variance,2021-08-01,EOS-USD,6.161640208474095e-14
crypto_min_variance,2021-09-01,EOS-USD,1.7945191053733028e-13
crypto_min_variance,2021-10-01,EOS-USD,3.1576542688121143e-13
crypto_min_variance,2021-11-01,EOS-USD,4.5551997354925385e-12
crypto_min_variance,2021-12-01,EOS-USD,0.0
crypto_min_variance,2022-01-01,EOS-USD,1.2150272526957293e-13
crypto_min_variance,2022-02-01,EOS-USD,7.768355836424194e-13
crypto_min_variance,2022-03-01,EOS-USD,1.4498025971499702e-12
crypto_min_variance,2022-04-01,EOS-USD,1.8973178876526692e-14
crypto_min_variance,2022-05-01,EOS-USD,3.708493933230321e-15
crypto_min_variance,2022-06-01,EOS-USD,0.0
crypto_min_variance,2022-07-01,EOS-USD,3.5104809951968042e-15
crypto_min_variance,2022-08-01,EOS-USD,5.632469775165248e-16
crypto_min_variance,2022-09-01,EOS-USD,2.5247043999746257e-15
crypto_min_variance,2022-10-01,EOS-USD,7.334014082054839e-14
crypto_min_variance,2022-11-01,EOS-USD,3.343846572206183e-14
crypto_min_variance,2022-12-01,EOS-USD,8.420189130746205e-15
crypto_min_variance,2023-01-01,EOS-USD,5.358611007897553e-16
crypto_min_variance,2023-02-01,EOS-USD,3.876191325127116e-15
crypto_min_variance,2023-03-01,EOS-USD,1.0852659643085641e-16
crypto_min_variance,2023-04-01,EOS-USD,0.0
crypto_min_variance,2023-05-01,EOS-USD,1.7384113234183922e-15
crypto_min_variance,2023-06-01,EOS-USD,1.8708487139410002e-15
crypto_min_variance,2023-07-01,EOS-USD,0.0
crypto_min_variance,2023-08-01,EOS-USD,0.0
crypto_min_variance,2023-09-01,EOS-USD,2.8578804627985548e-15
crypto_min_variance,2023-10-01,EOS-USD,0.06247820328524893
crypto_min_variance,2023-11-01,EOS-USD,0.054431202468880745
crypto_min_variance,2023-12-01,EOS-USD,0.040668119719709156
crypto_min_variance,2021-01-01,ETC-USD,0.12127651396653022
crypto_min_variance,2021-02-01,ETC-USD,0.24112316846799173
crypto_min_variance,2021-03-01,ETC-USD,0.1203052995809181
crypto_min_variance,2021-04-01,ETC-USD,0.14021048765754535
crypto_min_variance,2021-05-01,ETC-USD,0.14193328823385853
crypto_min_variance,2021-06-01,ETC-USD,0.022254448761773703
crypto_min_variance,2021-07-01,ETC-USD,0.0
crypto_min_variance,2021-08-01,ETC-USD,0.0
crypto_min_variance,2021-09-01,ETC-USD,0.0
crypto_min_variance,2021-10-01,ETC-USD,5.892107332516257e-15
crypto_min_variance,2021-11-01,ETC-USD,2.9938441905699125e-12
crypto_min_variance,2021-12-01,ETC-USD,1.129647665986832e-13
crypto_min_variance,2022-01-01,ETC-USD,0.0
crypto_min_variance,2022-02-01,ETC-USD,5.594581306993447e-13
crypto_min_variance,2022-03-01,ETC-USD,9.782598998922473e-13
crypto_min_variance,2022-04-01,ETC-USD,0.0
crypto_min_variance,2022-05-01,ETC-USD,5.612193152253975e-15
crypto_min_variance,2022-06-01,ETC-USD,0.0
crypto_min_variance,2022-07-01,ETC-USD,6.091390246819225e-15
crypto_min_variance,2022-08-01,ETC-USD,2.9437679368286566e-15
crypto_min_variance,2022-09-01,ETC-USD,2.8649196353663305e-15
crypto_min_variance,2022-10-01,ETC-USD,1.3799919460238605e-13
crypto_min_variance,2022-11-01,ETC-USD,7.283079284114108e-14
crypto_min_variance,2022-12-01,ETC-USD,2.4767987548806314e-14
crypto_min_variance,2023-01-01,ETC-USD,0.0
crypto_min_variance,2023-02-01,ETC-USD,0.0
crypto_min_variance,2023-03-01,ETC-USD,3.187695869456005e-16
crypto_min_variance,2023-04-01,ETC-USD,2.9562999330612366e-15
crypto_min_variance,2023-05-01,ETC-USD,0.0
crypto_min_variance,2023-06-01,ETC-USD,0.0
crypto_min_variance,2023-07-01,ETC-USD,5.95813657364467e-16
crypto_min_variance,2023-08-01,ETC-USD,0.0
crypto_min_variance,2023-09-01,ETC-USD,1.2368814081007665e-14
crypto_min_variance,2023-10-01,ETC-USD,0.0
crypto_min_variance,2023-11-01,ETC-USD,0.0
crypto_min_variance,2023-12-01,ETC-USD,2.600815662149915e-15
crypto_min_variance,2021-01-01,ETH-USD,0.1306717434389822
crypto_min_variance,2021-02-01,ETH-USD,0.0
crypto_min_variance,2021-03-01,ETH-USD,0.08715455260548358
crypto_min_variance,2021-04-01,ETH-USD,0.16525855341947018
crypto_min_variance,2021-05-01,ETH-USD,0.3
crypto_min_variance,2021-06-01,ETH-USD,0.3
crypto_min_variance,2021-07-01,ETH-USD,0.3
crypto_min_variance,2021-08-01,ETH-USD,0.3
crypto_min_variance,2021-09-01,ETH-USD,0.3
crypto_min_variance,2021-10-01,ETH-USD,0.29999999999997873
crypto_min_variance,2021-11-01,ETH-USD,0.2999999999959423
crypto_min_variance,2021-12-01,ETH-USD,0.29999999999986043
crypto_min_variance,2022-01-01,ETH-USD,0.3
crypto_min_variance,2022-02-01,ETH-USD,0.29999999999953586
crypto_min_variance,2022-03-01,ETH-USD,0.29999999999915966
crypto_min_variance,2022-04-01,ETH-USD,0.3
crypto_min_variance,2022-05-01,ETH-USD,0.28938818880484024
crypto_min_variance,2022-06-01,ETH-USD,0.25139637436279005
crypto_min_variance,2022-07-01,ETH-USD,0.14096559106043774
crypto_min_variance,2022-08-01,ETH-USD,0.11218510069817698
crypto_min_variance,2022-09-01,ETH-USD,0.002416950107859093
crypto_min_variance,2022-10-01,ETH-USD,0.038129446763769864
crypto_min_variance,2022-11-01,ETH-USD,0.001747357539947959
crypto_min_variance,2022-12-01,ETH-USD,2.8658120649127582e-15
crypto_min_variance,2023-01-01,ETH-USD,0.0
crypto_min_variance,2023-02-01,ETH-USD,0.0
crypto_min_variance,2023-03-01,ETH-USD,5.317865827621518e-16
crypto_min_variance,2023-04-01,ETH-USD,5.429072095174904e-16
crypto_min_variance,2023-05-01,ETH-USD,0.0
crypto_min_variance,2023-06-01,ETH-USD,0.0
crypto_min_variance,2023-07-01,ETH-USD,0.0
crypto_min_variance,2023-08-01,ETH-USD,0.19474907018175036
crypto_min_variance,2023-09-01,ETH-USD,0.29875966322358094
crypto_min_variance,2023-10-01,ETH-USD,0.2924653197611873
crypto_min_variance,2023-11-01,ETH-USD,0.2999999999999971
crypto_min_variance,2023-12-01,ETH-USD,0.2999999999999999
crypto_min_variance,2021-01-01,LTC-USD,0.09700773124001115
crypto_min_variance,2021-02-01,LTC-USD,0.048725506110737025
crypto_min_variance,2021-03-01,LTC-USD,0.07618786138238273
crypto_min_variance,2021-04-01,LTC-USD,0.08308289549493726
crypto_min_variance,2021-05-01,LTC-USD,0.0468078242126643
crypto_min_variance,2021-06-01,LTC-USD,0.07170294626152497
crypto_min_variance,2021-07-01,LTC-USD,0.08513725808903995
crypto_min_variance,2021-08-01,LTC-USD,0.08750211674123143
crypto_min_variance,2021-09-01,LTC-USD,0.08733501240663824
crypto_min_variance,2021-10-01,LTC-USD,0.08675026867389818
crypto_min_variance,2021-11-01,LTC-USD,0.07999078238022964
crypto_min_variance,2021-12-01,LTC-USD,0.057085778168627095
crypto_min_variance,2022-01-01,LTC-USD,0.05628413287700187
crypto_min_variance,2022-02-01,LTC-USD,0.034226007526471446
crypto_min_variance,2022-03-01,LTC-USD,3.3400188558779605e-16
crypto_min_variance,2022-04-01,LTC-USD,4.001566601945922e-15
crypto_min_variance,2022-05-01,LTC-USD,3.1325227142963816e-15
crypto_min_variance,2022-06-01,LTC-USD,0.0
crypto_min_variance,2022-07-01,LTC-USD,5.547742592360253e-15
crypto_min_variance,2022-08-01,LTC-USD,1.2179282020193111e-15
crypto_min_variance,2022-09-01,LTC-USD,2.173322274864859e-15
crypto_min_variance,2022-10-01,LTC-USD,3.4988177728275325e-14
crypto_min_variance,2022-11-01,LTC-USD,1.571010875125327e-14
crypto_min_variance,2022-12-01,LTC-USD,3.555357648429713e-15
crypto_min_variance,2023-01-01,LTC-USD,1.2364371644094561e-15
crypto_min_variance,2023-02-01,LTC-USD,0.005596714852000486
crypto_min_variance,2023-03-01,LTC-USD,0.0108393728495563
crypto_min_variance,2023-04-01,LTC-USD,0.015558346354300975
crypto_min_variance,2023-05-01,LTC-USD,7.527324806429288e-16
crypto_min_variance,2023-06-01,LTC-USD,0.02079077043103128
crypto_min_variance,2023-07-01,LTC-USD,0.029227062349129886
crypto_min_variance,2023-08-01,LTC-USD,0.040482841108163636
crypto_min_variance,2023-09-01,LTC-USD,5.150264356894279e-15
crypto_min_variance,2023-10-01,LTC-USD,0.0
crypto_min_variance,2023-11-01,LTC-USD,0.0
crypto_min_variance,2023-12-01,LTC-USD,9.959995890023833e-16
crypto_min_variance,2021-01-01,TRX-USD,0.22509162191144813
crypto_min_variance,2021-02-01,TRX-USD,0.2552043191258082
crypto_min_variance,2021-03-01,TRX-USD,0.2236818393872058
crypto_min_variance,2021-04-01,TRX-USD,0.17416867593543842
crypto_min_variance,2021-05-01,TRX-USD,0.12175069772274179
crypto_min_variance,2021-06-01,TRX-USD,0.16904424887615557
crypto_min_variance,2021-07-01,TRX-USD,0.17557935711439296
crypto_min_variance,2021-08-01,TRX-USD,0.1699647550912808
crypto_min_variance,2021-09-01,TRX-USD,0.19951064812947178
crypto_min_variance,2021-10-01,TRX-USD,0.16665976651597558
crypto_min_variance,2021-11-01,TRX-USD,0.16416747822276598
crypto_min_variance,2021-12-01,TRX-USD,0.14911182971774378
crypto_min_variance,2022-01-01,TRX-USD,0.139808186706375
crypto_min_variance,2022-02-01,TRX-USD,0.06602066256814845
crypto_min_variance,2022-03-01,TRX-USD,0.106580101824385
crypto_min_variance,2022-04-01,TRX-USD,0.18601766272550388
crypto_min_variance,2022-05-01,TRX-USD,0.2907052488892307
crypto_min_variance,2022-06-01,TRX-USD,0.26016343776401535
crypto_min_variance,2022-07-01,TRX-USD,0.3
crypto_min_variance,2022-08-01,TRX-USD,0.2999999999999954
crypto_min_variance,2022-09-01,TRX-USD,0.29999999999999677
crypto_min_variance,2022-10-01,TRX-USD,0.2999999999998471
crypto_min_variance,2022-11-01,TRX-USD,0.299999999999919
crypto_min_variance,2022-12-01,TRX-USD,0.2999999999999692
crypto_min_variance,2023-01-01,TRX-USD,0.3
crypto_min_variance,2023-02-01,TRX-USD,0.3
crypto_min_variance,2023-03-01,TRX-USD,0.2999999999999992
crypto_min_variance,2023-04-01,TRX-USD,0.3
crypto_min_variance,2023-05-01,TRX-USD,0.29999999999999993
crypto_min_variance,2023-06-01,TRX-USD,0.3
crypto_min_variance,2023-07-01,TRX-USD,0.3
crypto_min_variance,2023-08-01,TRX-USD,0.3
crypto_min_variance,2023-09-01,TRX-USD,0.2999999999999833
crypto_min_variance,2023-10-01,TRX-USD,0.3
crypto_min_variance,2023-11-01,TRX-USD,0.3
crypto_min_variance,2023-12-01,TRX-USD,0.29999999999999705
crypto_min_variance,2021-01-01,XLM-USD,0.04486006331881808
crypto_min_variance,2021-02-01,XLM-USD,3.3873381563843755e-14
crypto_min_variance,2021-03-01,XLM-USD,0.0
crypto_min_variance,2021-04-01,XLM-USD,3.2001296252254275e-15
crypto_min_variance,2021-05-01,XLM-USD,2.0499762831858362e-16
crypto_min_variance,2021-06-01,XLM-USD,0.0
crypto_min_variance,2021-07-01,XLM-USD,0.0
crypto_min_variance,2021-08-01,XLM-USD,3.385361652466501e-14
crypto_min_variance,2021-09-01,XLM-USD,0.0
crypto_min_variance,2021-10-01,XLM-USD,4.0050768794708835e-13
crypto_min_variance,2021-11-01,XLM-USD,3.389332248066584e-12
crypto_min_variance,2021-12-01,XLM-USD,0.0
crypto_min_variance,2022-01-01,XLM-USD,4.901498720785151e-14
crypto_min_variance,2022-02-01,XLM-USD,0.1375238440269964
crypto_min_variance,2022-03-01,XLM-USD,0.1194882928548976
crypto_min_variance,2022-04-01,XLM-USD,0.045289540925431665
crypto_min_variance,2022-05-01,XLM-USD,0.0658138093482426
crypto_min_variance,2022-06-01,XLM-USD,3.671721245461951e-15
crypto_min_variance,2022-07-01,XLM-USD,0.03742561322045912
crypto_min_variance,2022-08-01,XLM-USD,0.0774445066540849
crypto_min_variance,2022-09-01,XLM-USD,0.08070190904819823
crypto_min_variance,2022-10-01,XLM-USD,0.12168678094370043
crypto_min_variance,2022-11-01,XLM-USD,0.20390208661364945
crypto_min_variance,2022-12-01,XLM-USD,0.22806092501268807
crypto_min_variance,2023-01-01,XLM-USD,0.29999999999999855
crypto_min_variance,2023-02-01,XLM-USD,0.2999999999999976
crypto_min_variance,2023-03-01,XLM-USD,0.2894384060731442
crypto_min_variance,2023-04-01,XLM-USD,0.3
crypto_min_variance,2023-05-01,XLM-USD,0.2999999999999985
crypto_min_variance,2023-06-01,XLM-USD,0.2999999999999979
crypto_min_variance,2023-07-01,XLM-USD,0.2999999999999972
crypto_min_variance,2023-08-01,XLM-USD,0.059527799708100085
crypto_min_variance,2023-09-01,XLM-USD,0.020862886231582875
crypto_min_variance,2023-10-01,XLM-USD,0.020198043333429214
crypto_min_variance,2023-11-01,XLM-USD,0.010408257227822876
crypto_min_variance,2023-12-01,XLM-USD,0.02784607614140348
crypto_min_variance,2021-01-01,XRP-USD,0.038423206578780914
crypto_min_variance,2021-02-01,XRP-USD,0.04029419740573269
crypto_min_variance,2021-03-01,XRP-USD,0.07409535277509002
crypto_min_variance,2021-04-01,XRP-USD,0.06504437977834923
crypto_min_variance,2021-05-01,XRP-USD,0.01745270604461756
crypto_min_variance,2021-06-01,XRP-USD,0.023462263076750697
crypto_min_variance,2021-07-01,XRP-USD,0.012313920799133916
crypto_min_variance,2021-08-01,XRP-USD,0.010306203580707376
crypto_min_variance,2021-09-01,XRP-USD,0.0
crypto_min_variance,2021-10-01,XRP-USD,4.345564192373137e-14
crypto_min_variance,2021-11-01,XRP-USD,4.274866676516337e-12
crypto_min_variance,2021-12-01,XRP-USD,0.022284227658620405
crypto_min_variance,2022-01-01,XRP-USD,0.04688466577091048
crypto_min_variance,2022-02-01,XRP-USD,2.344670066830208e-13
crypto_min_variance,2022-03-01,XRP-USD,6.313696407441879e-13
crypto_min_variance,2022-04-01,XRP-USD,6.443017099662038e-15
crypto_min_variance,2022-05-01,XRP-USD,2.208923324352148e-15
crypto_min_variance,2022-06-01,XRP-USD,3.184958898020735e-15
crypto_min_variance,2022-07-01,XRP-USD,0.01425357697367587
crypto_min_variance,2022-08-01,XRP-USD,0.06541492798407693
crypto_min_variance,2022-09-01,XRP-USD,0.23947087800363806
crypto_min_variance,2022-10-01,XRP-USD,0.1833368388917501
crypto_min_variance,2022-11-01,XRP-USD,0.14118105430774067
crypto_min_variance,2022-12-01,XRP-USD,0.055607548213334974
crypto_min_variance,2023-01-01,XRP-USD,0.010787980322553651
crypto_min_variance,2023-02-01,XRP-USD,0.0130165014362543
crypto_min_variance,2023-03-01,XRP-USD,0.06834724367529335
crypto_min_variance,2023-04-01,XRP-USD,0.02495212445655654
crypto_min_variance,2023-05-01,XRP-USD,0.01609773050304411
crypto_min_variance,2023-06-01,XRP-USD,0.015427592621392351
crypto_min_variance,2023-07-01,XRP-USD,0.049693935966607594
crypto_min_variance,2023-08-01,XRP-USD,1.6336867235262037e-14
crypto_min_variance,2023-09-01,XRP-USD,0.0
crypto_min_variance,2023-10-01,XRP-USD,2.842629083200219e-15
crypto_min_variance,2023-11-01,XRP-USD,2.1908270011507247e-15
crypto_min_variance,2023-12-01,XRP-USD,0.0
crypto_max_sharpe,2021-01-01,ADA-USD,0.29999999999999993
crypto_max_sharpe,2021-02-01,ADA-USD,0.28279610494077745
crypto_max_sharpe,2021-03-01,ADA-USD,0.3
crypto_max_sharpe,2021-04-01,ADA-USD,0.3
crypto_max_sharpe,2021-05-01,ADA-USD,0.2999999999999998
crypto_max_sharpe,2021-06-01,ADA-USD,0.3
crypto_max_sharpe,2021-07-01,ADA-USD,0.3
crypto_max_sharpe,2021-08-01,ADA-USD,0.3
crypto_max_sharpe,2021-09-01,ADA-USD,0.3
crypto_max_sharpe,2021-10-01,ADA-USD,0.3
crypto_max_sharpe,2021-11-01,ADA-USD,0.3
crypto_max_sharpe,2021-12-01,ADA-USD,0.3
crypto_max_sharpe,2022-01-01,ADA-USD,0.3
crypto_max_sharpe,2022-02-01,ADA-USD,0.29999999999999993
crypto_max_sharpe,2022-03-01,ADA-USD,4.223971516881343e-17
crypto_max_sharpe,2022-04-01,ADA-USD,0.09999999999999958
crypto_max_sharpe,2022-05-01,ADA-USD,0.3
crypto_max_sharpe,2022-06-01,ADA-USD,1.5959455978986625e-16
crypto_max_sharpe,2022-07-01,ADA-USD,1.923883335362331e-16
crypto_max_sharpe,2022-08-01,ADA-USD,3.64081990315905e-17
crypto_max_sharpe,2022-09-01,ADA-USD,0.0
crypto_max_sharpe,2022-10-01,ADA-USD,0.0
crypto_max_sharpe,2022-11-01,ADA-USD,0.0
crypto_max_sharpe,2022-12-01,ADA-USD,2.45758342800369e-16
crypto_max_sharpe,2023-01-01,ADA-USD,0.0
crypto_max_sharpe,2023-02-01,ADA-USD,1.9469530576392434e-16
crypto_max_sharpe,2023-03-01,ADA-USD,0.0
crypto_max_sharpe,2023-04-01,ADA-USD,0.0
crypto_max_sharpe,2023-05-01,ADA-USD,0.0
crypto_max_sharpe,2023-06-01,ADA-USD,6.142001822728678e-17
crypto_max_sharpe,2023-07-01,ADA-USD,0.0
crypto_max_sharpe,2023-08-01,ADA-USD,0.0
crypto_max_sharpe,2023-09-01,ADA-USD,0.0
crypto_max_sharpe,2023-10-01,ADA-USD,0.0
crypto_max_sharpe,2023-11-01,ADA-USD,0.0
crypto_max_sharpe,2023-12-01,ADA-USD,3.126836072460504e-17
crypto_max_sharpe,2021-01-01,BCH-USD,3.995959025614268e-17
crypto_max_sharpe,2021-02-01,BCH-USD,0.0
crypto_max_sharpe,2021-03-01,BCH-USD,0.0
crypto_max_sharpe,2021-04-01,BCH-USD,1.1167918133754285e-16
crypto_max_sharpe,2021-05-01,BCH-USD,1.3652677345193893e-16
crypto_max_sharpe,2021-06-01,BCH-USD,0.0
crypto_max_sharpe,2021-07-01,BCH-USD,3.118427456176104e-17
crypto_max_sharpe,2021-08-01,BCH-USD,1.232459311151567e-16
crypto_max_sharpe,2021-09-01,BCH-USD,4.639113981952524e-17
crypto_max_sharpe,2021-10-01,BCH-USD,0.0
crypto_max_sharpe,2021-11-01,BCH-USD,0.0
crypto_max_sharpe,2021-12-01,BCH-USD,0.0
crypto_max_sharpe,2022-01-01,BCH-USD,0.0
crypto_max_sharpe,2022-02-01,BCH-USD,9.243182612303801e-17
crypto_max_sharpe,2022-03-01,BCH-USD,4.124359149082113e-17
crypto_max_sharpe,2022-04-01,BCH-USD,1.0180658399638887e-16
crypto_max_sharpe,2022-05-01,BCH-USD,5.160802341031001e-17
crypto_max_sharpe,2022-06-01,BCH-USD,0.0
crypto_max_sharpe,2022-07-01,BCH-USD,5.261222523019706e-16
crypto_max_sharpe,2022-08-01,BCH-USD,5.194075138842816e-17
crypto_max_sharpe,2022-09-01,BCH-USD,0.0
crypto_max_sharpe,2022-10-01,BCH-USD,5.25370872347712e-17
crypto_max_sharpe,2022-11-01,BCH-USD,5.430056101393751e-17
crypto_max_sharpe,2022-12-01,BCH-USD,2.0936064553610264e-16
crypto_max_sharpe,2023-01-01,BCH-USD,0.0
crypto_max_sharpe,2023-02-01,BCH-USD,1.0076629565700725e-16
crypto_max_sharpe,2023-03-01,BCH-USD,0.0
crypto_max_sharpe,2023-04-01,BCH-USD,0.0
crypto_max_sharpe,2023-05-01,BCH-USD,0.0
crypto_max_sharpe,2023-06-01,BCH-USD,2.3800356815686754e-16
crypto_max_sharpe,2023-07-01,BCH-USD,0.3
crypto_max_sharpe,2023-08-01,BCH-USD,0.3
crypto_max_sharpe,2023-09-01,BCH-USD,0.2999999999999999
crypto_max_sharpe,2023-10-01,BCH-USD,0.3
crypto_max_sharpe,2023-11-01,BCH-USD,0.3
crypto_max_sharpe,2023-12-01,BCH-USD,0.2039143482346931
crypto_max_sharpe,2021-01-01,BTC-USD,0.29999999999999993
crypto_max_sharpe,2021-02-01,BTC-USD,0.3
crypto_max_sharpe,2021-03-01,BTC-USD,0.3
crypto_max_sharpe,2021-04-01,BTC-USD,0.29999999999999993
crypto_max_sharpe,2021-05-01,BTC-USD,0.3
crypto_max_sharpe,2021-06-01,BTC-USD,0.2192013393358995
crypto_max_sharpe,2021-07-01,BTC-USD,0.21611151670389714
crypto_max_sharpe,2021-08-01,BTC-USD,0.24896896471951177
crypto_max_sharpe,2021-09-01,BTC-USD,0.284781488806807
crypto_max_sharpe,2021-10-01,BTC-USD,0.25999079318696844
crypto_max_sharpe,2021-11-01,BTC-USD,0.25577138130943355
crypto_max_sharpe,2021-12-01,BTC-USD,0.16877722829926556
crypto_max_sharpe,2022-01-01,BTC-USD,1.9623473539069707e-16
crypto_max_sharpe,2022-02-01,BTC-USD,0.0
crypto_max_sharpe,2022-03-01,BTC-USD,0.0
crypto_max_sharpe,2022-04-01,BTC-USD,0.0
crypto_max_sharpe,2022-05-01,BTC-USD,0.0999999999999999
crypto_max_sharpe,2022-06-01,BTC-USD,0.3
crypto_max_sharpe,2022-07-01,BTC-USD,0.29999999999999727
crypto_max_sharpe,2022-08-01,BTC-USD,0.0
crypto_max_sharpe,2022-09-01,BTC-USD,0.10000000000000034
crypto_max_sharpe,2022-10-01,BTC-USD,0.0
crypto_max_sharpe,2022-11-01,BTC-USD,0.0
crypto_max_sharpe,2022-12-01,BTC-USD,6.639694476341514e-17
crypto_max_sharpe,2023-01-01,BTC-USD,0.0
crypto_max_sharpe,2023-02-01,BTC-USD,3.820663079791415e-17
crypto_max_sharpe,2023-03-01,BTC-USD,0.0
crypto_max_sharpe,2023-04-01,BTC-USD,0.0
crypto_max_sharpe,2023-05-01,BTC-USD,0.0
crypto_max_sharpe,2023-06-01,BTC-USD,3.5361710455698927e-16
crypto_max_sharpe,2023-07-01,BTC-USD,0.1557314791495908
crypto_max_sharpe,2023-08-01,BTC-USD,0.0588414953642923
crypto_max_sharpe,2023-09-01,BTC-USD,0.19718823427518145
crypto_max_sharpe,2023-10-01,BTC-USD,0.3
crypto_max_sharpe,2023-11-01,BTC-USD,0.3
crypto_max_sharpe,2023-12-01,BTC-USD,0.3
crypto_max_sharpe,2021-01-01,EOS-USD,5.746975442531605e-17
crypto_max_sharpe,2021-02-01,EOS-USD,1.2793585635328952e-17
crypto_max_sharpe,2021-03-01,EOS-USD,0.0
crypto_max_sharpe,2021-04-01,EOS-USD,0.0
crypto_max_sharpe,2021-05-01,EOS-USD,0.0
crypto_max_sharpe,2021-06-01,EOS-USD,0.0
crypto_max_sharpe,2021-07-01,EOS-USD,3.3410286772522027e-17
crypto_max_sharpe,2021-08-01,EOS-USD,0.0
crypto_max_sharpe,2021-09-01,EOS-USD,0.0
crypto_max_sharpe,2021-10-01,EOS-USD,5.606174859536329e-17
crypto_max_sharpe,2021-11-01,EOS-USD,0.0
crypto_max_sharpe,2021-12-01,EOS-USD,3.172093369481106e-17
crypto_max_sharpe,2022-01-01,EOS-USD,0.0
crypto_max_sharpe,2022-02-01,EOS-USD,3.0205172992661196e-17
crypto_max_sharpe,2022-03-01,EOS-USD,8.335224621998228e-17
crypto_max_sharpe,2022-04-01,EOS-USD,0.0
crypto_max_sharpe,2022-05-01,EOS-USD,0.0
crypto_max_sharpe,2022-06-01,EOS-USD,8.721718788765175e-17
crypto_max_sharpe,2022-07-01,EOS-USD,2.176800975540904e-16
crypto_max_sharpe,2022-08-01,EOS-USD,2.5828121939569064e-17
crypto_max_sharpe,2022-09-01,EOS-USD,2.87028953910096e-16
crypto_max_sharpe,2022-10-01,EOS-USD,2.222085916855302e-16
crypto_max_sharpe,2022-11-01,EOS-USD,3.3643826615961644e-17
crypto_max_sharpe,2022-12-01,EOS-USD,2.8812734009821574e-16
crypto_max_sharpe,2023-01-01,EOS-USD,0.0
crypto_max_sharpe,2023-02-01,EOS-USD,8.85432118728891e-17
crypto_max_sharpe,2023-03-01,EOS-USD,0.049688269802273935
crypto_max_sharpe,2023-04-01,EOS-USD,0.0
crypto_max_sharpe,2023-05-01,EOS-USD,0.0
crypto_max_sharpe,2023-06-01,EOS-USD,7.584933408956568e-17
crypto_max_sharpe,2023-07-01,EOS-USD,0.0
crypto_max_sharpe,2023-08-01,EOS-USD,2.0954348544592274e-17
crypto_max_sharpe,2023-09-01,EOS-USD,8.788700546617805e-17
crypto_max_sharpe,2023-10-01,EOS-USD,0.0
crypto_max_sharpe,2023-11-01,EOS-USD,0.0
crypto_max_sharpe,2023-12-01,EOS-USD,8.661681472061683e-17
crypto_max_sharpe,2021-01-01,ETC-USD,1.3776337191971173e-16
crypto_max_sharpe,2021-02-01,ETC-USD,0.0
crypto_max_sharpe,2021-03-01,ETC-USD,0.0
crypto_max_sharpe,2021-04-01,ETC-USD,0.0
crypto_max_sharpe,2021-05-01,ETC-USD,0.0
crypto_max_sharpe,2021-06-01,ETC-USD,0.1405107328606603
crypto_max_sharpe,2021-07-01,ETC-USD,0.1727913314001354
crypto_max_sharpe,2021-08-01,ETC-USD,0.15089993795182183
crypto_max_sharpe,2021-09-01,ETC-USD,0.16678107931457786
crypto_max_sharpe,2021-10-01,ETC-USD,0.13079027055215042
crypto_max_sharpe,2021-11-01,ETC-USD,0.1318697562554433
crypto_max_sharpe,2021-12-01,ETC-USD,0.2312227717007349
crypto_max_sharpe,2022-01-01,ETC-USD,0.24815607429225478
crypto_max_sharpe,2022-02-01,ETC-USD,0.29999999999999993
crypto_max_sharpe,2022-03-01,ETC-USD,0.2999999999999999
crypto_max_sharpe,2022-04-01,ETC-USD,0.3
crypto_max_sharpe,2022-05-01,ETC-USD,0.3
crypto_max_sharpe,2022-06-01,ETC-USD,0.0
crypto_max_sharpe,2022-07-01,ETC-USD,2.9965678702536005e-16
crypto_max_sharpe,2022-08-01,ETC-USD,0.29999999999999993
crypto_max_sharpe,2022-09-01,ETC-USD,0.3
crypto_max_sharpe,2022-10-01,ETC-USD,0.2999999999999997
crypto_max_sharpe,2022-11-01,ETC-USD,0.3
crypto_max_sharpe,2022-12-01,ETC-USD,0.2999999999999994
crypto_max_sharpe,2023-01-01,ETC-USD,0.3
crypto_max_sharpe,2023-02-01,ETC-USD,0.29999999999999977
crypto_max_sharpe,2023-03-01,ETC-USD,0.3
crypto_max_sharpe,2023-04-01,ETC-USD,0.10000000000000034
crypto_max_sharpe,2023-05-01,ETC-USD,0.2999999999999998
crypto_max_sharpe,2023-06-01,ETC-USD,1.2708646774918603e-16
crypto_max_sharpe,2023-07-01,ETC-USD,0.0
crypto_max_sharpe,2023-08-01,ETC-USD,2.9855820226607685e-17
crypto_max_sharpe,2023-09-01,ETC-USD,0.0
crypto_max_sharpe,2023-10-01,ETC-USD,0.0
crypto_max_sharpe,2023-11-01,ETC-USD,0.0
crypto_max_sharpe,2023-12-01,ETC-USD,0.0
crypto_max_sharpe,2021-01-01,ETH-USD,0.2999999999999997
crypto_max_sharpe,2021-02-01,ETH-USD,0.3
crypto_max_sharpe,2021-03-01,ETH-USD,0.2944982303479418
crypto_max_sharpe,2021-04-01,ETH-USD,0.26531377427287
crypto_max_sharpe,2021-05-01,ETH-USD,0.26120273662273896
crypto_max_sharpe,2021-06-01,ETH-USD,0.3
crypto_max_sharpe,2021-07-01,ETH-USD,0.29999999999999993
crypto_max_sharpe,2021-08-01,ETH-USD,0.29999999999999993
crypto_max_sharpe,2021-09-01,ETH-USD,0.23010737877092208
crypto_max_sharpe,2021-10-01,ETH-USD,0.3
crypto_max_sharpe,2021-11-01,ETH-USD,0.29999999999999993
crypto_max_sharpe,2021-12-01,ETH-USD,0.3
crypto_max_sharpe,2022-01-01,ETH-USD,0.3
crypto_max_sharpe,2022-02-01,ETH-USD,0.29999999999999993
crypto_max_sharpe,2022-03-01,ETH-USD,0.2999999999999999
crypto_max_sharpe,2022-04-01,ETH-USD,0.3
crypto_max_sharpe,2022-05-01,ETH-USD,0.3
crypto_max_sharpe,2022-06-01,ETH-USD,0.3
crypto_max_sharpe,2022-07-01,ETH-USD,0.10000000000000273
crypto_max_sharpe,2022-08-01,ETH-USD,0.3
crypto_max_sharpe,2022-09-01,ETH-USD,0.2999999999999992
crypto_max_sharpe,2022-10-01,ETH-USD,0.10000000000000042
crypto_max_sharpe,2022-11-01,ETH-USD,0.10000000000000026
crypto_max_sharpe,2022-12-01,ETH-USD,2.8974565454899803e-16
crypto_max_sharpe,2023-01-01,ETH-USD,0.0
crypto_max_sharpe,2023-02-01,ETH-USD,1.682681771697503e-16
crypto_max_sharpe,2023-03-01,ETH-USD,0.050311730197726265
crypto_max_sharpe,2023-04-01,ETH-USD,3.135598783448649e-16
crypto_max_sharpe,2023-05-01,ETH-USD,0.0
crypto_max_sharpe,2023-06-01,ETH-USD,0.3
crypto_max_sharpe,2023-07-01,ETH-USD,0.22130914603438331
crypto_max_sharpe,2023-08-01,ETH-USD,1.1294327970127614e-17
crypto_max_sharpe,2023-09-01,ETH-USD,5.649146963900166e-17
crypto_max_sharpe,2023-10-01,ETH-USD,0.038514403784721485
crypto_max_sharpe,2023-11-01,ETH-USD,0.0
crypto_max_sharpe,2023-12-01,ETH-USD,0.1310837490212496
crypto_max_sharpe,2021-01-01,LTC-USD,0.0008680624977256031
crypto_max_sharpe,2021-02-01,LTC-USD,0.0
crypto_max_sharpe,2021-03-01,LTC-USD,0.0
crypto_max_sharpe,2021-04-01,LTC-USD,4.2951281259186234e-17
crypto_max_sharpe,2021-05-01,LTC-USD,2.5179955477553597e-17
crypto_max_sharpe,2021-06-01,LTC-USD,0.0
crypto_max_sharpe,2021-07-01,LTC-USD,0.0
crypto_max_sharpe,2021-08-01,LTC-USD,0.0
crypto_max_sharpe,2021-09-01,LTC-USD,0.0
crypto_max_sharpe,2021-10-01,LTC-USD,0.0
crypto_max_sharpe,2021-11-01,LTC-USD,2.5776909445405508e-17
crypto_max_sharpe,2021-12-01,LTC-USD,0.0
crypto_max_sharpe,2022-01-01,LTC-USD,0.0
crypto_max_sharpe,2022-02-01,LTC-USD,0.0
crypto_max_sharpe,2022-03-01,LTC-USD,5.753848081812884e-18
crypto_max_sharpe,2022-04-01,LTC-USD,0.0
crypto_max_sharpe,2022-05-01,LTC-USD,1.0842021724855044e-17
crypto_max_sharpe,2022-06-01,LTC-USD,8.895191136362856e-17
crypto_max_sharpe,2022-07-01,LTC-USD,1.5031386961820016e-16
crypto_max_sharpe,2022-08-01,LTC-USD,5.0128706698352965e-17
crypto_max_sharpe,2022-09-01,LTC-USD,2.706168622523819e-16
crypto_max_sharpe,2022-10-01,LTC-USD,2.904942070692371e-16
crypto_max_sharpe,2022-11-01,LTC-USD,0.0
crypto_max_sharpe,2022-12-01,LTC-USD,0.10000000000000338
crypto_max_sharpe,2023-01-01,LTC-USD,0.3
crypto_max_sharpe,2023-02-01,LTC-USD,0.2999999999999997
crypto_max_sharpe,2023-03-01,LTC-USD,0.3
crypto_max_sharpe,2023-04-01,LTC-USD,0.3
crypto_max_sharpe,2023-05-01,LTC-USD,0.3
crypto_max_sharpe,2023-06-01,LTC-USD,0.2999999999999997
crypto_max_sharpe,2023-07-01,LTC-USD,0.29999999999999977
crypto_max_sharpe,2023-08-01,LTC-USD,0.2999999999999999
crypto_max_sharpe,2023-09-01,LTC-USD,2.467009727456505e-16
crypto_max_sharpe,2023-10-01,LTC-USD,0.0033635932255932804
crypto_max_sharpe,2023-11-01,LTC-USD,1.491862189340054e-16
crypto_max_sharpe,2023-12-01,LTC-USD,0.0
crypto_max_sharpe,2021-01-01,TRX-USD,9.122985833660972e-18
crypto_max_sharpe,2021-02-01,TRX-USD,0.0
crypto_max_sharpe,2021-03-01,TRX-USD,0.0
crypto_max_sharpe,2021-04-01,TRX-USD,0.1346862257271301
crypto_max_sharpe,2021-05-01,TRX-USD,0.09248868911638598
crypto_max_sharpe,2021-06-01,TRX-USD,0.0
crypto_max_sharpe,2021-07-01,TRX-USD,0.0
crypto_max_sharpe,2021-08-01,TRX-USD,1.1694357364948625e-17
crypto_max_sharpe,2021-09-01,TRX-USD,0.0
crypto_max_sharpe,2021-10-01,TRX-USD,0.0
crypto_max_sharpe,2021-11-01,TRX-USD,1.3598799736549244e-16
crypto_max_sharpe,2021-12-01,TRX-USD,1.3952597575956136e-17
crypto_max_sharpe,2022-01-01,TRX-USD,0.0
crypto_max_sharpe,2022-02-01,TRX-USD,0.10000000000000017
crypto_max_sharpe,2022-03-01,TRX-USD,0.10000000000000006
crypto_max_sharpe,2022-04-01,TRX-USD,0.0
crypto_max_sharpe,2022-05-01,TRX-USD,4.0332320816460765e-17
crypto_max_sharpe,2022-06-01,TRX-USD,0.3
crypto_max_sharpe,2022-07-01,TRX-USD,0.29999999999999893
crypto_max_sharpe,2022-08-01,TRX-USD,0.2999999999999999
crypto_max_sharpe,2022-09-01,TRX-USD,0.3
crypto_max_sharpe,2022-10-01,TRX-USD,0.29999999999999954
crypto_max_sharpe,2022-11-01,TRX-USD,0.29999999999999993
crypto_max_sharpe,2022-12-01,TRX-USD,0.2999999999999967
crypto_max_sharpe,2023-01-01,TRX-USD,0.29999999999999993
crypto_max_sharpe,2023-02-01,TRX-USD,0.29999999999999993
crypto_max_sharpe,2023-03-01,TRX-USD,0.3
crypto_max_sharpe,2023-04-01,TRX-USD,0.3
crypto_max_sharpe,2023-05-01,TRX-USD,0.3
crypto_max_sharpe,2023-06-01,TRX-USD,0.09999999999999942
crypto_max_sharpe,2023-07-01,TRX-USD,1.6741990464824158e-16
crypto_max_sharpe,2023-08-01,TRX-USD,0.04115850463570772
crypto_max_sharpe,2023-09-01,TRX-USD,0.21960673538066258
crypto_max_sharpe,2023-10-01,TRX-USD,0.3
crypto_max_sharpe,2023-11-01,TRX-USD,0.3
crypto_max_sharpe,2023-12-01,TRX-USD,0.3
crypto_max_sharpe,2021-01-01,XLM-USD,0.09913193750227439
crypto_max_sharpe,2021-02-01,XLM-USD,0.1172038950592228
crypto_max_sharpe,2021-03-01,XLM-USD,0.10550176965205826
crypto_max_sharpe,2021-04-01,XLM-USD,1.7986471830297857e-17
crypto_max_sharpe,2021-05-01,XLM-USD,5.4390843345665026e-17
crypto_max_sharpe,2021-06-01,XLM-USD,0.0
crypto_max_sharpe,2021-07-01,XLM-USD,0.0
crypto_max_sharpe,2021-08-01,XLM-USD,1.0949217114360328e-16
crypto_max_sharpe,2021-09-01,XLM-USD,0.0
crypto_max_sharpe,2021-10-01,XLM-USD,0.0
crypto_max_sharpe,2021-11-01,XLM-USD,7.879060904249856e-17
crypto_max_sharpe,2021-12-01,XLM-USD,0.0
crypto_max_sharpe,2022-01-01,XLM-USD,0.0
crypto_max_sharpe,2022-02-01,XLM-USD,1.0858015300310633e-16
crypto_max_sharpe,2022-03-01,XLM-USD,2.850820973595097e-17
crypto_max_sharpe,2022-04-01,XLM-USD,0.0
crypto_max_sharpe,2022-05-01,XLM-USD,0.0
crypto_max_sharpe,2022-06-01,XLM-USD,0.0
crypto_max_sharpe,2022-07-01,XLM-USD,6.628975842054214e-16
crypto_max_sharpe,2022-08-01,XLM-USD,2.943925579224325e-17
crypto_max_sharpe,2022-09-01,XLM-USD,9.802832179002806e-17
crypto_max_sharpe,2022-10-01,XLM-USD,3.1178944386019113e-16
crypto_max_sharpe,2022-11-01,XLM-USD,5.049249629912201e-17
crypto_max_sharpe,2022-12-01,XLM-USD,3.882592870222132e-16
crypto_max_sharpe,2023-01-01,XLM-USD,0.0
crypto_max_sharpe,2023-02-01,XLM-USD,8.213435816309187e-17
crypto_max_sharpe,2023-03-01,XLM-USD,0.0
crypto_max_sharpe,2023-04-01,XLM-USD,0.0
crypto_max_sharpe,2023-05-01,XLM-USD,0.0
crypto_max_sharpe,2023-06-01,XLM-USD,1.329303095689506e-16
crypto_max_sharpe,2023-07-01,XLM-USD,6.591618584327128e-18
crypto_max_sharpe,2023-08-01,XLM-USD,8.698229213079981e-17
crypto_max_sharpe,2023-09-01,XLM-USD,1.6904367216832566e-16
crypto_max_sharpe,2023-10-01,XLM-USD,0.0
crypto_max_sharpe,2023-11-01,XLM-USD,0.0
crypto_max_sharpe,2023-12-01,XLM-USD,1.3369975180500026e-16
crypto_max_sharpe,2021-01-01,XRP-USD,1.3722588610004959e-16
crypto_max_sharpe,2021-02-01,XRP-USD,0.0
crypto_max_sharpe,2021-03-01,XRP-USD,8.810992563326027e-18
crypto_max_sharpe,2021-04-01,XRP-USD,1.3402043592348128e-17
crypto_max_sharpe,2021-05-01,XRP-USD,0.046308574260875056
crypto_max_sharpe,2021-06-01,XRP-USD,0.040287927803440614
crypto_max_sharpe,2021-07-01,XRP-USD,0.011097151895967581
crypto_max_sharpe,2021-08-01,XRP-USD,0.0001310973286663174
crypto_max_sharpe,2021-09-01,XRP-USD,0.018330053107693246
crypto_max_sharpe,2021-10-01,XRP-USD,0.009218936260881598
crypto_max_sharpe,2021-11-01,XRP-USD,0.012358862435123047
crypto_max_sharpe,2021-12-01,XRP-USD,0.0
crypto_max_sharpe,2022-01-01,XRP-USD,0.15184392570774516
crypto_max_sharpe,2022-02-01,XRP-USD,0.0
crypto_max_sharpe,2022-03-01,XRP-USD,0.2999999999999998
crypto_max_sharpe,2022-04-01,XRP-USD,0.3
crypto_max_sharpe,2022-05-01,XRP-USD,0.0
crypto_max_sharpe,2022-06-01,XRP-USD,0.09999999999999964
crypto_max_sharpe,2022-07-01,XRP-USD,0.29999999999999905
crypto_max_sharpe,2022-08-01,XRP-USD,0.10000000000000003
crypto_max_sharpe,2022-09-01,XRP-USD,0.0
crypto_max_sharpe,2022-10-01,XRP-USD,0.29999999999999966
crypto_max_sharpe,2022-11-01,XRP-USD,0.2999999999999996
crypto_max_sharpe,2022-12-01,XRP-USD,0.29999999999999905
crypto_max_sharpe,2023-01-01,XRP-USD,0.10000000000000003
crypto_max_sharpe,2023-02-01,XRP-USD,0.09999999999999992
crypto_max_sharpe,2023-03-01,XRP-USD,0.0
crypto_max_sharpe,2023-04-01,XRP-USD,0.29999999999999966
crypto_max_sharpe,2023-05-01,XRP-USD,0.1000000000000008
crypto_max_sharpe,2023-06-01,XRP-USD,0.29999999999999993
crypto_max_sharpe,2023-07-01,XRP-USD,0.02295937481602605
crypto_max_sharpe,2023-08-01,XRP-USD,0.3
crypto_max_sharpe,2023-09-01,XRP-USD,0.2832050303441558
crypto_max_sharpe,2023-10-01,XRP-USD,0.05812200298968382
crypto_max_sharpe,2023-11-01,XRP-USD,0.10000000000000049
crypto_max_sharpe,2023-12-01,XRP-USD,0.06500190274405711
crypto_equal_weight,2021-01-01,ADA-USD,0.1
crypto_equal_weight,2021-02-01,ADA-USD,0.1
crypto_equal_weight,2021-03-01,ADA-USD,0.1
crypto_equal_weight,2021-04-01,ADA-USD,0.1
crypto_equal_weight,2021-05-01,ADA-USD,0.1
crypto_equal_weight,2021-06-01,ADA-USD,0.1
crypto_equal_weight,2021-07-01,ADA-USD,0.1
crypto_equal_weight,2021-08-01,ADA-USD,0.1
crypto_equal_weight,2021-09-01,ADA-USD,0.1
crypto_equal_weight,2021-10-01,ADA-USD,0.1
crypto_equal_weight,2021-11-01,ADA-USD,0.1
crypto_equal_weight,2021-12-01,ADA-USD,0.1
crypto_equal_weight,2022-01-01,ADA-USD,0.1
crypto_equal_weight,2022-02-01,ADA-USD,0.1
crypto_equal_weight,2022-03-01,ADA-USD,0.1
crypto_equal_weight,2022-04-01,ADA-USD,0.1
crypto_equal_weight,2022-05-01,ADA-USD,0.1
crypto_equal_weight,2022-06-01,ADA-USD,0.1
crypto_equal_weight,2022-07-01,ADA-USD,0.1
crypto_equal_weight,2022-08-01,ADA-USD,0.1
crypto_equal_weight,2022-09-01,ADA-USD,0.1
crypto_equal_weight,2022-10-01,ADA-USD,0.1
crypto_equal_weight,2022-11-01,ADA-USD,0.1
crypto_equal_weight,2022-12-01,ADA-USD,0.1
crypto_equal_weight,2023-01-01,ADA-USD,0.1
crypto_equal_weight,2023-02-01,ADA-USD,0.1
crypto_equal_weight,2023-03-01,ADA-USD,0.1
crypto_equal_weight,2023-04-01,ADA-USD,0.1
crypto_equal_weight,2023-05-01,ADA-USD,0.1
crypto_equal_weight,2023-06-01,ADA-USD,0.1
crypto_equal_weight,2023-07-01,ADA-USD,0.1
crypto_equal_weight,2023-08-01,ADA-USD,0.1
crypto_equal_weight,2023-09-01,ADA-USD,0.1
crypto_equal_weight,2023-10-01,ADA-USD,0.1
crypto_equal_weight,2023-11-01,ADA-USD,0.1
crypto_equal_weight,2023-12-01,ADA-USD,0.1
crypto_equal_weight,2021-01-01,BCH-USD,0.1
crypto_equal_weight,2021-02-01,BCH-USD,0.1
crypto_equal_weight,2021-03-01,BCH-USD,0.1
crypto_equal_weight,2021-04-01,BCH-USD,0.1
crypto_equal_weight,2021-05-01,BCH-USD,0.1
crypto_equal_weight,2021-06-01,BCH-USD,0.1
crypto_equal_weight,2021-07-01,BCH-USD,0.1
crypto_equal_weight,2021-08-01,BCH-USD,0.1
crypto_equal_weight,2021-09-01,BCH-USD,0.1
crypto_equal_weight,2021-10-01,BCH-USD,0.1
crypto_equal_weight,2021-11-01,BCH-USD,0.1
crypto_equal_weight,2021-12-01,BCH-USD,0.1
crypto_equal_weight,2022-01-01,BCH-USD,0.1
crypto_equal_weight,2022-02-01,BCH-USD,0.1
crypto_equal_weight,2022-03-01,BCH-USD,0.1
crypto_equal_weight,2022-04-01,BCH-USD,0.1
crypto_equal_weight,2022-05-01,BCH-USD,0.1
crypto_equal_weight,2022-06-01,BCH-USD,0.1
crypto_equal_weight,2022-07-01,BCH-USD,0.1
crypto_equal_weight,2022-08-01,BCH-USD,0.1
crypto_equal_weight,2022-09-01,BCH-USD,0.1
crypto_equal_weight,2022-10-01,BCH-USD,0.1
crypto_equal_weight,2022-11-01,BCH-USD,0.1
crypto_equal_weight,2022-12-01,BCH-USD,0.1
crypto_equal_weight,2023-01-01,BCH-USD,0.1
crypto_equal_weight,2023-02-01,BCH-USD,0.1
crypto_equal_weight,2023-03-01,BCH-USD,0.1
crypto_equal_weight,2023-04-01,BCH-USD,0.1
crypto_equal_weight,2023-05-01,BCH-USD,0.1
crypto_equal_weight,2023-06-01,BCH-USD,0.1
crypto_equal_weight,2023-07-01,BCH-USD,0.1
crypto_equal_weight,2023-08-01,BCH-USD,0.1
crypto_equal_weight,2023-09-01,BCH-USD,0.1
crypto_equal_weight,2023-10-01,BCH-USD,0.1
crypto_equal_weight,2023-11-01,BCH-USD,0.1
crypto_equal_weight,2023-12-01,BCH-USD,0.1
crypto_equal_weight,2021-01-01,BTC-USD,0.1
crypto_equal_weight,2021-02-01,BTC-USD,0.1
crypto_equal_weight,2021-03-01,BTC-USD,0.1
crypto_equal_weight,2021-04-01,BTC-USD,0.1
crypto_equal_weight,2021-05-01,BTC-USD,0.1
crypto_equal_weight,2021-06-01,BTC-USD,0.1
crypto_equal_weight,2021-07-01,BTC-USD,0.1
crypto_equal_weight,2021-08-01,BTC-USD,0.1
crypto_equal_weight,2021-09-01,BTC-USD,0.1
crypto_equal_weight,2021-10-01,BTC-USD,0.1
crypto_equal_weight,2021-11-01,BTC-USD,0.1
crypto_equal_weight,2021-12-01,BTC-USD,0.1
crypto_equal_weight,2022-01-01,BTC-USD,0.1
crypto_equal_weight,2022-02-01,BTC-USD,0.1
crypto_equal_weight,2022-03-01,BTC-USD,0.1
crypto_equal_weight,2022-04-01,BTC-USD,0.1
crypto_equal_weight,2022-05-01,BTC-USD,0.1
crypto_equal_weight,2022-06-01,BTC-USD,0.1
crypto_equal_weight,2022-07-01,BTC-USD,0.1
crypto_equal_weight,2022-08-01,BTC-USD,0.1
crypto_equal_weight,2022-09-01,BTC-USD,0.1
crypto_equal_weight,2022-10-01,BTC-USD,0.1
crypto_equal_weight,2022-11-01,BTC-USD,0.1
crypto_equal_weight,2022-12-01,BTC-USD,0.1
crypto_equal_weight,2023-01-01,BTC-USD,0.1
crypto_equal_weight,2023-02-01,BTC-USD,0.1
crypto_equal_weight,2023-03-01,BTC-USD,0.1
crypto_equal_weight,2023-04-01,BTC-USD,0.1
crypto_equal_weight,2023-05-01,BTC-USD,0.1
crypto_equal_weight,2023-06-01,BTC-USD,0.1
crypto_equal_weight,2023-07-01,BTC-USD,0.1
crypto_equal_weight,2023-08-01,BTC-USD,0.1
crypto_equal_weight,2023-09-01,BTC-USD,0.1
crypto_equal_weight,2023-10-01,BTC-USD,0.1
crypto_equal_weight,2023-11-01,BTC-USD,0.1
crypto_equal_weight,2023-12-01,BTC-USD,0.1
crypto_equal_weight,2021-01-01,EOS-USD,0.1
crypto_equal_weight,2021-02-01,EOS-USD,0.1
crypto_equal_weight,2021-03-01,EOS-USD,0.1
crypto_equal_weight,2021-04-01,EOS-USD,0.1
crypto_equal_weight,2021-05-01,EOS-USD,0.1
crypto_equal_weight,2021-06-01,EOS-USD,0.1
crypto_equal_weight,2021-07-01,EOS-USD,0.1
crypto_equal_weight,2021-08-01,EOS-USD,0.1
crypto_equal_weight,2021-09-01,EOS-USD,0.1
crypto_equal_weight,2021-10-01,EOS-USD,0.1
crypto_equal_weight,2021-11-01,EOS-USD,0.1
crypto_equal_weight,2021-12-01,EOS-USD,0.1
crypto_equal_weight,2022-01-01,EOS-USD,0.1
crypto_equal_weight,2022-02-01,EOS-USD,0.1
crypto_equal_weight,2022-03-01,EOS-USD,0.1
crypto_equal_weight,2022-04-01,EOS-USD,0.1
crypto_equal_weight,2022-05-01,EOS-USD,0.1
crypto_equal_weight,2022-06-01,EOS-USD,0.1
crypto_equal_weight,2022-07-01,EOS-USD,0.1
crypto_equal_weight,2022-08-01,EOS-USD,0.1
crypto_equal_weight,2022-09-01,EOS-USD,0.1
crypto_equal_weight,2022-10-01,EOS-USD,0.1
crypto_equal_weight,2022-11-01,EOS-USD,0.1
crypto_equal_weight,2022-12-01,EOS-USD,0.1
crypto_equal_weight,2023-01-01,EOS-USD,0.1
crypto_equal_weight,2023-02-01,EOS-USD,0.1
crypto_equal_weight,2023-03-01,EOS-USD,0.1
crypto_equal_weight,2023-04-01,EOS-USD,0.1
crypto_equal_weight,2023-05-01,EOS-USD,0.1
crypto_equal_weight,2023-06-01,EOS-USD,0.1
crypto_equal_weight,2023-07-01,EOS-USD,0.1
crypto_equal_weight,2023-08-01,EOS-USD,0.1
crypto_equal_weight,2023-09-01,EOS-USD,0.1
crypto_equal_weight,2023-10-01,EOS-USD,0.1
crypto_equal_weight,2023-11-01,EOS-USD,0.1
crypto_equal_weight,2023-12-01,EOS-USD,0.1
crypto_equal_weight,2021-01-01,ETC-USD,0.1
crypto_equal_weight,2021-02-01,ETC-USD,0.1
crypto_equal_weight,2021-03-01,ETC-USD,0.1
crypto_equal_weight,2021-04-01,ETC-USD,0.1
crypto_equal_weight,2021-05-01,ETC-USD,0.1
crypto_equal_weight,2021-06-01,ETC-USD,0.1
crypto_equal_weight,2021-07-01,ETC-USD,0.1
crypto_equal_weight,2021-08-01,ETC-USD,0.1
crypto_equal_weight,2021-09-01,ETC-USD,0.1
crypto_equal_weight,2021-10-01,ETC-USD,0.1
crypto_equal_weight,2021-11-01,ETC-USD,0.1
crypto_equal_weight,2021-12-01,ETC-USD,0.1
crypto_equal_weight,2022-01-01,ETC-USD,0.1
crypto_equal_weight,2022-02-01,ETC-USD,0.1
crypto_equal_weight,2022-03-01,ETC-USD,0.1
crypto_equal_weight,2022-04-01,ETC-USD,0.1
crypto_equal_weight,2022-05-01,ETC-USD,0.1
crypto_equal_weight,2022-06-01,ETC-USD,0.1
crypto_equal_weight,2022-07-01,ETC-USD,0.1
crypto_equal_weight,2022-08-01,ETC-USD,0.1
crypto_equal_weight,2022-09-01,ETC-USD,0.1
crypto_equal_weight,2022-10-01,ETC-USD,0.1
crypto_equal_weight,2022-11-01,ETC-USD,0.1
crypto_equal_weight,2022-12-01,ETC-USD,0.1
crypto_equal_weight,2023-01-01,ETC-USD,0.1
crypto_equal_weight,2023-02-01,ETC-USD,0.1
crypto_equal_weight,2023-03-01,ETC-USD,0.1
crypto_equal_weight,2023-04-01,ETC-USD,0.1
crypto_equal_weight,2023-05-01,ETC-USD,0.1
crypto_equal_weight,2023-06-01,ETC-USD,0.1
crypto_equal_weight,2023-07-01,ETC-USD,0.1
crypto_equal_weight,2023-08-01,ETC-USD,0.1
crypto_equal_weight,2023-09-01,ETC-USD,0.1
crypto_equal_weight,2023-10-01,ETC-USD,0.1
crypto_equal_weight,2023-11-01,ETC-USD,0.1
crypto_equal_weight,2023-12-01,ETC-USD,0.1
crypto_equal_weight,2021-01-01,ETH-USD,0.1
crypto_equal_weight,2021-02-01,ETH-USD,0.1
crypto_equal_weight,2021-03-01,ETH-USD,0.1
crypto_equal_weight,2021-04-01,ETH-USD,0.1
crypto_equal_weight,2021-05-01,ETH-USD,0.1
crypto_equal_weight,2021-06-01,ETH-USD,0.1
crypto_equal_weight,2021-07-01,ETH-USD,0.1
crypto_equal_weight,2021-08-01,ETH-USD,0.1
crypto_equal_weight,2021-09-01,ETH-USD,0.1
crypto_equal_weight,2021-10-01,ETH-USD,0.1
crypto_equal_weight,2021-11-01,ETH-USD,0.1
crypto_equal_weight,2021-12-01,ETH-USD,0.1
crypto_equal_weight,2022-01-01,ETH-USD,0.1
crypto_equal_weight,2022-02-01,ETH-USD,0.1
crypto_equal_weight,2022-03-01,ETH-USD,0.1
crypto_equal_weight,2022-04-01,ETH-USD,0.1
crypto_equal_weight,2022-05-01,ETH-USD,0.1
crypto_equal_weight,2022-06-01,ETH-USD,0.1
crypto_equal_weight,2022-07-01,ETH-USD,0.1
crypto_equal_weight,2022-08-01,ETH-USD,0.1
crypto_equal_weight,2022-09-01,ETH-USD,0.1
crypto_equal_weight,2022-10-01,ETH-USD,0.1
crypto_equal_weight,2022-11-01,ETH-USD,0.1
crypto_equal_weight,2022-12-01,ETH-USD,0.1
crypto_equal_weight,2023-01-01,ETH-USD,0.1
crypto_equal_weight,2023-02-01,ETH-USD,0.1
crypto_equal_weight,2023-03-01,ETH-USD,0.1
crypto_equal_weight,2023-04-01,ETH-USD,0.1
crypto_equal_weight,2023-05-01,ETH-USD,0.1
crypto_equal_weight,2023-06-01,ETH-USD,0.1
crypto_equal_weight,2023-07-01,ETH-USD,0.1
crypto_equal_weight,2023-08-01,ETH-USD,0.1
crypto_equal_weight,2023-09-01,ETH-USD,0.1
crypto_equal_weight,2023-10-01,ETH-USD,0.1
crypto_equal_weight,2023-11-01,ETH-USD,0.1
crypto_equal_weight,2023-12-01,ETH-USD,0.1
crypto_equal_weight,2021-01-01,LTC-USD,0.1
crypto_equal_weight,2021-02-01,LTC-USD,0.1
crypto_equal_weight,2021-03-01,LTC-USD,0.1
crypto_equal_weight,2021-04-01,LTC-USD,0.1
crypto_equal_weight,2021-05-01,LTC-USD,0.1
crypto_equal_weight,2021-06-01,LTC-USD,0.1
crypto_equal_weight,2021-07-01,LTC-USD,0.1
crypto_equal_weight,2021-08-01,LTC-USD,0.1
crypto_equal_weight,2021-09-01,LTC-USD,0.1
crypto_equal_weight,2021-10-01,LTC-USD,0.1
crypto_equal_weight,2021-11-01,LTC-USD,0.1
crypto_equal_weight,2021-12-01,LTC-USD,0.1
crypto_equal_weight,2022-01-01,LTC-USD,0.1
crypto_equal_weight,2022-02-01,LTC-USD,0.1
crypto_equal_weight,2022-03-01,LTC-USD,0.1
crypto_equal_weight,2022-04-01,LTC-USD,0.1
crypto_equal_weight,2022-05-01,LTC-USD,0.1
crypto_equal_weight,2022-06-01,LTC-USD,0.1
crypto_equal_weight,2022-07-01,LTC-USD,0.1
crypto_equal_weight,2022-08-01,LTC-USD,0.1
crypto_equal_weight,2022-09-01,LTC-USD,0.1
crypto_equal_weight,2022-10-01,LTC-USD,0.1
crypto_equal_weight,2022-11-01,LTC-USD,0.1
crypto_equal_weight,2022-12-01,LTC-USD,0.1
crypto_equal_weight,2023-01-01,LTC-USD,0.1
crypto_equal_weight,2023-02-01,LTC-USD,0.1
crypto_equal_weight,2023-03-01,LTC-USD,0.1
crypto_equal_weight,2023-04-01,LTC-USD,0.1
crypto_equal_weight,2023-05-01,LTC-USD,0.1
crypto_equal_weight,2023-06-01,LTC-USD,0.1
crypto_equal_weight,2023-07-01,LTC-USD,0.1
crypto_equal_weight,2023-08-01,LTC-USD,0.1
crypto_equal_weight,2023-09-01,LTC-USD,0.1
crypto_equal_weight,2023-10-01,LTC-USD,0.1
crypto_equal_weight,2023-11-01,LTC-USD,0.1
crypto_equal_weight,2023-12-01,LTC-USD,0.1
crypto_equal_weight,2021-01-01,TRX-USD,0.1
crypto_equal_weight,2021-02-01,TRX-USD,0.1
crypto_equal_weight,2021-03-01,TRX-USD,0.1
crypto_equal_weight,2021-04-01,TRX-USD,0.1
crypto_equal_weight,2021-05-01,TRX-USD,0.1
crypto_equal_weight,2021-06-01,TRX-USD,0.1
crypto_equal_weight,2021-07-01,TRX-USD,0.1
crypto_equal_weight,2021-08-01,TRX-USD,0.1
crypto_equal_weight,2021-09-01,TRX-USD,0.1
crypto_equal_weight,2021-10-01,TRX-USD,0.1
crypto_equal_weight,2021-11-01,TRX-USD,0.1
crypto_equal_weight,2021-12-01,TRX-USD,0.1
crypto_equal_weight,2022-01-01,TRX-USD,0.1
crypto_equal_weight,2022-02-01,TRX-USD,0.1
crypto_equal_weight,2022-03-01,TRX-USD,0.1
crypto_equal_weight,2022-04-01,TRX-USD,0.1
crypto_equal_weight,2022-05-01,TRX-USD,0.1
crypto_equal_weight,2022-06-01,TRX-USD,0.1
crypto_equal_weight,2022-07-01,TRX-USD,0.1
crypto_equal_weight,2022-08-01,TRX-USD,0.1
crypto_equal_weight,2022-09-01,TRX-USD,0.1
crypto_equal_weight,2022-10-01,TRX-USD,0.1
crypto_equal_weight,2022-11-01,TRX-USD,0.1
crypto_equal_weight,2022-12-01,TRX-USD,0.1
crypto_equal_weight,2023-01-01,TRX-USD,0.1
crypto_equal_weight,2023-02-01,TRX-USD,0.1
crypto_equal_weight,2023-03-01,TRX-USD,0.1
crypto_equal_weight,2023-04-01,TRX-USD,0.1
crypto_equal_weight,2023-05-01,TRX-USD,0.1
crypto_equal_weight,2023-06-01,TRX-USD,0.1
crypto_equal_weight,2023-07-01,TRX-USD,0.1
crypto_equal_weight,2023-08-01,TRX-USD,0.1
crypto_equal_weight,2023-09-01,TRX-USD,0.1
crypto_equal_weight,2023-10-01,TRX-USD,0.1
crypto_equal_weight,2023-11-01,TRX-USD,0.1
crypto_equal_weight,2023-12-01,TRX-USD,0.1
crypto_equal_weight,2021-01-01,XLM-USD,0.1
crypto_equal_weight,2021-02-01,XLM-USD,0.1
crypto_equal_weight,2021-03-01,XLM-USD,0.1
crypto_equal_weight,2021-04-01,XLM-USD,0.1
crypto_equal_weight,2021-05-01,XLM-USD,0.1
crypto_equal_weight,2021-06-01,XLM-USD,0.1
crypto_equal_weight,2021-07-01,XLM-USD,0.1
crypto_equal_weight,2021-08-01,XLM-USD,0.1
crypto_equal_weight,2021-09-01,XLM-USD,0.1
crypto_equal_weight,2021-10-01,XLM-USD,0.1
crypto_equal_weight,2021-11-01,XLM-USD,0.1
crypto_equal_weight,2021-12-01,XLM-USD,0.1
crypto_equal_weight,2022-01-01,XLM-USD,0.1
crypto_equal_weight,2022-02-01,XLM-USD,0.1
crypto_equal_weight,2022-03-01,XLM-USD,0.1
crypto_equal_weight,2022-04-01,XLM-USD,0.1
crypto_equal_weight,2022-05-01,XLM-USD,0.1
crypto_equal_weight,2022-06-01,XLM-USD,0.1
crypto_equal_weight,2022-07-01,XLM-USD,0.1
crypto_equal_weight,2022-08-01,XLM-USD,0.1
crypto_equal_weight,2022-09-01,XLM-USD,0.1
crypto_equal_weight,2022-10-01,XLM-USD,0.1
crypto_equal_weight,2022-11-01,XLM-USD,0.1
crypto_equal_weight,2022-12-01,XLM-USD,0.1
crypto_equal_weight,2023-01-01,XLM-USD,0.1
crypto_equal_weight,2023-02-01,XLM-USD,0.1
crypto_equal_weight,2023-03-01,XLM-USD,0.1
crypto_equal_weight,2023-04-01,XLM-USD,0.1
crypto_equal_weight,2023-05-01,XLM-USD,0.1
crypto_equal_weight,2023-06-01,XLM-USD,0.1
crypto_equal_weight,2023-07-01,XLM-USD,0.1
crypto_equal_weight,2023-08-01,XLM-USD,0.1
crypto_equal_weight,2023-09-01,XLM-USD,0.1
crypto_equal_weight,2023-10-01,XLM-USD,0.1
crypto_equal_weight,2023-11-01,XLM-USD,0.1
crypto_equal_weight,2023-12-01,XLM-USD,0.1
crypto_equal_weight,2021-01-01,XRP-USD,0.1
crypto_equal_weight,2021-02-01,XRP-USD,0.1
crypto_equal_weight,2021-03-01,XRP-USD,0.1
crypto_equal_weight,2021-04-01,XRP-USD,0.1
crypto_equal_weight,2021-05-01,XRP-USD,0.1
crypto_equal_weight,2021-06-01,XRP-USD,0.1
crypto_equal_weight,2021-07-01,XRP-USD,0.1
crypto_equal_weight,2021-08-01,XRP-USD,0.1
crypto_equal_weight,2021-09-01,XRP-USD,0.1
crypto_equal_weight,2021-10-01,XRP-USD,0.1
crypto_equal_weight,2021-11-01,XRP-USD,0.1
crypto_equal_weight,2021-12-01,XRP-USD,0.1
crypto_equal_weight,2022-01-01,XRP-USD,0.1
crypto_equal_weight,2022-02-01,XRP-USD,0.1
crypto_equal_weight,2022-03-01,XRP-USD,0.1
crypto_equal_weight,2022-04-01,XRP-USD,0.1
crypto_equal_weight,2022-05-01,XRP-USD,0.1
crypto_equal_weight,2022-06-01,XRP-USD,0.1
crypto_equal_weight,2022-07-01,XRP-USD,0.1
crypto_equal_weight,2022-08-01,XRP-USD,0.1
crypto_equal_weight,2022-09-01,XRP-USD,0.1
crypto_equal_weight,2022-10-01,XRP-USD,0.1
crypto_equal_weight,2022-11-01,XRP-USD,0.1
crypto_equal_weight,2022-12-01,XRP-USD,0.1
crypto_equal_weight,2023-01-01,XRP-USD,0.1
crypto_equal_weight,2023-02-01,XRP-USD,0.1
crypto_equal_weight,2023-03-01,XRP-USD,0.1
crypto_equal_weight,2023-04-01,XRP-USD,0.1
crypto_equal_weight,2023-05-01,XRP-USD,0.1
crypto_equal_weight,2023-06-01,XRP-USD,0.1
crypto_equal_weight,2023-07-01,XRP-USD,0.1
crypto_equal_weight,2023-08-01,XRP-USD,0.1
crypto_equal_weight,2023-09-01,XRP-USD,0.1
crypto_equal_weight,2023-10-01,XRP-USD,0.1
crypto_equal_weight,2023-11-01,XRP-USD,0.1
crypto_equal_weight,2023-12-01,XRP-USD,0.1
combined_min_variance,2021-01-04,ABBV,0.16311792175990472
combined_min_variance,2021-02-01,ABBV,0.148772816432616
combined_min_variance,2021-03-01,ABBV,0.18068989468235366
combined_min_variance,2021-04-01,ABBV,0.1126917570763323
combined_min_variance,2021-05-03,ABBV,0.08953305676590861
combined_min_variance,2021-06-01,ABBV,0.04963045728716336
combined_min_variance,2021-07-01,ABBV,0.040226127111170316
combined_min_variance,2021-08-02,ABBV,0.03271190137277429
combined_min_variance,2021-09-01,ABBV,0.02435379558697211
combined_min_variance,2021-10-01,ABBV,1.6062618294364682e-16
combined_min_variance,2021-11-01,ABBV,0.01585546116246698
combined_min_variance,2021-12-01,ABBV,0.031176757780125304
combined_min_variance,2022-01-03,ABBV,0.021833775680900152
combined_min_variance,2022-02-01,ABBV,0.047417231366145576
combined_min_variance,2022-03-01,ABBV,0.034469774168818225
combined_min_variance,2022-04-01,ABBV,0.04542254618746467
combined_min_variance,2022-05-02,ABBV,0.019121107898961282
combined_min_variance,2022-06-01,ABBV,0.06549321354297212
combined_min_variance,2022-07-01,ABBV,0.04275146563582498
combined_min_variance,2022-08-01,ABBV,0.054582209305427024
combined_min_variance,2022-09-01,ABBV,0.05370547808623343
combined_min_variance,2022-10-03,ABBV,0.07314347622199512
combined_min_variance,2022-11-01,ABBV,0.08765961081910202
combined_min_variance,2022-12-01,ABBV,0.06360637243585769
combined_min_variance,2023-01-03,ABBV,0.07746718596474861
combined_min_variance,2023-02-01,ABBV,0.06177847482756306
combined_min_variance,2023-03-01,ABBV,0.04807404786147328
combined_min_variance,2023-04-03,ABBV,0.055478370536613565
combined_min_variance,2023-05-01,ABBV,0.07681133270431706
combined_min_variance,2023-06-01,ABBV,0.0503642652671052
combined_min_variance,2023-07-03,ABBV,0.08690500980303323
combined_min_variance,2023-08-01,ABBV,0.08691153694259726
combined_min_variance,2023-09-01,ABBV,0.0749710833917581
combined_min_variance,2023-10-02,ABBV,0.06284103723854048
combined_min_variance,2023-11-01,ABBV,0.07643083377637938
combined_min_variance,2023-12-01,ABBV,0.089297455379373
combined_min_variance,2021-01-04,ABT,2.8343985313198715e-15
combined_min_variance,2021-02-01,ABT,7.58381728888299e-15
combined_min_variance,2021-03-01,ABT,3.812771711259812e-16
combined_min_variance,2021-04-01,ABT,1.8268288030325156e-16
combined_min_variance,2021-05-03,ABT,5.069705652339567e-17
combined_min_variance,2021-06-01,ABT,1.1663314524873002e-16
combined_min_variance,2021-07-01,ABT,2.243408991379417e-16
combined_min_variance,2021-08-02,ABT,0.0074031582134043575
combined_min_variance,2021-09-01,ABT,0.00620531955682913
combined_min_variance,2021-10-01,ABT,0.03334336659817129
combined_min_variance,2021-11-01,ABT,0.05577799113762529
combined_min_variance,2021-12-01,ABT,0.07804691420898233
combined_min_variance,2022-01-03,ABT,0.06917911307009735
combined_min_variance,2022-02-01,ABT,0.03581687291258569
combined_min_variance,2022-03-01,ABT,0.012835609442138145
combined_min_variance,2022-04-01,ABT,5.0080012967588654e-05
combined_min_variance,2022-05-02,ABT,0.0
combined_min_variance,2022-06-01,ABT,3.0712484578551536e-17
combined_min_variance,2022-07-01,ABT,0.0
combined_min_variance,2022-08-01,ABT,3.087785901747548e-16
combined_min_variance,2022-09-01,ABT,1.12131086630953e-16
combined_min_variance,2022-10-03,ABT,2.181414771040835e-16
combined_min_variance,2022-11-01,ABT,9.392799174079772e-16
combined_min_variance,2022-12-01,ABT,0.0
combined_min_variance,2023-01-03,ABT,3.256713040001167e-17
combined_min_variance,2023-02-01,ABT,5.985341821092039e-16
combined_min_variance,2023-03-01,ABT,0.0
combined_min_variance,2023-04-03,ABT,0.0
combined_min_variance,2023-05-01,ABT,2.1486042947814996e-17
combined_min_variance,2023-06-01,ABT,0.0
combined_min_variance,2023-07-03,ABT,1.69068412282989e-18
combined_min_variance,2023-08-01,ABT,1.7302257310268868e-16
combined_min_variance,2023-09-01,ABT,6.774908325318796e-17
combined_min_variance,2023-10-02,ABT,1.5381367295485385e-16
combined_min_variance,2023-11-01,ABT,1.825491526604578e-16
combined_min_variance,2023-12-01,ABT,0.017709706209897726
combined_min_variance,2021-01-04,ADBE,4.601577785287308e-15
combined_min_variance,2021-02-01,ADBE,1.5884554774067998e-14
combined_min_variance,2021-03-01,ADBE,5.698707549442484e-16
combined_min_variance,2021-04-01,ADBE,3.018378866151468e-16
combined_min_variance,2021-05-03,ADBE,4.2817815905798315e-16
combined_min_variance,2021-06-01,ADBE,1.5434682747527529e-16
combined_min_variance,2021-07-01,ADBE,2.0775126630681787e-16
combined_min_variance,2021-08-02,ADBE,1.9430191767618982e-17
combined_min_variance,2021-09-01,ADBE,3.430982655773101e-17
combined_min_variance,2021-10-01,ADBE,1.1135493774387558e-17
combined_min_variance,2021-11-01,ADBE,9.47624127064444e-17
combined_min_variance,2021-12-01,ADBE,2.6987648811056056e-17
combined_min_variance,2022-01-03,ADBE,0.011280643066003898
combined_min_variance,2022-02-01,ADBE,0.006787160869343008
combined_min_variance,2022-03-01,ADBE,0.010007908624080039
combined_min_variance,2022-04-01,ADBE,0.010223183763639778
combined_min_variance,2022-05-02,ADBE,0.01642283637706723
combined_min_variance,2022-06-01,ADBE,1.493480112401581e-16
combined_min_variance,2022-07-01,ADBE,6.025610152848538e-16
combined_min_variance,2022-08-01,ADBE,1.014584190336247e-16
combined_min_variance,2022-09-01,ADBE,6.007612051887621e-17
combined_min_variance,2022-10-03,ADBE,7.92212974908002e-17
combined_min_variance,2022-11-01,ADBE,1.0414706190392508e-16
combined_min_variance,2022-12-01,ADBE,6.621188786051085e-16
combined_min_variance,2023-01-03,ADBE,1.6023986106980626e-16
combined_min_variance,2023-02-01,ADBE,3.0927375189917367e-16
combined_min_variance,2023-03-01,ADBE,0.0
combined_min_variance,2023-04-03,ADBE,0.0
combined_min_variance,2023-05-01,ADBE,3.6620213503334186e-17
combined_min_variance,2023-06-01,ADBE,0.0
combined_min_variance,2023-07-03,ADBE,4.578876783761133e-18
combined_min_variance,2023-08-01,ADBE,1.6667067303122868e-17
combined_min_variance,2023-09-01,ADBE,0.0
combined_min_variance,2023-10-02,ADBE,2.0101611528316323e-17
combined_min_variance,2023-11-01,ADBE,3.983663713572755e-16
combined_min_variance,2023-12-01,ADBE,1.1482130254308386e-16
combined_min_variance,2021-01-04,AEP,9.864802657253327e-16
combined_min_variance,2021-02-01,AEP,0.0
combined_min_variance,2021-03-01,AEP,2.0753280902090715e-15
combined_min_variance,2021-04-01,AEP,4.021315716889201e-16
combined_min_variance,2021-05-03,AEP,0.0588171047269889
combined_min_variance,2021-06-01,AEP,0.09197090880476375
combined_min_variance,2021-07-01,AEP,0.07231315641176811
combined_min_variance,2021-08-02,AEP,0.08375296979605425
combined_min_variance,2021-09-01,AEP,0.09372474549325045
combined_min_variance,2021-10-01,AEP,0.054165715851088106
combined_min_variance,2021-11-01,AEP,0.0479742423683139
combined_min_variance,2021-12-01,AEP,0.056146538480200694
combined_min_variance,2022-01-03,AEP,0.055855701919217224
combined_min_variance,2022-02-01,AEP,0.03509105629598246
combined_min_variance,2022-03-01,AEP,0.04117644150131071
combined_min_variance,2022-04-01,AEP,0.011154096692223382
combined_min_variance,2022-05-02,AEP,2.634306347278764e-16
combined_min_variance,2022-06-01,AEP,9.443511829172283e-18
combined_min_variance,2022-07-01,AEP,0.0
combined_min_variance,2022-08-01,AEP,6.634559897346975e-16
combined_min_variance,2022-09-01,AEP,1.820774982074053e-17
combined_min_variance,2022-10-03,AEP,7.719451705461011e-16
combined_min_variance,2022-11-01,AEP,3.3367677110957006e-16
combined_min_variance,2022-12-01,AEP,0.0
combined_min_variance,2023-01-03,AEP,3.5043692023184947e-16
combined_min_variance,2023-02-01,AEP,0.0
combined_min_variance,2023-03-01,AEP,0.0
combined_min_variance,2023-04-03,AEP,7.96050034159064e-17
combined_min_variance,2023-05-01,AEP,2.3132601151606186e-17
combined_min_variance,2023-06-01,AEP,3.568651450736038e-16
combined_min_variance,2023-07-03,AEP,6.462313787124004e-17
combined_min_variance,2023-08-01,AEP,0.0
combined_min_variance,2023-09-01,AEP,0.0
combined_min_variance,2023-10-02,AEP,3.235891780853372e-17
combined_min_variance,2023-11-01,AEP,1.0671259882688577e-16
combined_min_variance,2023-12-01,AEP,7.827292017343119e-17
combined_min_variance,2021-01-04,AMD,1.037041380383367e-14
combined_min_variance,2021-02-01,AMD,2.834492573984022e-14
combined_min_variance,2021-03-01,AMD,2.3499775903844253e-15
combined_min_variance,2021-04-01,AMD,4.441199028905771e-16
combined_min_variance,2021-05-03,AMD,1.3370734609930585e-17
combined_min_variance,2021-06-01,AMD,2.6497163267740974e-17
combined_min_variance,2021-07-01,AMD,0.00576420570662726
combined_min_variance,2021-08-02,AMD,0.0004388036701002725
combined_min_variance,2021-09-01,AMD,0.009471523884046226
combined_min_variance,2021-10-01,AMD,0.01972260176886551
combined_min_variance,2021-11-01,AMD,0.035233246952729835
combined_min_variance,2021-12-01,AMD,0.02562978116674575
combined_min_variance,2022-01-03,AMD,0.022530613169583307
combined_min_variance,2022-02-01,AMD,0.008667204022576131
combined_min_variance,2022-03-01,AMD,9.595636767268711e-17
combined_min_variance,2022-04-01,AMD,0.0025869256105587176
combined_min_variance,2022-05-02,AMD,2.0773313624822265e-16
combined_min_variance,2022-06-01,AMD,4.818146802782194e-18
combined_min_variance,2022-07-01,AMD,1.2213537473049207e-16
combined_min_variance,2022-08-01,AMD,2.0867503688556943e-17
combined_min_variance,2022-09-01,AMD,1.0782599199203479e-16
combined_min_variance,2022-10-03,AMD,0.0
combined_min_variance,2022-11-01,AMD,2.588017935368897e-16
combined_min_variance,2022-12-01,AMD,0.0
combined_min_variance,2023-01-03,AMD,4.878605470219815e-16
combined_min_variance,2023-02-01,AMD,4.469920456993913e-15
combined_min_variance,2023-03-01,AMD,0.0
combined_min_variance,2023-04-03,AMD,4.3889350975160474e-16
combined_min_variance,2023-05-01,AMD,1.1196241728497855e-17
combined_min_variance,2023-06-01,AMD,0.0
combined_min_variance,2023-07-03,AMD,1.4458660780847905e-16
combined_min_variance,2023-08-01,AMD,0.0
combined_min_variance,2023-09-01,AMD,0.0
combined_min_variance,2023-10-02,AMD,1.197055566249789e-16
combined_min_variance,2023-11-01,AMD,0.0
combined_min_variance,2023-12-01,AMD,0.007447356251757702
combined_min_variance,2021-01-04,AMGN,3.7376608965012275e-15
combined_min_variance,2021-02-01,AMGN,9.947886878219776e-15
combined_min_variance,2021-03-01,AMGN,4.279663696173922e-16
combined_min_variance,2021-04-01,AMGN,7.400139727204686e-16
combined_min_variance,2021-05-03,AMGN,3.3324822787067814e-17
combined_min_variance,2021-06-01,AMGN,7.115577329343998e-17
combined_min_variance,2021-07-01,AMGN,3.8141550705138685e-17
combined_min_variance,2021-08-02,AMGN,4.641554645508358e-17
combined_min_variance,2021-09-01,AMGN,1.7992213835882094e-16
combined_min_variance,2021-10-01,AMGN,1.2644162770037818e-16
combined_min_variance,2021-11-01,AMGN,2.477727609356734e-16
combined_min_variance,2021-12-01,AMGN,2.835560881443381e-16
combined_min_variance,2022-01-03,AMGN,1.5857336761887493e-17
combined_min_variance,2022-02-01,AMGN,2.958531174301942e-17
combined_min_variance,2022-03-01,AMGN,7.1662834592114e-17
combined_min_variance,2022-04-01,AMGN,2.2736728653356125e-17
combined_min_variance,2022-05-02,AMGN,0.008797435768271498
combined_min_variance,2022-06-01,AMGN,0.0336605717220713
combined_min_variance,2022-07-01,AMGN,0.0697382860748518
combined_min_variance,2022-08-01,AMGN,0.07505339509711095
combined_min_variance,2022-09-01,AMGN,0.13372907143497026
combined_min_variance,2022-10-03,AMGN,0.16494442933814715
combined_min_variance,2022-11-01,AMGN,0.17436561057101396
combined_min_variance,2022-12-01,AMGN,0.17106718494619652
combined_min_variance,2023-01-03,AMGN,0.1766377119725508
combined_min_variance,2023-02-01,AMGN,0.18006210491225944
combined_min_variance,2023-03-01,AMGN,0.20143963238468063
combined_min_variance,2023-04-03,AMGN,0.1906626591185006
combined_min_variance,2023-05-01,AMGN,0.1791931217147136
combined_min_variance,2023-06-01,AMGN,0.08069632747668565
combined_min_variance,2023-07-03,AMGN,0.011846238851509597
combined_min_variance,2023-08-01,AMGN,0.013880628731509102
combined_min_variance,2023-09-01,AMGN,0.03709135997613041
combined_min_variance,2023-10-02,AMGN,0.04341676602312928
combined_min_variance,2023-11-01,AMGN,0.033277748869358664
combined_min_variance,2023-12-01,AMGN,0.008869022155323317
combined_min_variance,2021-01-04,AMT,6.530746040197406e-15
combined_min_variance,2021-02-01,AMT,1.5462463523883672e-14
combined_min_variance,2021-03-01,AMT,6.409968914761493e-16
combined_min_variance,2021-04-01,AMT,3.094873241985855e-16
combined_min_variance,2021-05-03,AMT,2.5740891649897376e-17
combined_min_variance,2021-06-01,AMT,5.4476046583531035e-17
combined_min_variance,2021-07-01,AMT,5.594443498995116e-17
combined_min_variance,2021-08-02,AMT,1.5004611409073417e-16
combined_min_variance,2021-09-01,AMT,1.013953726596928e-16
combined_min_variance,2021-10-01,AMT,2.3848649113509458e-17
combined_min_variance,2021-11-01,AMT,5.613052235247223e-17
combined_min_variance,2021-12-01,AMT,1.4635314926017186e-16
combined_min_variance,2022-01-03,AMT,1.0142235587048285e-16
combined_min_variance,2022-02-01,AMT,2.1438243745385326e-16
combined_min_variance,2022-03-01,AMT,9.06408298836513e-17
combined_min_variance,2022-04-01,AMT,2.3001693702926417e-18
combined_min_variance,2022-05-02,AMT,0.0
combined_min_variance,2022-06-01,AMT,2.575369239761922e-16
combined_min_variance,2022-07-01,AMT,2.488201361201709e-17
combined_min_variance,2022-08-01,AMT,0.0
combined_min_variance,2022-09-01,AMT,1.270985742864622e-16
combined_min_variance,2022-10-03,AMT,3.422875312312914e-16
combined_min_variance,2022-11-01,AMT,0.0
combined_min_variance,2022-12-01,AMT,2.473336205982557e-19
combined_min_variance,2023-01-03,AMT,6.61447019172117e-17
combined_min_variance,2023-02-01,AMT,2.3960589386823384e-16
combined_min_variance,2023-03-01,AMT,0.0
combined_min_variance,2023-04-03,AMT,0.0
combined_min_variance,2023-05-01,AMT,4.224043024435598e-17
combined_min_variance,2023-06-01,AMT,0.0
combined_min_variance,2023-07-03,AMT,5.898270933402249e-17
combined_min_variance,2023-08-01,AMT,1.3253637866794998e-16
combined_min_variance,2023-09-01,AMT,0.0
combined_min_variance,2023-10-02,AMT,0.0
combined_min_variance,2023-11-01,AMT,0.0
combined_min_variance,2023-12-01,AMT,3.667845658344758e-17
combined_min_variance,2021-01-04,BA,1.4100693198943524e-15
combined_min_variance,2021-02-01,BA,4.0077963363388966e-15
combined_min_variance,2021-03-01,BA,7.608220261527416e-14
combined_min_variance,2021-04-01,BA,3.188177826981867e-16
combined_min_variance,2021-05-03,BA,1.3984414953770164e-16
combined_min_variance,2021-06-01,BA,2.8869436009881747e-14
combined_min_variance,2021-07-01,BA,1.4311772571025712e-16
combined_min_variance,2021-08-02,BA,9.079065169705179e-17
combined_min_variance,2021-09-01,BA,2.587554907412561e-16
combined_min_variance,2021-10-01,BA,9.460413156336021e-17
combined_min_variance,2021-11-01,BA,1.1878104435172033e-17
combined_min_variance,2021-12-01,BA,2.04286265924731e-16
combined_min_variance,2022-01-03,BA,2.0946594082215727e-17
combined_min_variance,2022-02-01,BA,2.8176675293563835e-17
combined_min_variance,2022-03-01,BA,1.0443613801499708e-16
combined_min_variance,2022-04-01,BA,1.608678772762346e-17
combined_min_variance,2022-05-02,BA,0.0
combined_min_variance,2022-06-01,BA,4.72836481645161e-17
combined_min_variance,2022-07-01,BA,0.0
combined_min_variance,2022-08-01,BA,0.0
combined_min_variance,2022-09-01,BA,1.4563751186301655e-16
combined_min_variance,2022-10-03,BA,1.8662507520264549e-16
combined_min_variance,2022-11-01,BA,1.2449351445564805e-16
combined_min_variance,2022-12-01,BA,3.3614339573617333e-16
combined_min_variance,2023-01-03,BA,2.759785345996722e-16
combined_min_variance,2023-02-01,BA,0.0
combined_min_variance,2023-03-01,BA,0.0
combined_min_variance,2023-04-03,BA,2.3354646531579745e-16
combined_min_variance,2023-05-01,BA,1.0964500993613099e-16
combined_min_variance,2023-06-01,BA,0.0
combined_min_variance,2023-07-03,BA,1.919990927996478e-16
combined_min_variance,2023-08-01,BA,3.780562153480119e-17
combined_min_variance,2023-09-01,BA,0.0
combined_min_variance,2023-10-02,BA,8.560862661685983e-17
combined_min_variance,2023-11-01,BA,1.6867814111622137e-16
combined_min_variance,2023-12-01,BA,1.6289076817909737e-17
combined_min_variance,2021-01-04,CAT,2.324247704028406e-15
combined_min_variance,2021-02-01,CAT,0.0
combined_min_variance,2021-03-01,CAT,3.0929829328563067e-15
combined_min_variance,2021-04-01,CAT,6.538653225468359e-16
combined_min_variance,2021-05-03,CAT,2.6130721714258878e-17
combined_min_variance,2021-06-01,CAT,3.8924091217380776e-17
combined_min_variance,2021-07-01,CAT,7.315325261380216e-17
combined_min_variance,2021-08-02,CAT,0.0027482682124370193
combined_min_variance,2021-09-01,CAT,0.00020349185760701758
combined_min_variance,2021-10-01,CAT,1.228338812861316e-16
combined_min_variance,2021-11-01,CAT,8.830546960629164e-17
combined_min_variance,2021-12-01,CAT,1.1040231900857306e-16
combined_min_variance,2022-01-03,CAT,7.885038129967728e-17
combined_min_variance,2022-02-01,CAT,0.01653971457126388
combined_min_variance,2022-03-01,CAT,0.013282901022443118
combined_min_variance,2022-04-01,CAT,0.028026469739694658
combined_min_variance,2022-05-02,CAT,0.04306626445869352
combined_min_variance,2022-06-01,CAT,0.015540715129407785
combined_min_variance,2022-07-01,CAT,0.008464534729925961
combined_min_variance,2022-08-01,CAT,1.1854728542841314e-16
combined_min_variance,2022-09-01,CAT,1.2118054204270713e-17
combined_min_variance,2022-10-03,CAT,0.0
combined_min_variance,2022-11-01,CAT,0.0
combined_min_variance,2022-12-01,CAT,5.8299789793469e-16
combined_min_variance,2023-01-03,CAT,5.713809322944351e-17
combined_min_variance,2023-02-01,CAT,2.4035425120646797e-16
combined_min_variance,2023-03-01,CAT,5.07110147049055e-16
combined_min_variance,2023-04-03,CAT,0.0
combined_min_variance,2023-05-01,CAT,3.7898213524533023e-16
combined_min_variance,2023-06-01,CAT,0.0
combined_min_variance,2023-07-03,CAT,6.643141499538442e-17
combined_min_variance,2023-08-01,CAT,4.189712948321836e-16
combined_min_variance,2023-09-01,CAT,0.0
combined_min_variance,2023-10-02,CAT,7.103047004608807e-17
combined_min_variance,2023-11-01,CAT,3.881443777498106e-17
combined_min_variance,2023-12-01,CAT,1.5455498566624444e-17
combined_min_variance,2021-01-04,CCI,3.739705511051357e-15
combined_min_variance,2021-02-01,CCI,1.1962950662089024e-14
combined_min_variance,2021-03-01,CCI,4.682989328052469e-16
combined_min_variance,2021-04-01,CCI,3.6527164132227245e-16
combined_min_variance,2021-05-03,CCI,4.072732977576817e-17
combined_min_variance,2021-06-01,CCI,2.1541624833581168e-17
combined_min_variance,2021-07-01,CCI,0.05300459258703808
combined_min_variance,2021-08-02,CCI,0.06474612448063449
combined_min_variance,2021-09-01,CCI,0.06849594075457333
combined_min_variance,2021-10-01,CCI,0.09096271217940882
combined_min_variance,2021-11-01,CCI,0.05534449691465485
combined_min_variance,2021-12-01,CCI,0.000430668922623654
combined_min_variance,2022-01-03,CCI,4.18694888058158e-17
combined_min_variance,2022-02-01,CCI,2.0360645432314805e-17
combined_min_variance,2022-03-01,CCI,8.555001742453043e-18
combined_min_variance,2022-04-01,CCI,5.736590358031585e-17
combined_min_variance,2022-05-02,CCI,0.0
combined_min_variance,2022-06-01,CCI,4.94664249898037e-17
combined_min_variance,2022-07-01,CCI,8.716791508731967e-17
combined_min_variance,2022-08-01,CCI,5.718583429311457e-18
combined_min_variance,2022-09-01,CCI,1.772365275200186e-16
combined_min_variance,2022-10-03,CCI,0.0
combined_min_variance,2022-11-01,CCI,0.0
combined_min_variance,2022-12-01,CCI,5.314924919236004e-16
combined_min_variance,2023-01-03,CCI,9.194922085022075e-17
combined_min_variance,2023-02-01,CCI,1.679885755689096e-16
combined_min_variance,2023-03-01,CCI,4.769112880467654e-16
combined_min_variance,2023-04-03,CCI,2.3713449688036667e-16
combined_min_variance,2023-05-01,CCI,7.152470243649944e-17
combined_min_variance,2023-06-01,CCI,0.0
combined_min_variance,2023-07-03,CCI,8.05953048337821e-17
combined_min_variance,2023-08-01,CCI,1.4130627142569865e-16
combined_min_variance,2023-09-01,CCI,0.0
combined_min_variance,2023-10-02,CCI,1.9172384176659196e-16
combined_min_variance,2023-11-01,CCI,0.0
combined_min_variance,2023-12-01,CCI,1.8115371611118305e-17
combined_min_variance,2021-01-04,CMCSA,8.111411291253281e-16
combined_min_variance,2021-02-01,CMCSA,0.0
combined_min_variance,2021-03-01,CMCSA,3.0511181388124382e-15
combined_min_variance,2021-04-01,CMCSA,1.827540376740027e-16
combined_min_variance,2021-05-03,CMCSA,1.3072031815585038e-16
combined_min_variance,2021-06-01,CMCSA,1.8253690825408417e-17
combined_min_variance,2021-07-01,CMCSA,1.3903484657913129e-16
combined_min_variance,2021-08-02,CMCSA,1.3375050005215281e-17
combined_min_variance,2021-09-01,CMCSA,1.535908962398806e-16
combined_min_variance,2021-10-01,CMCSA,1.8220789841346966e-16
combined_min_variance,2021-11-01,CMCSA,6.099060307984345e-17
combined_min_variance,2021-12-01,CMCSA,1.4550121225821002e-16
combined_min_variance,2022-01-03,CMCSA,1.6732449153453045e-18
combined_min_variance,2022-02-01,CMCSA,8.724912238274053e-17
combined_min_variance,2022-03-01,CMCSA,2.6248865757952866e-17
combined_min_variance,2022-04-01,CMCSA,1.431444073441566e-16
combined_min_variance,2022-05-02,CMCSA,1.0485590260650435e-16
combined_min_variance,2022-06-01,CMCSA,1.4867494506494697e-17
combined_min_variance,2022-07-01,CMCSA,0.0
combined_min_variance,2022-08-01,CMCSA,5.1876951757659996e-18
combined_min_variance,2022-09-01,CMCSA,1.9802068222121013e-16
combined_min_variance,2022-10-03,CMCSA,1.2319924811224348e-16
combined_min_variance,2022-11-01,CMCSA,0.0
combined_min_variance,2022-12-01,CMCSA,3.3424597725012495e-16
combined_min_variance,2023-01-03,CMCSA,4.78006206144657e-16
combined_min_variance,2023-02-01,CMCSA,2.621894651799055e-16
combined_min_variance,2023-03-01,CMCSA,0.0
combined_min_variance,2023-04-03,CMCSA,1.289637788882452e-16
combined_min_variance,2023-05-01,CMCSA,1.5727674721183913e-16
combined_min_variance,2023-06-01,CMCSA,0.0
combined_min_variance,2023-07-03,CMCSA,9.482722159084561e-17
combined_min_variance,2023-08-01,CMCSA,0.0
combined_min_variance,2023-09-01,CMCSA,0.0
combined_min_variance,2023-10-02,CMCSA,0.0
combined_min_variance,2023-11-01,CMCSA,0.0
combined_min_variance,2023-12-01,CMCSA,5.195198304448199e-18
combined_min_variance,2021-01-04,COP,1.9932460386634362e-15
combined_min_variance,2021-02-01,COP,3.947470533514332e-15
combined_min_variance,2021-03-01,COP,4.405950066831777e-14
combined_min_variance,2021-04-01,COP,2.995323327965804e-16
combined_min_variance,2021-05-03,COP,4.79202187592112e-17
combined_min_variance,2021-06-01,COP,3.884218784433283e-15
combined_min_variance,2021-07-01,COP,8.990510126506437e-17
combined_min_variance,2021-08-02,COP,6.939179890963769e-17
combined_min_variance,2021-09-01,COP,3.1471547354586806e-17
combined_min_variance,2021-10-01,COP,2.7433379923269224e-18
combined_min_variance,2021-11-01,COP,0.00043848789074857445
combined_min_variance,2021-12-01,COP,0.01209578123094355
combined_min_variance,2022-01-03,COP,9.07551707346106e-17
combined_min_variance,2022-02-01,COP,4.493018849878481e-19
combined_min_variance,2022-03-01,COP,7.846279679229694e-17
combined_min_variance,2022-04-01,COP,3.589831248749743e-17
combined_min_variance,2022-05-02,COP,0.0
combined_min_variance,2022-06-01,COP,1.315212941353104e-16
combined_min_variance,2022-07-01,COP,0.0
combined_min_variance,2022-08-01,COP,0.0
combined_min_variance,2022-09-01,COP,6.04219896133345e-17
combined_min_variance,2022-10-03,COP,8.324639805615264e-17
combined_min_variance,2022-11-01,COP,0.0
combined_min_variance,2022-12-01,COP,0.0
combined_min_variance,2023-01-03,COP,2.0522038052003953e-16
combined_min_variance,2023-02-01,COP,0.0
combined_min_variance,2023-03-01,COP,2.936629346812769e-16
combined_min_variance,2023-04-03,COP,2.821026290171502e-16
combined_min_variance,2023-05-01,COP,4.600772300803291e-17
combined_min_variance,2023-06-01,COP,1.4772254600114998e-17
combined_min_variance,2023-07-03,COP,0.0
combined_min_variance,2023-08-01,COP,2.1045124533160374e-16
combined_min_variance,2023-09-01,COP,9.771372079525609e-18
combined_min_variance,2023-10-02,COP,4.738484764196105e-17
combined_min_variance,2023-11-01,COP,0.0
combined_min_variance,2023-12-01,COP,2.1256237305496892e-17
combined_min_variance,2021-01-04,CVX,1.7247080776948352e-15
combined_min_variance,2021-02-01,CVX,6.615083749105793e-15
combined_min_variance,2021-03-01,CVX,3.20542267730596e-14
combined_min_variance,2021-04-01,CVX,3.4035903814561717e-16
combined_min_variance,2021-05-03,CVX,7.009553547551688e-17
combined_min_variance,2021-06-01,CVX,2.990283241464773e-17
combined_min_variance,2021-07-01,CVX,1.4930006667036851e-16
combined_min_variance,2021-08-02,CVX,7.98154710264693e-17
combined_min_variance,2021-09-01,CVX,7.65034755116042e-17
combined_min_variance,2021-10-01,CVX,8.665107512855278e-18
combined_min_variance,2021-11-01,CVX,5.2044026902358294e-17
combined_min_variance,2021-12-01,CVX,0.013914770338487314
combined_min_variance,2022-01-03,CVX,0.01794638360339812
combined_min_variance,2022-02-01,CVX,0.07624095288136963
combined_min_variance,2022-03-01,CVX,0.05851532496955241
combined_min_variance,2022-04-01,CVX,0.08597233566681753
combined_min_variance,2022-05-02,CVX,0.06462888444249332
combined_min_variance,2022-06-01,CVX,0.03476603517439373
combined_min_variance,2022-07-01,CVX,0.04720154531728116
combined_min_variance,2022-08-01,CVX,0.04811070459908867
combined_min_variance,2022-09-01,CVX,0.07394305046560952
combined_min_variance,2022-10-03,CVX,0.0777197731259678
combined_min_variance,2022-11-01,CVX,0.07045234782463515
combined_min_variance,2022-12-01,CVX,0.06055125475988948
combined_min_variance,2023-01-03,CVX,0.05276259256191691
combined_min_variance,2023-02-01,CVX,0.052232413491338864
combined_min_variance,2023-03-01,CVX,0.06092737800535176
combined_min_variance,2023-04-03,CVX,0.032277950204527554
combined_min_variance,2023-05-01,CVX,0.04162656303003329
combined_min_variance,2023-06-01,CVX,0.03996497101405919
combined_min_variance,2023-07-03,CVX,0.016535338042619533
combined_min_variance,2023-08-01,CVX,0.013142136174371764
combined_min_variance,2023-09-01,CVX,3.4214304880621706e-16
combined_min_variance,2023-10-02,CVX,0.03450088590568909
combined_min_variance,2023-11-01,CVX,0.04662963524379731
combined_min_variance,2023-12-01,CVX,0.02819050870879673
combined_min_variance,2021-01-04,D,5.702435126389115e-15
combined_min_variance,2021-02-01,D,1.625508578548941e-14
combined_min_variance,2021-03-01,D,7.012613058769303e-16
combined_min_variance,2021-04-01,D,0.06088509493976399
combined_min_variance,2021-05-03,D,0.08432555328299728
combined_min_variance,2021-06-01,D,0.05254516505733714
combined_min_variance,2021-07-01,D,0.02528136793159401
combined_min_variance,2021-08-02,D,8.794491566347311e-17
combined_min_variance,2021-09-01,D,3.8427747955508143e-16
combined_min_variance,2021-10-01,D,2.823219966564667e-16
combined_min_variance,2021-11-01,D,1.4140742857834858e-16
combined_min_variance,2021-12-01,D,0.0
combined_min_variance,2022-01-03,D,2.520104532158711e-16
combined_min_variance,2022-02-01,D,8.476082551546846e-17
combined_min_variance,2022-03-01,D,1.0650615396357968e-16
combined_min_variance,2022-04-01,D,7.309964226542862e-18
combined_min_variance,2022-05-02,D,4.79623936053275e-16
combined_min_variance,2022-06-01,D,1.1578038873580802e-17
combined_min_variance,2022-07-01,D,0.0
combined_min_variance,2022-08-01,D,1.9535481765155204e-17
combined_min_variance,2022-09-01,D,1.9642676702352043e-16
combined_min_variance,2022-10-03,D,0.0
combined_min_variance,2022-11-01,D,4.72751585436893e-16
combined_min_variance,2022-12-01,D,0.007105947147570058
combined_min_variance,2023-01-03,D,0.018358958106705396
combined_min_variance,2023-02-01,D,0.035269833615702066
combined_min_variance,2023-03-01,D,0.005167581662237617
combined_min_variance,2023-04-03,D,0.016503443384066355
combined_min_variance,2023-05-01,D,0.007201635399189914
combined_min_variance,2023-06-01,D,0.0
combined_min_variance,2023-07-03,D,2.1675201527032698e-16
combined_min_variance,2023-08-01,D,3.949460523162626e-17
combined_min_variance,2023-09-01,D,1.1490848962451838e-16
combined_min_variance,2023-10-02,D,7.937716035528826e-17
combined_min_variance,2023-11-01,D,1.6215937555415227e-16
combined_min_variance,2023-12-01,D,6.2027884360795585e-18
combined_min_variance,2021-01-04,DD,4.540161644233483e-16
combined_min_variance,2021-02-01,DD,0.0
combined_min_variance,2021-03-01,DD,5.1939822113568546e-15
combined_min_variance,2021-04-01,DD,2.869682130645843e-16
combined_min_variance,2021-05-03,DD,1.470395024453214e-17
combined_min_variance,2021-06-01,DD,2.8867222989214145e-17
combined_min_variance,2021-07-01,DD,7.71547937921469e-17
combined_min_variance,2021-08-02,DD,5.081423410835444e-17
combined_min_variance,2021-09-01,DD,2.5527922971166022e-17
combined_min_variance,2021-10-01,DD,0.0008307505953521076
combined_min_variance,2021-11-01,DD,3.011162222839942e-17
combined_min_variance,2021-12-01,DD,8.767556199542366e-17
combined_min_variance,2022-01-03,DD,7.235345956341869e-17
combined_min_variance,2022-02-01,DD,7.684338377094478e-17
combined_min_variance,2022-03-01,DD,9.696565455051842e-17
combined_min_variance,2022-04-01,DD,9.260629279727708e-17
combined_min_variance,2022-05-02,DD,0.0
combined_min_variance,2022-06-01,DD,1.016078749303817e-16
combined_min_variance,2022-07-01,DD,3.823231269597919e-16
combined_min_variance,2022-08-01,DD,0.0
combined_min_variance,2022-09-01,DD,5.029709180800668e-17
combined_min_variance,2022-10-03,DD,0.0
combined_min_variance,2022-11-01,DD,9.14138285467575e-16
combined_min_variance,2022-12-01,DD,6.366943376603235e-16
combined_min_variance,2023-01-03,DD,5.1670450732643844e-17
combined_min_variance,2023-02-01,DD,6.13490032424383e-16
combined_min_variance,2023-03-01,DD,1.6201852493759202e-16
combined_min_variance,2023-04-03,DD,0.0
combined_min_variance,2023-05-01,DD,1.1381892174159836e-17
combined_min_variance,2023-06-01,DD,4.05559375145359e-17
combined_min_variance,2023-07-03,DD,5.83274294043437e-17
combined_min_variance,2023-08-01,DD,3.195652022083134e-16
combined_min_variance,2023-09-01,DD,1.63754889639068e-16
combined_min_variance,2023-10-02,DD,0.0
combined_min_variance,2023-11-01,DD,0.01857572118052081
combined_min_variance,2023-12-01,DD,0.0035867981070525743
combined_min_variance,2021-01-04,DIS,3.0854985256833524e-15
combined_min_variance,2021-02-01,DIS,0.0
combined_min_variance,2021-03-01,DIS,5.39197603830914e-15
combined_min_variance,2021-04-01,DIS,0.003684460965231926
combined_min_variance,2021-05-03,DIS,5.641526096119493e-16
combined_min_variance,2021-06-01,DIS,0.009146754231188364
combined_min_variance,2021-07-01,DIS,0.013762794145931555
combined_min_variance,2021-08-02,DIS,0.014080007169971437
combined_min_variance,2021-09-01,DIS,0.0131409830097195
combined_min_variance,2021-10-01,DIS,0.0074166374344645635
combined_min_variance,2021-11-01,DIS,9.35169487551573e-17
combined_min_variance,2021-12-01,DIS,0.00498270442660893
combined_min_variance,2022-01-03,DIS,0.024712959775016904
combined_min_variance,2022-02-01,DIS,0.014627153263084464
combined_min_variance,2022-03-01,DIS,0.06785802057205433
combined_min_variance,2022-04-01,DIS,0.04917721505028378
combined_min_variance,2022-05-02,DIS,0.039336000816301266
combined_min_variance,2022-06-01,DIS,0.054094951198453915
combined_min_variance,2022-07-01,DIS,0.052353108799091524
combined_min_variance,2022-08-01,DIS,0.05182980589499293
combined_min_variance,2022-09-01,DIS,0.029846552638864626
combined_min_variance,2022-10-03,DIS,0.0
combined_min_variance,2022-11-01,DIS,0.0
combined_min_variance,2022-12-01,DIS,1.6983923415114608e-16
combined_min_variance,2023-01-03,DIS,4.174641553763866e-17
combined_min_variance,2023-02-01,DIS,0.0
combined_min_variance,2023-03-01,DIS,2.81562410456168e-17
combined_min_variance,2023-04-03,DIS,0.0
combined_min_variance,2023-05-01,DIS,1.5041180349251175e-17
combined_min_variance,2023-06-01,DIS,5.773376568485311e-17
combined_min_variance,2023-07-03,DIS,6.417106455747023e-17
combined_min_variance,2023-08-01,DIS,1.403122756293616e-16
combined_min_variance,2023-09-01,DIS,0.0
combined_min_variance,2023-10-02,DIS,1.7664675327038278e-17
combined_min_variance,2023-11-01,DIS,0.0
combined_min_variance,2023-12-01,DIS,2.933788359895906e-17
combined_min_variance,2021-01-04,DOW,6.326403440348893e-15
combined_min_variance,2021-02-01,DOW,1.619095194494846e-14
combined_min_variance,2021-03-01,DOW,2.796657211155749e-14
combined_min_variance,2021-04-01,DOW,2.1757948581424336e-16
combined_min_variance,2021-05-03,DOW,0.0
combined_min_variance,2021-06-01,DOW,3.098743272147368e-17
combined_min_variance,2021-07-01,DOW,5.582406682857419e-17
combined_min_variance,2021-08-02,DOW,1.497108244833946e-17
combined_min_variance,2021-09-01,DOW,0.0
combined_min_variance,2021-10-01,DOW,1.3586366195815736e-17
combined_min_variance,2021-11-01,DOW,3.9530788050621755e-17
combined_min_variance,2021-12-01,DOW,1.3848219164014815e-17
combined_min_variance,2022-01-03,DOW,3.0857673004470983e-18
combined_min_variance,2022-02-01,DOW,4.368967324095985e-17
combined_min_variance,2022-03-01,DOW,8.725108911645789e-17
combined_min_variance,2022-04-01,DOW,9.457602763229707e-17
combined_min_variance,2022-05-02,DOW,0.0
combined_min_variance,2022-06-01,DOW,1.1147116148351821e-17
combined_min_variance,2022-07-01,DOW,0.0
combined_min_variance,2022-08-01,DOW,0.0
combined_min_variance,2022-09-01,DOW,1.4952405793705808e-17
combined_min_variance,2022-10-03,DOW,0.0
combined_min_variance,2022-11-01,DOW,5.481827828040381e-17
combined_min_variance,2022-12-01,DOW,0.0
combined_min_variance,2023-01-03,DOW,1.223681084630551e-16
combined_min_variance,2023-02-01,DOW,0.0
combined_min_variance,2023-03-01,DOW,0.0
combined_min_variance,2023-04-03,DOW,1.2342540590916037e-16
combined_min_variance,2023-05-01,DOW,2.8313243075140913e-16
combined_min_variance,2023-06-01,DOW,0.0
combined_min_variance,2023-07-03,DOW,1.129034069001646e-16
combined_min_variance,2023-08-01,DOW,2.4043030207813315e-17
combined_min_variance,2023-09-01,DOW,0.0
combined_min_variance,2023-10-02,DOW,6.319889959529026e-17
combined_min_variance,2023-11-01,DOW,1.153049010438334e-16
combined_min_variance,2023-12-01,DOW,7.9715338970666435e-19
combined_min_variance,2021-01-04,DUK,3.0094733594106323e-15
combined_min_variance,2021-02-01,DUK,6.255466361015658e-15
combined_min_variance,2021-03-01,DUK,2.982250034153527e-16
combined_min_variance,2021-04-01,DUK,5.075490325506459e-16
combined_min_variance,2021-05-03,DUK,0.008932945083688106
combined_min_variance,2021-06-01,DUK,0.01026089922657288
combined_min_variance,2021-07-01,DUK,1.5118599703246593e-16
combined_min_variance,2021-08-02,DUK,0.007805746385492663
combined_min_variance,2021-09-01,DUK,0.006861073997830035
combined_min_variance,2021-10-01,DUK,0.04360024373051441
combined_min_variance,2021-11-01,DUK,0.053236375898211834
combined_min_variance,2021-12-01,DUK,0.06584599779304794
combined_min_variance,2022-01-03,DUK,0.07173777431571456
combined_min_variance,2022-02-01,DUK,0.0557792353622378
combined_min_variance,2022-03-01,DUK,0.004865235903945574
combined_min_variance,2022-04-01,DUK,0.012601066117295112
combined_min_variance,2022-05-02,DUK,0.08973129686706377
combined_min_variance,2022-06-01,DUK,0.16450978536983468
combined_min_variance,2022-07-01,DUK,0.17849933212316016
combined_min_variance,2022-08-01,DUK,0.1643744824442696
combined_min_variance,2022-09-01,DUK,0.11630665787748846
combined_min_variance,2022-10-03,DUK,0.05807984375953056
combined_min_variance,2022-11-01,DUK,0.02324454799302627
combined_min_variance,2022-12-01,DUK,0.010075061416547576
combined_min_variance,2023-01-03,DUK,0.016547140162324597
combined_min_variance,2023-02-01,DUK,0.006073831338964993
combined_min_variance,2023-03-01,DUK,0.04797339928099556
combined_min_variance,2023-04-03,DUK,0.008218941221078694
combined_min_variance,2023-05-01,DUK,2.933270991134791e-16
combined_min_variance,2023-06-01,DUK,0.0
combined_min_variance,2023-07-03,DUK,1.5268235931837953e-16
combined_min_variance,2023-08-01,DUK,0.0
combined_min_variance,2023-09-01,DUK,3.191654026572094e-16
combined_min_variance,2023-10-02,DUK,2.781678758395683e-17
combined_min_variance,2023-11-01,DUK,5.285485590866834e-19
combined_min_variance,2023-12-01,DUK,0.0020673916181409304
combined_min_variance,2021-01-04,EA,0.0729648867786372
combined_min_variance,2021-02-01,EA,0.08651194191947151
combined_min_variance,2021-03-01,EA,0.09341014724832704
combined_min_variance,2021-04-01,EA,0.09114154291891782
combined_min_variance,2021-05-03,EA,0.06363973400947964
combined_min_variance,2021-06-01,EA,0.06151979024061524
combined_min_variance,2021-07-01,EA,0.024108085803149895
combined_min_variance,2021-08-02,EA,0.02084474448828894
combined_min_variance,2021-09-01,EA,0.019998178633850852
combined_min_variance,2021-10-01,EA,0.0454105161006873
combined_min_variance,2021-11-01,EA,0.05264264072153111
combined_min_variance,2021-12-01,EA,0.0681376151258038
combined_min_variance,2022-01-03,EA,0.05971276263986215
combined_min_variance,2022-02-01,EA,0.0633561022494644
combined_min_variance,2022-03-01,EA,0.06823364407777331
combined_min_variance,2022-04-01,EA,0.0749346677140747
combined_min_variance,2022-05-02,EA,0.09439776022066608
combined_min_variance,2022-06-01,EA,0.0936113325973515
combined_min_variance,2022-07-01,EA,0.09125818168950786
combined_min_variance,2022-08-01,EA,0.09567236109685924
combined_min_variance,2022-09-01,EA,0.10192897612089245
combined_min_variance,2022-10-03,EA,0.09453936584343392
combined_min_variance,2022-11-01,EA,0.10611165005883609
combined_min_variance,2022-12-01,EA,0.10546787076963034
combined_min_variance,2023-01-03,EA,0.10526178397263529
combined_min_variance,2023-02-01,EA,0.13361385730124947
combined_min_variance,2023-03-01,EA,0.0944443110889456
combined_min_variance,2023-04-03,EA,0.10575189687446747
combined_min_variance,2023-05-01,EA,0.07949117321736364
combined_min_variance,2023-06-01,EA,0.12448216114991592
combined_min_variance,2023-07-03,EA,0.11959340298801623
combined_min_variance,2023-08-01,EA,0.1144355012016922
combined_min_variance,2023-09-01,EA,0.07856082363402214
combined_min_variance,2023-10-02,EA,0.07784939554667283
combined_min_variance,2023-11-01,EA,0.06589249841489667
combined_min_variance,2023-12-01,EA,0.040530665351350505
combined_min_variance,2021-01-04,GE,3.5264586125565057e-15
combined_min_variance,2021-02-01,GE,0.0
combined_min_variance,2021-03-01,GE,2.1293764250680294e-14
combined_min_variance,2021-04-01,GE,6.718327299926775e-16
combined_min_variance,2021-05-03,GE,5.0736793511532856e-17
combined_min_variance,2021-06-01,GE,8.73033056656873e-17
combined_min_variance,2021-07-01,GE,6.664597255381663e-17
combined_min_variance,2021-08-02,GE,6.6511603409058126e-18
combined_min_variance,2021-09-01,GE,1.765512212709697e-17
combined_min_variance,2021-10-01,GE,8.492088911839436e-16
combined_min_variance,2021-11-01,GE,1.9253137554083448e-17
combined_min_variance,2021-12-01,GE,5.725833163862676e-17
combined_min_variance,2022-01-03,GE,4.829121810947523e-17
combined_min_variance,2022-02-01,GE,6.406896350596772e-17
combined_min_variance,2022-03-01,GE,7.260840478594712e-17
combined_min_variance,2022-04-01,GE,4.890182585521114e-17
combined_min_variance,2022-05-02,GE,2.7123976007096646e-17
combined_min_variance,2022-06-01,GE,9.359961685052527e-17
combined_min_variance,2022-07-01,GE,0.0
combined_min_variance,2022-08-01,GE,0.0
combined_min_variance,2022-09-01,GE,2.765800422713924e-16
combined_min_variance,2022-10-03,GE,7.210710978800091e-17
combined_min_variance,2022-11-01,GE,1.0035622353622723e-16
combined_min_variance,2022-12-01,GE,1.311056316666858e-16
combined_min_variance,2023-01-03,GE,1.213505575405643e-17
combined_min_variance,2023-02-01,GE,2.973695013207773e-16
combined_min_variance,2023-03-01,GE,0.0
combined_min_variance,2023-04-03,GE,0.0
combined_min_variance,2023-05-01,GE,6.644582657113878e-17
combined_min_variance,2023-06-01,GE,0.0
combined_min_variance,2023-07-03,GE,1.562765889921121e-16
combined_min_variance,2023-08-01,GE,0.0
combined_min_variance,2023-09-01,GE,0.00021135031764640849
combined_min_variance,2023-10-02,GE,0.008383780555412198
combined_min_variance,2023-11-01,GE,0.008021908089058574
combined_min_variance,2023-12-01,GE,0.013356649953848988
combined_min_variance,2021-01-04,GILD,0.1274856947264259
combined_min_variance,2021-02-01,GILD,0.12023089349469239
combined_min_variance,2021-03-01,GILD,0.13201436512371614
combined_min_variance,2021-04-01,GILD,0.05370952723764505
combined_min_variance,2021-05-03,GILD,0.04374646008124729
combined_min_variance,2021-06-01,GILD,0.05822928322043428
combined_min_variance,2021-07-01,GILD,0.02912406606768299
combined_min_variance,2021-08-02,GILD,0.02432011454205406
combined_min_variance,2021-09-01,GILD,0.01966021967488107
combined_min_variance,2021-10-01,GILD,0.0061558393025138835
combined_min_variance,2021-11-01,GILD,0.04505054287348906
combined_min_variance,2021-12-01,GILD,0.03932216942993102
combined_min_variance,2022-01-03,GILD,0.06941362877687411
combined_min_variance,2022-02-01,GILD,0.06835904911473073
combined_min_variance,2022-03-01,GILD,0.1411494254046119
combined_min_variance,2022-04-01,GILD,0.14277053273643103
combined_min_variance,2022-05-02,GILD,0.12873848779407485
combined_min_variance,2022-06-01,GILD,0.17474120515295574
combined_min_variance,2022-07-01,GILD,0.17541149281841037
combined_min_variance,2022-08-01,GILD,0.1692333090524761
combined_min_variance,2022-09-01,GILD,0.142443182613756
combined_min_variance,2022-10-03,GILD,0.09736622712623005
combined_min_variance,2022-11-01,GILD,0.038219293426155605
combined_min_variance,2022-12-01,GILD,0.02700580866603301
combined_min_variance,2023-01-03,GILD,0.009896594970687511
combined_min_variance,2023-02-01,GILD,5.179668681038539e-16
combined_min_variance,2023-03-01,GILD,0.0
combined_min_variance,2023-04-03,GILD,9.869797307996558e-17
combined_min_variance,2023-05-01,GILD,7.240303085040022e-17
combined_min_variance,2023-06-01,GILD,0.0
combined_min_variance,2023-07-03,GILD,9.959668044092657e-17
combined_min_variance,2023-08-01,GILD,3.104842704188792e-16
combined_min_variance,2023-09-01,GILD,4.157074496540297e-17
combined_min_variance,2023-10-02,GILD,7.668228791392479e-17
combined_min_variance,2023-11-01,GILD,0.0
combined_min_variance,2023-12-01,GILD,1.9284899837411387e-17
combined_min_variance,2021-01-04,GS,1.2324846801697204e-16
combined_min_variance,2021-02-01,GS,8.937920173692945e-17
combined_min_variance,2021-03-01,GS,1.923654429091798e-14
combined_min_variance,2021-04-01,GS,6.712185999269851e-16
combined_min_variance,2021-05-03,GS,3.1452430389394675e-16
combined_min_variance,2021-06-01,GS,5.761988710649557e-17
combined_min_variance,2021-07-01,GS,0.020128583749571865
combined_min_variance,2021-08-02,GS,0.023034541391797225
combined_min_variance,2021-09-01,GS,0.030703722803440164
combined_min_variance,2021-10-01,GS,0.044124652021415633
combined_min_variance,2021-11-01,GS,0.06292645467770296
combined_min_variance,2021-12-01,GS,0.051632655372353044
combined_min_variance,2022-01-03,GS,0.04468708068594006
combined_min_variance,2022-02-01,GS,0.0023069527907196557
combined_min_variance,2022-03-01,GS,0.000866719570122263
combined_min_variance,2022-04-01,GS,2.953064027735434e-17
combined_min_variance,2022-05-02,GS,2.5268686882490288e-17
combined_min_variance,2022-06-01,GS,1.0440751922305454e-17
combined_min_variance,2022-07-01,GS,0.0
combined_min_variance,2022-08-01,GS,0.0
combined_min_variance,2022-09-01,GS,1.0213473566942823e-18
combined_min_variance,2022-10-03,GS,1.0445189656363594e-16
combined_min_variance,2022-11-01,GS,6.158776559486018e-17
combined_min_variance,2022-12-01,GS,8.196278573156317e-17
combined_min_variance,2023-01-03,GS,1.2308629842705962e-16
combined_min_variance,2023-02-01,GS,0.0
combined_min_variance,2023-03-01,GS,0.0
combined_min_variance,2023-04-03,GS,0.0
combined_min_variance,2023-05-01,GS,4.3874165989614974e-17
combined_min_variance,2023-06-01,GS,0.0
combined_min_variance,2023-07-03,GS,3.6541606633372624e-17
combined_min_variance,2023-08-01,GS,3.118182388727256e-16
combined_min_variance,2023-09-01,GS,3.097161599632402e-17
combined_min_variance,2023-10-02,GS,6.013366398636964e-17
combined_min_variance,2023-11-01,GS,0.005411377862843928
combined_min_variance,2023-12-01,GS,1.431670120900558e-17
combined_min_variance,2021-01-04,INTC,6.936921097753321e-15
combined_min_variance,2021-02-01,INTC,2.3604433323907296e-14
combined_min_variance,2021-03-01,INTC,1.0951378364062367e-15
combined_min_variance,2021-04-01,INTC,1.2238108793066922e-16
combined_min_variance,2021-05-03,INTC,1.7391345484182093e-17
combined_min_variance,2021-06-01,INTC,3.65713180939938e-18
combined_min_variance,2021-07-01,INTC,8.936951690829278e-17
combined_min_variance,2021-08-02,INTC,3.578009853411348e-17
combined_min_variance,2021-09-01,INTC,0.0
combined_min_variance,2021-10-01,INTC,0.0021353717855479683
combined_min_variance,2021-11-01,INTC,0.0002024655880804612
combined_min_variance,2021-12-01,INTC,0.006483332922978177
combined_min_variance,2022-01-03,INTC,0.007769070077447528
combined_min_variance,2022-02-01,INTC,0.013677216255287995
combined_min_variance,2022-03-01,INTC,0.00017075733993657306
combined_min_variance,2022-04-01,INTC,0.0015375283198899362
combined_min_variance,2022-05-02,INTC,5.329192490945156e-17
combined_min_variance,2022-06-01,INTC,0.0010359149179848166
combined_min_variance,2022-07-01,INTC,0.0
combined_min_variance,2022-08-01,INTC,0.0
combined_min_variance,2022-09-01,INTC,1.8582777645307605e-16
combined_min_variance,2022-10-03,INTC,0.0
combined_min_variance,2022-11-01,INTC,3.194565791315345e-16
combined_min_variance,2022-12-01,INTC,6.665143812684694e-16
combined_min_variance,2023-01-03,INTC,2.92543409435665e-16
combined_min_variance,2023-02-01,INTC,0.0
combined_min_variance,2023-03-01,INTC,5.1933253639592205e-17
combined_min_variance,2023-04-03,INTC,0.0
combined_min_variance,2023-05-01,INTC,1.3152091553663747e-16
combined_min_variance,2023-06-01,INTC,8.395112946826822e-17
combined_min_variance,2023-07-03,INTC,1.0300257077878947e-16
combined_min_variance,2023-08-01,INTC,0.0
combined_min_variance,2023-09-01,INTC,6.391371806802049e-17
combined_min_variance,2023-10-02,INTC,0.0
combined_min_variance,2023-11-01,INTC,1.2301628899563655e-16
combined_min_variance,2023-12-01,INTC,0.002960606246294143
combined_min_variance,2021-01-04,KO,2.4897621540431903e-15
combined_min_variance,2021-02-01,KO,0.0
combined_min_variance,2021-03-01,KO,3.727372753461147e-15
combined_min_variance,2021-04-01,KO,3.968980753585112e-16
combined_min_variance,2021-05-03,KO,7.784974237305352e-17
combined_min_variance,2021-06-01,KO,1.732338406559791e-17
combined_min_variance,2021-07-01,KO,6.614653433723737e-17
combined_min_variance,2021-08-02,KO,2.47511009637843e-17
combined_min_variance,2021-09-01,KO,8.152393053118149e-17
combined_min_variance,2021-10-01,KO,0.00021875769286686255
combined_min_variance,2021-11-01,KO,0.06508572838932772
combined_min_variance,2021-12-01,KO,0.03282464032371987
combined_min_variance,2022-01-03,KO,0.02437947300735387
combined_min_variance,2022-02-01,KO,0.02912751779115223
combined_min_variance,2022-03-01,KO,0.08949842572740901
combined_min_variance,2022-04-01,KO,0.08707326463652591
combined_min_variance,2022-05-02,KO,0.11070109638393769
combined_min_variance,2022-06-01,KO,3.1525609525696986e-17
combined_min_variance,2022-07-01,KO,0.030007911385396144
combined_min_variance,2022-08-01,KO,0.025896407597907713
combined_min_variance,2022-09-01,KO,0.03242552828787745
combined_min_variance,2022-10-03,KO,0.06312054090043828
combined_min_variance,2022-11-01,KO,0.08034902764269329
combined_min_variance,2022-12-01,KO,0.09452459522761586
combined_min_variance,2023-01-03,KO,0.09071862000557027
combined_min_variance,2023-02-01,KO,0.07581877344142499
combined_min_variance,2023-03-01,KO,0.08267952415249796
combined_min_variance,2023-04-03,KO,0.13587402824395156
combined_min_variance,2023-05-01,KO,0.1546234362709533
combined_min_variance,2023-06-01,KO,0.28620949759232844
combined_min_variance,2023-07-03,KO,0.23159739047690983
combined_min_variance,2023-08-01,KO,0.2311817578637193
combined_min_variance,2023-09-01,KO,0.2547416063448022
combined_min_variance,2023-10-02,KO,0.28415942586893017
combined_min_variance,2023-11-01,KO,0.17839710733168762
combined_min_variance,2023-12-01,KO,0.18487573548180353
combined_min_variance,2021-01-04,MMM,0.0775901359089008
combined_min_variance,2021-02-01,MMM,0.10036458945996399
combined_min_variance,2021-03-01,MMM,0.07762714758164181
combined_min_variance,2021-04-01,MMM,0.10689695464096857
combined_min_variance,2021-05-03,MMM,0.07389087785592528
combined_min_variance,2021-06-01,MMM,0.08644881693946482
combined_min_variance,2021-07-01,MMM,0.0975950126029185
combined_min_variance,2021-08-02,MMM,0.08649861130892612
combined_min_variance,2021-09-01,MMM,0.08055296701445612
combined_min_variance,2021-10-01,MMM,0.08285952539979145
combined_min_variance,2021-11-01,MMM,0.0632603760683088
combined_min_variance,2021-12-01,MMM,0.06349213480689424
combined_min_variance,2022-01-03,MMM,0.07640479021516343
combined_min_variance,2022-02-01,MMM,0.017388104992324325
combined_min_variance,2022-03-01,MMM,4.785245497702373e-18
combined_min_variance,2022-04-01,MMM,1.200771268496268e-16
combined_min_variance,2022-05-02,MMM,0.0
combined_min_variance,2022-06-01,MMM,5.704560319333219e-17
combined_min_variance,2022-07-01,MMM,0.0026900290547229606
combined_min_variance,2022-08-01,MMM,0.03192839280497981
combined_min_variance,2022-09-01,MMM,2.4045593050048904e-17
combined_min_variance,2022-10-03,MMM,0.02070232524158355
combined_min_variance,2022-11-01,MMM,4.698407055124879e-16
combined_min_variance,2022-12-01,MMM,0.0
combined_min_variance,2023-01-03,MMM,1.433396387806394e-16
combined_min_variance,2023-02-01,MMM,6.916367219111646e-16
combined_min_variance,2023-03-01,MMM,0.0
combined_min_variance,2023-04-03,MMM,0.0
combined_min_variance,2023-05-01,MMM,6.242800953137956e-17
combined_min_variance,2023-06-01,MMM,0.0
combined_min_variance,2023-07-03,MMM,1.4930491862019566e-17
combined_min_variance,2023-08-01,MMM,0.0
combined_min_variance,2023-09-01,MMM,0.0
combined_min_variance,2023-10-02,MMM,7.229431704050563e-17
combined_min_variance,2023-11-01,MMM,1.1777500318088076e-16
combined_min_variance,2023-12-01,MMM,7.606097354051581e-17
combined_min_variance,2021-01-04,MRK,0.05768145126311271
combined_min_variance,2021-02-01,MRK,0.0671662145668386
combined_min_variance,2021-03-01,MRK,0.021851098676347266
combined_min_variance,2021-04-01,MRK,0.04305045961327463
combined_min_variance,2021-05-03,MRK,0.10267416536102474
combined_min_variance,2021-06-01,MRK,0.11676234053243836
combined_min_variance,2021-07-01,MRK,0.1324801066111134
combined_min_variance,2021-08-02,MRK,0.1414516096066976
combined_min_variance,2021-09-01,MRK,0.12803406208431964
combined_min_variance,2021-10-01,MRK,0.1460226456494601
combined_min_variance,2021-11-01,MRK,0.07298705467468727
combined_min_variance,2021-12-01,MRK,0.03323271365870898
combined_min_variance,2022-01-03,MRK,0.048444653507192445
combined_min_variance,2022-02-01,MRK,0.06283507337579168
combined_min_variance,2022-03-01,MRK,0.04733070959272089
combined_min_variance,2022-04-01,MRK,0.05053478577299099
combined_min_variance,2022-05-02,MRK,0.05526170766045407
combined_min_variance,2022-06-01,MRK,0.06928877486233975
combined_min_variance,2022-07-01,MRK,0.061919929592079356
combined_min_variance,2022-08-01,MRK,0.061854612650696285
combined_min_variance,2022-09-01,MRK,0.0647122130861296
combined_min_variance,2022-10-03,MRK,0.07848714819876174
combined_min_variance,2022-11-01,MRK,0.134119868025492
combined_min_variance,2022-12-01,MRK,0.2388666690146299
combined_min_variance,2023-01-03,MRK,0.22203596955413293
combined_min_variance,2023-02-01,MRK,0.21441245282718444
combined_min_variance,2023-03-01,MRK,0.20564396991361522
combined_min_variance,2023-04-03,MRK,0.18886361801120216
combined_min_variance,2023-05-01,MRK,0.17702273693650702
combined_min_variance,2023-06-01,MRK,0.15655214108011298
combined_min_variance,2023-07-03,MRK,0.17431219253255342
combined_min_variance,2023-08-01,MRK,0.15801798267399558
combined_min_variance,2023-09-01,MRK,0.1376196904047697
combined_min_variance,2023-10-02,MRK,0.11192349034204215
combined_min_variance,2023-11-01,MRK,0.12087878378929406
combined_min_variance,2023-12-01,MRK,0.10223778866212568
combined_min_variance,2021-01-04,MS,5.570113665921342e-15
combined_min_variance,2021-02-01,MS,1.6075621066046444e-14
combined_min_variance,2021-03-01,MS,3.3325168976546604e-14
combined_min_variance,2021-04-01,MS,2.9151777977358884e-16
combined_min_variance,2021-05-03,MS,1.5693816620872682e-16
combined_min_variance,2021-06-01,MS,2.2751419805132708e-18
combined_min_variance,2021-07-01,MS,4.824243124432891e-18
combined_min_variance,2021-08-02,MS,1.7793814214117124e-17
combined_min_variance,2021-09-01,MS,2.348213682025198e-17
combined_min_variance,2021-10-01,MS,2.918097134868386e-18
combined_min_variance,2021-11-01,MS,5.100525941044662e-18
combined_min_variance,2021-12-01,MS,4.212848201511359e-18
combined_min_variance,2022-01-03,MS,1.0791920314584747e-17
combined_min_variance,2022-02-01,MS,0.021485014569162166
combined_min_variance,2022-03-01,MS,0.011152805769448906
combined_min_variance,2022-04-01,MS,1.23678696484036e-17
combined_min_variance,2022-05-02,MS,1.3904892862126594e-17
combined_min_variance,2022-06-01,MS,1.0836481919392261e-16
combined_min_variance,2022-07-01,MS,0.0
combined_min_variance,2022-08-01,MS,1.290722959501873e-16
combined_min_variance,2022-09-01,MS,2.2264380436793914e-17
combined_min_variance,2022-10-03,MS,4.211231142860001e-16
combined_min_variance,2022-11-01,MS,0.0
combined_min_variance,2022-12-01,MS,2.823705155165593e-16
combined_min_variance,2023-01-03,MS,3.3216864775962897e-17
combined_min_variance,2023-02-01,MS,2.6330202930658102e-17
combined_min_variance,2023-03-01,MS,0.0
combined_min_variance,2023-04-03,MS,1.041172898764986e-17
combined_min_variance,2023-05-01,MS,6.911741016174686e-17
combined_min_variance,2023-06-01,MS,0.0
combined_min_variance,2023-07-03,MS,6.665038081065224e-17
combined_min_variance,2023-08-01,MS,0.0
combined_min_variance,2023-09-01,MS,8.309732025743588e-17
combined_min_variance,2023-10-02,MS,5.264740097890004e-17
combined_min_variance,2023-11-01,MS,0.0
combined_min_variance,2023-12-01,MS,3.081209695543891e-17
combined_min_variance,2021-01-04,NEE,4.3983094935091006e-15
combined_min_variance,2021-02-01,NEE,1.2656810314130242e-14
combined_min_variance,2021-03-01,NEE,5.247611509551148e-16
combined_min_variance,2021-04-01,NEE,1.3823777802136683e-16
combined_min_variance,2021-05-03,NEE,0.0
combined_min_variance,2021-06-01,NEE,7.822953176149479e-17
combined_min_variance,2021-07-01,NEE,1.7958765360188275e-17
combined_min_variance,2021-08-02,NEE,1.9137608971458365e-17
combined_min_variance,2021-09-01,NEE,4.030250970635477e-17
combined_min_variance,2021-10-01,NEE,7.105531537637021e-18
combined_min_variance,2021-11-01,NEE,9.597524824093859e-17
combined_min_variance,2021-12-01,NEE,4.09300176760045e-17
combined_min_variance,2022-01-03,NEE,4.110012030431471e-17
combined_min_variance,2022-02-01,NEE,7.3570166025863e-17
combined_min_variance,2022-03-01,NEE,1.1075624966506202e-16
combined_min_variance,2022-04-01,NEE,0.018595036466735795
combined_min_variance,2022-05-02,NEE,0.0
combined_min_variance,2022-06-01,NEE,0.0
combined_min_variance,2022-07-01,NEE,1.881632870348593e-16
combined_min_variance,2022-08-01,NEE,1.7004984677164438e-16
combined_min_variance,2022-09-01,NEE,2.5166536110605196e-17
combined_min_variance,2022-10-03,NEE,1.6120731052143844e-17
combined_min_variance,2022-11-01,NEE,0.0
combined_min_variance,2022-12-01,NEE,2.58776800507569e-16
combined_min_variance,2023-01-03,NEE,6.63532684510162e-17
combined_min_variance,2023-02-01,NEE,0.0
combined_min_variance,2023-03-01,NEE,0.0
combined_min_variance,2023-04-03,NEE,0.0
combined_min_variance,2023-05-01,NEE,4.148577197455974e-17
combined_min_variance,2023-06-01,NEE,0.0
combined_min_variance,2023-07-03,NEE,5.544248054512987e-17
combined_min_variance,2023-08-01,NEE,0.0
combined_min_variance,2023-09-01,NEE,2.0685456225993165e-18
combined_min_variance,2023-10-02,NEE,5.5438914441193804e-17
combined_min_variance,2023-11-01,NEE,1.786697417620331e-16
combined_min_variance,2023-12-01,NEE,5.559969388900713e-17
combined_min_variance,2021-01-04,NEM,0.13709176953307187
combined_min_variance,2021-02-01,NEM,0.12819231403500803
combined_min_variance,2021-03-01,NEM,0.13207561722050923
combined_min_variance,2021-04-01,NEM,1.963304970289555e-16
combined_min_variance,2021-05-03,NEM,1.679463580584862e-16
combined_min_variance,2021-06-01,NEM,1.2641377029010774e-16
combined_min_variance,2021-07-01,NEM,9.47171197285991e-17
combined_min_variance,2021-08-02,NEM,5.211786580088764e-17
combined_min_variance,2021-09-01,NEM,9.879319985491937e-17
combined_min_variance,2021-10-01,NEM,4.0510671388900664e-18
combined_min_variance,2021-11-01,NEM,0.0012184256238427513
combined_min_variance,2021-12-01,NEM,0.014467844370764246
combined_min_variance,2022-01-03,NEM,0.014073704971380075
combined_min_variance,2022-02-01,NEM,0.01282744951217083
combined_min_variance,2022-03-01,NEM,0.02155223310593659
combined_min_variance,2022-04-01,NEM,0.034816780284417384
combined_min_variance,2022-05-02,NEM,0.048016037083254616
combined_min_variance,2022-06-01,NEM,0.0627820406112509
combined_min_variance,2022-07-01,NEM,0.061716429492190444
combined_min_variance,2022-08-01,NEM,0.059420643037446486
combined_min_variance,2022-09-01,NEM,0.059518932213085754
combined_min_variance,2022-10-03,NEM,0.0555625308318872
combined_min_variance,2022-11-01,NEM,0.054910619688296386
combined_min_variance,2022-12-01,NEM,0.015163169376466777
combined_min_variance,2023-01-03,NEM,0.014517600262157038
combined_min_variance,2023-02-01,NEM,0.006554999929067209
combined_min_variance,2023-03-01,NEM,0.0010232519569219147
combined_min_variance,2023-04-03,NEM,0.0055338615622487755
combined_min_variance,2023-05-01,NEM,0.004398375463472015
combined_min_variance,2023-06-01,NEM,1.5958100726271018e-16
combined_min_variance,2023-07-03,NEM,0.0
combined_min_variance,2023-08-01,NEM,0.0
combined_min_variance,2023-09-01,NEM,2.5561639265023783e-17
combined_min_variance,2023-10-02,NEM,2.1116393494390585e-17
combined_min_variance,2023-11-01,NEM,6.481496112389906e-18
combined_min_variance,2023-12-01,NEM,0.0091108388574521
combined_min_variance,2021-01-04,NKE,0.005174236251676672
combined_min_variance,2021-02-01,NKE,0.0
combined_min_variance,2021-03-01,NKE,5.276747308790286e-15
combined_min_variance,2021-04-01,NKE,6.115805529823239e-16
combined_min_variance,2021-05-03,NKE,0.023840957569898572
combined_min_variance,2021-06-01,NKE,0.024173629493566107
combined_min_variance,2021-07-01,NKE,0.03628653286530982
combined_min_variance,2021-08-02,NKE,0.03399827991054074
combined_min_variance,2021-09-01,NKE,0.030794651581335354
combined_min_variance,2021-10-01,NKE,6.308311251777526e-18
combined_min_variance,2021-11-01,NKE,1.571746250974043e-17
combined_min_variance,2021-12-01,NKE,0.0009237534822368085
combined_min_variance,2022-01-03,NKE,0.00911538707455367
combined_min_variance,2022-02-01,NKE,0.017362948971954947
combined_min_variance,2022-03-01,NKE,0.022240907663578283
combined_min_variance,2022-04-01,NKE,0.013384847777982184
combined_min_variance,2022-05-02,NKE,0.0
combined_min_variance,2022-06-01,NKE,3.6936984590628253e-17
combined_min_variance,2022-07-01,NKE,3.057629153877989e-17
combined_min_variance,2022-08-01,NKE,0.0
combined_min_variance,2022-09-01,NKE,1.282642074234001e-17
combined_min_variance,2022-10-03,NKE,2.1148290013613876e-16
combined_min_variance,2022-11-01,NKE,7.48402583404294e-16
combined_min_variance,2022-12-01,NKE,9.05107176730297e-16
combined_min_variance,2023-01-03,NKE,3.825680369409278e-17
combined_min_variance,2023-02-01,NKE,1.2255042087464668e-15
combined_min_variance,2023-03-01,NKE,0.0
combined_min_variance,2023-04-03,NKE,4.646263706891904e-16
combined_min_variance,2023-05-01,NKE,2.489761231699866e-16
combined_min_variance,2023-06-01,NKE,7.707661006835231e-16
combined_min_variance,2023-07-03,NKE,3.248702897137228e-16
combined_min_variance,2023-08-01,NKE,0.0
combined_min_variance,2023-09-01,NKE,1.5643004469892419e-16
combined_min_variance,2023-10-02,NKE,0.0
combined_min_variance,2023-11-01,NKE,0.0
combined_min_variance,2023-12-01,NKE,9.874603928693034e-17
combined_min_variance,2021-01-04,NUE,6.334851421639843e-16
combined_min_variance,2021-02-01,NUE,0.0
combined_min_variance,2021-03-01,NUE,7.3028954398549e-15
combined_min_variance,2021-04-01,NUE,5.355138817831266e-16
combined_min_variance,2021-05-03,NUE,4.685700584824687e-17
combined_min_variance,2021-06-01,NUE,5.0775008963476276e-17
combined_min_variance,2021-07-01,NUE,1.6665126334000426e-16
combined_min_variance,2021-08-02,NUE,1.5343608290388584e-16
combined_min_variance,2021-09-01,NUE,5.752933529091826e-17
combined_min_variance,2021-10-01,NUE,1.3097305281416339e-17
combined_min_variance,2021-11-01,NUE,7.924638054100837e-17
combined_min_variance,2021-12-01,NUE,5.401684316002479e-17
combined_min_variance,2022-01-03,NUE,1.1444047677216784e-16
combined_min_variance,2022-02-01,NUE,9.326442645676185e-17
combined_min_variance,2022-03-01,NUE,1.3172426055248275e-16
combined_min_variance,2022-04-01,NUE,2.73364065497596e-16
combined_min_variance,2022-05-02,NUE,7.291259609965017e-17
combined_min_variance,2022-06-01,NUE,2.005738132857795e-16
combined_min_variance,2022-07-01,NUE,0.0
combined_min_variance,2022-08-01,NUE,2.3787787925365176e-16
combined_min_variance,2022-09-01,NUE,3.6741783567580796e-17
combined_min_variance,2022-10-03,NUE,0.0
combined_min_variance,2022-11-01,NUE,2.3623692339270185e-16
combined_min_variance,2022-12-01,NUE,1.0231314530380107e-15
combined_min_variance,2023-01-03,NUE,1.1285732144253969e-16
combined_min_variance,2023-02-01,NUE,1.6143920211046735e-16
combined_min_variance,2023-03-01,NUE,0.0
combined_min_variance,2023-04-03,NUE,0.0
combined_min_variance,2023-05-01,NUE,1.7770230404501472e-17
combined_min_variance,2023-06-01,NUE,1.327944373387402e-16
combined_min_variance,2023-07-03,NUE,2.514230475906168e-16
combined_min_variance,2023-08-01,NUE,0.0
combined_min_variance,2023-09-01,NUE,0.0
combined_min_variance,2023-10-02,NUE,0.0
combined_min_variance,2023-11-01,NUE,5.508424662584166e-17
combined_min_variance,2023-12-01,NUE,4.16303202848098e-17
combined_min_variance,2021-01-04,NVDA,1.7847619703432186e-14
combined_min_variance,2021-02-01,NVDA,4.398453496385535e-14
combined_min_variance,2021-03-01,NVDA,8.024476663360844e-15
combined_min_variance,2021-04-01,NVDA,6.921127619052887e-16
combined_min_variance,2021-05-03,NVDA,8.637656674997854e-17
combined_min_variance,2021-06-01,NVDA,9.357354473605024e-17
combined_min_variance,2021-07-01,NVDA,1.970154488314761e-16
combined_min_variance,2021-08-02,NVDA,1.390552760869506e-17
combined_min_variance,2021-09-01,NVDA,3.5580158496405463e-17
combined_min_variance,2021-10-01,NVDA,1.802453477388894e-17
combined_min_variance,2021-11-01,NVDA,1.1156016919812938e-17
combined_min_variance,2021-12-01,NVDA,6.925714850721231e-17
combined_min_variance,2022-01-03,NVDA,2.968971876282633e-17
combined_min_variance,2022-02-01,NVDA,9.672387714535263e-17
combined_min_variance,2022-03-01,NVDA,2.014905902103107e-17
combined_min_variance,2022-04-01,NVDA,1.7847109450469915e-17
combined_min_variance,2022-05-02,NVDA,1.0625181290357943e-17
combined_min_variance,2022-06-01,NVDA,3.0146400911551585e-18
combined_min_variance,2022-07-01,NVDA,6.27206952571501e-17
combined_min_variance,2022-08-01,NVDA,1.8257964584655895e-16
combined_min_variance,2022-09-01,NVDA,1.3656163725289898e-16
combined_min_variance,2022-10-03,NVDA,3.817867525366157e-16
combined_min_variance,2022-11-01,NVDA,0.0
combined_min_variance,2022-12-01,NVDA,8.178577444190732e-16
combined_min_variance,2023-01-03,NVDA,5.664666405048848e-16
combined_min_variance,2023-02-01,NVDA,2.3735347698224457e-16
combined_min_variance,2023-03-01,NVDA,1.3507128309279812e-16
combined_min_variance,2023-04-03,NVDA,7.688331714978888e-16
combined_min_variance,2023-05-01,NVDA,1.2120506551939265e-16
combined_min_variance,2023-06-01,NVDA,1.5274375731247347e-16
combined_min_variance,2023-07-03,NVDA,1.1852626229022289e-16
combined_min_variance,2023-08-01,NVDA,0.0
combined_min_variance,2023-09-01,NVDA,6.370248136552885e-17
combined_min_variance,2023-10-02,NVDA,1.3010021169729643e-16
combined_min_variance,2023-11-01,NVDA,0.0036862770335698153
combined_min_variance,2023-12-01,NVDA,0.0114076876792546
combined_min_variance,2021-01-04,O,2.6192079279483804e-15
combined_min_variance,2021-02-01,O,0.0
combined_min_variance,2021-03-01,O,8.779001191292471e-15
combined_min_variance,2021-04-01,O,3.6139646388638174e-16
combined_min_variance,2021-05-03,O,1.4077209527312902e-17
combined_min_variance,2021-06-01,O,2.1238411140713725e-17
combined_min_variance,2021-07-01,O,2.209330686509326e-17
combined_min_variance,2021-08-02,O,3.254227905605631e-17
combined_min_variance,2021-09-01,O,7.778146730224904e-17
combined_min_variance,2021-10-01,O,6.205073962591783e-18
combined_min_variance,2021-11-01,O,2.0993708602498376e-17
combined_min_variance,2021-12-01,O,0.004036572834492778
combined_min_variance,2022-01-03,O,0.0062275841391330735
combined_min_variance,2022-02-01,O,0.008020483313710115
combined_min_variance,2022-03-01,O,0.00534745805788672
combined_min_variance,2022-04-01,O,0.008036411138779937
combined_min_variance,2022-05-02,O,0.0
combined_min_variance,2022-06-01,O,2.2236374383163726e-17
combined_min_variance,2022-07-01,O,5.17826099281842e-17
combined_min_variance,2022-08-01,O,1.081729919858086e-16
combined_min_variance,2022-09-01,O,0.019019249719177168
combined_min_variance,2022-10-03,O,0.07268231962245907
combined_min_variance,2022-11-01,O,0.08031917180685691
combined_min_variance,2022-12-01,O,0.04214512742236882
combined_min_variance,2023-01-03,O,0.06009891258421044
combined_min_variance,2023-02-01,O,0.07203170485697193
combined_min_variance,2023-03-01,O,0.08649820065295155
combined_min_variance,2023-04-03,O,0.07284003063223343
combined_min_variance,2023-05-01,O,0.10258096250775808
combined_min_variance,2023-06-01,O,0.08479073397966097
combined_min_variance,2023-07-03,O,0.11204878802546585
combined_min_variance,2023-08-01,O,0.11650072146819344
combined_min_variance,2023-09-01,O,0.08910621129142922
combined_min_variance,2023-10-02,O,0.05707878363800505
combined_min_variance,2023-11-01,O,0.0996168395089822
combined_min_variance,2023-12-01,O,0.08475568332880899
combined_min_variance,2021-01-04,OXY,3.0819377220162927e-15
combined_min_variance,2021-02-01,OXY,1.2111475921562887e-14
combined_min_variance,2021-03-01,OXY,9.097018616320436e-14
combined_min_variance,2021-04-01,OXY,5.856722648221512e-16
combined_min_variance,2021-05-03,OXY,7.744863312713101e-17
combined_min_variance,2021-06-01,OXY,5.363856411918118e-14
combined_min_variance,2021-07-01,OXY,0.0
combined_min_variance,2021-08-02,OXY,4.335130738836143e-17
combined_min_variance,2021-09-01,OXY,9.086129469432614e-17
combined_min_variance,2021-10-01,OXY,0.0025087920897717384
combined_min_variance,2021-11-01,OXY,0.004373925861202768
combined_min_variance,2021-12-01,OXY,0.0
combined_min_variance,2022-01-03,OXY,0.0038855488926340803
combined_min_variance,2022-02-01,OXY,6.18108812003382e-17
combined_min_variance,2022-03-01,OXY,0.0041812549206978805
combined_min_variance,2022-04-01,OXY,2.349376908250238e-17
combined_min_variance,2022-05-02,OXY,0.0
combined_min_variance,2022-06-01,OXY,1.7949854741984875e-16
combined_min_variance,2022-07-01,OXY,0.0
combined_min_variance,2022-08-01,OXY,5.092119513730751e-16
combined_min_variance,2022-09-01,OXY,2.6441793201898964e-16
combined_min_variance,2022-10-03,OXY,1.9142944607947188e-16
combined_min_variance,2022-11-01,OXY,2.95093744149006e-16
combined_min_variance,2022-12-01,OXY,2.5397088019238277e-16
combined_min_variance,2023-01-03,OXY,3.0379385640872485e-17
combined_min_variance,2023-02-01,OXY,0.0
combined_min_variance,2023-03-01,OXY,6.647735048561792e-18
combined_min_variance,2023-04-03,OXY,3.7911500653207975e-17
combined_min_variance,2023-05-01,OXY,4.320209706053562e-18
combined_min_variance,2023-06-01,OXY,0.0
combined_min_variance,2023-07-03,OXY,0.0017957433882357
combined_min_variance,2023-08-01,OXY,0.00964390583664042
combined_min_variance,2023-09-01,OXY,0.013343269672880067
combined_min_variance,2023-10-02,OXY,0.009385394764112017
combined_min_variance,2023-11-01,OXY,0.0
combined_min_variance,2023-12-01,OXY,0.025405037673135362
combined_min_variance,2021-01-04,PLD,4.171987587860311e-15
combined_min_variance,2021-02-01,PLD,1.30794687171548e-14
combined_min_variance,2021-03-01,PLD,4.226839918848189e-16
combined_min_variance,2021-04-01,PLD,2.5450763376235756e-16
combined_min_variance,2021-05-03,PLD,3.8879042424777123e-17
combined_min_variance,2021-06-01,PLD,4.054946180122941e-17
combined_min_variance,2021-07-01,PLD,2.5562467096504875e-17
combined_min_variance,2021-08-02,PLD,4.656495600154796e-17
combined_min_variance,2021-09-01,PLD,1.3380183724857096e-16
combined_min_variance,2021-10-01,PLD,3.4440860866672325e-17
combined_min_variance,2021-11-01,PLD,2.8106433463937444e-17
combined_min_variance,2021-12-01,PLD,4.6530118157207957e-17
combined_min_variance,2022-01-03,PLD,8.050756092644716e-17
combined_min_variance,2022-02-01,PLD,6.709775112158856e-17
combined_min_variance,2022-03-01,PLD,3.558866712532719e-17
combined_min_variance,2022-04-01,PLD,8.137506883836034e-18
combined_min_variance,2022-05-02,PLD,0.0
combined_min_variance,2022-06-01,PLD,1.3592815219205105e-16
combined_min_variance,2022-07-01,PLD,0.0
combined_min_variance,2022-08-01,PLD,0.0
combined_min_variance,2022-09-01,PLD,2.357232148748774e-16
combined_min_variance,2022-10-03,PLD,0.0
combined_min_variance,2022-11-01,PLD,0.0
combined_min_variance,2022-12-01,PLD,7.053683808919131e-16
combined_min_variance,2023-01-03,PLD,2.870134940886033e-16
combined_min_variance,2023-02-01,PLD,1.9555353237469835e-15
combined_min_variance,2023-03-01,PLD,0.0
combined_min_variance,2023-04-03,PLD,5.240787662240225e-16
combined_min_variance,2023-05-01,PLD,3.439968956539171e-16
combined_min_variance,2023-06-01,PLD,2.680960922013531e-16
combined_min_variance,2023-07-03,PLD,3.5995112432491094e-17
combined_min_variance,2023-08-01,PLD,1.4348568719898397e-16
combined_min_variance,2023-09-01,PLD,2.382330986129555e-16
combined_min_variance,2023-10-02,PLD,0.0
combined_min_variance,2023-11-01,PLD,7.331578378254322e-17
combined_min_variance,2023-12-01,PLD,4.330940650829152e-17
combined_min_variance,2021-01-04,PSA,0.07625881049987873
combined_min_variance,2021-02-01,PSA,0.08165347080879606
combined_min_variance,2021-03-01,PSA,0.11709233034265489
combined_min_variance,2021-04-01,PSA,0.12088835884183707
combined_min_variance,2021-05-03,PSA,0.06152680085973412
combined_min_variance,2021-06-01,PSA,0.08778981945543396
combined_min_variance,2021-07-01,PSA,0.10256345779116441
combined_min_variance,2021-08-02,PSA,0.10435935591652092
combined_min_variance,2021-09-01,PSA,0.11541721341018261
combined_min_variance,2021-10-01,PSA,0.0944079624073979
combined_min_variance,2021-11-01,PSA,0.10256611559505235
combined_min_variance,2021-12-01,PSA,0.12703350999224153
combined_min_variance,2022-01-03,PSA,0.11465183834055337
combined_min_variance,2022-02-01,PSA,0.1046966304166281
combined_min_variance,2022-03-01,PSA,0.06974029490286018
combined_min_variance,2022-04-01,PSA,0.048599915429497584
combined_min_variance,2022-05-02,PSA,0.0
combined_min_variance,2022-06-01,PSA,2.843457012495709e-17
combined_min_variance,2022-07-01,PSA,1.6531104675885056e-16
combined_min_variance,2022-08-01,PSA,1.4446674645011442e-16
combined_min_variance,2022-09-01,PSA,2.0448623714492265e-16
combined_min_variance,2022-10-03,PSA,1.404865969146882e-16
combined_min_variance,2022-11-01,PSA,1.2560056392421057e-16
combined_min_variance,2022-12-01,PSA,4.3161486813063354e-16
combined_min_variance,2023-01-03,PSA,7.879785652721622e-17
combined_min_variance,2023-02-01,PSA,1.6970860001800975e-16
combined_min_variance,2023-03-01,PSA,0.0
combined_min_variance,2023-04-03,PSA,0.0
combined_min_variance,2023-05-01,PSA,9.671190538572249e-17
combined_min_variance,2023-06-01,PSA,0.0
combined_min_variance,2023-07-03,PSA,1.223177847070915e-16
combined_min_variance,2023-08-01,PSA,3.2838112112333617e-16
combined_min_variance,2023-09-01,PSA,0.0
combined_min_variance,2023-10-02,PSA,0.0
combined_min_variance,2023-11-01,PSA,0.0
combined_min_variance,2023-12-01,PSA,1.919408221729142e-17
combined_min_variance,2021-01-04,QCOM,4.052572823307843e-15
combined_min_variance,2021-02-01,QCOM,1.243777905578992e-14
combined_min_variance,2021-03-01,QCOM,4.037825385432212e-16
combined_min_variance,2021-04-01,QCOM,1.8835158464140132e-16
combined_min_variance,2021-05-03,QCOM,0.0
combined_min_variance,2021-06-01,QCOM,7.518507667546e-17
combined_min_variance,2021-07-01,QCOM,3.323095562600205e-17
combined_min_variance,2021-08-02,QCOM,4.7583555316002384e-17
combined_min_variance,2021-09-01,QCOM,3.0560902861411886e-17
combined_min_variance,2021-10-01,QCOM,1.0538675868654417e-16
combined_min_variance,2021-11-01,QCOM,6.291194313568955e-17
combined_min_variance,2021-12-01,QCOM,3.069263580395775e-17
combined_min_variance,2022-01-03,QCOM,5.1032759110542717e-17
combined_min_variance,2022-02-01,QCOM,7.28456180084815e-17
combined_min_variance,2022-03-01,QCOM,4.2648695373909316e-17
combined_min_variance,2022-04-01,QCOM,4.1380499636011e-17
combined_min_variance,2022-05-02,QCOM,0.0
combined_min_variance,2022-06-01,QCOM,5.553874271995429e-18
combined_min_variance,2022-07-01,QCOM,0.0
combined_min_variance,2022-08-01,QCOM,0.0
combined_min_variance,2022-09-01,QCOM,4.377942442455071e-17
combined_min_variance,2022-10-03,QCOM,0.0
combined_min_variance,2022-11-01,QCOM,1.1063944357035671e-16
combined_min_variance,2022-12-01,QCOM,1.309038598004686e-16
combined_min_variance,2023-01-03,QCOM,6.771836073222403e-17
combined_min_variance,2023-02-01,QCOM,8.0128074702984e-16
combined_min_variance,2023-03-01,QCOM,2.6014753502431875e-16
combined_min_variance,2023-04-03,QCOM,0.0
combined_min_variance,2023-05-01,QCOM,0.0
combined_min_variance,2023-06-01,QCOM,0.0
combined_min_variance,2023-07-03,QCOM,2.0187431363571578e-16
combined_min_variance,2023-08-01,QCOM,0.0
combined_min_variance,2023-09-01,QCOM,0.0
combined_min_variance,2023-10-02,QCOM,0.0
combined_min_variance,2023-11-01,QCOM,1.426640652401473e-16
combined_min_variance,2023-12-01,QCOM,5.2534656318872987e-17
combined_min_variance,2021-01-04,SBUX,8.705176465781518e-16
combined_min_variance,2021-02-01,SBUX,0.0
combined_min_variance,2021-03-01,SBUX,9.791788760034264e-16
combined_min_variance,2021-04-01,SBUX,2.1841377691858293e-16
combined_min_variance,2021-05-03,SBUX,2.2921734353690815e-16
combined_min_variance,2021-06-01,SBUX,1.2656446416253933e-17
combined_min_variance,2021-07-01,SBUX,0.02096410748916652
combined_min_variance,2021-08-02,SBUX,0.013120014046255745
combined_min_variance,2021-09-01,SBUX,0.0007779696746583825
combined_min_variance,2021-10-01,SBUX,0.02046365045998901
combined_min_variance,2021-11-01,SBUX,0.012995100749870332
combined_min_variance,2021-12-01,SBUX,0.0119431853353353
combined_min_variance,2022-01-03,SBUX,5.692911191516035e-17
combined_min_variance,2022-02-01,SBUX,0.02437516319803289
combined_min_variance,2022-03-01,SBUX,4.8742635190391467e-17
combined_min_variance,2022-04-01,SBUX,1.0228634457938273e-16
combined_min_variance,2022-05-02,SBUX,0.0
combined_min_variance,2022-06-01,SBUX,4.10577086223312e-17
combined_min_variance,2022-07-01,SBUX,1.566672139241554e-17
combined_min_variance,2022-08-01,SBUX,0.0
combined_min_variance,2022-09-01,SBUX,1.3403184511629075e-17
combined_min_variance,2022-10-03,SBUX,1.3207615339946854e-16
combined_min_variance,2022-11-01,SBUX,0.0
combined_min_variance,2022-12-01,SBUX,0.0
combined_min_variance,2023-01-03,SBUX,8.308437274393395e-17
combined_min_variance,2023-02-01,SBUX,0.0
combined_min_variance,2023-03-01,SBUX,9.61157163834545e-17
combined_min_variance,2023-04-03,SBUX,0.0
combined_min_variance,2023-05-01,SBUX,5.837978142845263e-18
combined_min_variance,2023-06-01,SBUX,0.0
combined_min_variance,2023-07-03,SBUX,7.703327663858258e-17
combined_min_variance,2023-08-01,SBUX,0.0
combined_min_variance,2023-09-01,SBUX,6.832506565732088e-17
combined_min_variance,2023-10-02,SBUX,1.9551151013061206e-17
combined_min_variance,2023-11-01,SBUX,7.71837930182003e-17
combined_min_variance,2023-12-01,SBUX,5.116086328064718e-17
combined_min_variance,2021-01-04,SHW,1.2534385698323747e-15
combined_min_variance,2021-02-01,SHW,2.612453665379314e-15
combined_min_variance,2021-03-01,SHW,1.4617217154529378e-16
combined_min_variance,2021-04-01,SHW,2.3140943417679273e-16
combined_min_variance,2021-05-03,SHW,6.6685194113426316e-18
combined_min_variance,2021-06-01,SHW,2.1190009978256365e-17
combined_min_variance,2021-07-01,SHW,1.9066995835579935e-17
combined_min_variance,2021-08-02,SHW,4.2485805373748706e-17
combined_min_variance,2021-09-01,SHW,5.785289283683552e-17
combined_min_variance,2021-10-01,SHW,4.1937048965936606e-18
combined_min_variance,2021-11-01,SHW,1.3240306828177616e-17
combined_min_variance,2021-12-01,SHW,0.02735678961829608
combined_min_variance,2022-01-03,SHW,0.0074682180096398935
combined_min_variance,2022-02-01,SHW,0.011375513416953099
combined_min_variance,2022-03-01,SHW,1.9241185407561126e-18
combined_min_variance,2022-04-01,SHW,0.008576540274373925
combined_min_variance,2022-05-02,SHW,0.06831182197511909
combined_min_variance,2022-06-01,SHW,0.05288108574093824
combined_min_variance,2022-07-01,SHW,0.027246490450328675
combined_min_variance,2022-08-01,SHW,0.023109069058922464
combined_min_variance,2022-09-01,SHW,0.02574880102811453
combined_min_variance,2022-10-03,SHW,0.013456343907569232
combined_min_variance,2022-11-01,SHW,0.0
combined_min_variance,2022-12-01,SHW,7.044603615724565e-17
combined_min_variance,2023-01-03,SHW,1.212631118585549e-17
combined_min_variance,2023-02-01,SHW,5.744602859267083e-16
combined_min_variance,2023-03-01,SHW,7.902031278240352e-18
combined_min_variance,2023-04-03,SHW,3.004417393581531e-16
combined_min_variance,2023-05-01,SHW,9.478226486174584e-17
combined_min_variance,2023-06-01,SHW,1.9335390493563365e-16
combined_min_variance,2023-07-03,SHW,1.5297544328451086e-16
combined_min_variance,2023-08-01,SHW,0.0
combined_min_variance,2023-09-01,SHW,0.0
combined_min_variance,2023-10-02,SHW,2.605956308643567e-16
combined_min_variance,2023-11-01,SHW,1.3168651824373157e-16
combined_min_variance,2023-12-01,SHW,3.0941533379569566e-17
combined_min_variance,2021-01-04,SLB,1.4574268954836781e-15
combined_min_variance,2021-02-01,SLB,0.0
combined_min_variance,2021-03-01,SLB,5.841165784881027e-14
combined_min_variance,2021-04-01,SLB,4.0717183293544563e-16
combined_min_variance,2021-05-03,SLB,9.045260487543189e-18
combined_min_variance,2021-06-01,SLB,1.3386312382679502e-14
combined_min_variance,2021-07-01,SLB,7.556850810875754e-17
combined_min_variance,2021-08-02,SLB,0.0
combined_min_variance,2021-09-01,SLB,0.0
combined_min_variance,2021-10-01,SLB,0.001960950024675892
combined_min_variance,2021-11-01,SLB,4.505326559344874e-17
combined_min_variance,2021-12-01,SLB,2.45169547797181e-17
combined_min_variance,2022-01-03,SLB,1.9609767844686087e-17
combined_min_variance,2022-02-01,SLB,2.7921915313100847e-17
combined_min_variance,2022-03-01,SLB,1.2570347921981078e-17
combined_min_variance,2022-04-01,SLB,1.2182449271064676e-17
combined_min_variance,2022-05-02,SLB,0.0
combined_min_variance,2022-06-01,SLB,2.615707522172631e-16
combined_min_variance,2022-07-01,SLB,2.8270823822479715e-17
combined_min_variance,2022-08-01,SLB,1.8473844198130338e-16
combined_min_variance,2022-09-01,SLB,0.0
combined_min_variance,2022-10-03,SLB,2.0930522939832663e-16
combined_min_variance,2022-11-01,SLB,1.8520342928428297e-16
combined_min_variance,2022-12-01,SLB,0.0
combined_min_variance,2023-01-03,SLB,8.568934613147164e-17
combined_min_variance,2023-02-01,SLB,0.0
combined_min_variance,2023-03-01,SLB,0.0
combined_min_variance,2023-04-03,SLB,1.4783266028429304e-17
combined_min_variance,2023-05-01,SLB,1.2589101264262053e-16
combined_min_variance,2023-06-01,SLB,0.0
combined_min_variance,2023-07-03,SLB,4.661484603700192e-17
combined_min_variance,2023-08-01,SLB,3.957990144941477e-16
combined_min_variance,2023-09-01,SLB,1.4604542076558646e-16
combined_min_variance,2023-10-02,SLB,4.5684505156133476e-17
combined_min_variance,2023-11-01,SLB,1.153455586253016e-16
combined_min_variance,2023-12-01,SLB,2.49137183324894e-17
combined_min_variance,2021-01-04,SO,6.846764201299886e-15
combined_min_variance,2021-02-01,SO,1.907443732807481e-14
combined_min_variance,2021-03-01,SO,1.068519069318835e-15
combined_min_variance,2021-04-01,SO,2.4658013204767725e-16
combined_min_variance,2021-05-03,SO,1.0176708391532137e-16
combined_min_variance,2021-06-01,SO,2.6857999755428107e-17
combined_min_variance,2021-07-01,SO,2.760386430927395e-17
combined_min_variance,2021-08-02,SO,3.553376116914306e-17
combined_min_variance,2021-09-01,SO,4.5404795112944385e-17
combined_min_variance,2021-10-01,SO,2.1428253366934514e-18
combined_min_variance,2021-11-01,SO,4.20844672213334e-17
combined_min_variance,2021-12-01,SO,0.008781962257545798
combined_min_variance,2022-01-03,SO,0.008501793550042757
combined_min_variance,2022-02-01,SO,0.10891895038140548
combined_min_variance,2022-03-01,SO,0.09176364188907184
combined_min_variance,2022-04-01,SO,0.10059831840497077
combined_min_variance,2022-05-02,SO,0.06780686891235208
combined_min_variance,2022-06-01,SO,0.05105127485706829
combined_min_variance,2022-07-01,SO,0.0034183709522018213
combined_min_variance,2022-08-01,SO,0.0026347325920966515
combined_min_variance,2022-09-01,SO,0.031133007348972397
combined_min_variance,2022-10-03,SO,0.0
combined_min_variance,2022-11-01,SO,0.0
combined_min_variance,2022-12-01,SO,1.1041921500407059e-17
combined_min_variance,2023-01-03,SO,3.592974212362672e-17
combined_min_variance,2023-02-01,SO,2.281603308189292e-16
combined_min_variance,2023-03-01,SO,6.9717346426827e-17
combined_min_variance,2023-04-03,SO,0.0
combined_min_variance,2023-05-01,SO,8.110017302486199e-17
combined_min_variance,2023-06-01,SO,1.3525422101756668e-17
combined_min_variance,2023-07-03,SO,1.0491914120701493e-16
combined_min_variance,2023-08-01,SO,0.0
combined_min_variance,2023-09-01,SO,9.041907305350205e-17
combined_min_variance,2023-10-02,SO,6.923740559218451e-17
combined_min_variance,2023-11-01,SO,4.3259666682171627e-17
combined_min_variance,2023-12-01,SO,1.9065454677662464e-17
combined_min_variance,2021-01-04,T,1.9657491696439313e-15
combined_min_variance,2021-02-01,T,0.0
combined_min_variance,2021-03-01,T,2.920236837050379e-15
combined_min_variance,2021-04-01,T,0.09226381493481084
combined_min_variance,2021-05-03,T,0.11505076696072344
combined_min_variance,2021-06-01,T,0.11666203298243996
combined_min_variance,2021-07-01,T,0.16480506306214837
combined_min_variance,2021-08-02,T,0.16600240486064002
combined_min_variance,2021-09-01,T,0.16551042080664274
combined_min_variance,2021-10-01,T,0.134770632818613
combined_min_variance,2021-11-01,T,0.11051294823279863
combined_min_variance,2021-12-01,T,0.0882679527542245
combined_min_variance,2022-01-03,T,0.073473448578411
combined_min_variance,2022-02-01,T,0.009143860735835523
combined_min_variance,2022-03-01,T,2.1341026597037386e-17
combined_min_variance,2022-04-01,T,7.897613377646836e-17
combined_min_variance,2022-05-02,T,1.8973538018496328e-19
combined_min_variance,2022-06-01,T,4.7753596374131287e-17
combined_min_variance,2022-07-01,T,2.4039472669434847e-16
combined_min_variance,2022-08-01,T,0.0
combined_min_variance,2022-09-01,T,4.973280728863358e-18
combined_min_variance,2022-10-03,T,0.0
combined_min_variance,2022-11-01,T,0.0
combined_min_variance,2022-12-01,T,0.0
combined_min_variance,2023-01-03,T,0.0032024949906562313
combined_min_variance,2023-02-01,T,0.028460537540978915
combined_min_variance,2023-03-01,T,0.04285692656283739
combined_min_variance,2023-04-03,T,0.051050010495691016
combined_min_variance,2023-05-01,T,0.035748096530583626
combined_min_variance,2023-06-01,T,0.023851637678809313
combined_min_variance,2023-07-03,T,0.04503690671236972
combined_min_variance,2023-08-01,T,0.028299838597863187
combined_min_variance,2023-09-01,T,0.0334243401149322
combined_min_variance,2023-10-02,T,0.02732058940574357
combined_min_variance,2023-11-01,T,0.040937670937767484
combined_min_variance,2023-12-01,T,0.034761374365434916
combined_min_variance,2021-01-04,TMUS,1.3903136775066908e-15
combined_min_variance,2021-02-01,TMUS,0.0
combined_min_variance,2021-03-01,TMUS,2.52694325130233e-15
combined_min_variance,2021-04-01,TMUS,2.6899213369067595e-16
combined_min_variance,2021-05-03,TMUS,1.949836938187334e-17
combined_min_variance,2021-06-01,TMUS,2.6696784202816237e-17
combined_min_variance,2021-07-01,TMUS,5.153816407488188e-17
combined_min_variance,2021-08-02,TMUS,7.696513407384202e-17
combined_min_variance,2021-09-01,TMUS,2.1789928306606445e-17
combined_min_variance,2021-10-01,TMUS,1.2071853983268275e-17
combined_min_variance,2021-11-01,TMUS,0.0008476401194625006
combined_min_variance,2021-12-01,TMUS,5.298880531732245e-17
combined_min_variance,2022-01-03,TMUS,4.7774493513985885e-17
combined_min_variance,2022-02-01,TMUS,7.08021600168894e-17
combined_min_variance,2022-03-01,TMUS,5.200536899902948e-17
combined_min_variance,2022-04-01,TMUS,0.014578541617164336
combined_min_variance,2022-05-02,TMUS,7.82353511401962e-17
combined_min_variance,2022-06-01,TMUS,9.118693889551149e-17
combined_min_variance,2022-07-01,TMUS,1.0884276486014216e-16
combined_min_variance,2022-08-01,TMUS,1.155379798789347e-16
combined_min_variance,2022-09-01,TMUS,1.3046010236174966e-18
combined_min_variance,2022-10-03,TMUS,8.95822045016148e-17
combined_min_variance,2022-11-01,TMUS,1.21349356628624e-16
combined_min_variance,2022-12-01,TMUS,0.0
combined_min_variance,2023-01-03,TMUS,4.261746542590588e-17
combined_min_variance,2023-02-01,TMUS,9.562636986126891e-17
combined_min_variance,2023-03-01,TMUS,1.7820802479559197e-16
combined_min_variance,2023-04-03,TMUS,5.247792624714018e-17
combined_min_variance,2023-05-01,TMUS,3.941168526011794e-17
combined_min_variance,2023-06-01,TMUS,0.0
combined_min_variance,2023-07-03,TMUS,0.03142235282476518
combined_min_variance,2023-08-01,TMUS,0.0551366577817395
combined_min_variance,2023-09-01,TMUS,0.03821508721810572
combined_min_variance,2023-10-02,TMUS,0.06644909590243057
combined_min_variance,2023-11-01,TMUS,0.06319484777580062
combined_min_variance,2023-12-01,TMUS,0.06528774038534908
combined_min_variance,2021-01-04,TTWO,0.037478678852105186
combined_min_variance,2021-02-01,TTWO,0.03182102822550471
combined_min_variance,2021-03-01,TTWO,0.014588036782761998
combined_min_variance,2021-04-01,TTWO,0.07285083210721256
combined_min_variance,2021-05-03,TTWO,0.05841959851826519
combined_min_variance,2021-06-01,TTWO,0.05792148451023146
combined_min_variance,2021-07-01,TTWO,0.05202187997818471
combined_min_variance,2021-08-02,TTWO,0.059597579823293216
combined_min_variance,2021-09-01,TTWO,0.06172977673980472
combined_min_variance,2021-10-01,TTWO,0.040562234546362826
combined_min_variance,2021-11-01,TTWO,0.026940831222283294
combined_min_variance,2021-12-01,TTWO,0.02152064494988698
combined_min_variance,2022-01-03,TTWO,0.019360940540538697
combined_min_variance,2022-02-01,TTWO,0.03133062184631779
combined_min_variance,2022-03-01,TTWO,0.04042037478704383
combined_min_variance,2022-04-01,TTWO,0.0334621152658835
combined_min_variance,2022-05-02,TTWO,0.03845470297449397
combined_min_variance,2022-06-01,TTWO,0.025477612590800468
combined_min_variance,2022-07-01,TTWO,0.0273964944031395
combined_min_variance,2022-08-01,TTWO,0.027311487932470783
combined_min_variance,2022-09-01,TTWO,0.012136677031963777
combined_min_variance,2022-10-03,TTWO,0.013732975825775741
combined_min_variance,2022-11-01,TTWO,0.018582904742234233
combined_min_variance,2022-12-01,TTWO,0.03655723417759395
combined_min_variance,2023-01-03,TTWO,0.034616319186776476
combined_min_variance,2023-02-01,TTWO,0.021777841809769084
combined_min_variance,2023-03-01,TTWO,0.027736745005150474
combined_min_variance,2023-04-03,TTWO,0.02315304931193629
combined_min_variance,2023-05-01,TTWO,0.02217138404351599
combined_min_variance,2023-06-01,TTWO,0.0
combined_min_variance,2023-07-03,TTWO,6.566801239701825e-17
combined_min_variance,2023-08-01,TTWO,0.0
combined_min_variance,2023-09-01,TTWO,0.010302252272557577
combined_min_variance,2023-10-02,TTWO,0.010060718360625397
combined_min_variance,2023-11-01,TTWO,0.0
combined_min_variance,2023-12-01,TTWO,2.0209822407625544e-17
combined_min_variance,2021-01-04,UPS,0.014093414383270891
combined_min_variance,2021-02-01,UPS,0.0074183656632953775
combined_min_variance,2021-03-01,UPS,0.02100159475435662
combined_min_variance,2021-04-01,UPS,1.1492945239371275e-16
combined_min_variance,2021-05-03,UPS,1.0571120726326665e-16
combined_min_variance,2021-06-01,UPS,1.490238825132412e-17
combined_min_variance,2021-07-01,UPS,4.109380743645781e-17
combined_min_variance,2021-08-02,UPS,0.0
combined_min_variance,2021-09-01,UPS,4.2529313583993496e-18
combined_min_variance,2021-10-01,UPS,3.587360520291168e-18
combined_min_variance,2021-11-01,UPS,0.007555889962243825
combined_min_variance,2021-12-01,UPS,0.00045121816218056767
combined_min_variance,2022-01-03,UPS,0.0034668001483694664
combined_min_variance,2022-02-01,UPS,0.0024075368436582228
combined_min_variance,2022-03-01,UPS,0.011786201207355903
combined_min_variance,2022-04-01,UPS,4.260318392861814e-17
combined_min_variance,2022-05-02,UPS,2.4614777447209968e-17
combined_min_variance,2022-06-01,UPS,0.003826980492136596
combined_min_variance,2022-07-01,UPS,0.008537902620089714
combined_min_variance,2022-08-01,UPS,0.0
combined_min_variance,2022-09-01,UPS,0.004299522480085507
combined_min_variance,2022-10-03,UPS,0.0008323435158488279
combined_min_variance,2022-11-01,UPS,0.014435972676813862
combined_min_variance,2022-12-01,UPS,0.0
combined_min_variance,2023-01-03,UPS,3.348665288451548e-17
combined_min_variance,2023-02-01,UPS,1.0734421751551231e-16
combined_min_variance,2023-03-01,UPS,0.0
combined_min_variance,2023-04-03,UPS,0.0
combined_min_variance,2023-05-01,UPS,3.987822884546927e-18
combined_min_variance,2023-06-01,UPS,3.461315435659973e-17
combined_min_variance,2023-07-03,UPS,5.681602959083356e-17
combined_min_variance,2023-08-01,UPS,0.0
combined_min_variance,2023-09-01,UPS,1.9286046081786582e-16
combined_min_variance,2023-10-02,UPS,8.160999247083958e-17
combined_min_variance,2023-11-01,UPS,0.0
combined_min_variance,2023-12-01,UPS,0.0
combined_min_variance,2021-01-04,USB,4.859858090676675e-16
combined_min_variance,2021-02-01,USB,0.0
combined_min_variance,2021-03-01,USB,2.5868937995729883e-14
combined_min_variance,2021-04-01,USB,7.411342534346378e-16
combined_min_variance,2021-05-03,USB,1.052852335194589e-16
combined_min_variance,2021-06-01,USB,2.634469088672378e-17
combined_min_variance,2021-07-01,USB,9.494745853847864e-17
combined_min_variance,2021-08-02,USB,3.7750210160994255e-18
combined_min_variance,2021-09-01,USB,2.8107897957467556e-17
combined_min_variance,2021-10-01,USB,9.032584262818005e-19
combined_min_variance,2021-11-01,USB,1.2066556339951628e-17
combined_min_variance,2021-12-01,USB,1.0902754383777772e-17
combined_min_variance,2022-01-03,USB,7.528269187270836e-17
combined_min_variance,2022-02-01,USB,9.015733301045037e-17
combined_min_variance,2022-03-01,USB,6.31295030394726e-18
combined_min_variance,2022-04-01,USB,7.792026295429864e-17
combined_min_variance,2022-05-02,USB,1.532790821351382e-17
combined_min_variance,2022-06-01,USB,9.958779812042688e-18
combined_min_variance,2022-07-01,USB,0.0
combined_min_variance,2022-08-01,USB,1.9788544783690162e-17
combined_min_variance,2022-09-01,USB,3.416847887678578e-17
combined_min_variance,2022-10-03,USB,1.905485318143274e-17
combined_min_variance,2022-11-01,USB,0.0
combined_min_variance,2022-12-01,USB,0.0
combined_min_variance,2023-01-03,USB,4.9430321171996953e-17
combined_min_variance,2023-02-01,USB,1.4317690373713743e-16
combined_min_variance,2023-03-01,USB,0.0
combined_min_variance,2023-04-03,USB,5.500970772648328e-17
combined_min_variance,2023-05-01,USB,4.1035722133271763e-17
combined_min_variance,2023-06-01,USB,1.340548223642546e-16
combined_min_variance,2023-07-03,USB,1.0504007504935627e-16
combined_min_variance,2023-08-01,USB,1.7185645758950193e-16
combined_min_variance,2023-09-01,USB,3.085105272437173e-16
combined_min_variance,2023-10-02,USB,0.0
combined_min_variance,2023-11-01,USB,7.576879119779167e-17
combined_min_variance,2023-12-01,USB,7.300941966581449e-17
combined_min_variance,2021-01-04,V,6.294952770342359e-16
combined_min_variance,2021-02-01,V,5.318675777562005e-16
combined_min_variance,2021-03-01,V,0.0
combined_min_variance,2021-04-01,V,1.8542505394149336e-16
combined_min_variance,2021-05-03,V,1.6250323371332762e-16
combined_min_variance,2021-06-01,V,1.2782991284992648e-17
combined_min_variance,2021-07-01,V,8.484539493182057e-17
combined_min_variance,2021-08-02,V,0.0
combined_min_variance,2021-09-01,V,1.0831948601313974e-16
combined_min_variance,2021-10-01,V,1.2191980438182517e-17
combined_min_variance,2021-11-01,V,3.1429755751638794e-17
combined_min_variance,2021-12-01,V,6.550328895204596e-17
combined_min_variance,2022-01-03,V,3.769597130293004e-17
combined_min_variance,2022-02-01,V,5.774411987749217e-17
combined_min_variance,2022-03-01,V,4.903080943772702e-17
combined_min_variance,2022-04-01,V,8.636202381839247e-17
combined_min_variance,2022-05-02,V,3.3820737293104135e-17
combined_min_variance,2022-06-01,V,1.9875395229383204e-17
combined_min_variance,2022-07-01,V,8.460829545984918e-17
combined_min_variance,2022-08-01,V,9.853763303133613e-17
combined_min_variance,2022-09-01,V,4.118315562229757e-17
combined_min_variance,2022-10-03,V,0.0
combined_min_variance,2022-11-01,V,9.507958601233988e-17
combined_min_variance,2022-12-01,V,2.4108251744751896e-16
combined_min_variance,2023-01-03,V,2.5988551282826246e-17
combined_min_variance,2023-02-01,V,0.0
combined_min_variance,2023-03-01,V,0.0
combined_min_variance,2023-04-03,V,0.0
combined_min_variance,2023-05-01,V,4.583294636863512e-17
combined_min_variance,2023-06-01,V,0.0
combined_min_variance,2023-07-03,V,4.381655675413321e-17
combined_min_variance,2023-08-01,V,0.00208655621758989
combined_min_variance,2023-09-01,V,0.011552466802608227
combined_min_variance,2023-10-02,V,0.023307428621199586
combined_min_variance,2023-11-01,V,0.03899737904371466
combined_min_variance,2023-12-01,V,0.07293710375286602
combined_min_variance,2021-01-04,WFC,2.6991228766606487e-15
combined_min_variance,2021-02-01,WFC,8.021740310745496e-15
combined_min_variance,2021-03-01,WFC,3.656202629167173e-14
combined_min_variance,2021-04-01,WFC,5.941535133114432e-16
combined_min_variance,2021-05-03,WFC,5.638624210340026e-17
combined_min_variance,2021-06-01,WFC,2.0238658566002118e-17
combined_min_variance,2021-07-01,WFC,3.6730456147097556e-17
combined_min_variance,2021-08-02,WFC,3.027167241798122e-17
combined_min_variance,2021-09-01,WFC,4.347724551135196e-17
combined_min_variance,2021-10-01,WFC,3.934677232913916e-18
combined_min_variance,2021-11-01,WFC,7.45142878716889e-18
combined_min_variance,2021-12-01,WFC,3.2736695624249294e-17
combined_min_variance,2022-01-03,WFC,4.866669242397949e-17
combined_min_variance,2022-02-01,WFC,1.2841838478862743e-16
combined_min_variance,2022-03-01,WFC,1.0925248416218436e-16
combined_min_variance,2022-04-01,WFC,9.248461974363473e-17
combined_min_variance,2022-05-02,WFC,1.3525422101756668e-16
combined_min_variance,2022-06-01,WFC,5.2327973777421415e-17
combined_min_variance,2022-07-01,WFC,1.714030904653283e-17
combined_min_variance,2022-08-01,WFC,0.0
combined_min_variance,2022-09-01,WFC,3.342814925173547e-17
combined_min_variance,2022-10-03,WFC,0.0
combined_min_variance,2022-11-01,WFC,2.149312222339897e-16
combined_min_variance,2022-12-01,WFC,2.053614439959106e-16
combined_min_variance,2023-01-03,WFC,8.529744842800681e-17
combined_min_variance,2023-02-01,WFC,0.0
combined_min_variance,2023-03-01,WFC,0.0
combined_min_variance,2023-04-03,WFC,2.7765231791227613e-16
combined_min_variance,2023-05-01,WFC,2.608962879901366e-17
combined_min_variance,2023-06-01,WFC,5.773376568485311e-18
combined_min_variance,2023-07-03,WFC,5.236100368012057e-18
combined_min_variance,2023-08-01,WFC,4.7082326373130284e-17
combined_min_variance,2023-09-01,WFC,0.0
combined_min_variance,2023-10-02,WFC,9.659450959476783e-18
combined_min_variance,2023-11-01,WFC,0.0
combined_min_variance,2023-12-01,WFC,1.2727446391505027e-18
combined_min_variance,2021-01-04,WMT,0.23106299975861572
combined_min_variance,2021-02-01,WMT,0.22786836539370917
combined_min_variance,2021-03-01,WMT,0.20964976679013145
combined_min_variance,2021-04-01,WMT,0.22713068591384886
combined_min_variance,2021-05-03,WMT,0.2001021985248433
combined_min_variance,2021-06-01,WMT,0.17273691228529564
combined_min_variance,2021-07-01,WMT,0.10218930198878608
combined_min_variance,2021-08-02,WMT,0.10606663555587247
combined_min_variance,2021-09-01,WMT,0.11696097835277695
combined_min_variance,2021-10-01,WMT,0.128356441543041
combined_min_variance,2021-11-01,WMT,0.10697355731536524
combined_min_variance,2021-12-01,WMT,0.11182139025464168
combined_min_variance,2022-01-03,WMT,0.11388631224497894
combined_min_variance,2022-02-01,WMT,0.09403922868011089
combined_min_variance,2022-03-01,WMT,0.1314399757513538
combined_min_variance,2022-04-01,WMT,0.11645763185265628
combined_min_variance,2022-05-02,WMT,0.10720769036679495
combined_min_variance,2022-06-01,WMT,0.08702250780805582
combined_min_variance,2022-07-01,WMT,0.11138849486179735
combined_min_variance,2022-08-01,WMT,0.10898838683525437
combined_min_variance,2022-09-01,WMT,0.09910309956677847
combined_min_variance,2022-10-03,WMT,0.11563035654037118
combined_min_variance,2022-11-01,WMT,0.11151746502853299
combined_min_variance,2022-12-01,WMT,0.11230376367613684
combined_min_variance,2023-01-03,WMT,0.10760303998038778
combined_min_variance,2023-02-01,WMT,0.10178713250462626
combined_min_variance,2023-03-01,WMT,0.09553503147234248
combined_min_variance,2023-04-03,WMT,0.10413729480438857
combined_min_variance,2023-05-01,WMT,0.1191311821815935
combined_min_variance,2023-06-01,WMT,0.1530882647613238
combined_min_variance,2023-07-03,WMT,0.13395751293782251
combined_min_variance,2023-08-01,WMT,0.13385068375550008
combined_min_variance,2023-09-01,WMT,0.1784621940165652
combined_min_variance,2023-10-02,WMT,0.1544400965922572
combined_min_variance,2023-11-01,WMT,0.19513006462111432
combined_min_variance,2023-12-01,WMT,0.17053536636008412
combined_min_variance,2021-01-04,XOM,2.9520037495350296e-15
combined_min_variance,2021-02-01,XOM,0.0
combined_min_variance,2021-03-01,XOM,9.600803653265315e-15
combined_min_variance,2021-04-01,XOM,4.832793290223694e-16
combined_min_variance,2021-05-03,XOM,1.0978813508899522e-16
combined_min_variance,2021-06-01,XOM,2.0956476432583205e-17
combined_min_variance,2021-07-01,XOM,3.981536181534868e-18
combined_min_variance,2021-08-02,XOM,8.304632314159274e-17
combined_min_variance,2021-09-01,XOM,9.320180945692478e-17
combined_min_variance,2021-10-01,XOM,2.502462400478099e-18
combined_min_variance,2021-11-01,XOM,7.895941467000383e-17
combined_min_variance,2021-12-01,XOM,5.4459477033230204e-17
combined_min_variance,2022-01-03,XOM,4.319642970727258e-17
combined_min_variance,2022-02-01,XOM,5.934875073127775e-17
combined_min_variance,2022-03-01,XOM,7.807448998433766e-17
combined_min_variance,2022-04-01,XOM,1.6604407665772053e-17
combined_min_variance,2022-05-02,XOM,0.0
combined_min_variance,2022-06-01,XOM,1.61019327921261e-16
combined_min_variance,2022-07-01,XOM,6.287731768384848e-17
combined_min_variance,2022-08-01,XOM,0.0
combined_min_variance,2022-09-01,XOM,4.340559527474984e-17
combined_min_variance,2022-10-03,XOM,0.0
combined_min_variance,2022-11-01,XOM,2.849927054331819e-16
combined_min_variance,2022-12-01,XOM,0.015559940963460354
combined_min_variance,2023-01-03,XOM,0.007631309124413113
combined_min_variance,2023-02-01,XOM,0.005302692278831893
combined_min_variance,2023-03-01,XOM,0.0
combined_min_variance,2023-04-03,XOM,0.009654845599093265
combined_min_variance,2023-05-01,XOM,2.1122382825744768e-16
combined_min_variance,2023-06-01,XOM,1.2384299315215674e-16
combined_min_variance,2023-07-03,XOM,0.00972111132941244
combined_min_variance,2023-08-01,XOM,0.012897651784680893
combined_min_variance,2023-09-01,XOM,0.020511211912786247
combined_min_variance,2023-10-02,XOM,0.0030089016532021976
combined_min_variance,2023-11-01,XOM,0.0
combined_min_variance,2023-12-01,XOM,5.053839200695338e-17
combined_min_variance,2021-01-04,ADA-USD,2.794905297260979e-15
combined_min_variance,2021-02-01,ADA-USD,1.3762096270188589e-14
combined_min_variance,2021-03-01,ADA-USD,8.386534234552978e-14
combined_min_variance,2021-04-01,ADA-USD,1.86609876276247e-16
combined_min_variance,2021-05-03,ADA-USD,4.1555849684674233e-16
combined_min_variance,2021-06-01,ADA-USD,1.859674870763913e-13
combined_min_variance,2021-07-01,ADA-USD,0.0
combined_min_variance,2021-08-02,ADA-USD,8.515412627130658e-19
combined_min_variance,2021-09-01,ADA-USD,1.8008507714150375e-16
combined_min_variance,2021-10-01,ADA-USD,1.770882876681408e-16
combined_min_variance,2021-11-01,ADA-USD,1.7694201748961744e-16
combined_min_variance,2021-12-01,ADA-USD,3.766791107693187e-16
combined_min_variance,2022-01-03,ADA-USD,6.970533108736517e-16
combined_min_variance,2022-02-01,ADA-USD,0.0
combined_min_variance,2022-03-01,ADA-USD,2.8150335254685087e-16
combined_min_variance,2022-04-01,ADA-USD,3.285871347582311e-17
combined_min_variance,2022-05-02,ADA-USD,0.0
combined_min_variance,2022-06-01,ADA-USD,4.562172198351334e-17
combined_min_variance,2022-07-01,ADA-USD,0.0
combined_min_variance,2022-08-01,ADA-USD,3.491386050903103e-16
combined_min_variance,2022-09-01,ADA-USD,2.828447714188316e-16
combined_min_variance,2022-10-03,ADA-USD,0.0
combined_min_variance,2022-11-01,ADA-USD,0.0
combined_min_variance,2022-12-01,ADA-USD,2.450534079042471e-16
combined_min_variance,2023-01-03,ADA-USD,3.311321994290224e-16
combined_min_variance,2023-02-01,ADA-USD,0.0
combined_min_variance,2023-03-01,ADA-USD,0.0
combined_min_variance,2023-04-03,ADA-USD,1.5639701041398127e-16
combined_min_variance,2023-05-01,ADA-USD,3.8351725800394854e-17
combined_min_variance,2023-06-01,ADA-USD,1.184965211890876e-16
combined_min_variance,2023-07-03,ADA-USD,4.327260487806895e-17
combined_min_variance,2023-08-01,ADA-USD,0.0
combined_min_variance,2023-09-01,ADA-USD,8.971298798643677e-17
combined_min_variance,2023-10-02,ADA-USD,0.0
combined_min_variance,2023-11-01,ADA-USD,0.0
combined_min_variance,2023-12-01,ADA-USD,2.009130380303562e-18
combined_min_variance,2021-01-04,BCH-USD,1.1918331578272336e-15
combined_min_variance,2021-02-01,BCH-USD,1.4034714222784708e-16
combined_min_variance,2021-03-01,BCH-USD,6.426641368973192e-14
combined_min_variance,2021-04-01,BCH-USD,2.4972315244936427e-16
combined_min_variance,2021-05-03,BCH-USD,1.1167230235683452e-16
combined_min_variance,2021-06-01,BCH-USD,2.1929977912633826e-13
combined_min_variance,2021-07-01,BCH-USD,7.824767452193099e-17
combined_min_variance,2021-08-02,BCH-USD,5.2614026493091804e-17
combined_min_variance,2021-09-01,BCH-USD,1.2909232381874935e-16
combined_min_variance,2021-10-01,BCH-USD,2.447811563140327e-16
combined_min_variance,2021-11-01,BCH-USD,1.1770680318284823e-16
combined_min_variance,2021-12-01,BCH-USD,8.487802108268573e-17
combined_min_variance,2022-01-03,BCH-USD,5.012379158714497e-16
combined_min_variance,2022-02-01,BCH-USD,9.708545529612853e-18
combined_min_variance,2022-03-01,BCH-USD,5.6810255754025955e-18
combined_min_variance,2022-04-01,BCH-USD,2.0528255518590325e-16
combined_min_variance,2022-05-02,BCH-USD,1.3734131019960127e-16
combined_min_variance,2022-06-01,BCH-USD,6.621057169456361e-17
combined_min_variance,2022-07-01,BCH-USD,0.0
combined_min_variance,2022-08-01,BCH-USD,0.0
combined_min_variance,2022-09-01,BCH-USD,5.4309323674402966e-17
combined_min_variance,2022-10-03,BCH-USD,0.0
combined_min_variance,2022-11-01,BCH-USD,0.0
combined_min_variance,2022-12-01,BCH-USD,0.0
combined_min_variance,2023-01-03,BCH-USD,2.224703037924229e-16
combined_min_variance,2023-02-01,BCH-USD,0.0
combined_min_variance,2023-03-01,BCH-USD,6.285755853935751e-16
combined_min_variance,2023-04-03,BCH-USD,6.720613513399795e-17
combined_min_variance,2023-05-01,BCH-USD,1.5855765704857113e-16
combined_min_variance,2023-06-01,BCH-USD,8.964996713739515e-17
combined_min_variance,2023-07-03,BCH-USD,4.398493478787622e-18
combined_min_variance,2023-08-01,BCH-USD,0.0
combined_min_variance,2023-09-01,BCH-USD,7.951945308823372e-17
combined_min_variance,2023-10-02,BCH-USD,1.0652942842932482e-16
combined_min_variance,2023-11-01,BCH-USD,0.0
combined_min_variance,2023-12-01,BCH-USD,2.3123478883188153e-17
combined_min_variance,2021-01-04,BTC-USD,2.313885174057147e-15
combined_min_variance,2021-02-01,BTC-USD,0.0
combined_min_variance,2021-03-01,BTC-USD,2.865663374738528e-14
combined_min_variance,2021-04-01,BTC-USD,0.0029027605856988105
combined_min_variance,2021-05-03,BTC-USD,0.0056333209463114145
combined_min_variance,2021-06-01,BTC-USD,7.739237325084055e-14
combined_min_variance,2021-07-01,BTC-USD,3.354142601414222e-18
combined_min_variance,2021-08-02,BTC-USD,6.820631434246359e-17
combined_min_variance,2021-09-01,BTC-USD,0.0
combined_min_variance,2021-10-01,BTC-USD,1.4945036363054058e-16
combined_min_variance,2021-11-01,BTC-USD,3.846516131153718e-17
combined_min_variance,2021-12-01,BTC-USD,1.9998038936977624e-16
combined_min_variance,2022-01-03,BTC-USD,3.8496578496316406e-17
combined_min_variance,2022-02-01,BTC-USD,1.1273379865345202e-16
combined_min_variance,2022-03-01,BTC-USD,0.00011395402784970637
combined_min_variance,2022-04-01,BTC-USD,0.0008291634666809537
combined_min_variance,2022-05-02,BTC-USD,2.1810759578619332e-16
combined_min_variance,2022-06-01,BTC-USD,0.010215998231983445
combined_min_variance,2022-07-01,BTC-USD,0.0
combined_min_variance,2022-08-01,BTC-USD,0.0
combined_min_variance,2022-09-01,BTC-USD,1.4782180714119438e-16
combined_min_variance,2022-10-03,BTC-USD,0.0
combined_min_variance,2022-11-01,BTC-USD,0.0
combined_min_variance,2022-12-01,BTC-USD,0.0
combined_min_variance,2023-01-03,BTC-USD,2.834818975367066e-16
combined_min_variance,2023-02-01,BTC-USD,0.0
combined_min_variance,2023-03-01,BTC-USD,0.0
combined_min_variance,2023-04-03,BTC-USD,4.71183737585464e-16
combined_min_variance,2023-05-01,BTC-USD,8.066107388570672e-17
combined_min_variance,2023-06-01,BTC-USD,0.0
combined_min_variance,2023-07-03,BTC-USD,4.8282566230534443e-17
combined_min_variance,2023-08-01,BTC-USD,0.0
combined_min_variance,2023-09-01,BTC-USD,0.0
combined_min_variance,2023-10-02,BTC-USD,0.0
combined_min_variance,2023-11-01,BTC-USD,0.0
combined_min_variance,2023-12-01,BTC-USD,0.012052596590450769
combined_min_variance,2021-01-04,EOS-USD,2.519317492168114e-15
combined_min_variance,2021-02-01,EOS-USD,0.0
combined_min_variance,2021-03-01,EOS-USD,5.859218582362023e-14
combined_min_variance,2021-04-01,EOS-USD,1.561224342417964e-16
combined_min_variance,2021-05-03,EOS-USD,3.519627340867582e-16
combined_min_variance,2021-06-01,EOS-USD,2.3147467011671017e-13
combined_min_variance,2021-07-01,EOS-USD,0.0
combined_min_variance,2021-08-02,EOS-USD,1.2344994643973542e-16
combined_min_variance,2021-09-01,EOS-USD,0.0
combined_min_variance,2021-10-01,EOS-USD,1.6117547106623395e-16
combined_min_variance,2021-11-01,EOS-USD,1.4679357856625043e-17
combined_min_variance,2021-12-01,EOS-USD,1.8566179259977334e-16
combined_min_variance,2022-01-03,EOS-USD,3.638680514901237e-16
combined_min_variance,2022-02-01,EOS-USD,2.0867073137724017e-16
combined_min_variance,2022-03-01,EOS-USD,2.323629451920211e-16
combined_min_variance,2022-04-01,EOS-USD,2.433259276654417e-16
combined_min_variance,2022-05-02,EOS-USD,0.0
combined_min_variance,2022-06-01,EOS-USD,2.34319840335382e-16
combined_min_variance,2022-07-01,EOS-USD,0.0
combined_min_variance,2022-08-01,EOS-USD,3.8359122068894784e-16
combined_min_variance,2022-09-01,EOS-USD,4.213128436895818e-17
combined_min_variance,2022-10-03,EOS-USD,0.0
combined_min_variance,2022-11-01,EOS-USD,0.0
combined_min_variance,2022-12-01,EOS-USD,3.2366822980481325e-16
combined_min_variance,2023-01-03,EOS-USD,8.996550023241676e-17
combined_min_variance,2023-02-01,EOS-USD,0.0
combined_min_variance,2023-03-01,EOS-USD,7.625362541454625e-18
combined_min_variance,2023-04-03,EOS-USD,0.0
combined_min_variance,2023-05-01,EOS-USD,4.927696322963887e-17
combined_min_variance,2023-06-01,EOS-USD,0.0
combined_min_variance,2023-07-03,EOS-USD,2.3905591990335554e-16
combined_min_variance,2023-08-01,EOS-USD,4.9440466098286256e-17
combined_min_variance,2023-09-01,EOS-USD,8.446544787384103e-16
combined_min_variance,2023-10-02,EOS-USD,0.0
combined_min_variance,2023-11-01,EOS-USD,0.0
combined_min_variance,2023-12-01,EOS-USD,6.905408520613744e-17
combined_min_variance,2021-01-04,ETC-USD,2.3870825696665663e-15
combined_min_variance,2021-02-01,ETC-USD,0.0
combined_min_variance,2021-03-01,ETC-USD,5.3683034801993686e-14
combined_min_variance,2021-04-01,ETC-USD,1.0131601495979022e-16
combined_min_variance,2021-05-03,ETC-USD,2.916268898236497e-16
combined_min_variance,2021-06-01,ETC-USD,2.0904369252931128e-13
combined_min_variance,2021-07-01,ETC-USD,2.9942181815635945e-16
combined_min_variance,2021-08-02,ETC-USD,2.9267699306118683e-16
combined_min_variance,2021-09-01,ETC-USD,4.524660364013402e-16
combined_min_variance,2021-10-01,ETC-USD,8.098572514258619e-17
combined_min_variance,2021-11-01,ETC-USD,5.599049868402205e-17
combined_min_variance,2021-12-01,ETC-USD,2.0474362744745748e-17
combined_min_variance,2022-01-03,ETC-USD,3.106004030423949e-16
combined_min_variance,2022-02-01,ETC-USD,1.7331978915952746e-16
combined_min_variance,2022-03-01,ETC-USD,5.0783071036502855e-17
combined_min_variance,2022-04-01,ETC-USD,1.6559748328755702e-16
combined_min_variance,2022-05-02,ETC-USD,0.0
combined_min_variance,2022-06-01,ETC-USD,7.686280444871713e-17
combined_min_variance,2022-07-01,ETC-USD,2.1986151641013273e-16
combined_min_variance,2022-08-01,ETC-USD,1.9352249729839923e-16
combined_min_variance,2022-09-01,ETC-USD,9.587220461053312e-17
combined_min_variance,2022-10-03,ETC-USD,0.0
combined_min_variance,2022-11-01,ETC-USD,1.9285332720514786e-16
combined_min_variance,2022-12-01,ETC-USD,0.0
combined_min_variance,2023-01-03,ETC-USD,1.3327004013903705e-17
combined_min_variance,2023-02-01,ETC-USD,3.137329524129216e-16
combined_min_variance,2023-03-01,ETC-USD,1.1491983630795758e-15
combined_min_variance,2023-04-03,ETC-USD,0.0
combined_min_variance,2023-05-01,ETC-USD,3.9569671928750556e-16
combined_min_variance,2023-06-01,ETC-USD,3.450473413935118e-17
combined_min_variance,2023-07-03,ETC-USD,5.384774486928627e-16
combined_min_variance,2023-08-01,ETC-USD,4.714322804203787e-16
combined_min_variance,2023-09-01,ETC-USD,0.0
combined_min_variance,2023-10-02,ETC-USD,9.812956506705937e-17
combined_min_variance,2023-11-01,ETC-USD,2.38927665629704e-16
combined_min_variance,2023-12-01,ETC-USD,1.7840320642350625e-16
combined_min_variance,2021-01-04,ETH-USD,4.0148741367824996e-15
combined_min_variance,2021-02-01,ETH-USD,1.3605168661806325e-14
combined_min_variance,2021-03-01,ETH-USD,6.935676915240539e-14
combined_min_variance,2021-04-01,ETH-USD,2.6716713044783366e-16
combined_min_variance,2021-05-03,ETH-USD,1.765335693415175e-16
combined_min_variance,2021-06-01,ETH-USD,1.3692969993549605e-13
combined_min_variance,2021-07-01,ETH-USD,8.879800416785258e-17
combined_min_variance,2021-08-02,ETH-USD,5.77511256442922e-17
combined_min_variance,2021-09-01,ETH-USD,2.266336526206099e-17
combined_min_variance,2021-10-01,ETH-USD,4.3470322138171373e-17
combined_min_variance,2021-11-01,ETH-USD,3.6392141828196144e-17
combined_min_variance,2021-12-01,ETH-USD,2.2945753915514923e-16
combined_min_variance,2022-01-03,ETH-USD,4.805141471654575e-17
combined_min_variance,2022-02-01,ETH-USD,0.0
combined_min_variance,2022-03-01,ETH-USD,1.618627738856379e-16
combined_min_variance,2022-04-01,ETH-USD,5.204845504259034e-17
combined_min_variance,2022-05-02,ETH-USD,3.570819855081009e-16
combined_min_variance,2022-06-01,ETH-USD,0.0
combined_min_variance,2022-07-01,ETH-USD,8.44947766852752e-17
combined_min_variance,2022-08-01,ETH-USD,1.2108823428510729e-16
combined_min_variance,2022-09-01,ETH-USD,8.499003675194842e-17
combined_min_variance,2022-10-03,ETH-USD,0.0
combined_min_variance,2022-11-01,ETH-USD,4.977894046400907e-16
combined_min_variance,2022-12-01,ETH-USD,0.0
combined_min_variance,2023-01-03,ETH-USD,4.2647116207756646e-16
combined_min_variance,2023-02-01,ETH-USD,6.141174031662249e-16
combined_min_variance,2023-03-01,ETH-USD,0.0
combined_min_variance,2023-04-03,ETH-USD,6.856799470659342e-16
combined_min_variance,2023-05-01,ETH-USD,2.292827348014963e-16
combined_min_variance,2023-06-01,ETH-USD,2.6861786449686176e-16
combined_min_variance,2023-07-03,ETH-USD,2.0205295472512675e-16
combined_min_variance,2023-08-01,ETH-USD,3.039484557597859e-16
combined_min_variance,2023-09-01,ETH-USD,2.1456699806667034e-16
combined_min_variance,2023-10-02,ETH-USD,5.1505049516766774e-17
combined_min_variance,2023-11-01,ETH-USD,1.770163334489927e-16
combined_min_variance,2023-12-01,ETH-USD,1.951665216182588e-17
combined_min_variance,2021-01-04,LTC-USD,8.485940080926403e-16
combined_min_variance,2021-02-01,LTC-USD,0.0
combined_min_variance,2021-03-01,LTC-USD,6.054572592877043e-14
combined_min_variance,2021-04-01,LTC-USD,8.653570897987179e-17
combined_min_variance,2021-05-03,LTC-USD,2.4195621548004053e-16
combined_min_variance,2021-06-01,LTC-USD,1.7127887830409628e-13
combined_min_variance,2021-07-01,LTC-USD,1.8646107680246922e-16
combined_min_variance,2021-08-02,LTC-USD,2.8086305916793943e-16
combined_min_variance,2021-09-01,LTC-USD,2.463471343191767e-16
combined_min_variance,2021-10-01,LTC-USD,5.603590391782921e-17
combined_min_variance,2021-11-01,LTC-USD,5.208828641627712e-16
combined_min_variance,2021-12-01,LTC-USD,1.0092240238092844e-16
combined_min_variance,2022-01-03,LTC-USD,2.6489346393673695e-16
combined_min_variance,2022-02-01,LTC-USD,3.272359007345094e-16
combined_min_variance,2022-03-01,LTC-USD,1.8042499919125896e-16
combined_min_variance,2022-04-01,LTC-USD,3.180651724369568e-17
combined_min_variance,2022-05-02,LTC-USD,4.323120637514388e-16
combined_min_variance,2022-06-01,LTC-USD,4.640239035360967e-17
combined_min_variance,2022-07-01,LTC-USD,0.0
combined_min_variance,2022-08-01,LTC-USD,0.0
combined_min_variance,2022-09-01,LTC-USD,6.463343244141422e-18
combined_min_variance,2022-10-03,LTC-USD,2.0940687335199715e-16
combined_min_variance,2022-11-01,LTC-USD,0.0
combined_min_variance,2022-12-01,LTC-USD,0.0
combined_min_variance,2023-01-03,LTC-USD,9.017299085273592e-17
combined_min_variance,2023-02-01,LTC-USD,0.0
combined_min_variance,2023-03-01,LTC-USD,0.0
combined_min_variance,2023-04-03,LTC-USD,7.805662718832554e-17
combined_min_variance,2023-05-01,LTC-USD,3.18027120074567e-16
combined_min_variance,2023-06-01,LTC-USD,5.511473981194281e-16
combined_min_variance,2023-07-03,LTC-USD,0.0
combined_min_variance,2023-08-01,LTC-USD,1.97511989673705e-16
combined_min_variance,2023-09-01,LTC-USD,1.380562060070839e-16
combined_min_variance,2023-10-02,LTC-USD,6.708982597709355e-17
combined_min_variance,2023-11-01,LTC-USD,1.5063633933970477e-17
combined_min_variance,2023-12-01,LTC-USD,9.207964364199327e-17
combined_min_variance,2021-01-04,TRX-USD,2.3309108451815044e-15
combined_min_variance,2021-02-01,TRX-USD,0.0
combined_min_variance,2021-03-01,TRX-USD,4.374215601387971e-14
combined_min_variance,2021-04-01,TRX-USD,0.011903750224463536
combined_min_variance,2021-05-03,TRX-USD,0.0098664594529662
combined_min_variance,2021-06-01,TRX-USD,0.004201705732829797
combined_min_variance,2021-07-01,TRX-USD,0.007381558096673406
combined_min_variance,2021-08-02,TRX-USD,0.007019129248244282
combined_min_variance,2021-09-01,TRX-USD,0.007402965082822273
combined_min_variance,2021-10-01,TRX-USD,9.878316219241246e-17
combined_min_variance,2021-11-01,TRX-USD,2.5884683976341305e-16
combined_min_variance,2021-12-01,TRX-USD,3.0913144827514823e-16
combined_min_variance,2022-01-03,TRX-USD,9.980231670094437e-18
combined_min_variance,2022-02-01,TRX-USD,2.286130207360642e-16
combined_min_variance,2022-03-01,TRX-USD,1.4468032918976026e-16
combined_min_variance,2022-04-01,TRX-USD,6.711475368338541e-17
combined_min_variance,2022-05-02,TRX-USD,4.588546881865996e-17
combined_min_variance,2022-06-01,TRX-USD,3.780769535371999e-17
combined_min_variance,2022-07-01,TRX-USD,6.614621674806004e-17
combined_min_variance,2022-08-01,TRX-USD,0.0
combined_min_variance,2022-09-01,TRX-USD,8.026527259168616e-17
combined_min_variance,2022-10-03,TRX-USD,1.9418738535573188e-16
combined_min_variance,2022-11-01,TRX-USD,0.0
combined_min_variance,2022-12-01,TRX-USD,0.0
combined_min_variance,2023-01-03,TRX-USD,0.002643766600128178
combined_min_variance,2023-02-01,TRX-USD,0.004823349324060729
combined_min_variance,2023-03-01,TRX-USD,0.0
combined_min_variance,2023-04-03,TRX-USD,2.3856344146238467e-16
combined_min_variance,2023-05-01,TRX-USD,1.0817905679032122e-16
combined_min_variance,2023-06-01,TRX-USD,0.0
combined_min_variance,2023-07-03,TRX-USD,0.025228012087286596
combined_min_variance,2023-08-01,TRX-USD,0.024014440969906667
combined_min_variance,2023-09-01,TRX-USD,0.021887052629006244
combined_min_variance,2023-10-02,TRX-USD,0.025874209582009106
combined_min_variance,2023-11-01,TRX-USD,0.004921306521213132
combined_min_variance,2023-12-01,TRX-USD,0.012616886881399815
combined_min_variance,2021-01-04,XLM-USD,2.589448186909953e-15
combined_min_variance,2021-02-01,XLM-USD,0.0
combined_min_variance,2021-03-01,XLM-USD,1.0307529550666424e-13
combined_min_variance,2021-04-01,XLM-USD,3.6375372337836966e-16
combined_min_variance,2021-05-03,XLM-USD,2.1771440922696856e-17
combined_min_variance,2021-06-01,XLM-USD,2.554318051545665e-13
combined_min_variance,2021-07-01,XLM-USD,1.2089395310290914e-16
combined_min_variance,2021-08-02,XLM-USD,4.024711004538392e-16
combined_min_variance,2021-09-01,XLM-USD,2.3125907632009523e-16
combined_min_variance,2021-10-01,XLM-USD,2.1273077582396888e-16
combined_min_variance,2021-11-01,XLM-USD,2.9042954146156185e-16
combined_min_variance,2021-12-01,XLM-USD,1.0219529610568916e-16
combined_min_variance,2022-01-03,XLM-USD,1.0248565530168712e-16
combined_min_variance,2022-02-01,XLM-USD,8.176426319227987e-17
combined_min_variance,2022-03-01,XLM-USD,1.2677788431783066e-16
combined_min_variance,2022-04-01,XLM-USD,1.7626888452455748e-16
combined_min_variance,2022-05-02,XLM-USD,0.0
combined_min_variance,2022-06-01,XLM-USD,1.6083562051827419e-16
combined_min_variance,2022-07-01,XLM-USD,0.0
combined_min_variance,2022-08-01,XLM-USD,0.0
combined_min_variance,2022-09-01,XLM-USD,1.6264623286355555e-16
combined_min_variance,2022-10-03,XLM-USD,0.0
combined_min_variance,2022-11-01,XLM-USD,0.00571190969630899
combined_min_variance,2022-12-01,XLM-USD,0.0
combined_min_variance,2023-01-03,XLM-USD,3.942698252301561e-16
combined_min_variance,2023-02-01,XLM-USD,0.0
combined_min_variance,2023-03-01,XLM-USD,3.1184399329225293e-16
combined_min_variance,2023-04-03,XLM-USD,0.0
combined_min_variance,2023-05-01,XLM-USD,1.6013690734058077e-16
combined_min_variance,2023-06-01,XLM-USD,0.0
combined_min_variance,2023-07-03,XLM-USD,4.540381475574036e-17
combined_min_variance,2023-08-01,XLM-USD,1.5366871729087517e-16
combined_min_variance,2023-09-01,XLM-USD,2.6203811256259035e-16
combined_min_variance,2023-10-02,XLM-USD,2.1972889377222275e-16
combined_min_variance,2023-11-01,XLM-USD,0.0
combined_min_variance,2023-12-01,XLM-USD,1.0105915859173172e-16
combined_min_variance,2021-01-04,XRP-USD,3.75317572825684e-15
combined_min_variance,2021-02-01,XRP-USD,0.0
combined_min_variance,2021-03-01,XRP-USD,6.208706955525948e-14
combined_min_variance,2021-04-01,XRP-USD,6.402855734381723e-17
combined_min_variance,2021-05-03,XRP-USD,2.4993125848432906e-17
combined_min_variance,2021-06-01,XRP-USD,2.0959300014273398e-13
combined_min_variance,2021-07-01,XRP-USD,2.009705757710843e-16
combined_min_variance,2021-08-02,XRP-USD,7.81537518756775e-17
combined_min_variance,2021-09-01,XRP-USD,2.0490972203673084e-16
combined_min_variance,2021-10-01,XRP-USD,3.915125841072398e-17
combined_min_variance,2021-11-01,XRP-USD,2.074265577832802e-17
combined_min_variance,2021-12-01,XRP-USD,5.444000846596757e-17
combined_min_variance,2022-01-03,XRP-USD,3.513574906430818e-17
combined_min_variance,2022-02-01,XRP-USD,1.4495867937586275e-16
combined_min_variance,2022-03-01,XRP-USD,2.9270245765694025e-17
combined_min_variance,2022-04-01,XRP-USD,8.614967806500002e-17
combined_min_variance,2022-05-02,XRP-USD,0.0
combined_min_variance,2022-06-01,XRP-USD,1.2351342567582328e-17
combined_min_variance,2022-07-01,XRP-USD,4.566149671197855e-16
combined_min_variance,2022-08-01,XRP-USD,0.0
combined_min_variance,2022-09-01,XRP-USD,5.693326900718367e-17
combined_min_variance,2022-10-03,XRP-USD,4.216868824610809e-17
combined_min_variance,2022-11-01,XRP-USD,0.0
combined_min_variance,2022-12-01,XRP-USD,7.355634113956344e-18
combined_min_variance,2023-01-03,XRP-USD,2.4700422519481392e-17
combined_min_variance,2023-02-01,XRP-USD,0.0
combined_min_variance,2023-03-01,XRP-USD,0.0
combined_min_variance,2023-04-03,XRP-USD,2.2730044436274424e-16
combined_min_variance,2023-05-01,XRP-USD,2.063672499590517e-16
combined_min_variance,2023-06-01,XRP-USD,1.7322840210887147e-16
combined_min_variance,2023-07-03,XRP-USD,2.903700127841579e-17
combined_min_variance,2023-08-01,XRP-USD,0.0
combined_min_variance,2023-09-01,XRP-USD,1.0893860141227008e-16
combined_min_variance,2023-10-02,XRP-USD,8.064184309525719e-17
combined_min_variance,2023-11-01,XRP-USD,0.0
combined_min_variance,2023-12-01,XRP-USD,2.941437032588911e-17
combined_max_sharpe,2021-01-04,ABBV,7.355427002857344e-17
combined_max_sharpe,2021-02-01,ABBV,0.0
combined_max_sharpe,2021-03-01,ABBV,1.4894354854878654e-16
combined_max_sharpe,2021-04-01,ABBV,0.14991766442514268
combined_max_sharpe,2021-05-03,ABBV,0.13054869854578693
combined_max_sharpe,2021-06-01,ABBV,9.679198648494608e-17
combined_max_sharpe,2021-07-01,ABBV,0.0
combined_max_sharpe,2021-08-02,ABBV,0.013098280832952464
combined_max_sharpe,2021-09-01,ABBV,0.037286719840729905
combined_max_sharpe,2021-10-01,ABBV,0.030941795147232425
combined_max_sharpe,2021-11-01,ABBV,0.05760218106049043
combined_max_sharpe,2021-12-01,ABBV,0.0
combined_max_sharpe,2022-01-03,ABBV,8.626730713739048e-17
combined_max_sharpe,2022-02-01,ABBV,0.12296787972757522
combined_max_sharpe,2022-03-01,ABBV,0.18975998790903625
combined_max_sharpe,2022-04-01,ABBV,0.2999999999999988
combined_max_sharpe,2022-05-02,ABBV,0.19852866775336658
combined_max_sharpe,2022-06-01,ABBV,0.2546630411936147
combined_max_sharpe,2022-07-01,ABBV,0.2999999999999849
combined_max_sharpe,2022-08-01,ABBV,0.2434837479467112
combined_max_sharpe,2022-09-01,ABBV,0.08793211888931146
combined_max_sharpe,2022-10-03,ABBV,0.3
combined_max_sharpe,2022-11-01,ABBV,0.21820340707782998
combined_max_sharpe,2022-12-01,ABBV,0.10375925989066351
combined_max_sharpe,2023-01-03,ABBV,0.0915677881653091
combined_max_sharpe,2023-02-01,ABBV,0.0
combined_max_sharpe,2023-03-01,ABBV,2.6516049768090943e-16
combined_max_sharpe,2023-04-03,ABBV,1.8415057569333602e-14
combined_max_sharpe,2023-05-01,ABBV,4.2268373976363986e-17
combined_max_sharpe,2023-06-01,ABBV,5.6547839033837355e-18
combined_max_sharpe,2023-07-03,ABBV,0.0
combined_max_sharpe,2023-08-01,ABBV,2.286121525353594e-16
combined_max_sharpe,2023-09-01,ABBV,0.0
combined_max_sharpe,2023-10-02,ABBV,0.0
combined_max_sharpe,2023-11-01,ABBV,0.0
combined_max_sharpe,2023-12-01,ABBV,4.825006583004912e-17
combined_max_sharpe,2021-01-04,ABT,0.0
combined_max_sharpe,2021-02-01,ABT,0.0035133450238810033
combined_max_sharpe,2021-03-01,ABT,0.06285819789117482
combined_max_sharpe,2021-04-01,ABT,0.029314695575089617
combined_max_sharpe,2021-05-03,ABT,0.0
combined_max_sharpe,2021-06-01,ABT,2.760946417102874e-17
combined_max_sharpe,2021-07-01,ABT,0.004690372878013952
combined_max_sharpe,2021-08-02,ABT,2.892651396191326e-16
combined_max_sharpe,2021-09-01,ABT,0.0
combined_max_sharpe,2021-10-01,ABT,0.0
combined_max_sharpe,2021-11-01,ABT,0.06972958549753738
combined_max_sharpe,2021-12-01,ABT,0.014901660213857545
combined_max_sharpe,2022-01-03,ABT,0.07090169589947883
combined_max_sharpe,2022-02-01,ABT,1.9999464324210736e-16
combined_max_sharpe,2022-03-01,ABT,0.0
combined_max_sharpe,2022-04-01,ABT,0.0
combined_max_sharpe,2022-05-02,ABT,1.4948437453143892e-17
combined_max_sharpe,2022-06-01,ABT,0.0
combined_max_sharpe,2022-07-01,ABT,0.0
combined_max_sharpe,2022-08-01,ABT,5.811323644522304e-17
combined_max_sharpe,2022-09-01,ABT,5.18221533393759e-16
combined_max_sharpe,2022-10-03,ABT,0.0
combined_max_sharpe,2022-11-01,ABT,1.375911849190413e-15
combined_max_sharpe,2022-12-01,ABT,2.695326600798964e-16
combined_max_sharpe,2023-01-03,ABT,0.0
combined_max_sharpe,2023-02-01,ABT,5.054700425318032e-16
combined_max_sharpe,2023-03-01,ABT,0.0
combined_max_sharpe,2023-04-03,ABT,2.3558244750671212e-14
combined_max_sharpe,2023-05-01,ABT,2.914744209301157e-16
combined_max_sharpe,2023-06-01,ABT,0.0
combined_max_sharpe,2023-07-03,ABT,3.1660509336540775e-16
combined_max_sharpe,2023-08-01,ABT,0.0
combined_max_sharpe,2023-09-01,ABT,0.0
combined_max_sharpe,2023-10-02,ABT,2.4980862487893447e-16
combined_max_sharpe,2023-11-01,ABT,1.3847440376425403e-16
combined_max_sharpe,2023-12-01,ABT,0.0
combined_max_sharpe,2021-01-04,ADBE,0.0
combined_max_sharpe,2021-02-01,ADBE,6.2855682000363964e-18
combined_max_sharpe,2021-03-01,ADBE,0.0
combined_max_sharpe,2021-04-01,ADBE,0.0
combined_max_sharpe,2021-05-03,ADBE,0.0
combined_max_sharpe,2021-06-01,ADBE,0.0
combined_max_sharpe,2021-07-01,ADBE,2.376623243211378e-16
combined_max_sharpe,2021-08-02,ADBE,0.01793664732468599
combined_max_sharpe,2021-09-01,ADBE,3.1492209683492006e-16
combined_max_sharpe,2021-10-01,ADBE,1.9249247242827602e-17
combined_max_sharpe,2021-11-01,ADBE,9.601965490074749e-18
combined_max_sharpe,2021-12-01,ADBE,1.385421171336454e-16
combined_max_sharpe,2022-01-03,ADBE,4.1016950678950213e-16
combined_max_sharpe,2022-02-01,ADBE,0.0
combined_max_sharpe,2022-03-01,ADBE,0.0
combined_max_sharpe,2022-04-01,ADBE,0.0
combined_max_sharpe,2022-05-02,ADBE,2.5600723797813973e-17
combined_max_sharpe,2022-06-01,ADBE,1.5429552167184335e-17
combined_max_sharpe,2022-07-01,ADBE,9.936059618279476e-17
combined_max_sharpe,2022-08-01,ADBE,8.074595679585794e-17
combined_max_sharpe,2022-09-01,ADBE,0.0
combined_max_sharpe,2022-10-03,ADBE,0.0
combined_max_sharpe,2022-11-01,ADBE,0.0
combined_max_sharpe,2022-12-01,ADBE,0.0
combined_max_sharpe,2023-01-03,ADBE,0.0
combined_max_sharpe,2023-02-01,ADBE,4.96618515541208e-16
combined_max_sharpe,2023-03-01,ADBE,0.0
combined_max_sharpe,2023-04-03,ADBE,2.7548634800285034e-14
combined_max_sharpe,2023-05-01,ADBE,8.391559211024727e-16
combined_max_sharpe,2023-06-01,ADBE,0.0
combined_max_sharpe,2023-07-03,ADBE,0.0
combined_max_sharpe,2023-08-01,ADBE,0.0
combined_max_sharpe,2023-09-01,ADBE,4.033188780600342e-17
combined_max_sharpe,2023-10-02,ADBE,5.735066873904054e-16
combined_max_sharpe,2023-11-01,ADBE,0.0
combined_max_sharpe,2023-12-01,ADBE,0.09661164644991205
combined_max_sharpe,2021-01-04,AEP,0.0
combined_max_sharpe,2021-02-01,AEP,2.0083654138792728e-17
combined_max_sharpe,2021-03-01,AEP,0.0
combined_max_sharpe,2021-04-01,AEP,4.167455888253801e-17
combined_max_sharpe,2021-05-03,AEP,0.0
combined_max_sharpe,2021-06-01,AEP,3.7369486233458854e-17
combined_max_sharpe,2021-07-01,AEP,5.716794418207888e-17
combined_max_sharpe,2021-08-02,AEP,0.0
combined_max_sharpe,2021-09-01,AEP,3.637989567798275e-16
combined_max_sharpe,2021-10-01,AEP,4.558053695764841e-17
combined_max_sharpe,2021-11-01,AEP,0.0
combined_max_sharpe,2021-12-01,AEP,3.955719749269698e-17
combined_max_sharpe,2022-01-03,AEP,2.014961020690775e-16
combined_max_sharpe,2022-02-01,AEP,0.0
combined_max_sharpe,2022-03-01,AEP,0.051782895177762515
combined_max_sharpe,2022-04-01,AEP,0.0
combined_max_sharpe,2022-05-02,AEP,9.791700870259712e-18
combined_max_sharpe,2022-06-01,AEP,0.11807854776190056
combined_max_sharpe,2022-07-01,AEP,1.0152246667921879e-14
combined_max_sharpe,2022-08-01,AEP,0.0
combined_max_sharpe,2022-09-01,AEP,5.6962288076493894e-15
combined_max_sharpe,2022-10-03,AEP,0.0
combined_max_sharpe,2022-11-01,AEP,0.0
combined_max_sharpe,2022-12-01,AEP,0.0
combined_max_sharpe,2023-01-03,AEP,3.642919299551295e-17
combined_max_sharpe,2023-02-01,AEP,1.2019356081818763e-17
combined_max_sharpe,2023-03-01,AEP,0.0
combined_max_sharpe,2023-04-03,AEP,1.9637815636416398e-14
combined_max_sharpe,2023-05-01,AEP,2.2122045758226812e-16
combined_max_sharpe,2023-06-01,AEP,1.0390442593259924e-16
combined_max_sharpe,2023-07-03,AEP,3.1452009767156326e-16
combined_max_sharpe,2023-08-01,AEP,3.7566251605788517e-17
combined_max_sharpe,2023-09-01,AEP,0.0
combined_max_sharpe,2023-10-02,AEP,8.188786395606371e-17
combined_max_sharpe,2023-11-01,AEP,2.0766874919269714e-16
combined_max_sharpe,2023-12-01,AEP,1.7633100325446088e-17
combined_max_sharpe,2021-01-04,AMD,0.0
combined_max_sharpe,2021-02-01,AMD,3.9444955255033136e-17
combined_max_sharpe,2021-03-01,AMD,1.7173157470459966e-16
combined_max_sharpe,2021-04-01,AMD,7.336660575937848e-17
combined_max_sharpe,2021-05-03,AMD,2.586635333007292e-16
combined_max_sharpe,2021-06-01,AMD,0.0
combined_max_sharpe,2021-07-01,AMD,0.04101402173486105
combined_max_sharpe,2021-08-02,AMD,0.0
combined_max_sharpe,2021-09-01,AMD,1.3318746062626619e-17
combined_max_sharpe,2021-10-01,AMD,0.0
combined_max_sharpe,2021-11-01,AMD,0.010642129902776944
combined_max_sharpe,2021-12-01,AMD,2.4177779945765533e-16
combined_max_sharpe,2022-01-03,AMD,0.0
combined_max_sharpe,2022-02-01,AMD,1.379782789759365e-16
combined_max_sharpe,2022-03-01,AMD,1.3061925673019115e-16
combined_max_sharpe,2022-04-01,AMD,0.0
combined_max_sharpe,2022-05-02,AMD,0.0
combined_max_sharpe,2022-06-01,AMD,0.03992240392522515
combined_max_sharpe,2022-07-01,AMD,0.0
combined_max_sharpe,2022-08-01,AMD,1.6951500966810862e-16
combined_max_sharpe,2022-09-01,AMD,1.97561964617593e-17
combined_max_sharpe,2022-10-03,AMD,0.0
combined_max_sharpe,2022-11-01,AMD,0.0
combined_max_sharpe,2022-12-01,AMD,1.8973538018496328e-18
combined_max_sharpe,2023-01-03,AMD,0.0
combined_max_sharpe,2023-02-01,AMD,7.438695916616255e-16
combined_max_sharpe,2023-03-01,AMD,0.0
combined_max_sharpe,2023-04-03,AMD,3.2602139052871396e-14
combined_max_sharpe,2023-05-01,AMD,9.873932113244719e-16
combined_max_sharpe,2023-06-01,AMD,0.0
combined_max_sharpe,2023-07-03,AMD,3.1482895644488825e-16
combined_max_sharpe,2023-08-01,AMD,0.0
combined_max_sharpe,2023-09-01,AMD,2.272948625120335e-16
combined_max_sharpe,2023-10-02,AMD,3.719590975165436e-16
combined_max_sharpe,2023-11-01,AMD,7.100752978413304e-17
combined_max_sharpe,2023-12-01,AMD,3.8095676550807077e-16
combined_max_sharpe,2021-01-04,AMGN,1.398604524133208e-16
combined_max_sharpe,2021-02-01,AMGN,5.331255559338325e-17
combined_max_sharpe,2021-03-01,AMGN,1.8442288071507655e-17
combined_max_sharpe,2021-04-01,AMGN,0.0
combined_max_sharpe,2021-05-03,AMGN,0.0
combined_max_sharpe,2021-06-01,AMGN,4.6618030659496644e-17
combined_max_sharpe,2021-07-01,AMGN,1.6428258560255553e-19
combined_max_sharpe,2021-08-02,AMGN,0.0
combined_max_sharpe,2021-09-01,AMGN,0.0
combined_max_sharpe,2021-10-01,AMGN,2.3841012849893164e-17
combined_max_sharpe,2021-11-01,AMGN,2.9899585411719e-16
combined_max_sharpe,2021-12-01,AMGN,0.0
combined_max_sharpe,2022-01-03,AMGN,0.0
combined_max_sharpe,2022-02-01,AMGN,1.161722627818218e-16
combined_max_sharpe,2022-03-01,AMGN,0.0
combined_max_sharpe,2022-04-01,AMGN,0.0
combined_max_sharpe,2022-05-02,AMGN,1.5218132743549662e-16
combined_max_sharpe,2022-06-01,AMGN,6.678007756152904e-17
combined_max_sharpe,2022-07-01,AMGN,0.0
combined_max_sharpe,2022-08-01,AMGN,0.0
combined_max_sharpe,2022-09-01,AMGN,0.07817744381746863
combined_max_sharpe,2022-10-03,AMGN,0.07479470944904634
combined_max_sharpe,2022-11-01,AMGN,0.3
combined_max_sharpe,2022-12-01,AMGN,0.3
combined_max_sharpe,2023-01-03,AMGN,0.1578089354782373
combined_max_sharpe,2023-02-01,AMGN,0.0
combined_max_sharpe,2023-03-01,AMGN,0.0
combined_max_sharpe,2023-04-03,AMGN,1.6443229299573788e-14
combined_max_sharpe,2023-05-01,AMGN,0.0
combined_max_sharpe,2023-06-01,AMGN,3.1644842688124357e-16
combined_max_sharpe,2023-07-03,AMGN,1.7312069145706424e-17
combined_max_sharpe,2023-08-01,AMGN,1.6098476488263193e-16
combined_max_sharpe,2023-09-01,AMGN,7.688674892640325e-17
combined_max_sharpe,2023-10-02,AMGN,0.13101824988634828
combined_max_sharpe,2023-11-01,AMGN,5.041772400100822e-17
combined_max_sharpe,2023-12-01,AMGN,0.0
combined_max_sharpe,2021-01-04,AMT,0.0
combined_max_sharpe,2021-02-01,AMT,7.970410358855389e-17
combined_max_sharpe,2021-03-01,AMT,0.0
combined_max_sharpe,2021-04-01,AMT,6.537061473729788e-17
combined_max_sharpe,2021-05-03,AMT,0.0
combined_max_sharpe,2021-06-01,AMT,1.0231950527765823e-16
combined_max_sharpe,2021-07-01,AMT,1.3487224029501876e-17
combined_max_sharpe,2021-08-02,AMT,0.0
combined_max_sharpe,2021-09-01,AMT,4.6796876269905585e-17
combined_max_sharpe,2021-10-01,AMT,0.0
combined_max_sharpe,2021-11-01,AMT,1.5278441489394168e-16
combined_max_sharpe,2021-12-01,AMT,0.0
combined_max_sharpe,2022-01-03,AMT,4.837971312934915e-17
combined_max_sharpe,2022-02-01,AMT,0.0
combined_max_sharpe,2022-03-01,AMT,0.0
combined_max_sharpe,2022-04-01,AMT,4.2884155499281426e-16
combined_max_sharpe,2022-05-02,AMT,0.0
combined_max_sharpe,2022-06-01,AMT,2.55465136891897e-18
combined_max_sharpe,2022-07-01,AMT,4.114776405773789e-17
combined_max_sharpe,2022-08-01,AMT,3.122502256758253e-17
combined_max_sharpe,2022-09-01,AMT,1.1831356207248067e-16
combined_max_sharpe,2022-10-03,AMT,2.0750873449840706e-16
combined_max_sharpe,2022-11-01,AMT,0.0
combined_max_sharpe,2022-12-01,AMT,4.5197678065489466e-17
combined_max_sharpe,2023-01-03,AMT,0.0
combined_max_sharpe,2023-02-01,AMT,0.0
combined_max_sharpe,2023-03-01,AMT,2.477284332509441e-16
combined_max_sharpe,2023-04-03,AMT,2.2875544932983575e-14
combined_max_sharpe,2023-05-01,AMT,2.534108772275893e-16
combined_max_sharpe,2023-06-01,AMT,0.0
combined_max_sharpe,2023-07-03,AMT,0.0
combined_max_sharpe,2023-08-01,AMT,0.0
combined_max_sharpe,2023-09-01,AMT,1.277671149787205e-16
combined_max_sharpe,2023-10-02,AMT,0.0
combined_max_sharpe,2023-11-01,AMT,0.0
combined_max_sharpe,2023-12-01,AMT,0.0
combined_max_sharpe,2021-01-04,BA,0.0
combined_max_sharpe,2021-02-01,BA,0.0
combined_max_sharpe,2021-03-01,BA,4.934140614154565e-17
combined_max_sharpe,2021-04-01,BA,4.5306098282738017e-17
combined_max_sharpe,2021-05-03,BA,0.0
combined_max_sharpe,2021-06-01,BA,0.0
combined_max_sharpe,2021-07-01,BA,0.0
combined_max_sharpe,2021-08-02,BA,1.3078188705606397e-16
combined_max_sharpe,2021-09-01,BA,0.0
combined_max_sharpe,2021-10-01,BA,2.4428006682340395e-17
combined_max_sharpe,2021-11-01,BA,0.0
combined_max_sharpe,2021-12-01,BA,2.064576030574233e-16
combined_max_sharpe,2022-01-03,BA,4.715112429599865e-16
combined_max_sharpe,2022-02-01,BA,0.0
combined_max_sharpe,2022-03-01,BA,0.0
combined_max_sharpe,2022-04-01,BA,0.0
combined_max_sharpe,2022-05-02,BA,8.233160247311799e-17
combined_max_sharpe,2022-06-01,BA,0.0
combined_max_sharpe,2022-07-01,BA,0.0
combined_max_sharpe,2022-08-01,BA,5.193328406205566e-17
combined_max_sharpe,2022-09-01,BA,2.5494675272817735e-16
combined_max_sharpe,2022-10-03,BA,0.0
combined_max_sharpe,2022-11-01,BA,0.0
combined_max_sharpe,2022-12-01,BA,1.4353481510992472e-16
combined_max_sharpe,2023-01-03,BA,3.509562432335578e-16
combined_max_sharpe,2023-02-01,BA,0.0
combined_max_sharpe,2023-03-01,BA,1.3795976244250034e-15
combined_max_sharpe,2023-04-03,BA,2.259007612250461e-14
combined_max_sharpe,2023-05-01,BA,4.1894707073248375e-15
combined_max_sharpe,2023-06-01,BA,0.06375635589454033
combined_max_sharpe,2023-07-03,BA,0.0
combined_max_sharpe,2023-08-01,BA,1.0778583225057355e-16
combined_max_sharpe,2023-09-01,BA,0.0
combined_max_sharpe,2023-10-02,BA,5.189051051307439e-17
combined_max_sharpe,2023-11-01,BA,0.0
combined_max_sharpe,2023-12-01,BA,0.0
combined_max_sharpe,2021-01-04,CAT,1.7840666990793664e-17
combined_max_sharpe,2021-02-01,CAT,3.372843390455991e-17
combined_max_sharpe,2021-03-01,CAT,0.06779924950362914
combined_max_sharpe,2021-04-01,CAT,0.014801121756336404
combined_max_sharpe,2021-05-03,CAT,0.07969618907611284
combined_max_sharpe,2021-06-01,CAT,0.14483785431555338
combined_max_sharpe,2021-07-01,CAT,0.014758770432052494
combined_max_sharpe,2021-08-02,CAT,0.0
combined_max_sharpe,2021-09-01,CAT,0.0
combined_max_sharpe,2021-10-01,CAT,0.0
combined_max_sharpe,2021-11-01,CAT,0.0
combined_max_sharpe,2021-12-01,CAT,0.0
combined_max_sharpe,2022-01-03,CAT,9.288543571427631e-17
combined_max_sharpe,2022-02-01,CAT,0.0
combined_max_sharpe,2022-03-01,CAT,0.0
combined_max_sharpe,2022-04-01,CAT,0.0
combined_max_sharpe,2022-05-02,CAT,0.0
combined_max_sharpe,2022-06-01,CAT,2.880047545936182e-16
combined_max_sharpe,2022-07-01,CAT,6.150448597360335e-17
combined_max_sharpe,2022-08-01,CAT,1.0722759485881639e-16
combined_max_sharpe,2022-09-01,CAT,1.3465790982269965e-16
combined_max_sharpe,2022-10-03,CAT,0.0
combined_max_sharpe,2022-11-01,CAT,0.0
combined_max_sharpe,2022-12-01,CAT,8.895878825243564e-17
combined_max_sharpe,2023-01-03,CAT,0.0
combined_max_sharpe,2023-02-01,CAT,2.1271252523610394e-15
combined_max_sharpe,2023-03-01,CAT,0.014303347535810387
combined_max_sharpe,2023-04-03,CAT,2.2524700859301105e-14
combined_max_sharpe,2023-05-01,CAT,2.5331366998479007e-16
combined_max_sharpe,2023-06-01,CAT,0.0
combined_max_sharpe,2023-07-03,CAT,0.0
combined_max_sharpe,2023-08-01,CAT,0.0
combined_max_sharpe,2023-09-01,CAT,0.005439312629377912
combined_max_sharpe,2023-10-02,CAT,0.050725456901926924
combined_max_sharpe,2023-11-01,CAT,0.0
combined_max_sharpe,2023-12-01,CAT,0.0
combined_max_sharpe,2021-01-04,CCI,0.0
combined_max_sharpe,2021-02-01,CCI,0.0
combined_max_sharpe,2021-03-01,CCI,2.1463525107180228e-17
combined_max_sharpe,2021-04-01,CCI,0.0
combined_max_sharpe,2021-05-03,CCI,0.0
combined_max_sharpe,2021-06-01,CCI,6.362017302186145e-17
combined_max_sharpe,2021-07-01,CCI,1.6158036238196626e-16
combined_max_sharpe,2021-08-02,CCI,7.958043946043603e-17
combined_max_sharpe,2021-09-01,CCI,0.031029958561219963
combined_max_sharpe,2021-10-01,CCI,0.015406148266917281
combined_max_sharpe,2021-11-01,CCI,1.473905090858263e-16
combined_max_sharpe,2021-12-01,CCI,0.0
combined_max_sharpe,2022-01-03,CCI,7.786034060182158e-17
combined_max_sharpe,2022-02-01,CCI,0.0
combined_max_sharpe,2022-03-01,CCI,1.1073769939223821e-16
combined_max_sharpe,2022-04-01,CCI,0.0
combined_max_sharpe,2022-05-02,CCI,0.0
combined_max_sharpe,2022-06-01,CCI,2.9905006422581426e-16
combined_max_sharpe,2022-07-01,CCI,0.0
combined_max_sharpe,2022-08-01,CCI,0.0
combined_max_sharpe,2022-09-01,CCI,0.0
combined_max_sharpe,2022-10-03,CCI,1.2103206889154782e-17
combined_max_sharpe,2022-11-01,CCI,0.0
combined_max_sharpe,2022-12-01,CCI,3.0097452308197603e-16
combined_max_sharpe,2023-01-03,CCI,8.440513912799652e-17
combined_max_sharpe,2023-02-01,CCI,1.829016274957342e-16
combined_max_sharpe,2023-03-01,CCI,0.0
combined_max_sharpe,2023-04-03,CCI,2.2655073447984066e-14
combined_max_sharpe,2023-05-01,CCI,5.038039890220833e-16
combined_max_sharpe,2023-06-01,CCI,0.0
combined_max_sharpe,2023-07-03,CCI,2.331814103753845e-17
combined_max_sharpe,2023-08-01,CCI,6.151599333084442e-17
combined_max_sharpe,2023-09-01,CCI,0.0
combined_max_sharpe,2023-10-02,CCI,2.522954524071998e-16
combined_max_sharpe,2023-11-01,CCI,7.448805961080826e-17
combined_max_sharpe,2023-12-01,CCI,0.0
combined_max_sharpe,2021-01-04,CMCSA,1.0528005225770562e-16
combined_max_sharpe,2021-02-01,CMCSA,3.6740815999277455e-17
combined_max_sharpe,2021-03-01,CMCSA,8.329767774980966e-17
combined_max_sharpe,2021-04-01,CMCSA,0.0
combined_max_sharpe,2021-05-03,CMCSA,1.4744302512855606e-16
combined_max_sharpe,2021-06-01,CMCSA,1.1307188832229353e-16
combined_max_sharpe,2021-07-01,CMCSA,0.0
combined_max_sharpe,2021-08-02,CMCSA,1.0683457157129039e-16
combined_max_sharpe,2021-09-01,CMCSA,0.0
combined_max_sharpe,2021-10-01,CMCSA,5.547684639689403e-17
combined_max_sharpe,2021-11-01,CMCSA,0.0
combined_max_sharpe,2021-12-01,CMCSA,2.0823752856962147e-16
combined_max_sharpe,2022-01-03,CMCSA,8.648538127888599e-17
combined_max_sharpe,2022-02-01,CMCSA,1.3261147822213326e-17
combined_max_sharpe,2022-03-01,CMCSA,1.1146953585866592e-16
combined_max_sharpe,2022-04-01,CMCSA,1.9340571031922428e-16
combined_max_sharpe,2022-05-02,CMCSA,2.1688786834214713e-16
combined_max_sharpe,2022-06-01,CMCSA,4.1701126059223714e-17
combined_max_sharpe,2022-07-01,CMCSA,0.0
combined_max_sharpe,2022-08-01,CMCSA,1.1758172560605296e-16
combined_max_sharpe,2022-09-01,CMCSA,0.0
combined_max_sharpe,2022-10-03,CMCSA,0.0
combined_max_sharpe,2022-11-01,CMCSA,0.0
combined_max_sharpe,2022-12-01,CMCSA,0.0
combined_max_sharpe,2023-01-03,CMCSA,1.134346522962959e-16
combined_max_sharpe,2023-02-01,CMCSA,9.031157849244398e-17
combined_max_sharpe,2023-03-01,CMCSA,0.0
combined_max_sharpe,2023-04-03,CMCSA,2.2192334292540147e-14
combined_max_sharpe,2023-05-01,CMCSA,3.3531327976620364e-16
combined_max_sharpe,2023-06-01,CMCSA,6.889331093566224e-17
combined_max_sharpe,2023-07-03,CMCSA,0.0
combined_max_sharpe,2023-08-01,CMCSA,0.0
combined_max_sharpe,2023-09-01,CMCSA,0.0
combined_max_sharpe,2023-10-02,CMCSA,0.0
combined_max_sharpe,2023-11-01,CMCSA,0.04058550267854277
combined_max_sharpe,2023-12-01,CMCSA,1.106304399299457e-16
combined_max_sharpe,2021-01-04,COP,0.0
combined_max_sharpe,2021-02-01,COP,3.17904151326181e-17
combined_max_sharpe,2021-03-01,COP,7.339386105346294e-17
combined_max_sharpe,2021-04-01,COP,0.0
combined_max_sharpe,2021-05-03,COP,0.0
combined_max_sharpe,2021-06-01,COP,0.0
combined_max_sharpe,2021-07-01,COP,7.46376523601273e-17
combined_max_sharpe,2021-08-02,COP,1.5008068572630595e-16
combined_max_sharpe,2021-09-01,COP,6.811669555229632e-17
combined_max_sharpe,2021-10-01,COP,5.3485895454372795e-18
combined_max_sharpe,2021-11-01,COP,0.006019776546640159
combined_max_sharpe,2021-12-01,COP,0.041758534920821794
combined_max_sharpe,2022-01-03,COP,0.09027140302126799
combined_max_sharpe,2022-02-01,COP,0.169006545943269
combined_max_sharpe,2022-03-01,COP,0.15330176179021215
combined_max_sharpe,2022-04-01,COP,0.08220055915221618
combined_max_sharpe,2022-05-02,COP,0.17414584179825104
combined_max_sharpe,2022-06-01,COP,0.04982401157647652
combined_max_sharpe,2022-07-01,COP,5.8529558364403554e-15
combined_max_sharpe,2022-08-01,COP,3.2587593647853685e-15
combined_max_sharpe,2022-09-01,COP,0.06314731738337956
combined_max_sharpe,2022-10-03,COP,0.0
combined_max_sharpe,2022-11-01,COP,0.0
combined_max_sharpe,2022-12-01,COP,2.888314587501384e-16
combined_max_sharpe,2023-01-03,COP,0.0
combined_max_sharpe,2023-02-01,COP,5.414653125879035e-15
combined_max_sharpe,2023-03-01,COP,0.0
combined_max_sharpe,2023-04-03,COP,2.4009741219996162e-14
combined_max_sharpe,2023-05-01,COP,1.2215711314913678e-15
combined_max_sharpe,2023-06-01,COP,0.0
combined_max_sharpe,2023-07-03,COP,0.0
combined_max_sharpe,2023-08-01,COP,1.2818827608455278e-16
combined_max_sharpe,2023-09-01,COP,0.0
combined_max_sharpe,2023-10-02,COP,1.8830837660133266e-17
combined_max_sharpe,2023-11-01,COP,0.0
combined_max_sharpe,2023-12-01,COP,4.001785354187695e-17
combined_max_sharpe,2021-01-04,CVX,0.0
combined_max_sharpe,2021-02-01,CVX,0.0
combined_max_sharpe,2021-03-01,CVX,4.645652984586893e-18
combined_max_sharpe,2021-04-01,CVX,3.512984445442485e-17
combined_max_sharpe,2021-05-03,CVX,0.0
combined_max_sharpe,2021-06-01,CVX,1.111187851137924e-16
combined_max_sharpe,2021-07-01,CVX,0.0
combined_max_sharpe,2021-08-02,CVX,1.6702134467139196e-16
combined_max_sharpe,2021-09-01,CVX,1.5248456523061366e-16
combined_max_sharpe,2021-10-01,CVX,3.8266830974581154e-17
combined_max_sharpe,2021-11-01,CVX,0.0
combined_max_sharpe,2021-12-01,CVX,1.3211859591275479e-16
combined_max_sharpe,2022-01-03,CVX,8.815890306777264e-17
combined_max_sharpe,2022-02-01,CVX,1.43196001931023e-16
combined_max_sharpe,2022-03-01,CVX,3.763536791240307e-17
combined_max_sharpe,2022-04-01,CVX,0.09735377570522274
combined_max_sharpe,2022-05-02,CVX,0.08368704398213166
combined_max_sharpe,2022-06-01,CVX,0.19516342131729675
combined_max_sharpe,2022-07-01,CVX,0.13318622817798256
combined_max_sharpe,2022-08-01,CVX,0.2093898029011856
combined_max_sharpe,2022-09-01,CVX,0.13335866149153583
combined_max_sharpe,2022-10-03,CVX,0.13924475824410248
combined_max_sharpe,2022-11-01,CVX,0.07006844056939668
combined_max_sharpe,2022-12-01,CVX,7.856399992373087e-17
combined_max_sharpe,2023-01-03,CVX,0.0
combined_max_sharpe,2023-02-01,CVX,3.4495957722645134e-15
combined_max_sharpe,2023-03-01,CVX,1.3582781529156322e-16
combined_max_sharpe,2023-04-03,CVX,2.408054382582187e-14
combined_max_sharpe,2023-05-01,CVX,3.802908622228402e-16
combined_max_sharpe,2023-06-01,CVX,0.0
combined_max_sharpe,2023-07-03,CVX,0.0
combined_max_sharpe,2023-08-01,CVX,0.0
combined_max_sharpe,2023-09-01,CVX,0.0
combined_max_sharpe,2023-10-02,CVX,0.0
combined_max_sharpe,2023-11-01,CVX,4.406652812920437e-18
combined_max_sharpe,2023-12-01,CVX,0.0
combined_max_sharpe,2021-01-04,D,0.0
combined_max_sharpe,2021-02-01,D,1.2706404255730414e-17
combined_max_sharpe,2021-03-01,D,0.0
combined_max_sharpe,2021-04-01,D,0.0
combined_max_sharpe,2021-05-03,D,0.0
combined_max_sharpe,2021-06-01,D,0.0
combined_max_sharpe,2021-07-01,D,0.0
combined_max_sharpe,2021-08-02,D,1.4468677991819057e-16
combined_max_sharpe,2021-09-01,D,4.13640069462165e-17
combined_max_sharpe,2021-10-01,D,1.7382810143552752e-17
combined_max_sharpe,2021-11-01,D,1.0635345685724995e-16
combined_max_sharpe,2021-12-01,D,0.0
combined_max_sharpe,2022-01-03,D,1.132565593067267e-16
combined_max_sharpe,2022-02-01,D,0.0
combined_max_sharpe,2022-03-01,D,2.565493390643825e-17
combined_max_sharpe,2022-04-01,D,2.999187963366808e-16
combined_max_sharpe,2022-05-02,D,1.5809700553912065e-16
combined_max_sharpe,2022-06-01,D,0.0
combined_max_sharpe,2022-07-01,D,7.860215722582731e-16
combined_max_sharpe,2022-08-01,D,0.0
combined_max_sharpe,2022-09-01,D,4.529051287650854e-16
combined_max_sharpe,2022-10-03,D,0.0
combined_max_sharpe,2022-11-01,D,0.0
combined_max_sharpe,2022-12-01,D,2.027187012004772e-16
combined_max_sharpe,2023-01-03,D,0.0
combined_max_sharpe,2023-02-01,D,1.021585457404037e-16
combined_max_sharpe,2023-03-01,D,0.0
combined_max_sharpe,2023-04-03,D,2.134585011962034e-14
combined_max_sharpe,2023-05-01,D,1.1834887936658102e-16
combined_max_sharpe,2023-06-01,D,2.5785329097266997e-17
combined_max_sharpe,2023-07-03,D,3.8263568338562537e-16
combined_max_sharpe,2023-08-01,D,0.0
combined_max_sharpe,2023-09-01,D,4.2966670970461206e-16
combined_max_sharpe,2023-10-02,D,0.0
combined_max_sharpe,2023-11-01,D,0.0
combined_max_sharpe,2023-12-01,D,0.0
combined_max_sharpe,2021-01-04,DD,5.617135614503208e-17
combined_max_sharpe,2021-02-01,DD,1.655919763335794e-17
combined_max_sharpe,2021-03-01,DD,2.396874813959701e-17
combined_max_sharpe,2021-04-01,DD,0.06574695091588427
combined_max_sharpe,2021-05-03,DD,9.69666377357778e-17
combined_max_sharpe,2021-06-01,DD,2.127747588878731e-17
combined_max_sharpe,2021-07-01,DD,1.3269858855758243e-16
combined_max_sharpe,2021-08-02,DD,5.445405411308446e-17
combined_max_sharpe,2021-09-01,DD,0.0
combined_max_sharpe,2021-10-01,DD,4.0267099279522184e-17
combined_max_sharpe,2021-11-01,DD,1.7243557927024145e-16
combined_max_sharpe,2021-12-01,DD,1.4892003351146136e-16
combined_max_sharpe,2022-01-03,DD,0.0
combined_max_sharpe,2022-02-01,DD,1.4108180769467626e-16
combined_max_sharpe,2022-03-01,DD,0.0
combined_max_sharpe,2022-04-01,DD,1.785354305822375e-16
combined_max_sharpe,2022-05-02,DD,0.0
combined_max_sharpe,2022-06-01,DD,0.0
combined_max_sharpe,2022-07-01,DD,1.9447727556676664e-16
combined_max_sharpe,2022-08-01,DD,1.1029046599608794e-16
combined_max_sharpe,2022-09-01,DD,4.334098184510804e-17
combined_max_sharpe,2022-10-03,DD,0.0
combined_max_sharpe,2022-11-01,DD,0.0
combined_max_sharpe,2022-12-01,DD,6.371043016067945e-17
combined_max_sharpe,2023-01-03,DD,0.0
combined_max_sharpe,2023-02-01,DD,1.6038545463974025e-16
combined_max_sharpe,2023-03-01,DD,0.0
combined_max_sharpe,2023-04-03,DD,2.446273661835066e-14
combined_max_sharpe,2023-05-01,DD,6.576745714288043e-16
combined_max_sharpe,2023-06-01,DD,0.0
combined_max_sharpe,2023-07-03,DD,9.808155508920793e-18
combined_max_sharpe,2023-08-01,DD,6.8860601659105356e-18
combined_max_sharpe,2023-09-01,DD,0.0
combined_max_sharpe,2023-10-02,DD,6.640436645257968e-17
combined_max_sharpe,2023-11-01,DD,0.0
combined_max_sharpe,2023-12-01,DD,3.094550606732073e-17
combined_max_sharpe,2021-01-04,DIS,4.2172658166661697e-17
combined_max_sharpe,2021-02-01,DIS,6.796766708048175e-18
combined_max_sharpe,2021-03-01,DIS,5.472788035057785e-17
combined_max_sharpe,2021-04-01,DIS,0.0
combined_max_sharpe,2021-05-03,DIS,8.837831657368227e-16
combined_max_sharpe,2021-06-01,DIS,0.0
combined_max_sharpe,2021-07-01,DIS,0.0012232369118202226
combined_max_sharpe,2021-08-02,DIS,0.0
combined_max_sharpe,2021-09-01,DIS,1.3892864994275583e-16
combined_max_sharpe,2021-10-01,DIS,0.0
combined_max_sharpe,2021-11-01,DIS,0.0
combined_max_sharpe,2021-12-01,DIS,1.1393441906615346e-16
combined_max_sharpe,2022-01-03,DIS,0.0
combined_max_sharpe,2022-02-01,DIS,0.0
combined_max_sharpe,2022-03-01,DIS,0.0
combined_max_sharpe,2022-04-01,DIS,0.0
combined_max_sharpe,2022-05-02,DIS,0.0
combined_max_sharpe,2022-06-01,DIS,2.552279676666658e-16
combined_max_sharpe,2022-07-01,DIS,3.0308703781675615e-16
combined_max_sharpe,2022-08-01,DIS,0.0
combined_max_sharpe,2022-09-01,DIS,1.7317080386845818e-16
combined_max_sharpe,2022-10-03,DIS,0.0
combined_max_sharpe,2022-11-01,DIS,0.0
combined_max_sharpe,2022-12-01,DIS,0.0
combined_max_sharpe,2023-01-03,DIS,0.0
combined_max_sharpe,2023-02-01,DIS,6.65071308912906e-16
combined_max_sharpe,2023-03-01,DIS,0.0
combined_max_sharpe,2023-04-03,DIS,2.7749705098449593e-14
combined_max_sharpe,2023-05-01,DIS,3.283038106557313e-16
combined_max_sharpe,2023-06-01,DIS,0.0
combined_max_sharpe,2023-07-03,DIS,6.803819437485167e-17
combined_max_sharpe,2023-08-01,DIS,7.527924943327315e-17
combined_max_sharpe,2023-09-01,DIS,2.0684428452483613e-17
combined_max_sharpe,2023-10-02,DIS,1.4561437230685302e-16
combined_max_sharpe,2023-11-01,DIS,1.6360966630545226e-18
combined_max_sharpe,2023-12-01,DIS,8.096432492218444e-17
combined_max_sharpe,2021-01-04,DOW,0.0
combined_max_sharpe,2021-02-01,DOW,4.2475093602294144e-17
combined_max_sharpe,2021-03-01,DOW,0.0
combined_max_sharpe,2021-04-01,DOW,2.431391134434524e-16
combined_max_sharpe,2021-05-03,DOW,4.509747406782928e-16
combined_max_sharpe,2021-06-01,DOW,4.682298898483715e-17
combined_max_sharpe,2021-07-01,DOW,0.0
combined_max_sharpe,2021-08-02,DOW,4.7040821758714824e-17
combined_max_sharpe,2021-09-01,DOW,9.07240049145136e-17
combined_max_sharpe,2021-10-01,DOW,6.91864981646785e-17
combined_max_sharpe,2021-11-01,DOW,0.0
combined_max_sharpe,2021-12-01,DOW,0.0
combined_max_sharpe,2022-01-03,DOW,7.51430526594915e-17
combined_max_sharpe,2022-02-01,DOW,0.0
combined_max_sharpe,2022-03-01,DOW,0.0
combined_max_sharpe,2022-04-01,DOW,1.769019187087321e-16
combined_max_sharpe,2022-05-02,DOW,3.63207727782644e-18
combined_max_sharpe,2022-06-01,DOW,0.0
combined_max_sharpe,2022-07-01,DOW,0.0
combined_max_sharpe,2022-08-01,DOW,4.4994390158148434e-18
combined_max_sharpe,2022-09-01,DOW,0.0
combined_max_sharpe,2022-10-03,DOW,0.0
combined_max_sharpe,2022-11-01,DOW,0.0
combined_max_sharpe,2022-12-01,DOW,0.0
combined_max_sharpe,2023-01-03,DOW,0.0
combined_max_sharpe,2023-02-01,DOW,2.4368064092988733e-16
combined_max_sharpe,2023-03-01,DOW,0.0
combined_max_sharpe,2023-04-03,DOW,2.4431409812894406e-14
combined_max_sharpe,2023-05-01,DOW,1.8412504487823222e-16
combined_max_sharpe,2023-06-01,DOW,0.0
combined_max_sharpe,2023-07-03,DOW,0.0
combined_max_sharpe,2023-08-01,DOW,0.0
combined_max_sharpe,2023-09-01,DOW,0.0
combined_max_sharpe,2023-10-02,DOW,1.3427341447282192e-16
combined_max_sharpe,2023-11-01,DOW,0.0
combined_max_sharpe,2023-12-01,DOW,0.0
combined_max_sharpe,2021-01-04,DUK,5.596950655798658e-17
combined_max_sharpe,2021-02-01,DUK,0.0
combined_max_sharpe,2021-03-01,DUK,0.0
combined_max_sharpe,2021-04-01,DUK,0.0
combined_max_sharpe,2021-05-03,DUK,0.0
combined_max_sharpe,2021-06-01,DUK,0.0
combined_max_sharpe,2021-07-01,DUK,0.018154105680374434
combined_max_sharpe,2021-08-02,DUK,0.06060277364610866
combined_max_sharpe,2021-09-01,DUK,0.09293411803564279
combined_max_sharpe,2021-10-01,DUK,0.01103279538918612
combined_max_sharpe,2021-11-01,DUK,0.0
combined_max_sharpe,2021-12-01,DUK,4.514343009103969e-17
combined_max_sharpe,2022-01-03,DUK,0.0
combined_max_sharpe,2022-02-01,DUK,0.0
combined_max_sharpe,2022-03-01,DUK,4.3408744480888384e-17
combined_max_sharpe,2022-04-01,DUK,0.0
combined_max_sharpe,2022-05-02,DUK,0.0
combined_max_sharpe,2022-06-01,DUK,1.780022797995967e-15
combined_max_sharpe,2022-07-01,DUK,9.683206699281397e-16
combined_max_sharpe,2022-08-01,DUK,0.0
combined_max_sharpe,2022-09-01,DUK,8.494724021423927e-17
combined_max_sharpe,2022-10-03,DUK,1.2047483518848025e-16
combined_max_sharpe,2022-11-01,DUK,0.0
combined_max_sharpe,2022-12-01,DUK,2.738288111883702e-16
combined_max_sharpe,2023-01-03,DUK,2.484178227707412e-16
combined_max_sharpe,2023-02-01,DUK,0.0
combined_max_sharpe,2023-03-01,DUK,3.5951010224939213e-17
combined_max_sharpe,2023-04-03,DUK,1.9261314134867007e-14
combined_max_sharpe,2023-05-01,DUK,0.0
combined_max_sharpe,2023-06-01,DUK,0.0
combined_max_sharpe,2023-07-03,DUK,9.619550931408221e-17
combined_max_sharpe,2023-08-01,DUK,1.1646839872178687e-16
combined_max_sharpe,2023-09-01,DUK,1.6371100246951091e-16
combined_max_sharpe,2023-10-02,DUK,2.8329463575843993e-16
combined_max_sharpe,2023-11-01,DUK,0.0
combined_max_sharpe,2023-12-01,DUK,4.529991353595956e-17
combined_max_sharpe,2021-01-04,EA,1.1089321468711421e-16
combined_max_sharpe,2021-02-01,EA,1.4087527379382152e-16
combined_max_sharpe,2021-03-01,EA,0.0
combined_max_sharpe,2021-04-01,EA,0.08065414282232145
combined_max_sharpe,2021-05-03,EA,0.0
combined_max_sharpe,2021-06-01,EA,0.0
combined_max_sharpe,2021-07-01,EA,0.0
combined_max_sharpe,2021-08-02,EA,3.038883164205308e-16
combined_max_sharpe,2021-09-01,EA,0.0
combined_max_sharpe,2021-10-01,EA,0.01828836074646495
combined_max_sharpe,2021-11-01,EA,0.0036253557352472327
combined_max_sharpe,2021-12-01,EA,6.020422145685643e-17
combined_max_sharpe,2022-01-03,EA,1.941734301203393e-17
combined_max_sharpe,2022-02-01,EA,0.0
combined_max_sharpe,2022-03-01,EA,1.8222728014050116e-16
combined_max_sharpe,2022-04-01,EA,6.621514318890193e-17
combined_max_sharpe,2022-05-02,EA,8.794234871573048e-17
combined_max_sharpe,2022-06-01,EA,0.0
combined_max_sharpe,2022-07-01,EA,1.748448985658704e-16
combined_max_sharpe,2022-08-01,EA,0.0
combined_max_sharpe,2022-09-01,EA,0.0
combined_max_sharpe,2022-10-03,EA,9.994101477821513e-17
combined_max_sharpe,2022-11-01,EA,3.670363167042334e-17
combined_max_sharpe,2022-12-01,EA,3.350184712980209e-17
combined_max_sharpe,2023-01-03,EA,2.789652189805203e-16
combined_max_sharpe,2023-02-01,EA,0.0
combined_max_sharpe,2023-03-01,EA,0.0
combined_max_sharpe,2023-04-03,EA,1.9051573662565116e-14
combined_max_sharpe,2023-05-01,EA,1.0693942322723393e-16
combined_max_sharpe,2023-06-01,EA,1.7073609674690647e-16
combined_max_sharpe,2023-07-03,EA,9.811456153793746e-17
combined_max_sharpe,2023-08-01,EA,1.3449265228311535e-16
combined_max_sharpe,2023-09-01,EA,2.9301755408359445e-17
combined_max_sharpe,2023-10-02,EA,0.0
combined_max_sharpe,2023-11-01,EA,1.111796967699126e-16
combined_max_sharpe,2023-12-01,EA,8.529221506697518e-17
combined_max_sharpe,2021-01-04,GE,6.331306981522729e-17
combined_max_sharpe,2021-02-01,GE,1.9626803384284242e-17
combined_max_sharpe,2021-03-01,GE,5.862289769615554e-17
combined_max_sharpe,2021-04-01,GE,1.5246593050577406e-18
combined_max_sharpe,2021-05-03,GE,0.0
combined_max_sharpe,2021-06-01,GE,0.06858945089015246
combined_max_sharpe,2021-07-01,GE,0.09454895189000857
combined_max_sharpe,2021-08-02,GE,0.08369454651940811
combined_max_sharpe,2021-09-01,GE,0.07614074836860694
combined_max_sharpe,2021-10-01,GE,0.12709325294753093
combined_max_sharpe,2021-11-01,GE,1.1635861003021775e-16
combined_max_sharpe,2021-12-01,GE,9.009999864816428e-17
combined_max_sharpe,2022-01-03,GE,0.0
combined_max_sharpe,2022-02-01,GE,1.0975514117342322e-16
combined_max_sharpe,2022-03-01,GE,5.637851296924623e-17
combined_max_sharpe,2022-04-01,GE,9.301827939358832e-17
combined_max_sharpe,2022-05-02,GE,1.0570971181733668e-17
combined_max_sharpe,2022-06-01,GE,9.744944651571275e-17
combined_max_sharpe,2022-07-01,GE,3.66219915319967e-16
combined_max_sharpe,2022-08-01,GE,2.643555947062781e-16
combined_max_sharpe,2022-09-01,GE,0.0
combined_max_sharpe,2022-10-03,GE,0.0
combined_max_sharpe,2022-11-01,GE,0.0
combined_max_sharpe,2022-12-01,GE,0.0
combined_max_sharpe,2023-01-03,GE,0.0
combined_max_sharpe,2023-02-01,GE,0.0
combined_max_sharpe,2023-03-01,GE,1.0424939697689685e-15
combined_max_sharpe,2023-04-03,GE,0.15355358703901356
combined_max_sharpe,2023-05-01,GE,0.2542312979409371
combined_max_sharpe,2023-06-01,GE,0.3
combined_max_sharpe,2023-07-03,GE,0.3
combined_max_sharpe,2023-08-01,GE,0.3
combined_max_sharpe,2023-09-01,GE,0.29999999999999993
combined_max_sharpe,2023-10-02,GE,0.299999999999999
combined_max_sharpe,2023-11-01,GE,0.29999999999999977
combined_max_sharpe,2023-12-01,GE,0.2999999999999997
combined_max_sharpe,2021-01-04,GILD,0.0
combined_max_sharpe,2021-02-01,GILD,1.2303889909677645e-17
combined_max_sharpe,2021-03-01,GILD,0.0
combined_max_sharpe,2021-04-01,GILD,4.546872860861084e-17
combined_max_sharpe,2021-05-03,GILD,0.0
combined_max_sharpe,2021-06-01,GILD,8.235399405216419e-17
combined_max_sharpe,2021-07-01,GILD,4.658376108925349e-18
combined_max_sharpe,2021-08-02,GILD,4.526544070126981e-17
combined_max_sharpe,2021-09-01,GILD,2.3032858714917837e-16
combined_max_sharpe,2021-10-01,GILD,0.015140716245621856
combined_max_sharpe,2021-11-01,GILD,6.817598785860413e-17
combined_max_sharpe,2021-12-01,GILD,0.08716132298134059
combined_max_sharpe,2022-01-03,GILD,0.11446791399719214
combined_max_sharpe,2022-02-01,GILD,8.809142651444724e-20
combined_max_sharpe,2022-03-01,GILD,0.0
combined_max_sharpe,2022-04-01,GILD,1.222015622185869e-16
combined_max_sharpe,2022-05-02,GILD,0.0
combined_max_sharpe,2022-06-01,GILD,3.42336835962298e-17
combined_max_sharpe,2022-07-01,GILD,2.996924865468855e-17
combined_max_sharpe,2022-08-01,GILD,1.3316713183553208e-16
combined_max_sharpe,2022-09-01,GILD,1.6175618787125923e-16
combined_max_sharpe,2022-10-03,GILD,0.0
combined_max_sharpe,2022-11-01,GILD,0.08451554889853823
combined_max_sharpe,2022-12-01,GILD,0.0
combined_max_sharpe,2023-01-03,GILD,0.06701805254716078
combined_max_sharpe,2023-02-01,GILD,0.1450233615741062
combined_max_sharpe,2023-03-01,GILD,0.3
combined_max_sharpe,2023-04-03,GILD,0.2999999999995574
combined_max_sharpe,2023-05-01,GILD,0.17711545433984846
combined_max_sharpe,2023-06-01,GILD,0.07633809513209398
combined_max_sharpe,2023-07-03,GILD,0.023132468942788406
combined_max_sharpe,2023-08-01,GILD,0.058863117123438856
combined_max_sharpe,2023-09-01,GILD,4.719238122572971e-16
combined_max_sharpe,2023-10-02,GILD,0.0
combined_max_sharpe,2023-11-01,GILD,0.0
combined_max_sharpe,2023-12-01,GILD,0.0
combined_max_sharpe,2021-01-04,GS,3.667249147599638e-17
combined_max_sharpe,2021-02-01,GS,0.0
combined_max_sharpe,2021-03-01,GS,0.0
combined_max_sharpe,2021-04-01,GS,0.02336419242585279
combined_max_sharpe,2021-05-03,GS,0.0
combined_max_sharpe,2021-06-01,GS,2.5839477623097307e-18
combined_max_sharpe,2021-07-01,GS,0.15608528740742664
combined_max_sharpe,2021-08-02,GS,0.10708774038853357
combined_max_sharpe,2021-09-01,GS,0.18045571067567598
combined_max_sharpe,2021-10-01,GS,0.017966325691063316
combined_max_sharpe,2021-11-01,GS,0.15693400145933
combined_max_sharpe,2021-12-01,GS,0.11431478121412045
combined_max_sharpe,2022-01-03,GS,0.0
combined_max_sharpe,2022-02-01,GS,0.0
combined_max_sharpe,2022-03-01,GS,8.04613537255805e-17
combined_max_sharpe,2022-04-01,GS,0.0
combined_max_sharpe,2022-05-02,GS,1.257267944268503e-16
combined_max_sharpe,2022-06-01,GS,0.0
combined_max_sharpe,2022-07-01,GS,1.7138861109886832e-16
combined_max_sharpe,2022-08-01,GS,2.3012191111004832e-17
combined_max_sharpe,2022-09-01,GS,0.0
combined_max_sharpe,2022-10-03,GS,0.0
combined_max_sharpe,2022-11-01,GS,0.0
combined_max_sharpe,2022-12-01,GS,0.0
combined_max_sharpe,2023-01-03,GS,3.809615383570941e-16
combined_max_sharpe,2023-02-01,GS,2.1347131035947145e-18
combined_max_sharpe,2023-03-01,GS,1.3132195934587868e-16
combined_max_sharpe,2023-04-03,GS,2.2410207973031477e-14
combined_max_sharpe,2023-05-01,GS,5.496068722072528e-16
combined_max_sharpe,2023-06-01,GS,0.0
combined_max_sharpe,2023-07-03,GS,0.0
combined_max_sharpe,2023-08-01,GS,5.685147815927074e-17
combined_max_sharpe,2023-09-01,GS,0.0
combined_max_sharpe,2023-10-02,GS,1.5965171302023356e-16
combined_max_sharpe,2023-11-01,GS,5.558031658155442e-17
combined_max_sharpe,2023-12-01,GS,3.4862179475504457e-17
combined_max_sharpe,2021-01-04,INTC,1.3494840700017445e-17
combined_max_sharpe,2021-02-01,INTC,0.0
combined_max_sharpe,2021-03-01,INTC,2.835731175937545e-17
combined_max_sharpe,2021-04-01,INTC,1.6176635226662628e-17
combined_max_sharpe,2021-05-03,INTC,0.0
combined_max_sharpe,2021-06-01,INTC,0.0
combined_max_sharpe,2021-07-01,INTC,6.890829426630318e-17
combined_max_sharpe,2021-08-02,INTC,1.0636023312082798e-16
combined_max_sharpe,2021-09-01,INTC,1.7416691461442924e-17
combined_max_sharpe,2021-10-01,INTC,0.0
combined_max_sharpe,2021-11-01,INTC,0.0
combined_max_sharpe,2021-12-01,INTC,0.0
combined_max_sharpe,2022-01-03,INTC,2.9037880599283097e-18
combined_max_sharpe,2022-02-01,INTC,1.3005005058963626e-16
combined_max_sharpe,2022-03-01,INTC,0.0
combined_max_sharpe,2022-04-01,INTC,1.6235145380993464e-16
combined_max_sharpe,2022-05-02,INTC,8.700722434196173e-18
combined_max_sharpe,2022-06-01,INTC,1.8431436932253575e-18
combined_max_sharpe,2022-07-01,INTC,0.0
combined_max_sharpe,2022-08-01,INTC,0.0
combined_max_sharpe,2022-09-01,INTC,0.0
combined_max_sharpe,2022-10-03,INTC,0.0
combined_max_sharpe,2022-11-01,INTC,1.183186442701642e-16
combined_max_sharpe,2022-12-01,INTC,1.8730947782402696e-16
combined_max_sharpe,2023-01-03,INTC,0.0
combined_max_sharpe,2023-02-01,INTC,4.50077665639411e-16
combined_max_sharpe,2023-03-01,INTC,0.0
combined_max_sharpe,2023-04-03,INTC,2.9367093931729476e-14
combined_max_sharpe,2023-05-01,INTC,4.619627967695454e-16
combined_max_sharpe,2023-06-01,INTC,0.0
combined_max_sharpe,2023-07-03,INTC,9.771292464218125e-17
combined_max_sharpe,2023-08-01,INTC,0.0
combined_max_sharpe,2023-09-01,INTC,3.648134150009758e-17
combined_max_sharpe,2023-10-02,INTC,2.558930855113123e-16
combined_max_sharpe,2023-11-01,INTC,7.907708161468358e-17
combined_max_sharpe,2023-12-01,INTC,0.056396984364988856
combined_max_sharpe,2021-01-04,KO,1.1867883203535504e-16
combined_max_sharpe,2021-02-01,KO,0.0
combined_max_sharpe,2021-03-01,KO,0.0
combined_max_sharpe,2021-04-01,KO,5.368833632876657e-17
combined_max_sharpe,2021-05-03,KO,0.0
combined_max_sharpe,2021-06-01,KO,2.569956567176134e-17
combined_max_sharpe,2021-07-01,KO,1.1073558814020032e-17
combined_max_sharpe,2021-08-02,KO,2.800494211530058e-16
combined_max_sharpe,2021-09-01,KO,0.0
combined_max_sharpe,2021-10-01,KO,2.906127690382142e-17
combined_max_sharpe,2021-11-01,KO,1.0733601507606494e-17
combined_max_sharpe,2021-12-01,KO,6.693519020755749e-17
combined_max_sharpe,2022-01-03,KO,9.661236846817897e-17
combined_max_sharpe,2022-02-01,KO,0.013984598508246437
combined_max_sharpe,2022-03-01,KO,0.06530277805625705
combined_max_sharpe,2022-04-01,KO,1.8177953723262635e-16
combined_max_sharpe,2022-05-02,KO,0.02378003488680871
combined_max_sharpe,2022-06-01,KO,0.0
combined_max_sharpe,2022-07-01,KO,0.1255028904056109
combined_max_sharpe,2022-08-01,KO,0.0
combined_max_sharpe,2022-09-01,KO,4.246870731602556e-15
combined_max_sharpe,2022-10-03,KO,0.0
combined_max_sharpe,2022-11-01,KO,0.0
combined_max_sharpe,2022-12-01,KO,0.0
combined_max_sharpe,2023-01-03,KO,3.985256135513593e-16
combined_max_sharpe,2023-02-01,KO,4.226557457850314e-17
combined_max_sharpe,2023-03-01,KO,0.0
combined_max_sharpe,2023-04-03,KO,1.857053632031533e-14
combined_max_sharpe,2023-05-01,KO,9.962011334102336e-18
combined_max_sharpe,2023-06-01,KO,0.0
combined_max_sharpe,2023-07-03,KO,0.0
combined_max_sharpe,2023-08-01,KO,1.3636369323707242e-16
combined_max_sharpe,2023-09-01,KO,0.0
combined_max_sharpe,2023-10-02,KO,0.0
combined_max_sharpe,2023-11-01,KO,3.475104555334952e-17
combined_max_sharpe,2023-12-01,KO,0.0
combined_max_sharpe,2021-01-04,MMM,2.4824834630774363e-17
combined_max_sharpe,2021-02-01,MMM,0.0
combined_max_sharpe,2021-03-01,MMM,0.0
combined_max_sharpe,2021-04-01,MMM,0.0
combined_max_sharpe,2021-05-03,MMM,8.783392849848193e-17
combined_max_sharpe,2021-06-01,MMM,0.0
combined_max_sharpe,2021-07-01,MMM,5.789396257427803e-17
combined_max_sharpe,2021-08-02,MMM,0.0
combined_max_sharpe,2021-09-01,MMM,1.6648093765104371e-16
combined_max_sharpe,2021-10-01,MMM,0.0
combined_max_sharpe,2021-11-01,MMM,5.851303599632707e-17
combined_max_sharpe,2021-12-01,MMM,6.007745492105186e-18
combined_max_sharpe,2022-01-03,MMM,3.022953945174446e-17
combined_max_sharpe,2022-02-01,MMM,0.0
combined_max_sharpe,2022-03-01,MMM,0.0
combined_max_sharpe,2022-04-01,MMM,7.057438854181436e-18
combined_max_sharpe,2022-05-02,MMM,1.5280474368467578e-16
combined_max_sharpe,2022-06-01,MMM,0.0
combined_max_sharpe,2022-07-01,MMM,7.265847244741193e-17
combined_max_sharpe,2022-08-01,MMM,1.0424603888448125e-16
combined_max_sharpe,2022-09-01,MMM,1.1847958053014251e-16
combined_max_sharpe,2022-10-03,MMM,0.0
combined_max_sharpe,2022-11-01,MMM,4.968051523553813e-16
combined_max_sharpe,2022-12-01,MMM,0.0
combined_max_sharpe,2023-01-03,MMM,2.9652929417478546e-17
combined_max_sharpe,2023-02-01,MMM,2.523029917192303e-16
combined_max_sharpe,2023-03-01,MMM,0.0
combined_max_sharpe,2023-04-03,MMM,2.2958982958729124e-14
combined_max_sharpe,2023-05-01,MMM,2.694520357895266e-16
combined_max_sharpe,2023-06-01,MMM,0.0
combined_max_sharpe,2023-07-03,MMM,0.0
combined_max_sharpe,2023-08-01,MMM,2.991473298303218e-17
combined_max_sharpe,2023-09-01,MMM,0.0
combined_max_sharpe,2023-10-02,MMM,5.9422664769739e-17
combined_max_sharpe,2023-11-01,MMM,0.0
combined_max_sharpe,2023-12-01,MMM,0.0
combined_max_sharpe,2021-01-04,MRK,6.678338601806543e-17
combined_max_sharpe,2021-02-01,MRK,0.0
combined_max_sharpe,2021-03-01,MRK,0.0
combined_max_sharpe,2021-04-01,MRK,0.0
combined_max_sharpe,2021-05-03,MRK,0.0
combined_max_sharpe,2021-06-01,MRK,6.265222073510128e-17
combined_max_sharpe,2021-07-01,MRK,4.651784330464726e-17
combined_max_sharpe,2021-08-02,MRK,0.0
combined_max_sharpe,2021-09-01,MRK,0.0
combined_max_sharpe,2021-10-01,MRK,2.9360279534202186e-17
combined_max_sharpe,2021-11-01,MRK,0.024700063525295565
combined_max_sharpe,2021-12-01,MRK,0.0
combined_max_sharpe,2022-01-03,MRK,0.0
combined_max_sharpe,2022-02-01,MRK,0.0
combined_max_sharpe,2022-03-01,MRK,6.301925127571995e-17
combined_max_sharpe,2022-04-01,MRK,3.8185360057162224e-17
combined_max_sharpe,2022-05-02,MRK,0.07984499837108672
combined_max_sharpe,2022-06-01,MRK,0.1341266770240293
combined_max_sharpe,2022-07-01,MRK,0.06888540451796386
combined_max_sharpe,2022-08-01,MRK,0.05602999388890421
combined_max_sharpe,2022-09-01,MRK,0.04006914875010205
combined_max_sharpe,2022-10-03,MRK,0.12065140397569767
combined_max_sharpe,2022-11-01,MRK,0.004248377117491065
combined_max_sharpe,2022-12-01,MRK,0.3
combined_max_sharpe,2023-01-03,MRK,0.3
combined_max_sharpe,2023-02-01,MRK,0.29999999999999233
combined_max_sharpe,2023-03-01,MRK,0.3
combined_max_sharpe,2023-04-03,MRK,0.2999999999998801
combined_max_sharpe,2023-05-01,MRK,0.2999999999999934
combined_max_sharpe,2023-06-01,MRK,0.3
combined_max_sharpe,2023-07-03,MRK,0.29999999999999993
combined_max_sharpe,2023-08-01,MRK,0.2657326168522243
combined_max_sharpe,2023-09-01,MRK,0.29999999999999866
combined_max_sharpe,2023-10-02,MRK,0.2063839895738834
combined_max_sharpe,2023-11-01,MRK,0.12672952056434247
combined_max_sharpe,2023-12-01,MRK,2.486308440860323e-17
combined_max_sharpe,2021-01-04,MS,0.0
combined_max_sharpe,2021-02-01,MS,0.0
combined_max_sharpe,2021-03-01,MS,0.0
combined_max_sharpe,2021-04-01,MS,0.12545367280813705
combined_max_sharpe,2021-05-03,MS,0.1204956426963221
combined_max_sharpe,2021-06-01,MS,0.13505069298270408
combined_max_sharpe,2021-07-01,MS,0.007331111945350768
combined_max_sharpe,2021-08-02,MS,0.03089749377507984
combined_max_sharpe,2021-09-01,MS,4.578789062313626e-16
combined_max_sharpe,2021-10-01,MS,0.16431140643697692
combined_max_sharpe,2021-11-01,MS,0.003203519284711613
combined_max_sharpe,2021-12-01,MS,6.769711794711296e-17
combined_max_sharpe,2022-01-03,MS,0.0
combined_max_sharpe,2022-02-01,MS,0.001062480912099303
combined_max_sharpe,2022-03-01,MS,9.3363359578158e-17
combined_max_sharpe,2022-04-01,MS,9.847506904620453e-18
combined_max_sharpe,2022-05-02,MS,0.0
combined_max_sharpe,2022-06-01,MS,0.0
combined_max_sharpe,2022-07-01,MS,9.109342110675158e-17
combined_max_sharpe,2022-08-01,MS,7.925517880869037e-17
combined_max_sharpe,2022-09-01,MS,1.2847795743953228e-17
combined_max_sharpe,2022-10-03,MS,0.0
combined_max_sharpe,2022-11-01,MS,0.0
combined_max_sharpe,2022-12-01,MS,3.095532727717676e-16
combined_max_sharpe,2023-01-03,MS,8.844379222050502e-17
combined_max_sharpe,2023-02-01,MS,3.215952853357491e-16
combined_max_sharpe,2023-03-01,MS,6.118908484031674e-16
combined_max_sharpe,2023-04-03,MS,2.2887265367410907e-14
combined_max_sharpe,2023-05-01,MS,5.478239560983146e-16
combined_max_sharpe,2023-06-01,MS,0.0
combined_max_sharpe,2023-07-03,MS,0.0
combined_max_sharpe,2023-08-01,MS,1.0237935005581724e-17
combined_max_sharpe,2023-09-01,MS,0.0
combined_max_sharpe,2023-10-02,MS,0.0
combined_max_sharpe,2023-11-01,MS,0.0
combined_max_sharpe,2023-12-01,MS,2.1762600902630618e-17
combined_max_sharpe,2021-01-04,NEE,1.1377935076243753e-17
combined_max_sharpe,2021-02-01,NEE,0.0
combined_max_sharpe,2021-03-01,NEE,0.0
combined_max_sharpe,2021-04-01,NEE,0.0
combined_max_sharpe,2021-05-03,NEE,0.0
combined_max_sharpe,2021-06-01,NEE,3.5888070458568904e-17
combined_max_sharpe,2021-07-01,NEE,0.0
combined_max_sharpe,2021-08-02,NEE,1.2839664227659586e-16
combined_max_sharpe,2021-09-01,NEE,0.0
combined_max_sharpe,2021-10-01,NEE,0.0
combined_max_sharpe,2021-11-01,NEE,0.0
combined_max_sharpe,2021-12-01,NEE,6.592861540767351e-17
combined_max_sharpe,2022-01-03,NEE,0.0
combined_max_sharpe,2022-02-01,NEE,2.350008208862331e-17
combined_max_sharpe,2022-03-01,NEE,0.0
combined_max_sharpe,2022-04-01,NEE,0.005447198296442716
combined_max_sharpe,2022-05-02,NEE,0.0
combined_max_sharpe,2022-06-01,NEE,9.426460263403658e-17
combined_max_sharpe,2022-07-01,NEE,9.583055937736581e-16
combined_max_sharpe,2022-08-01,NEE,0.0
combined_max_sharpe,2022-09-01,NEE,2.524564758632497e-16
combined_max_sharpe,2022-10-03,NEE,3.705435976457153e-16
combined_max_sharpe,2022-11-01,NEE,6.004447156496284e-16
combined_max_sharpe,2022-12-01,NEE,0.0
combined_max_sharpe,2023-01-03,NEE,4.30970363562988e-17
combined_max_sharpe,2023-02-01,NEE,0.0
combined_max_sharpe,2023-03-01,NEE,0.0
combined_max_sharpe,2023-04-03,NEE,2.0891551983697433e-14
combined_max_sharpe,2023-05-01,NEE,1.3182137811650366e-16
combined_max_sharpe,2023-06-01,NEE,2.31688558484656e-16
combined_max_sharpe,2023-07-03,NEE,0.0
combined_max_sharpe,2023-08-01,NEE,9.506830640891127e-17
combined_max_sharpe,2023-09-01,NEE,0.0
combined_max_sharpe,2023-10-02,NEE,1.2037886673078494e-16
combined_max_sharpe,2023-11-01,NEE,9.349071348916058e-17
combined_max_sharpe,2023-12-01,NEE,0.0
combined_max_sharpe,2021-01-04,NEM,0.14220964565648683
combined_max_sharpe,2021-02-01,NEM,0.07601637403674127
combined_max_sharpe,2021-03-01,NEM,8.652924242334164e-17
combined_max_sharpe,2021-04-01,NEM,1.1626912111638962e-17
combined_max_sharpe,2021-05-03,NEM,0.0
combined_max_sharpe,2021-06-01,NEM,0.0
combined_max_sharpe,2021-07-01,NEM,0.0
combined_max_sharpe,2021-08-02,NEM,1.9716216506648898e-16
combined_max_sharpe,2021-09-01,NEM,0.0
combined_max_sharpe,2021-10-01,NEM,0.0
combined_max_sharpe,2021-11-01,NEM,0.0
combined_max_sharpe,2021-12-01,NEM,0.0
combined_max_sharpe,2022-01-03,NEM,7.98971439904378e-17
combined_max_sharpe,2022-02-01,NEM,4.723055713889979e-18
combined_max_sharpe,2022-03-01,NEM,0.01730406167939396
combined_max_sharpe,2022-04-01,NEM,0.051559431745352775
combined_max_sharpe,2022-05-02,NEM,0.0
combined_max_sharpe,2022-06-01,NEM,1.3322134194415636e-17
combined_max_sharpe,2022-07-01,NEM,4.898093812431131e-17
combined_max_sharpe,2022-08-01,NEM,0.0
combined_max_sharpe,2022-09-01,NEM,0.0
combined_max_sharpe,2022-10-03,NEM,6.713926600822446e-17
combined_max_sharpe,2022-11-01,NEM,1.2997720575617239e-16
combined_max_sharpe,2022-12-01,NEM,0.0
combined_max_sharpe,2023-01-03,NEM,0.0
combined_max_sharpe,2023-02-01,NEM,2.1431054233618953e-16
combined_max_sharpe,2023-03-01,NEM,0.0
combined_max_sharpe,2023-04-03,NEM,2.2766636817421933e-14
combined_max_sharpe,2023-05-01,NEM,4.2887800447190707e-16
combined_max_sharpe,2023-06-01,NEM,0.0
combined_max_sharpe,2023-07-03,NEM,0.0
combined_max_sharpe,2023-08-01,NEM,1.201728276105159e-16
combined_max_sharpe,2023-09-01,NEM,1.3278597445461938e-17
combined_max_sharpe,2023-10-02,NEM,4.131193874708215e-17
combined_max_sharpe,2023-11-01,NEM,0.0
combined_max_sharpe,2023-12-01,NEM,2.289094960741748e-17
combined_max_sharpe,2021-01-04,NKE,0.0
combined_max_sharpe,2021-02-01,NKE,0.0
combined_max_sharpe,2021-03-01,NKE,0.0
combined_max_sharpe,2021-04-01,NKE,1.2081400333277537e-16
combined_max_sharpe,2021-05-03,NKE,4.3017076446077995e-16
combined_max_sharpe,2021-06-01,NKE,0.0
combined_max_sharpe,2021-07-01,NKE,0.07004536408582951
combined_max_sharpe,2021-08-02,NKE,0.1406896597551847
combined_max_sharpe,2021-09-01,NKE,0.0779563216442828
combined_max_sharpe,2021-10-01,NKE,2.730283650532149e-17
combined_max_sharpe,2021-11-01,NKE,0.0
combined_max_sharpe,2021-12-01,NKE,1.833808878938874e-16
combined_max_sharpe,2022-01-03,NKE,1.1062274460602833e-16
combined_max_sharpe,2022-02-01,NKE,0.0
combined_max_sharpe,2022-03-01,NKE,5.0537373764980575e-17
combined_max_sharpe,2022-04-01,NKE,3.3488671119511e-17
combined_max_sharpe,2022-05-02,NKE,6.643448811904928e-17
combined_max_sharpe,2022-06-01,NKE,5.128276275856436e-17
combined_max_sharpe,2022-07-01,NKE,0.0
combined_max_sharpe,2022-08-01,NKE,5.431852884152377e-17
combined_max_sharpe,2022-09-01,NKE,4.569234530668598e-17
combined_max_sharpe,2022-10-03,NKE,0.0
combined_max_sharpe,2022-11-01,NKE,0.0
combined_max_sharpe,2022-12-01,NKE,0.0
combined_max_sharpe,2023-01-03,NKE,0.0
combined_max_sharpe,2023-02-01,NKE,4.514709165048391e-16
combined_max_sharpe,2023-03-01,NKE,0.0
combined_max_sharpe,2023-04-03,NKE,2.8029865350397165e-14
combined_max_sharpe,2023-05-01,NKE,4.442078653321637e-16
combined_max_sharpe,2023-06-01,NKE,0.0
combined_max_sharpe,2023-07-03,NKE,0.0
combined_max_sharpe,2023-08-01,NKE,3.9626051158561695e-17
combined_max_sharpe,2023-09-01,NKE,1.5145822031253316e-16
combined_max_sharpe,2023-10-02,NKE,2.3123303176484254e-16
combined_max_sharpe,2023-11-01,NKE,5.303889450029538e-17
combined_max_sharpe,2023-12-01,NKE,1.1105725844925908e-16
combined_max_sharpe,2021-01-04,NUE,1.7117837995342577e-17
combined_max_sharpe,2021-02-01,NUE,1.5341555281007524e-18
combined_max_sharpe,2021-03-01,NUE,0.0
combined_max_sharpe,2021-04-01,NUE,0.02855279516462981
combined_max_sharpe,2021-05-03,NUE,3.289122107812646e-16
combined_max_sharpe,2021-06-01,NUE,0.02622622396365539
combined_max_sharpe,2021-07-01,NUE,0.06558374177778614
combined_max_sharpe,2021-08-02,NUE,0.09462316624184568
combined_max_sharpe,2021-09-01,NUE,0.08477095810849634
combined_max_sharpe,2021-10-01,NUE,0.024928703119494886
combined_max_sharpe,2021-11-01,NUE,0.0
combined_max_sharpe,2021-12-01,NUE,0.03782160025822135
combined_max_sharpe,2022-01-03,NUE,0.09697231396909188
combined_max_sharpe,2022-02-01,NUE,0.0662867755302597
combined_max_sharpe,2022-03-01,NUE,0.0910492206901639
combined_max_sharpe,2022-04-01,NUE,0.03170843674447953
combined_max_sharpe,2022-05-02,NUE,0.10447644568512683
combined_max_sharpe,2022-06-01,NUE,1.6991345396649704e-15
combined_max_sharpe,2022-07-01,NUE,1.2589912996308724e-15
combined_max_sharpe,2022-08-01,NUE,0.02303653523499543
combined_max_sharpe,2022-09-01,NUE,0.0
combined_max_sharpe,2022-10-03,NUE,0.0
combined_max_sharpe,2022-11-01,NUE,0.0
combined_max_sharpe,2022-12-01,NUE,0.0
combined_max_sharpe,2023-01-03,NUE,0.0
combined_max_sharpe,2023-02-01,NUE,0.13795030792526952
combined_max_sharpe,2023-03-01,NUE,0.06448937168861939
combined_max_sharpe,2023-04-03,NUE,1.9582277178406072e-14
combined_max_sharpe,2023-05-01,NUE,4.758607142859861e-16
combined_max_sharpe,2023-06-01,NUE,0.0
combined_max_sharpe,2023-07-03,NUE,0.0
combined_max_sharpe,2023-08-01,NUE,0.0
combined_max_sharpe,2023-09-01,NUE,0.0
combined_max_sharpe,2023-10-02,NUE,2.4737397073533333e-16
combined_max_sharpe,2023-11-01,NUE,9.997240461211076e-17
combined_max_sharpe,2023-12-01,NUE,2.5991404027245342e-17
combined_max_sharpe,2021-01-04,NVDA,0.07799302540556959
combined_max_sharpe,2021-02-01,NVDA,0.23625422416387107
combined_max_sharpe,2021-03-01,NVDA,2.877833007221003e-16
combined_max_sharpe,2021-04-01,NVDA,1.4169167141669936e-17
combined_max_sharpe,2021-05-03,NVDA,0.026571169820667765
combined_max_sharpe,2021-06-01,NVDA,0.01841396455262371
combined_max_sharpe,2021-07-01,NVDA,0.07447529579552968
combined_max_sharpe,2021-08-02,NVDA,0.07163087434173476
combined_max_sharpe,2021-09-01,NVDA,0.06056812938166909
combined_max_sharpe,2021-10-01,NVDA,0.08626912582362549
combined_max_sharpe,2021-11-01,NVDA,0.06895488690959098
combined_max_sharpe,2021-12-01,NVDA,0.13906177887231774
combined_max_sharpe,2022-01-03,NVDA,0.0800576380459231
combined_max_sharpe,2022-02-01,NVDA,0.05297024059287342
combined_max_sharpe,2022-03-01,NVDA,0.04961375846947096
combined_max_sharpe,2022-04-01,NVDA,0.05871194209742677
combined_max_sharpe,2022-05-02,NVDA,1.725643282782241e-16
combined_max_sharpe,2022-06-01,NVDA,1.2922131355404265e-15
combined_max_sharpe,2022-07-01,NVDA,0.0
combined_max_sharpe,2022-08-01,NVDA,9.381059297430827e-17
combined_max_sharpe,2022-09-01,NVDA,0.0
combined_max_sharpe,2022-10-03,NVDA,0.0
combined_max_sharpe,2022-11-01,NVDA,0.0
combined_max_sharpe,2022-12-01,NVDA,0.0
combined_max_sharpe,2023-01-03,NVDA,0.0
combined_max_sharpe,2023-02-01,NVDA,6.397157508301017e-16
combined_max_sharpe,2023-03-01,NVDA,1.8198997029947324e-15
combined_max_sharpe,2023-04-03,NVDA,5.3424396487116104e-14
combined_max_sharpe,2023-05-01,NVDA,1.3288549453644391e-15
combined_max_sharpe,2023-06-01,NVDA,0.11000894816986148
combined_max_sharpe,2023-07-03,NVDA,0.11257792640293933
combined_max_sharpe,2023-08-01,NVDA,0.1289520713267621
combined_max_sharpe,2023-09-01,NVDA,0.1775768269703636
combined_max_sharpe,2023-10-02,NVDA,0.17348725278392652
combined_max_sharpe,2023-11-01,NVDA,0.22539904770475278
combined_max_sharpe,2023-12-01,NVDA,0.19386087768257967
combined_max_sharpe,2021-01-04,O,0.0
combined_max_sharpe,2021-02-01,O,0.0
combined_max_sharpe,2021-03-01,O,1.160419784444992e-17
combined_max_sharpe,2021-04-01,O,0.0
combined_max_sharpe,2021-05-03,O,0.0
combined_max_sharpe,2021-06-01,O,0.0
combined_max_sharpe,2021-07-01,O,0.0
combined_max_sharpe,2021-08-02,O,1.4418533641341602e-16
combined_max_sharpe,2021-09-01,O,0.0
combined_max_sharpe,2021-10-01,O,0.0
combined_max_sharpe,2021-11-01,O,0.0
combined_max_sharpe,2021-12-01,O,1.8531547224178983e-17
combined_max_sharpe,2022-01-03,O,3.2883314859304857e-17
combined_max_sharpe,2022-02-01,O,0.0
combined_max_sharpe,2022-03-01,O,0.0
combined_max_sharpe,2022-04-01,O,0.0
combined_max_sharpe,2022-05-02,O,6.667843360785852e-18
combined_max_sharpe,2022-06-01,O,0.0
combined_max_sharpe,2022-07-01,O,3.117144703480601e-16
combined_max_sharpe,2022-08-01,O,1.4858990773913838e-16
combined_max_sharpe,2022-09-01,O,1.0165411806588309e-16
combined_max_sharpe,2022-10-03,O,2.06427387038781e-16
combined_max_sharpe,2022-11-01,O,0.0
combined_max_sharpe,2022-12-01,O,0.0
combined_max_sharpe,2023-01-03,O,0.0
combined_max_sharpe,2023-02-01,O,4.416226097695451e-17
combined_max_sharpe,2023-03-01,O,0.0
combined_max_sharpe,2023-04-03,O,1.9479552769891474e-14
combined_max_sharpe,2023-05-01,O,1.2440436176804635e-16
combined_max_sharpe,2023-06-01,O,1.2648523959955483e-16
combined_max_sharpe,2023-07-03,O,8.331829105509216e-18
combined_max_sharpe,2023-08-01,O,0.0
combined_max_sharpe,2023-09-01,O,0.0
combined_max_sharpe,2023-10-02,O,0.0
combined_max_sharpe,2023-11-01,O,1.1728769234987104e-16
combined_max_sharpe,2023-12-01,O,1.5466889496022887e-18
combined_max_sharpe,2021-01-04,OXY,0.0
combined_max_sharpe,2021-02-01,OXY,1.2264624062607058e-18
combined_max_sharpe,2021-03-01,OXY,4.750750568687079e-17
combined_max_sharpe,2021-04-01,OXY,0.0
combined_max_sharpe,2021-05-03,OXY,0.0
combined_max_sharpe,2021-06-01,OXY,8.249697556034297e-17
combined_max_sharpe,2021-07-01,OXY,8.125548911028759e-17
combined_max_sharpe,2021-08-02,OXY,0.0
combined_max_sharpe,2021-09-01,OXY,0.0
combined_max_sharpe,2021-10-01,OXY,0.038847334158426075
combined_max_sharpe,2021-11-01,OXY,0.05448988934591908
combined_max_sharpe,2021-12-01,OXY,1.314832365772823e-16
combined_max_sharpe,2022-01-03,OXY,0.0
combined_max_sharpe,2022-02-01,OXY,0.0
combined_max_sharpe,2022-03-01,OXY,1.7980137777956484e-16
combined_max_sharpe,2022-04-01,OXY,0.008870873855920575
combined_max_sharpe,2022-05-02,OXY,0.01319336441139379
combined_max_sharpe,2022-06-01,OXY,0.06731463632183296
combined_max_sharpe,2022-07-01,OXY,0.10443172129957536
combined_max_sharpe,2022-08-01,OXY,0.16805992002820463
combined_max_sharpe,2022-09-01,OXY,0.22596707823115142
combined_max_sharpe,2022-10-03,OXY,0.20979028792647444
combined_max_sharpe,2022-11-01,OXY,0.10206108877111877
combined_max_sharpe,2022-12-01,OXY,0.07800715463941177
combined_max_sharpe,2023-01-03,OXY,0.08360522380929057
combined_max_sharpe,2023-02-01,OXY,0.06826709420755743
combined_max_sharpe,2023-03-01,OXY,0.0490205263178272
combined_max_sharpe,2023-04-03,OXY,1.7840246047370557e-14
combined_max_sharpe,2023-05-01,OXY,9.161842072716016e-16
combined_max_sharpe,2023-06-01,OXY,0.0
combined_max_sharpe,2023-07-03,OXY,3.433474760794205e-17
combined_max_sharpe,2023-08-01,OXY,0.0
combined_max_sharpe,2023-09-01,OXY,1.449832698453769e-16
combined_max_sharpe,2023-10-02,OXY,0.0
combined_max_sharpe,2023-11-01,OXY,0.0
combined_max_sharpe,2023-12-01,OXY,2.722803863549156e-17
combined_max_sharpe,2021-01-04,PLD,1.787200683142236e-17
combined_max_sharpe,2021-02-01,PLD,0.0
combined_max_sharpe,2021-03-01,PLD,0.0
combined_max_sharpe,2021-04-01,PLD,0.0
combined_max_sharpe,2021-05-03,PLD,0.0
combined_max_sharpe,2021-06-01,PLD,2.5295269849944198e-17
combined_max_sharpe,2021-07-01,PLD,0.0
combined_max_sharpe,2021-08-02,PLD,2.1994396321584064e-16
combined_max_sharpe,2021-09-01,PLD,0.0
combined_max_sharpe,2021-10-01,PLD,0.04630193107410017
combined_max_sharpe,2021-11-01,PLD,0.08002519750203502
combined_max_sharpe,2021-12-01,PLD,0.10318691727093576
combined_max_sharpe,2022-01-03,PLD,0.1657139975977801
combined_max_sharpe,2022-02-01,PLD,0.13738845877691697
combined_max_sharpe,2022-03-01,PLD,0.06135055635581707
combined_max_sharpe,2022-04-01,PLD,0.045833813248385556
combined_max_sharpe,2022-05-02,PLD,0.22363573779759
combined_max_sharpe,2022-06-01,PLD,0.0
combined_max_sharpe,2022-07-01,PLD,0.0
combined_max_sharpe,2022-08-01,PLD,0.0
combined_max_sharpe,2022-09-01,PLD,0.0
combined_max_sharpe,2022-10-03,PLD,0.0
combined_max_sharpe,2022-11-01,PLD,0.0
combined_max_sharpe,2022-12-01,PLD,0.0
combined_max_sharpe,2023-01-03,PLD,1.0354130747236567e-17
combined_max_sharpe,2023-02-01,PLD,4.725925784212498e-16
combined_max_sharpe,2023-03-01,PLD,0.0
combined_max_sharpe,2023-04-03,PLD,2.6207153980530178e-14
combined_max_sharpe,2023-05-01,PLD,3.507531020181595e-16
combined_max_sharpe,2023-06-01,PLD,0.0
combined_max_sharpe,2023-07-03,PLD,2.2826612000532273e-18
combined_max_sharpe,2023-08-01,PLD,0.0
combined_max_sharpe,2023-09-01,PLD,6.294883759150745e-19
combined_max_sharpe,2023-10-02,PLD,0.0
combined_max_sharpe,2023-11-01,PLD,0.0
combined_max_sharpe,2023-12-01,PLD,7.175886855837621e-18
combined_max_sharpe,2021-01-04,PSA,6.849683430857628e-17
combined_max_sharpe,2021-02-01,PSA,7.802453000492887e-17
combined_max_sharpe,2021-03-01,PSA,0.0
combined_max_sharpe,2021-04-01,PSA,0.013497247966352327
combined_max_sharpe,2021-05-03,PSA,0.16090972381777247
combined_max_sharpe,2021-06-01,PSA,0.20645594618533444
combined_max_sharpe,2021-07-01,PSA,0.2999999999999995
combined_max_sharpe,2021-08-02,PSA,0.2999999999999986
combined_max_sharpe,2021-09-01,PSA,0.29999999999999916
combined_max_sharpe,2021-10-01,PSA,0.29999999999999993
combined_max_sharpe,2021-11-01,PSA,0.2999999999999998
combined_max_sharpe,2021-12-01,PSA,0.29999999999999916
combined_max_sharpe,2022-01-03,PSA,0.29999999999999916
combined_max_sharpe,2022-02-01,PSA,0.3
combined_max_sharpe,2022-03-01,PSA,0.3
combined_max_sharpe,2022-04-01,PSA,0.29999999999999993
combined_max_sharpe,2022-05-02,PSA,0.09870786531424261
combined_max_sharpe,2022-06-01,PSA,0.0
combined_max_sharpe,2022-07-01,PSA,0.0
combined_max_sharpe,2022-08-01,PSA,0.0
combined_max_sharpe,2022-09-01,PSA,1.4047533210444219e-16
combined_max_sharpe,2022-10-03,PSA,3.2152362546981073e-16
combined_max_sharpe,2022-11-01,PSA,1.35465132221433e-16
combined_max_sharpe,2022-12-01,PSA,0.0
combined_max_sharpe,2023-01-03,PSA,0.0
combined_max_sharpe,2023-02-01,PSA,1.7023920330774577e-16
combined_max_sharpe,2023-03-01,PSA,0.0
combined_max_sharpe,2023-04-03,PSA,2.1905017320441143e-14
combined_max_sharpe,2023-05-01,PSA,4.025402215045587e-16
combined_max_sharpe,2023-06-01,PSA,1.4507387220567992e-16
combined_max_sharpe,2023-07-03,PSA,5.553648975580767e-17
combined_max_sharpe,2023-08-01,PSA,4.5835358578795693e-17
combined_max_sharpe,2023-09-01,PSA,0.0
combined_max_sharpe,2023-10-02,PSA,6.156756765140147e-17
combined_max_sharpe,2023-11-01,PSA,0.0
combined_max_sharpe,2023-12-01,PSA,0.0
combined_max_sharpe,2021-01-04,QCOM,5.948921672675849e-17
combined_max_sharpe,2021-02-01,QCOM,2.1547349501929812e-17
combined_max_sharpe,2021-03-01,QCOM,0.0
combined_max_sharpe,2021-04-01,QCOM,0.0
combined_max_sharpe,2021-05-03,QCOM,4.920287335658143e-16
combined_max_sharpe,2021-06-01,QCOM,1.0162420616432147e-16
combined_max_sharpe,2021-07-01,QCOM,1.566642343234178e-18
combined_max_sharpe,2021-08-02,QCOM,0.0
combined_max_sharpe,2021-09-01,QCOM,0.0
combined_max_sharpe,2021-10-01,QCOM,1.765640178551589e-17
combined_max_sharpe,2021-11-01,QCOM,0.0
combined_max_sharpe,2021-12-01,QCOM,3.999741379958684e-18
combined_max_sharpe,2022-01-03,QCOM,1.0932974687745749e-16
combined_max_sharpe,2022-02-01,QCOM,0.0
combined_max_sharpe,2022-03-01,QCOM,1.2685165418080402e-17
combined_max_sharpe,2022-04-01,QCOM,5.443069906195835e-17
combined_max_sharpe,2022-05-02,QCOM,2.4367443826611712e-17
combined_max_sharpe,2022-06-01,QCOM,1.265128410019023e-17
combined_max_sharpe,2022-07-01,QCOM,0.0
combined_max_sharpe,2022-08-01,QCOM,4.689174395999807e-18
combined_max_sharpe,2022-09-01,QCOM,0.0
combined_max_sharpe,2022-10-03,QCOM,4.1239399867282204e-16
combined_max_sharpe,2022-11-01,QCOM,0.0
combined_max_sharpe,2022-12-01,QCOM,1.387236679695203e-16
combined_max_sharpe,2023-01-03,QCOM,0.0
combined_max_sharpe,2023-02-01,QCOM,4.590823707393306e-16
combined_max_sharpe,2023-03-01,QCOM,0.0
combined_max_sharpe,2023-04-03,QCOM,2.894626862143664e-14
combined_max_sharpe,2023-05-01,QCOM,4.2908505769058795e-16
combined_max_sharpe,2023-06-01,QCOM,0.0
combined_max_sharpe,2023-07-03,QCOM,0.0
combined_max_sharpe,2023-08-01,QCOM,1.3444997933622823e-16
combined_max_sharpe,2023-09-01,QCOM,1.7752981950862483e-16
combined_max_sharpe,2023-10-02,QCOM,1.770887169819495e-17
combined_max_sharpe,2023-11-01,QCOM,2.334421092638576e-16
combined_max_sharpe,2023-12-01,QCOM,8.144910270028177e-17
combined_max_sharpe,2021-01-04,SBUX,1.1871481086981112e-17
combined_max_sharpe,2021-02-01,SBUX,0.0
combined_max_sharpe,2021-03-01,SBUX,0.0
combined_max_sharpe,2021-04-01,SBUX,2.1511786606096647e-17
combined_max_sharpe,2021-05-03,SBUX,0.0
combined_max_sharpe,2021-06-01,SBUX,0.0
combined_max_sharpe,2021-07-01,SBUX,5.014202251425949e-18
combined_max_sharpe,2021-08-02,SBUX,0.02942729590081373
combined_max_sharpe,2021-09-01,SBUX,0.0
combined_max_sharpe,2021-10-01,SBUX,4.2203416596945514e-18
combined_max_sharpe,2021-11-01,SBUX,0.0
combined_max_sharpe,2021-12-01,SBUX,0.0
combined_max_sharpe,2022-01-03,SBUX,1.4495657024633766e-16
combined_max_sharpe,2022-02-01,SBUX,0.0
combined_max_sharpe,2022-03-01,SBUX,0.0
combined_max_sharpe,2022-04-01,SBUX,2.0622095708243655e-17
combined_max_sharpe,2022-05-02,SBUX,0.0
combined_max_sharpe,2022-06-01,SBUX,1.626777597178719e-16
combined_max_sharpe,2022-07-01,SBUX,6.29803888351262e-17
combined_max_sharpe,2022-08-01,SBUX,0.0
combined_max_sharpe,2022-09-01,SBUX,0.0
combined_max_sharpe,2022-10-03,SBUX,1.1046204819723535e-17
combined_max_sharpe,2022-11-01,SBUX,8.074383921348981e-16
combined_max_sharpe,2022-12-01,SBUX,2.7271750396157257e-16
combined_max_sharpe,2023-01-03,SBUX,2.398255205537936e-16
combined_max_sharpe,2023-02-01,SBUX,0.0
combined_max_sharpe,2023-03-01,SBUX,0.0
combined_max_sharpe,2023-04-03,SBUX,0.0
combined_max_sharpe,2023-05-01,SBUX,0.1662274740039491
combined_max_sharpe,2023-06-01,SBUX,0.0
combined_max_sharpe,2023-07-03,SBUX,4.1940388133406627e-17
combined_max_sharpe,2023-08-01,SBUX,0.0
combined_max_sharpe,2023-09-01,SBUX,0.0
combined_max_sharpe,2023-10-02,SBUX,2.5642595224299863e-17
combined_max_sharpe,2023-11-01,SBUX,1.4270016053317255e-16
combined_max_sharpe,2023-12-01,SBUX,1.8147138852688422e-17
combined_max_sharpe,2021-01-04,SHW,9.78796813468678e-17
combined_max_sharpe,2021-02-01,SHW,0.0
combined_max_sharpe,2021-03-01,SHW,1.7923078971606125e-17
combined_max_sharpe,2021-04-01,SHW,5.1106579905535465e-17
combined_max_sharpe,2021-05-03,SHW,0.08187858227848066
combined_max_sharpe,2021-06-01,SHW,7.638137721781912e-17
combined_max_sharpe,2021-07-01,SHW,1.3302663390367563e-16
combined_max_sharpe,2021-08-02,SHW,0.0
combined_max_sharpe,2021-09-01,SHW,0.0
combined_max_sharpe,2021-10-01,SHW,0.01203232282475961
combined_max_sharpe,2021-11-01,SHW,0.028991067112700004
combined_max_sharpe,2021-12-01,SHW,0.03183700163922568
combined_max_sharpe,2022-01-03,SHW,0.034222431893638085
combined_max_sharpe,2022-02-01,SHW,0.0
combined_max_sharpe,2022-03-01,SHW,0.0
combined_max_sharpe,2022-04-01,SHW,0.0
combined_max_sharpe,2022-05-02,SHW,5.996993266560446e-17
combined_max_sharpe,2022-06-01,SHW,4.9520934228275415e-17
combined_max_sharpe,2022-07-01,SHW,0.0
combined_max_sharpe,2022-08-01,SHW,0.0
combined_max_sharpe,2022-09-01,SHW,4.235164736271502e-17
combined_max_sharpe,2022-10-03,SHW,2.9197076545443097e-17
combined_max_sharpe,2022-11-01,SHW,0.0
combined_max_sharpe,2022-12-01,SHW,0.0
combined_max_sharpe,2023-01-03,SHW,7.272286071946521e-17
combined_max_sharpe,2023-02-01,SHW,1.8847740894261302e-16
combined_max_sharpe,2023-03-01,SHW,0.0
combined_max_sharpe,2023-04-03,SHW,2.0962794010061168e-14
combined_max_sharpe,2023-05-01,SHW,4.115275369517859e-16
combined_max_sharpe,2023-06-01,SHW,0.0
combined_max_sharpe,2023-07-03,SHW,0.0
combined_max_sharpe,2023-08-01,SHW,1.7624658991918054e-17
combined_max_sharpe,2023-09-01,SHW,0.0
combined_max_sharpe,2023-10-02,SHW,1.1166577787601767e-16
combined_max_sharpe,2023-11-01,SHW,3.2854208795814194e-17
combined_max_sharpe,2023-12-01,SHW,2.2950255169294098e-17
combined_max_sharpe,2021-01-04,SLB,0.0
combined_max_sharpe,2021-02-01,SLB,4.29102964678839e-18
combined_max_sharpe,2021-03-01,SLB,6.261857484807143e-17
combined_max_sharpe,2021-04-01,SLB,6.776263578034403e-18
combined_max_sharpe,2021-05-03,SLB,0.0
combined_max_sharpe,2021-06-01,SLB,1.1889207837346487e-16
combined_max_sharpe,2021-07-01,SLB,0.0
combined_max_sharpe,2021-08-02,SLB,7.612454503563848e-17
combined_max_sharpe,2021-09-01,SLB,2.1338454007230334e-17
combined_max_sharpe,2021-10-01,SLB,2.0413917545302265e-17
combined_max_sharpe,2021-11-01,SLB,4.997494388800372e-17
combined_max_sharpe,2021-12-01,SLB,0.0
combined_max_sharpe,2022-01-03,SLB,2.7021925474835654e-16
combined_max_sharpe,2022-02-01,SLB,0.0
combined_max_sharpe,2022-03-01,SLB,3.4653811938067935e-17
combined_max_sharpe,2022-04-01,SLB,0.0
combined_max_sharpe,2022-05-02,SLB,0.0
combined_max_sharpe,2022-06-01,SLB,2.6257208213253946e-15
combined_max_sharpe,2022-07-01,SLB,0.0
combined_max_sharpe,2022-08-01,SLB,4.115902497298096e-16
combined_max_sharpe,2022-09-01,SLB,0.0
combined_max_sharpe,2022-10-03,SLB,0.0
combined_max_sharpe,2022-11-01,SLB,0.0
combined_max_sharpe,2022-12-01,SLB,0.0
combined_max_sharpe,2023-01-03,SLB,0.0
combined_max_sharpe,2023-02-01,SLB,3.1364438402250457e-15
combined_max_sharpe,2023-03-01,SLB,0.0
combined_max_sharpe,2023-04-03,SLB,7.964521479091216e-15
combined_max_sharpe,2023-05-01,SLB,6.4194184244302065e-15
combined_max_sharpe,2023-06-01,SLB,0.0
combined_max_sharpe,2023-07-03,SLB,0.0
combined_max_sharpe,2023-08-01,SLB,0.07023234211721513
combined_max_sharpe,2023-09-01,SLB,0.029286125850613694
combined_max_sharpe,2023-10-02,SLB,0.057026307296367526
combined_max_sharpe,2023-11-01,SLB,4.396710679657758e-17
combined_max_sharpe,2023-12-01,SLB,1.8417683454807872e-16
combined_max_sharpe,2021-01-04,SO,3.6432424305276395e-17
combined_max_sharpe,2021-02-01,SO,5.2970741029661464e-18
combined_max_sharpe,2021-03-01,SO,0.0
combined_max_sharpe,2021-04-01,SO,0.0
combined_max_sharpe,2021-05-03,SO,0.0
combined_max_sharpe,2021-06-01,SO,0.0
combined_max_sharpe,2021-07-01,SO,0.0
combined_max_sharpe,2021-08-02,SO,9.363441012127938e-17
combined_max_sharpe,2021-09-01,SO,0.0
combined_max_sharpe,2021-10-01,SO,0.0
combined_max_sharpe,2021-11-01,SO,0.0
combined_max_sharpe,2021-12-01,SO,0.0
combined_max_sharpe,2022-01-03,SO,0.0
combined_max_sharpe,2022-02-01,SO,0.060152518187875856
combined_max_sharpe,2022-03-01,SO,1.1442398677868892e-16
combined_max_sharpe,2022-04-01,SO,0.0
combined_max_sharpe,2022-05-02,SO,9.44475617506435e-17
combined_max_sharpe,2022-06-01,SO,0.14090726087961256
combined_max_sharpe,2022-07-01,SO,0.26799375559885147
combined_max_sharpe,2022-08-01,SO,0.3
combined_max_sharpe,2022-09-01,SO,0.3
combined_max_sharpe,2022-10-03,SO,0.10426623975312554
combined_max_sharpe,2022-11-01,SO,2.483212610147542e-16
combined_max_sharpe,2022-12-01,SO,0.0
combined_max_sharpe,2023-01-03,SO,1.104802013762729e-16
combined_max_sharpe,2023-02-01,SO,0.0
combined_max_sharpe,2023-03-01,SO,0.0
combined_max_sharpe,2023-04-03,SO,1.8592241344852198e-14
combined_max_sharpe,2023-05-01,SO,3.234629785753502e-16
combined_max_sharpe,2023-06-01,SO,1.659657596445299e-16
combined_max_sharpe,2023-07-03,SO,0.0
combined_max_sharpe,2023-08-01,SO,8.678597450860709e-17
combined_max_sharpe,2023-09-01,SO,0.0
combined_max_sharpe,2023-10-02,SO,0.0
combined_max_sharpe,2023-11-01,SO,5.205489756948845e-17
combined_max_sharpe,2023-12-01,SO,0.15122836255327252
combined_max_sharpe,2021-01-04,T,2.196541151854434e-17
combined_max_sharpe,2021-02-01,T,3.647864722848622e-17
combined_max_sharpe,2021-03-01,T,0.0
combined_max_sharpe,2021-04-01,T,0.0
combined_max_sharpe,2021-05-03,T,0.0
combined_max_sharpe,2021-06-01,T,7.874160407797462e-18
combined_max_sharpe,2021-07-01,T,5.985226496257364e-17
combined_max_sharpe,2021-08-02,T,2.995108501491206e-18
combined_max_sharpe,2021-09-01,T,8.431196550379855e-17
combined_max_sharpe,2021-10-01,T,8.781190564185332e-18
combined_max_sharpe,2021-11-01,T,6.090505703937321e-17
combined_max_sharpe,2021-12-01,T,9.712567317957077e-17
combined_max_sharpe,2022-01-03,T,7.508383424015462e-17
combined_max_sharpe,2022-02-01,T,2.3574620987981687e-17
combined_max_sharpe,2022-03-01,T,0.0
combined_max_sharpe,2022-04-01,T,0.0
combined_max_sharpe,2022-05-02,T,2.122325752640375e-17
combined_max_sharpe,2022-06-01,T,0.0
combined_max_sharpe,2022-07-01,T,0.0
combined_max_sharpe,2022-08-01,T,0.0
combined_max_sharpe,2022-09-01,T,1.4996548924547937e-16
combined_max_sharpe,2022-10-03,T,2.7265876111435695e-18
combined_max_sharpe,2022-11-01,T,1.582630239967825e-16
combined_max_sharpe,2022-12-01,T,1.8894933360991129e-16
combined_max_sharpe,2023-01-03,T,2.992397996059992e-17
combined_max_sharpe,2023-02-01,T,0.0
combined_max_sharpe,2023-03-01,T,0.009069692290447875
combined_max_sharpe,2023-04-03,T,3.868730332941214e-14
combined_max_sharpe,2023-05-01,T,5.356698742217352e-16
combined_max_sharpe,2023-06-01,T,0.0
combined_max_sharpe,2023-07-03,T,0.0
combined_max_sharpe,2023-08-01,T,1.4217128568305675e-16
combined_max_sharpe,2023-09-01,T,0.0
combined_max_sharpe,2023-10-02,T,0.0
combined_max_sharpe,2023-11-01,T,6.041842866821543e-17
combined_max_sharpe,2023-12-01,T,4.2827046183552545e-17
combined_max_sharpe,2021-01-04,TMUS,0.0010660452728050347
combined_max_sharpe,2021-02-01,TMUS,6.253576425277814e-17
combined_max_sharpe,2021-03-01,TMUS,7.211179315662839e-18
combined_max_sharpe,2021-04-01,TMUS,0.0
combined_max_sharpe,2021-05-03,TMUS,1.3273599206537964e-16
combined_max_sharpe,2021-06-01,TMUS,9.959548361552629e-17
combined_max_sharpe,2021-07-01,TMUS,8.413581501346514e-17
combined_max_sharpe,2021-08-02,TMUS,7.83742645435459e-17
combined_max_sharpe,2021-09-01,TMUS,4.6253081117768324e-17
combined_max_sharpe,2021-10-01,TMUS,4.656140111056889e-17
combined_max_sharpe,2021-11-01,TMUS,0.0
combined_max_sharpe,2021-12-01,TMUS,0.0
combined_max_sharpe,2022-01-03,TMUS,0.0
combined_max_sharpe,2022-02-01,TMUS,0.0
combined_max_sharpe,2022-03-01,TMUS,1.235990476633475e-17
combined_max_sharpe,2022-04-01,TMUS,0.0
combined_max_sharpe,2022-05-02,TMUS,2.701018662204513e-17
combined_max_sharpe,2022-06-01,TMUS,5.063901771865109e-17
combined_max_sharpe,2022-07-01,TMUS,4.58577929094637e-17
combined_max_sharpe,2022-08-01,TMUS,0.0
combined_max_sharpe,2022-09-01,TMUS,5.074066167232161e-17
combined_max_sharpe,2022-10-03,TMUS,7.183440974850653e-16
combined_max_sharpe,2022-11-01,TMUS,0.014713398434590451
combined_max_sharpe,2022-12-01,TMUS,0.029130354602489174
combined_max_sharpe,2023-01-03,TMUS,0.0
combined_max_sharpe,2023-02-01,TMUS,0.15441201417543451
combined_max_sharpe,2023-03-01,TMUS,1.9771624207708139e-16
combined_max_sharpe,2023-04-03,TMUS,1.487390384270117e-14
combined_max_sharpe,2023-05-01,TMUS,8.490038273432199e-16
combined_max_sharpe,2023-06-01,TMUS,2.0364451391377627e-16
combined_max_sharpe,2023-07-03,TMUS,0.0
combined_max_sharpe,2023-08-01,TMUS,4.8353892195130295e-17
combined_max_sharpe,2023-09-01,TMUS,9.732485784745542e-17
combined_max_sharpe,2023-10-02,TMUS,0.0
combined_max_sharpe,2023-11-01,TMUS,0.0
combined_max_sharpe,2023-12-01,TMUS,2.0133911906050151e-16
combined_max_sharpe,2021-01-04,TTWO,0.13813774308583285
combined_max_sharpe,2021-02-01,TTWO,0.05654058201963005
combined_max_sharpe,2021-03-01,TTWO,0.0904381752844984
combined_max_sharpe,2021-04-01,TTWO,0.029414731987348525
combined_max_sharpe,2021-05-03,TTWO,0.018943998966618514
combined_max_sharpe,2021-06-01,TTWO,0.10677181167914952
combined_max_sharpe,2021-07-01,TTWO,0.0
combined_max_sharpe,2021-08-02,TTWO,8.460842703533755e-17
combined_max_sharpe,2021-09-01,TTWO,4.7510078011493706e-17
combined_max_sharpe,2021-10-01,TTWO,1.1058862159352145e-17
combined_max_sharpe,2021-11-01,TTWO,0.0
combined_max_sharpe,2021-12-01,TTWO,8.416689287717782e-17
combined_max_sharpe,2022-01-03,TTWO,7.057919505898893e-17
combined_max_sharpe,2022-02-01,TTWO,1.1016171698810528e-16
combined_max_sharpe,2022-03-01,TTWO,1.9149720871525222e-17
combined_max_sharpe,2022-04-01,TTWO,0.0
combined_max_sharpe,2022-05-02,TTWO,1.3762591326987872e-16
combined_max_sharpe,2022-06-01,TTWO,0.0
combined_max_sharpe,2022-07-01,TTWO,0.0
combined_max_sharpe,2022-08-01,TTWO,4.5644911461639737e-17
combined_max_sharpe,2022-09-01,TTWO,1.5156129931810647e-16
combined_max_sharpe,2022-10-03,TTWO,1.2970971838358214e-17
combined_max_sharpe,2022-11-01,TTWO,1.3955460729077676e-16
combined_max_sharpe,2022-12-01,TTWO,1.5189672436521917e-16
combined_max_sharpe,2023-01-03,TTWO,0.0
combined_max_sharpe,2023-02-01,TTWO,3.6826802649746357e-16
combined_max_sharpe,2023-03-01,TTWO,0.0
combined_max_sharpe,2023-04-03,TTWO,2.385196284291326e-14
combined_max_sharpe,2023-05-01,TTWO,3.272661986174601e-16
combined_max_sharpe,2023-06-01,TTWO,0.0
combined_max_sharpe,2023-07-03,TTWO,0.0
combined_max_sharpe,2023-08-01,TTWO,0.0
combined_max_sharpe,2023-09-01,TTWO,4.376729061007672e-17
combined_max_sharpe,2023-10-02,TTWO,0.0
combined_max_sharpe,2023-11-01,TTWO,5.0909940152923025e-17
combined_max_sharpe,2023-12-01,TTWO,0.04943803102589898
combined_max_sharpe,2021-01-04,UPS,0.1534061275360806
combined_max_sharpe,2021-02-01,UPS,0.1521339235516122
combined_max_sharpe,2021-03-01,UPS,0.2999999999999991
combined_max_sharpe,2021-04-01,UPS,0.10790736855354792
combined_max_sharpe,2021-05-03,UPS,0.16476248683537797
combined_max_sharpe,2021-06-01,UPS,0.19859771470230322
combined_max_sharpe,2021-07-01,UPS,0.09986051806099977
combined_max_sharpe,2021-08-02,UPS,0.0
combined_max_sharpe,2021-09-01,UPS,5.596685495688064e-17
combined_max_sharpe,2021-10-01,UPS,0.0
combined_max_sharpe,2021-11-01,UPS,2.986299358839761e-17
combined_max_sharpe,2021-12-01,UPS,0.0
combined_max_sharpe,2022-01-03,UPS,1.323970599269421e-18
combined_max_sharpe,2022-02-01,UPS,0.0
combined_max_sharpe,2022-03-01,UPS,2.036267205199338e-16
combined_max_sharpe,2022-04-01,UPS,1.0423565472984979e-17
combined_max_sharpe,2022-05-02,UPS,0.0
combined_max_sharpe,2022-06-01,UPS,0.0
combined_max_sharpe,2022-07-01,UPS,0.0
combined_max_sharpe,2022-08-01,UPS,0.0
combined_max_sharpe,2022-09-01,UPS,1.0909445547456487e-16
combined_max_sharpe,2022-10-03,UPS,9.480037427754305e-17
combined_max_sharpe,2022-11-01,UPS,0.0
combined_max_sharpe,2022-12-01,UPS,0.0
combined_max_sharpe,2023-01-03,UPS,0.0
combined_max_sharpe,2023-02-01,UPS,1.3171833232845586e-16
combined_max_sharpe,2023-03-01,UPS,0.0
combined_max_sharpe,2023-04-03,UPS,2.2002449205304946e-14
combined_max_sharpe,2023-05-01,UPS,1.8653152226540403e-16
combined_max_sharpe,2023-06-01,UPS,0.0
combined_max_sharpe,2023-07-03,UPS,2.6825559400166026e-17
combined_max_sharpe,2023-08-01,UPS,3.1301498973485256e-17
combined_max_sharpe,2023-09-01,UPS,6.828014828471714e-17
combined_max_sharpe,2023-10-02,UPS,1.4318242186736666e-16
combined_max_sharpe,2023-11-01,UPS,3.486819646504e-17
combined_max_sharpe,2023-12-01,UPS,0.0
combined_max_sharpe,2021-01-04,USB,0.0
combined_max_sharpe,2021-02-01,USB,7.510352646156866e-18
combined_max_sharpe,2021-03-01,USB,4.138399786856524e-17
combined_max_sharpe,2021-04-01,USB,0.0
combined_max_sharpe,2021-05-03,USB,4.42002120668028e-16
combined_max_sharpe,2021-06-01,USB,6.044083660025873e-17
combined_max_sharpe,2021-07-01,USB,0.0
combined_max_sharpe,2021-08-02,USB,0.0
combined_max_sharpe,2021-09-01,USB,0.0
combined_max_sharpe,2021-10-01,USB,0.0
combined_max_sharpe,2021-11-01,USB,0.0
combined_max_sharpe,2021-12-01,USB,0.0
combined_max_sharpe,2022-01-03,USB,5.364867574587908e-17
combined_max_sharpe,2022-02-01,USB,0.0
combined_max_sharpe,2022-03-01,USB,5.4169451042807015e-17
combined_max_sharpe,2022-04-01,USB,4.8076224607351755e-17
combined_max_sharpe,2022-05-02,USB,1.9820570965750628e-17
combined_max_sharpe,2022-06-01,USB,6.469976464307248e-17
combined_max_sharpe,2022-07-01,USB,9.66309421169453e-17
combined_max_sharpe,2022-08-01,USB,3.903127820947816e-18
combined_max_sharpe,2022-09-01,USB,7.724940478959219e-18
combined_max_sharpe,2022-10-03,USB,0.0
combined_max_sharpe,2022-11-01,USB,6.899083355386276e-18
combined_max_sharpe,2022-12-01,USB,0.0
combined_max_sharpe,2023-01-03,USB,0.0
combined_max_sharpe,2023-02-01,USB,2.364325708485913e-16
combined_max_sharpe,2023-03-01,USB,0.0
combined_max_sharpe,2023-04-03,USB,2.6064962303694297e-14
combined_max_sharpe,2023-05-01,USB,4.717712697266224e-16
combined_max_sharpe,2023-06-01,USB,0.0
combined_max_sharpe,2023-07-03,USB,5.322834154203049e-17
combined_max_sharpe,2023-08-01,USB,0.0
combined_max_sharpe,2023-09-01,USB,0.0
combined_max_sharpe,2023-10-02,USB,9.13992993324493e-17
combined_max_sharpe,2023-11-01,USB,0.0
combined_max_sharpe,2023-12-01,USB,0.0
combined_max_sharpe,2021-01-04,V,0.0
combined_max_sharpe,2021-02-01,V,4.7771169938457124e-18
combined_max_sharpe,2021-03-01,V,2.5251253342400248e-17
combined_max_sharpe,2021-04-01,V,8.368854925461938e-17
combined_max_sharpe,2021-05-03,V,0.0
combined_max_sharpe,2021-06-01,V,5.753723143773381e-17
combined_max_sharpe,2021-07-01,V,1.848366665694285e-16
combined_max_sharpe,2021-08-02,V,9.067995920125638e-17
combined_max_sharpe,2021-09-01,V,0.0
combined_max_sharpe,2021-10-01,V,0.0
combined_max_sharpe,2021-11-01,V,2.2049961682923946e-17
combined_max_sharpe,2021-12-01,V,0.0
combined_max_sharpe,2022-01-03,V,5.015685674079382e-16
combined_max_sharpe,2022-02-01,V,0.0
combined_max_sharpe,2022-03-01,V,3.324434911383678e-17
combined_max_sharpe,2022-04-01,V,6.82756057492424e-17
combined_max_sharpe,2022-05-02,V,0.0
combined_max_sharpe,2022-06-01,V,5.346471963069144e-18
combined_max_sharpe,2022-07-01,V,0.0
combined_max_sharpe,2022-08-01,V,1.398078701420058e-16
combined_max_sharpe,2022-09-01,V,5.0052870919151116e-17
combined_max_sharpe,2022-10-03,V,2.932261599694562e-17
combined_max_sharpe,2022-11-01,V,0.0
combined_max_sharpe,2022-12-01,V,0.0
combined_max_sharpe,2023-01-03,V,1.2826111700503517e-16
combined_max_sharpe,2023-02-01,V,1.1922656534037094e-16
combined_max_sharpe,2023-03-01,V,0.0
combined_max_sharpe,2023-04-03,V,2.1560299576240215e-14
combined_max_sharpe,2023-05-01,V,3.738382749707497e-16
combined_max_sharpe,2023-06-01,V,6.892844273955318e-17
combined_max_sharpe,2023-07-03,V,4.908277415723769e-18
combined_max_sharpe,2023-08-01,V,0.0
combined_max_sharpe,2023-09-01,V,0.0
combined_max_sharpe,2023-10-02,V,0.0
combined_max_sharpe,2023-11-01,V,0.0
combined_max_sharpe,2023-12-01,V,3.04937253551772e-17
combined_max_sharpe,2021-01-04,WFC,0.0
combined_max_sharpe,2021-02-01,WFC,6.206698087712795e-17
combined_max_sharpe,2021-03-01,WFC,0.0
combined_max_sharpe,2021-04-01,WFC,8.097634975751111e-17
combined_max_sharpe,2021-05-03,WFC,0.0
combined_max_sharpe,2021-06-01,WFC,8.740441276757407e-17
combined_max_sharpe,2021-07-01,WFC,0.0
combined_max_sharpe,2021-08-02,WFC,0.0
combined_max_sharpe,2021-09-01,WFC,1.616935074331624e-16
combined_max_sharpe,2021-10-01,WFC,0.027456329773901382
combined_max_sharpe,2021-11-01,WFC,0.0992572036641818
combined_max_sharpe,2021-12-01,WFC,0.07365395969770676
combined_max_sharpe,2022-01-03,WFC,0.027844951021623772
combined_max_sharpe,2022-02-01,WFC,0.05995422216084659
combined_max_sharpe,2022-03-01,WFC,6.971419969081794e-17
combined_max_sharpe,2022-04-01,WFC,5.387332221428495e-17
combined_max_sharpe,2022-05-02,WFC,1.48711880483543e-16
combined_max_sharpe,2022-06-01,WFC,1.480613591800517e-17
combined_max_sharpe,2022-07-01,WFC,6.793941133196658e-17
combined_max_sharpe,2022-08-01,WFC,0.0
combined_max_sharpe,2022-09-01,WFC,2.2344729148568443e-17
combined_max_sharpe,2022-10-03,WFC,0.0
combined_max_sharpe,2022-11-01,WFC,0.0
combined_max_sharpe,2022-12-01,WFC,3.604972223514302e-18
combined_max_sharpe,2023-01-03,WFC,2.358139725155972e-18
combined_max_sharpe,2023-02-01,WFC,3.55184805621573e-16
combined_max_sharpe,2023-03-01,WFC,0.0
combined_max_sharpe,2023-04-03,WFC,2.628025816642156e-14
combined_max_sharpe,2023-05-01,WFC,4.144099736833708e-16
combined_max_sharpe,2023-06-01,WFC,0.0
combined_max_sharpe,2023-07-03,WFC,2.602878212387245e-18
combined_max_sharpe,2023-08-01,WFC,0.0
combined_max_sharpe,2023-09-01,WFC,0.0
combined_max_sharpe,2023-10-02,WFC,4.846102550922303e-17
combined_max_sharpe,2023-11-01,WFC,0.0
combined_max_sharpe,2023-12-01,WFC,5.4442111030796883e-17
combined_max_sharpe,2021-01-04,WMT,5.558438005931778e-17
combined_max_sharpe,2021-02-01,WMT,0.0
combined_max_sharpe,2021-03-01,WMT,0.0
combined_max_sharpe,2021-04-01,WMT,0.0
combined_max_sharpe,2021-05-03,WMT,0.0
combined_max_sharpe,2021-06-01,WMT,0.0
combined_max_sharpe,2021-07-01,WMT,9.152123008285396e-17
combined_max_sharpe,2021-08-02,WMT,1.2338852527528193e-16
combined_max_sharpe,2021-09-01,WMT,1.206225738866959e-16
combined_max_sharpe,2021-10-01,WMT,1.958848393820295e-17
combined_max_sharpe,2021-11-01,WMT,2.0938654456126304e-18
combined_max_sharpe,2021-12-01,WMT,9.638205927887978e-17
combined_max_sharpe,2022-01-03,WMT,2.626627710554628e-17
combined_max_sharpe,2022-02-01,WMT,0.0
combined_max_sharpe,2022-03-01,WMT,2.0681156440160997e-17
combined_max_sharpe,2022-04-01,WMT,0.0
combined_max_sharpe,2022-05-02,WMT,0.0
combined_max_sharpe,2022-06-01,WMT,0.0
combined_max_sharpe,2022-07-01,WMT,9.755288665245277e-18
combined_max_sharpe,2022-08-01,WMT,0.0
combined_max_sharpe,2022-09-01,WMT,6.626846966138744e-17
combined_max_sharpe,2022-10-03,WMT,1.2414455273064898e-16
combined_max_sharpe,2022-11-01,WMT,1.07546079246984e-16
combined_max_sharpe,2022-12-01,WMT,2.2979665045830266e-16
combined_max_sharpe,2023-01-03,WMT,1.2934531917752068e-16
combined_max_sharpe,2023-02-01,WMT,0.0
combined_max_sharpe,2023-03-01,WMT,0.01064666632076063
combined_max_sharpe,2023-04-03,WMT,1.7666666246433618e-14
combined_max_sharpe,2023-05-01,WMT,0.0
combined_max_sharpe,2023-06-01,WMT,0.04938478508787424
combined_max_sharpe,2023-07-03,WMT,0.17737895524908645
combined_max_sharpe,2023-08-01,WMT,0.08868135246003525
combined_max_sharpe,2023-09-01,WMT,0.1225513241345539
combined_max_sharpe,2023-10-02,WMT,0.022616644264785903
combined_max_sharpe,2023-11-01,WMT,0.21677655550852992
combined_max_sharpe,2023-12-01,WMT,1.2980691911943556e-16
combined_max_sharpe,2021-01-04,XOM,0.0
combined_max_sharpe,2021-02-01,XOM,0.0
combined_max_sharpe,2021-03-01,XOM,3.7151713583971696e-17
combined_max_sharpe,2021-04-01,XOM,3.5297556977981204e-17
combined_max_sharpe,2021-05-03,XOM,0.0
combined_max_sharpe,2021-06-01,XOM,1.1013743276760747e-16
combined_max_sharpe,2021-07-01,XOM,0.0
combined_max_sharpe,2021-08-02,XOM,0.0
combined_max_sharpe,2021-09-01,XOM,0.0
combined_max_sharpe,2021-10-01,XOM,3.2662437479073075e-17
combined_max_sharpe,2021-11-01,XOM,1.0406307976787432e-16
combined_max_sharpe,2021-12-01,XOM,0.03140442190124835
combined_max_sharpe,2022-01-03,XOM,0.0
combined_max_sharpe,2022-02-01,XOM,0.0
combined_max_sharpe,2022-03-01,XOM,1.2415470127674633e-16
combined_max_sharpe,2022-04-01,XOM,0.0
combined_max_sharpe,2022-05-02,XOM,9.374554084395914e-16
combined_max_sharpe,2022-06-01,XOM,2.485194667244117e-15
combined_max_sharpe,2022-07-01,XOM,9.533879321811294e-15
combined_max_sharpe,2022-08-01,XOM,0.0
combined_max_sharpe,2022-09-01,XOM,0.07134823143705257
combined_max_sharpe,2022-10-03,XOM,0.051252600651549816
combined_max_sharpe,2022-11-01,XOM,0.20618973913107755
combined_max_sharpe,2022-12-01,XOM,0.1891032308674349
combined_max_sharpe,2023-01-03,XOM,0.3
combined_max_sharpe,2023-02-01,XOM,0.19434722211762087
combined_max_sharpe,2023-03-01,XOM,0.25247039584653047
combined_max_sharpe,2023-04-03,XOM,0.24644641296050024
combined_max_sharpe,2023-05-01,XOM,0.102425773715236
combined_max_sharpe,2023-06-01,XOM,0.0
combined_max_sharpe,2023-07-03,XOM,0.0
combined_max_sharpe,2023-08-01,XOM,0.0
combined_max_sharpe,2023-09-01,XOM,0.0
combined_max_sharpe,2023-10-02,XOM,3.5312150039855375e-17
combined_max_sharpe,2023-11-01,XOM,0.0
combined_max_sharpe,2023-12-01,XOM,3.053832190276769e-17
combined_max_sharpe,2021-01-04,ADA-USD,0.0
combined_max_sharpe,2021-02-01,ADA-USD,0.0
combined_max_sharpe,2021-03-01,ADA-USD,0.12750504162039786
combined_max_sharpe,2021-04-01,ADA-USD,0.06133811758030183
combined_max_sharpe,2021-05-03,ADA-USD,0.04663051665721642
combined_max_sharpe,2021-06-01,ADA-USD,0.025858519800945362
combined_max_sharpe,2021-07-01,ADA-USD,0.0053730974709622105
combined_max_sharpe,2021-08-02,ADA-USD,0.0
combined_max_sharpe,2021-09-01,ADA-USD,0.024362285575098074
combined_max_sharpe,2021-10-01,ADA-USD,0.03645816451960838
combined_max_sharpe,2021-11-01,ADA-USD,0.03256830901976813
combined_max_sharpe,2021-12-01,ADA-USD,0.022548386667802754
combined_max_sharpe,2022-01-03,ADA-USD,0.011799190465741079
combined_max_sharpe,2022-02-01,ADA-USD,0.0
combined_max_sharpe,2022-03-01,ADA-USD,1.3349239248727773e-16
combined_max_sharpe,2022-04-01,ADA-USD,2.091989257161003e-16
combined_max_sharpe,2022-05-02,ADA-USD,3.432584078089107e-16
combined_max_sharpe,2022-06-01,ADA-USD,4.931154768371415e-16
combined_max_sharpe,2022-07-01,ADA-USD,3.700219717934501e-16
combined_max_sharpe,2022-08-01,ADA-USD,7.947201924318748e-17
combined_max_sharpe,2022-09-01,ADA-USD,0.0
combined_max_sharpe,2022-10-03,ADA-USD,0.0
combined_max_sharpe,2022-11-01,ADA-USD,0.0
combined_max_sharpe,2022-12-01,ADA-USD,2.336862257520944e-16
combined_max_sharpe,2023-01-03,ADA-USD,0.0
combined_max_sharpe,2023-02-01,ADA-USD,1.6041704255451192e-15
combined_max_sharpe,2023-03-01,ADA-USD,0.0
combined_max_sharpe,2023-04-03,ADA-USD,4.339985337217247e-14
combined_max_sharpe,2023-05-01,ADA-USD,9.981604778685386e-16
combined_max_sharpe,2023-06-01,ADA-USD,0.0
combined_max_sharpe,2023-07-03,ADA-USD,9.665749744270985e-17
combined_max_sharpe,2023-08-01,ADA-USD,1.0773636853502102e-16
combined_max_sharpe,2023-09-01,ADA-USD,6.496989182711518e-17
combined_max_sharpe,2023-10-02,ADA-USD,7.194424019011611e-17
combined_max_sharpe,2023-11-01,ADA-USD,0.0
combined_max_sharpe,2023-12-01,ADA-USD,8.966361451180883e-17
combined_max_sharpe,2021-01-04,BCH-USD,0.0
combined_max_sharpe,2021-02-01,BCH-USD,1.8661141103702336e-16
combined_max_sharpe,2021-03-01,BCH-USD,6.779978558362584e-17
combined_max_sharpe,2021-04-01,BCH-USD,2.5946313240293728e-17
combined_max_sharpe,2021-05-03,BCH-USD,0.0
combined_max_sharpe,2021-06-01,BCH-USD,1.9065828505262916e-16
combined_max_sharpe,2021-07-01,BCH-USD,0.0
combined_max_sharpe,2021-08-02,BCH-USD,0.0
combined_max_sharpe,2021-09-01,BCH-USD,0.0
combined_max_sharpe,2021-10-01,BCH-USD,0.0
combined_max_sharpe,2021-11-01,BCH-USD,0.0
combined_max_sharpe,2021-12-01,BCH-USD,5.693475010491622e-17
combined_max_sharpe,2022-01-03,BCH-USD,3.5063893820893195e-16
combined_max_sharpe,2022-02-01,BCH-USD,0.0
combined_max_sharpe,2022-03-01,BCH-USD,1.418949593240404e-16
combined_max_sharpe,2022-04-01,BCH-USD,1.2776478409514968e-16
combined_max_sharpe,2022-05-02,BCH-USD,3.550762114890027e-17
combined_max_sharpe,2022-06-01,BCH-USD,2.1866324939959214e-16
combined_max_sharpe,2022-07-01,BCH-USD,2.7912044682065193e-16
combined_max_sharpe,2022-08-01,BCH-USD,5.911612345477213e-17
combined_max_sharpe,2022-09-01,BCH-USD,0.0
combined_max_sharpe,2022-10-03,BCH-USD,0.0
combined_max_sharpe,2022-11-01,BCH-USD,0.0
combined_max_sharpe,2022-12-01,BCH-USD,1.3132398814230672e-17
combined_max_sharpe,2023-01-03,BCH-USD,3.957337929572091e-17
combined_max_sharpe,2023-02-01,BCH-USD,5.083190814153547e-16
combined_max_sharpe,2023-03-01,BCH-USD,0.0
combined_max_sharpe,2023-04-03,BCH-USD,3.870317426304555e-14
combined_max_sharpe,2023-05-01,BCH-USD,1.0110641327817544e-15
combined_max_sharpe,2023-06-01,BCH-USD,0.0
combined_max_sharpe,2023-07-03,BCH-USD,0.05666991930121083
combined_max_sharpe,2023-08-01,BCH-USD,0.03411293293146251
combined_max_sharpe,2023-09-01,BCH-USD,0.03238116166110314
combined_max_sharpe,2023-10-02,BCH-USD,0.055599546971410584
combined_max_sharpe,2023-11-01,BCH-USD,0.08010262761008691
combined_max_sharpe,2023-12-01,BCH-USD,0.049663177249078656
combined_max_sharpe,2021-01-04,BTC-USD,0.3
combined_max_sharpe,2021-02-01,BTC-USD,0.29999999999999977
combined_max_sharpe,2021-03-01,BTC-USD,0.29999999999999977
combined_max_sharpe,2021-04-01,BTC-USD,0.21854763842902655
combined_max_sharpe,2021-05-03,BTC-USD,0.14275643313021938
combined_max_sharpe,2021-06-01,BTC-USD,0.022202756782377618
combined_max_sharpe,2021-07-01,BTC-USD,0.015330219557417722
combined_max_sharpe,2021-08-02,BTC-USD,0.026517799848917938
combined_max_sharpe,2021-09-01,BTC-USD,0.017452708644167363
combined_max_sharpe,2021-10-01,BTC-USD,0.014670647521027017
combined_max_sharpe,2021-11-01,BTC-USD,2.900918437756528e-16
combined_max_sharpe,2021-12-01,BTC-USD,0.0
combined_max_sharpe,2022-01-03,BTC-USD,4.787975630027914e-16
combined_max_sharpe,2022-02-01,BTC-USD,0.0
combined_max_sharpe,2022-03-01,BTC-USD,0.0
combined_max_sharpe,2022-04-01,BTC-USD,1.6938505778266689e-16
combined_max_sharpe,2022-05-02,BTC-USD,0.0
combined_max_sharpe,2022-06-01,BTC-USD,8.464908461680576e-17
combined_max_sharpe,2022-07-01,BTC-USD,2.583577005990544e-16
combined_max_sharpe,2022-08-01,BTC-USD,1.6469031000054812e-16
combined_max_sharpe,2022-09-01,BTC-USD,0.0
combined_max_sharpe,2022-10-03,BTC-USD,0.0
combined_max_sharpe,2022-11-01,BTC-USD,0.0
combined_max_sharpe,2022-12-01,BTC-USD,0.0
combined_max_sharpe,2023-01-03,BTC-USD,0.0
combined_max_sharpe,2023-02-01,BTC-USD,5.503988855001636e-16
combined_max_sharpe,2023-03-01,BTC-USD,0.0
combined_max_sharpe,2023-04-03,BTC-USD,3.4083816879606055e-14
combined_max_sharpe,2023-05-01,BTC-USD,7.426075408391783e-16
combined_max_sharpe,2023-06-01,BTC-USD,0.0
combined_max_sharpe,2023-07-03,BTC-USD,4.560557902280741e-17
combined_max_sharpe,2023-08-01,BTC-USD,0.0
combined_max_sharpe,2023-09-01,BTC-USD,8.350539420710019e-17
combined_max_sharpe,2023-10-02,BTC-USD,0.0
combined_max_sharpe,2023-11-01,BTC-USD,0.0
combined_max_sharpe,2023-12-01,BTC-USD,0.10280092067426816
combined_max_sharpe,2021-01-04,EOS-USD,0.0
combined_max_sharpe,2021-02-01,EOS-USD,0.0
combined_max_sharpe,2021-03-01,EOS-USD,0.0
combined_max_sharpe,2021-04-01,EOS-USD,0.0
combined_max_sharpe,2021-05-03,EOS-USD,0.0
combined_max_sharpe,2021-06-01,EOS-USD,0.0
combined_max_sharpe,2021-07-01,EOS-USD,0.0
combined_max_sharpe,2021-08-02,EOS-USD,0.0
combined_max_sharpe,2021-09-01,EOS-USD,0.0
combined_max_sharpe,2021-10-01,EOS-USD,0.0
combined_max_sharpe,2021-11-01,EOS-USD,5.297682865307296e-17
combined_max_sharpe,2021-12-01,EOS-USD,2.2840635936400285e-16
combined_max_sharpe,2022-01-03,EOS-USD,3.937971110683559e-17
combined_max_sharpe,2022-02-01,EOS-USD,0.0
combined_max_sharpe,2022-03-01,EOS-USD,1.6567964448294115e-16
combined_max_sharpe,2022-04-01,EOS-USD,5.507966926395653e-16
combined_max_sharpe,2022-05-02,EOS-USD,7.75475603870257e-17
combined_max_sharpe,2022-06-01,EOS-USD,0.0
combined_max_sharpe,2022-07-01,EOS-USD,5.92863086869847e-16
combined_max_sharpe,2022-08-01,EOS-USD,2.386057931097474e-16
combined_max_sharpe,2022-09-01,EOS-USD,0.0
combined_max_sharpe,2022-10-03,EOS-USD,0.0
combined_max_sharpe,2022-11-01,EOS-USD,0.0
combined_max_sharpe,2022-12-01,EOS-USD,0.0
combined_max_sharpe,2023-01-03,EOS-USD,0.0
combined_max_sharpe,2023-02-01,EOS-USD,5.756926677935581e-16
combined_max_sharpe,2023-03-01,EOS-USD,0.0
combined_max_sharpe,2023-04-03,EOS-USD,3.8054897144100857e-14
combined_max_sharpe,2023-05-01,EOS-USD,1.0185051649984297e-15
combined_max_sharpe,2023-06-01,EOS-USD,0.0
combined_max_sharpe,2023-07-03,EOS-USD,2.633217460407366e-16
combined_max_sharpe,2023-08-01,EOS-USD,0.0
combined_max_sharpe,2023-09-01,EOS-USD,0.0
combined_max_sharpe,2023-10-02,EOS-USD,2.048856534364375e-16
combined_max_sharpe,2023-11-01,EOS-USD,5.5093654267237096e-17
combined_max_sharpe,2023-12-01,EOS-USD,1.5299713270897364e-16
combined_max_sharpe,2021-01-04,ETC-USD,0.0
combined_max_sharpe,2021-02-01,ETC-USD,9.18115992888961e-19
combined_max_sharpe,2021-03-01,ETC-USD,1.0755209091639098e-16
combined_max_sharpe,2021-04-01,ETC-USD,2.0577818420595972e-17
combined_max_sharpe,2021-05-03,ETC-USD,0.0
combined_max_sharpe,2021-06-01,ETC-USD,0.031949100754409654
combined_max_sharpe,2021-07-01,ETC-USD,0.02215275248951819
combined_max_sharpe,2021-08-02,ETC-USD,0.013343560615308817
combined_max_sharpe,2021-09-01,ETC-USD,0.01142621222149964
combined_max_sharpe,2021-10-01,ETC-USD,0.012854640314063357
combined_max_sharpe,2021-11-01,ETC-USD,0.0032568334337765553
combined_max_sharpe,2021-12-01,ETC-USD,0.0023496343624013834
combined_max_sharpe,2022-01-03,ETC-USD,0.007748464088261868
combined_max_sharpe,2022-02-01,ETC-USD,0.0162262796600403
combined_max_sharpe,2022-03-01,ETC-USD,0.020534979871885923
combined_max_sharpe,2022-04-01,ETC-USD,0.01831396915455362
combined_max_sharpe,2022-05-02,ETC-USD,0.0
combined_max_sharpe,2022-06-01,ETC-USD,0.0
combined_max_sharpe,2022-07-01,ETC-USD,7.483780909803388e-16
combined_max_sharpe,2022-08-01,ETC-USD,8.673617379884035e-17
combined_max_sharpe,2022-09-01,ETC-USD,0.0
combined_max_sharpe,2022-10-03,ETC-USD,1.7017481182452965e-15
combined_max_sharpe,2022-11-01,ETC-USD,0.0
combined_max_sharpe,2022-12-01,ETC-USD,0.0
combined_max_sharpe,2023-01-03,ETC-USD,0.0
combined_max_sharpe,2023-02-01,ETC-USD,0.0
combined_max_sharpe,2023-03-01,ETC-USD,1.6314008703568561e-15
combined_max_sharpe,2023-04-03,ETC-USD,4.272664262989946e-14
combined_max_sharpe,2023-05-01,ETC-USD,9.10531291489945e-16
combined_max_sharpe,2023-06-01,ETC-USD,0.0
combined_max_sharpe,2023-07-03,ETC-USD,1.705121511112965e-16
combined_max_sharpe,2023-08-01,ETC-USD,7.422543000033529e-17
combined_max_sharpe,2023-09-01,ETC-USD,0.0
combined_max_sharpe,2023-10-02,ETC-USD,0.0
combined_max_sharpe,2023-11-01,ETC-USD,1.0849159518966921e-16
combined_max_sharpe,2023-12-01,ETC-USD,1.9970093448454645e-16
combined_max_sharpe,2021-01-04,ETH-USD,0.10438031295329084
combined_max_sharpe,2021-02-01,ETH-USD,0.0
combined_max_sharpe,2021-03-01,ETH-USD,2.813343647807997e-16
combined_max_sharpe,2021-04-01,ETH-USD,2.226883499649446e-16
combined_max_sharpe,2021-05-03,ETH-USD,3.1007504506727623e-16
combined_max_sharpe,2021-06-01,ETH-USD,0.011519956511349268
combined_max_sharpe,2021-07-01,ETH-USD,1.369033216875762e-16
combined_max_sharpe,2021-08-02,ETH-USD,1.0649575839238867e-16
combined_max_sharpe,2021-09-01,ETH-USD,0.0
combined_max_sharpe,2021-10-01,ETH-USD,0.0
combined_max_sharpe,2021-11-01,ETH-USD,0.0
combined_max_sharpe,2021-12-01,ETH-USD,0.0
combined_max_sharpe,2022-01-03,ETH-USD,7.802766528871241e-17
combined_max_sharpe,2022-02-01,ETH-USD,1.0364295142603619e-16
combined_max_sharpe,2022-03-01,ETH-USD,3.3881317890172014e-18
combined_max_sharpe,2022-04-01,ETH-USD,0.0
combined_max_sharpe,2022-05-02,ETH-USD,7.521652571618187e-18
combined_max_sharpe,2022-06-01,ETH-USD,1.724084742159293e-16
combined_max_sharpe,2022-07-01,ETH-USD,2.322910069975716e-16
combined_max_sharpe,2022-08-01,ETH-USD,1.1619936783613394e-16
combined_max_sharpe,2022-09-01,ETH-USD,0.0
combined_max_sharpe,2022-10-03,ETH-USD,0.0
combined_max_sharpe,2022-11-01,ETH-USD,0.0
combined_max_sharpe,2022-12-01,ETH-USD,0.0
combined_max_sharpe,2023-01-03,ETH-USD,0.0
combined_max_sharpe,2023-02-01,ETH-USD,7.182902074670366e-16
combined_max_sharpe,2023-03-01,ETH-USD,0.0
combined_max_sharpe,2023-04-03,ETH-USD,3.8931857099004907e-14
combined_max_sharpe,2023-05-01,ETH-USD,7.364944010053646e-16
combined_max_sharpe,2023-06-01,ETH-USD,0.0
combined_max_sharpe,2023-07-03,ETH-USD,2.7191570944802705e-16
combined_max_sharpe,2023-08-01,ETH-USD,0.0
combined_max_sharpe,2023-09-01,ETH-USD,2.6875062810371714e-16
combined_max_sharpe,2023-10-02,ETH-USD,0.0
combined_max_sharpe,2023-11-01,ETH-USD,0.0
combined_max_sharpe,2023-12-01,ETH-USD,2.6334876982527896e-17
combined_max_sharpe,2021-01-04,LTC-USD,0.0
combined_max_sharpe,2021-02-01,LTC-USD,5.4430418782076085e-17
combined_max_sharpe,2021-03-01,LTC-USD,1.0562697291021522e-16
combined_max_sharpe,2021-04-01,LTC-USD,1.0022093831912882e-16
combined_max_sharpe,2021-05-03,LTC-USD,0.0
combined_max_sharpe,2021-06-01,LTC-USD,3.800971311379947e-17
combined_max_sharpe,2021-07-01,LTC-USD,0.0
combined_max_sharpe,2021-08-02,LTC-USD,4.1809546276472265e-17
combined_max_sharpe,2021-09-01,LTC-USD,0.0
combined_max_sharpe,2021-10-01,LTC-USD,4.3222820748966065e-17
combined_max_sharpe,2021-11-01,LTC-USD,2.232440035783434e-16
combined_max_sharpe,2021-12-01,LTC-USD,1.779036317633369e-17
combined_max_sharpe,2022-01-03,LTC-USD,3.009836878670352e-16
combined_max_sharpe,2022-02-01,LTC-USD,0.0
combined_max_sharpe,2022-03-01,LTC-USD,0.0
combined_max_sharpe,2022-04-01,LTC-USD,0.0
combined_max_sharpe,2022-05-02,LTC-USD,2.936426058905428e-16
combined_max_sharpe,2022-06-01,LTC-USD,4.6957473716705e-16
combined_max_sharpe,2022-07-01,LTC-USD,2.559788081541539e-16
combined_max_sharpe,2022-08-01,LTC-USD,2.588803737352263e-16
combined_max_sharpe,2022-09-01,LTC-USD,0.0
combined_max_sharpe,2022-10-03,LTC-USD,0.0
combined_max_sharpe,2022-11-01,LTC-USD,0.0
combined_max_sharpe,2022-12-01,LTC-USD,1.1519648082658485e-17
combined_max_sharpe,2023-01-03,LTC-USD,0.0
combined_max_sharpe,2023-02-01,LTC-USD,5.396961381825429e-16
combined_max_sharpe,2023-03-01,LTC-USD,0.0
combined_max_sharpe,2023-04-03,LTC-USD,3.5726855113667537e-14
combined_max_sharpe,2023-05-01,LTC-USD,3.817321772184159e-16
combined_max_sharpe,2023-06-01,LTC-USD,0.0
combined_max_sharpe,2023-07-03,LTC-USD,0.0
combined_max_sharpe,2023-08-01,LTC-USD,0.0
combined_max_sharpe,2023-09-01,LTC-USD,0.0
combined_max_sharpe,2023-10-02,LTC-USD,1.0507069264265368e-16
combined_max_sharpe,2023-11-01,LTC-USD,0.0
combined_max_sharpe,2023-12-01,LTC-USD,0.0
combined_max_sharpe,2021-01-04,TRX-USD,0.0
combined_max_sharpe,2021-02-01,TRX-USD,0.0
combined_max_sharpe,2021-03-01,TRX-USD,3.2456362940979294e-16
combined_max_sharpe,2021-04-01,TRX-USD,0.05148965959002798
combined_max_sharpe,2021-05-03,TRX-USD,0.02680655817543225
combined_max_sharpe,2021-06-01,TRX-USD,0.003526006879441191
combined_max_sharpe,2021-07-01,TRX-USD,0.009373151882049924
combined_max_sharpe,2021-08-02,TRX-USD,0.01045016080942513
combined_max_sharpe,2021-09-01,TRX-USD,0.0056161289429135
combined_max_sharpe,2021-10-01,TRX-USD,3.751932439862923e-18
combined_max_sharpe,2021-11-01,TRX-USD,0.0
combined_max_sharpe,2021-12-01,TRX-USD,0.0
combined_max_sharpe,2022-01-03,TRX-USD,3.150964958379433e-17
combined_max_sharpe,2022-02-01,TRX-USD,2.9862993588397613e-16
combined_max_sharpe,2022-03-01,TRX-USD,0.0
combined_max_sharpe,2022-04-01,TRX-USD,0.0
combined_max_sharpe,2022-05-02,TRX-USD,0.0
combined_max_sharpe,2022-06-01,TRX-USD,2.1324901480074265e-17
combined_max_sharpe,2022-07-01,TRX-USD,0.0
combined_max_sharpe,2022-08-01,TRX-USD,5.095750210681871e-17
combined_max_sharpe,2022-09-01,TRX-USD,0.0
combined_max_sharpe,2022-10-03,TRX-USD,0.0
combined_max_sharpe,2022-11-01,TRX-USD,0.0
combined_max_sharpe,2022-12-01,TRX-USD,0.0
combined_max_sharpe,2023-01-03,TRX-USD,0.0
combined_max_sharpe,2023-02-01,TRX-USD,1.4458517509284462e-16
combined_max_sharpe,2023-03-01,TRX-USD,2.4673981581107233e-15
combined_max_sharpe,2023-04-03,TRX-USD,2.955279351446914e-14
combined_max_sharpe,2023-05-01,TRX-USD,4.936116697560314e-16
combined_max_sharpe,2023-06-01,TRX-USD,0.0
combined_max_sharpe,2023-07-03,TRX-USD,0.0
combined_max_sharpe,2023-08-01,TRX-USD,5.5031176717339974e-17
combined_max_sharpe,2023-09-01,TRX-USD,5.2962646761900445e-17
combined_max_sharpe,2023-10-02,TRX-USD,0.0
combined_max_sharpe,2023-11-01,TRX-USD,2.6426562450143148e-17
combined_max_sharpe,2023-12-01,TRX-USD,1.6783658238412276e-17
combined_max_sharpe,2021-01-04,XLM-USD,0.08280710008993612
combined_max_sharpe,2021-02-01,XLM-USD,0.17554155120426465
combined_max_sharpe,2021-03-01,XLM-USD,0.05139933570029982
combined_max_sharpe,2021-04-01,XLM-USD,2.5547868941905305e-16
combined_max_sharpe,2021-05-03,XLM-USD,0.0
combined_max_sharpe,2021-06-01,XLM-USD,1.0468556163225541e-16
combined_max_sharpe,2021-07-01,XLM-USD,0.0
combined_max_sharpe,2021-08-02,XLM-USD,0.0
combined_max_sharpe,2021-09-01,XLM-USD,0.0
combined_max_sharpe,2021-10-01,XLM-USD,8.408241957509263e-17
combined_max_sharpe,2021-11-01,XLM-USD,0.0
combined_max_sharpe,2021-12-01,XLM-USD,2.307305422331931e-16
combined_max_sharpe,2022-01-03,XLM-USD,0.0
combined_max_sharpe,2022-02-01,XLM-USD,0.0
combined_max_sharpe,2022-03-01,XLM-USD,0.0
combined_max_sharpe,2022-04-01,XLM-USD,0.0
combined_max_sharpe,2022-05-02,XLM-USD,2.332525448831002e-16
combined_max_sharpe,2022-06-01,XLM-USD,5.155516855440134e-16
combined_max_sharpe,2022-07-01,XLM-USD,4.430272031378419e-16
combined_max_sharpe,2022-08-01,XLM-USD,2.168404344971009e-17
combined_max_sharpe,2022-09-01,XLM-USD,0.0
combined_max_sharpe,2022-10-03,XLM-USD,0.0
combined_max_sharpe,2022-11-01,XLM-USD,0.0
combined_max_sharpe,2022-12-01,XLM-USD,0.0
combined_max_sharpe,2023-01-03,XLM-USD,0.0
combined_max_sharpe,2023-02-01,XLM-USD,8.451186771399578e-16
combined_max_sharpe,2023-03-01,XLM-USD,0.0
combined_max_sharpe,2023-04-03,XLM-USD,3.7157720289882146e-14
combined_max_sharpe,2023-05-01,XLM-USD,6.491376597466139e-16
combined_max_sharpe,2023-06-01,XLM-USD,0.0
combined_max_sharpe,2023-07-03,XLM-USD,8.780265980379728e-17
combined_max_sharpe,2023-08-01,XLM-USD,4.331216628267255e-17
combined_max_sharpe,2023-09-01,XLM-USD,1.6438260766344113e-16
combined_max_sharpe,2023-10-02,XLM-USD,5.4035024793513114e-17
combined_max_sharpe,2023-11-01,XLM-USD,0.0
combined_max_sharpe,2023-12-01,XLM-USD,0.0
combined_max_sharpe,2021-01-04,XRP-USD,0.0
combined_max_sharpe,2021-02-01,XRP-USD,3.238472625497762e-17
combined_max_sharpe,2021-03-01,XRP-USD,1.4868838889341674e-17
combined_max_sharpe,2021-04-01,XRP-USD,1.0978563435952438e-16
combined_max_sharpe,2021-05-03,XRP-USD,0.0
combined_max_sharpe,2021-06-01,XRP-USD,0.0
combined_max_sharpe,2021-07-01,XRP-USD,8.440616130515545e-17
combined_max_sharpe,2021-08-02,XRP-USD,0.0
combined_max_sharpe,2021-09-01,XRP-USD,0.0
combined_max_sharpe,2021-10-01,XRP-USD,4.747619669360353e-19
combined_max_sharpe,2021-11-01,XRP-USD,0.0
combined_max_sharpe,2021-12-01,XRP-USD,1.1893201146928127e-16
combined_max_sharpe,2022-01-03,XRP-USD,0.0
combined_max_sharpe,2022-02-01,XRP-USD,2.9824368886002817e-16
combined_max_sharpe,2022-03-01,XRP-USD,0.0
combined_max_sharpe,2022-04-01,XRP-USD,5.267209635023981e-17
combined_max_sharpe,2022-05-02,XRP-USD,0.0
combined_max_sharpe,2022-06-01,XRP-USD,3.860776173585101e-16
combined_max_sharpe,2022-07-01,XRP-USD,0.0
combined_max_sharpe,2022-08-01,XRP-USD,3.982274579539258e-16
combined_max_sharpe,2022-09-01,XRP-USD,0.0
combined_max_sharpe,2022-10-03,XRP-USD,3.0014854605134276e-17
combined_max_sharpe,2022-11-01,XRP-USD,0.0
combined_max_sharpe,2022-12-01,XRP-USD,3.064226389987157e-17
combined_max_sharpe,2023-01-03,XRP-USD,0.0
combined_max_sharpe,2023-02-01,XRP-USD,0.0
combined_max_sharpe,2023-03-01,XRP-USD,0.0
combined_max_sharpe,2023-04-03,XRP-USD,2.4487854303627668e-14
combined_max_sharpe,2023-05-01,XRP-USD,2.2748937834864097e-15
combined_max_sharpe,2023-06-01,XRP-USD,0.10051181571562874
combined_max_sharpe,2023-07-03,XRP-USD,0.030240730103974836
combined_max_sharpe,2023-08-01,XRP-USD,0.05342556718886166
combined_max_sharpe,2023-09-01,XRP-USD,0.032765248753988604
combined_max_sharpe,2023-10-02,XRP-USD,0.003142552321350517
combined_max_sharpe,2023-11-01,XRP-USD,0.010406745933745534
combined_max_sharpe,2023-12-01,XRP-USD,0.0
combined_equal_weight,2021-01-04,ABBV,0.016666666666666666
combined_equal_weight,2021-02-01,ABBV,0.016666666666666666
combined_equal_weight,2021-03-01,ABBV,0.016666666666666666
combined_equal_weight,2021-04-01,ABBV,0.016666666666666666
combined_equal_weight,2021-05-03,ABBV,0.016666666666666666
combined_equal_weight,2021-06-01,ABBV,0.016666666666666666
combined_equal_weight,2021-07-01,ABBV,0.016666666666666666
combined_equal_weight,2021-08-02,ABBV,0.016666666666666666
combined_equal_weight,2021-09-01,ABBV,0.016666666666666666
combined_equal_weight,2021-10-01,ABBV,0.016666666666666666
combined_equal_weight,2021-11-01,ABBV,0.016666666666666666
combined_equal_weight,2021-12-01,ABBV,0.016666666666666666
combined_equal_weight,2022-01-03,ABBV,0.016666666666666666
combined_equal_weight,2022-02-01,ABBV,0.016666666666666666
combined_equal_weight,2022-03-01,ABBV,0.016666666666666666
combined_equal_weight,2022-04-01,ABBV,0.016666666666666666
combined_equal_weight,2022-05-02,ABBV,0.016666666666666666
combined_equal_weight,2022-06-01,ABBV,0.016666666666666666
combined_equal_weight,2022-07-01,ABBV,0.016666666666666666
combined_equal_weight,2022-08-01,ABBV,0.016666666666666666
combined_equal_weight,2022-09-01,ABBV,0.016666666666666666
combined_equal_weight,2022-10-03,ABBV,0.016666666666666666
combined_equal_weight,2022-11-01,ABBV,0.016666666666666666
combined_equal_weight,2022-12-01,ABBV,0.016666666666666666
combined_equal_weight,2023-01-03,ABBV,0.016666666666666666
combined_equal_weight,2023-02-01,ABBV,0.016666666666666666
combined_equal_weight,2023-03-01,ABBV,0.016666666666666666
combined_equal_weight,2023-04-03,ABBV,0.016666666666666666
combined_equal_weight,2023-05-01,ABBV,0.016666666666666666
combined_equal_weight,2023-06-01,ABBV,0.016666666666666666
combined_equal_weight,2023-07-03,ABBV,0.016666666666666666
combined_equal_weight,2023-08-01,ABBV,0.016666666666666666
combined_equal_weight,2023-09-01,ABBV,0.016666666666666666
combined_equal_weight,2023-10-02,ABBV,0.016666666666666666
combined_equal_weight,2023-11-01,ABBV,0.016666666666666666
combined_equal_weight,2023-12-01,ABBV,0.016666666666666666
combined_equal_weight,2021-01-04,ABT,0.016666666666666666
combined_equal_weight,2021-02-01,ABT,0.016666666666666666
combined_equal_weight,2021-03-01,ABT,0.016666666666666666
combined_equal_weight,2021-04-01,ABT,0.016666666666666666
combined_equal_weight,2021-05-03,ABT,0.016666666666666666
combined_equal_weight,2021-06-01,ABT,0.016666666666666666
combined_equal_weight,2021-07-01,ABT,0.016666666666666666
combined_equal_weight,2021-08-02,ABT,0.016666666666666666
combined_equal_weight,2021-09-01,ABT,0.016666666666666666
combined_equal_weight,2021-10-01,ABT,0.016666666666666666
combined_equal_weight,2021-11-01,ABT,0.016666666666666666
combined_equal_weight,2021-12-01,ABT,0.016666666666666666
combined_equal_weight,2022-01-03,ABT,0.016666666666666666
combined_equal_weight,2022-02-01,ABT,0.016666666666666666
combined_equal_weight,2022-03-01,ABT,0.016666666666666666
combined_equal_weight,2022-04-01,ABT,0.016666666666666666
combined_equal_weight,2022-05-02,ABT,0.016666666666666666
combined_equal_weight,2022-06-01,ABT,0.016666666666666666
combined_equal_weight,2022-07-01,ABT,0.016666666666666666
combined_equal_weight,2022-08-01,ABT,0.016666666666666666
combined_equal_weight,2022-09-01,ABT,0.016666666666666666
combined_equal_weight,2022-10-03,ABT,0.016666666666666666
combined_equal_weight,2022-11-01,ABT,0.016666666666666666
combined_equal_weight,2022-12-01,ABT,0.016666666666666666
combined_equal_weight,2023-01-03,ABT,0.016666666666666666
combined_equal_weight,2023-02-01,ABT,0.016666666666666666
combined_equal_weight,2023-03-01,ABT,0.016666666666666666
combined_equal_weight,2023-04-03,ABT,0.016666666666666666
combined_equal_weight,2023-05-01,ABT,0.016666666666666666
combined_equal_weight,2023-06-01,ABT,0.016666666666666666
combined_equal_weight,2023-07-03,ABT,0.016666666666666666
combined_equal_weight,2023-08-01,ABT,0.016666666666666666
combined_equal_weight,2023-09-01,ABT,0.016666666666666666
combined_equal_weight,2023-10-02,ABT,0.016666666666666666
combined_equal_weight,2023-11-01,ABT,0.016666666666666666
combined_equal_weight,2023-12-01,ABT,0.016666666666666666
combined_equal_weight,2021-01-04,ADBE,0.016666666666666666
combined_equal_weight,2021-02-01,ADBE,0.016666666666666666
combined_equal_weight,2021-03-01,ADBE,0.016666666666666666
combined_equal_weight,2021-04-01,ADBE,0.016666666666666666
combined_equal_weight,2021-05-03,ADBE,0.016666666666666666
combined_equal_weight,2021-06-01,ADBE,0.016666666666666666
combined_equal_weight,2021-07-01,ADBE,0.016666666666666666
combined_equal_weight,2021-08-02,ADBE,0.016666666666666666
combined_equal_weight,2021-09-01,ADBE,0.016666666666666666
combined_equal_weight,2021-10-01,ADBE,0.016666666666666666
combined_equal_weight,2021-11-01,ADBE,0.016666666666666666
combined_equal_weight,2021-12-01,ADBE,0.016666666666666666
combined_equal_weight,2022-01-03,ADBE,0.016666666666666666
combined_equal_weight,2022-02-01,ADBE,0.016666666666666666
combined_equal_weight,2022-03-01,ADBE,0.016666666666666666
combined_equal_weight,2022-04-01,ADBE,0.016666666666666666
combined_equal_weight,2022-05-02,ADBE,0.016666666666666666
combined_equal_weight,2022-06-01,ADBE,0.016666666666666666
combined_equal_weight,2022-07-01,ADBE,0.016666666666666666
combined_equal_weight,2022-08-01,ADBE,0.016666666666666666
combined_equal_weight,2022-09-01,ADBE,0.016666666666666666
combined_equal_weight,2022-10-03,ADBE,0.016666666666666666
combined_equal_weight,2022-11-01,ADBE,0.016666666666666666
combined_equal_weight,2022-12-01,ADBE,0.016666666666666666
combined_equal_weight,2023-01-03,ADBE,0.016666666666666666
combined_equal_weight,2023-02-01,ADBE,0.016666666666666666
combined_equal_weight,2023-03-01,ADBE,0.016666666666666666
combined_equal_weight,2023-04-03,ADBE,0.016666666666666666
combined_equal_weight,2023-05-01,ADBE,0.016666666666666666
combined_equal_weight,2023-06-01,ADBE,0.016666666666666666
combined_equal_weight,2023-07-03,ADBE,0.016666666666666666
combined_equal_weight,2023-08-01,ADBE,0.016666666666666666
combined_equal_weight,2023-09-01,ADBE,0.016666666666666666
combined_equal_weight,2023-10-02,ADBE,0.016666666666666666
combined_equal_weight,2023-11-01,ADBE,0.016666666666666666
combined_equal_weight,2023-12-01,ADBE,0.016666666666666666
combined_equal_weight,2021-01-04,AEP,0.016666666666666666
combined_equal_weight,2021-02-01,AEP,0.016666666666666666
combined_equal_weight,2021-03-01,AEP,0.016666666666666666
combined_equal_weight,2021-04-01,AEP,0.016666666666666666
combined_equal_weight,2021-05-03,AEP,0.016666666666666666
combined_equal_weight,2021-06-01,AEP,0.016666666666666666
combined_equal_weight,2021-07-01,AEP,0.016666666666666666
combined_equal_weight,2021-08-02,AEP,0.016666666666666666
combined_equal_weight,2021-09-01,AEP,0.016666666666666666
combined_equal_weight,2021-10-01,AEP,0.016666666666666666
combined_equal_weight,2021-11-01,AEP,0.016666666666666666
combined_equal_weight,2021-12-01,AEP,0.016666666666666666
combined_equal_weight,2022-01-03,AEP,0.016666666666666666
combined_equal_weight,2022-02-01,AEP,0.016666666666666666
combined_equal_weight,2022-03-01,AEP,0.016666666666666666
combined_equal_weight,2022-04-01,AEP,0.016666666666666666
combined_equal_weight,2022-05-02,AEP,0.016666666666666666
combined_equal_weight,2022-06-01,AEP,0.016666666666666666
combined_equal_weight,2022-07-01,AEP,0.016666666666666666
combined_equal_weight,2022-08-01,AEP,0.016666666666666666
combined_equal_weight,2022-09-01,AEP,0.016666666666666666
combined_equal_weight,2022-10-03,AEP,0.016666666666666666
combined_equal_weight,2022-11-01,AEP,0.016666666666666666
combined_equal_weight,2022-12-01,AEP,0.016666666666666666
combined_equal_weight,2023-01-03,AEP,0.016666666666666666
combined_equal_weight,2023-02-01,AEP,0.016666666666666666
combined_equal_weight,2023-03-01,AEP,0.016666666666666666
combined_equal_weight,2023-04-03,AEP,0.016666666666666666
combined_equal_weight,2023-05-01,AEP,0.016666666666666666
combined_equal_weight,2023-06-01,AEP,0.016666666666666666
combined_equal_weight,2023-07-03,AEP,0.016666666666666666
combined_equal_weight,2023-08-01,AEP,0.016666666666666666
combined_equal_weight,2023-09-01,AEP,0.016666666666666666
combined_equal_weight,2023-10-02,AEP,0.016666666666666666
combined_equal_weight,2023-11-01,AEP,0.016666666666666666
combined_equal_weight,2023-12-01,AEP,0.016666666666666666
combined_equal_weight,2021-01-04,AMD,0.016666666666666666
combined_equal_weight,2021-02-01,AMD,0.016666666666666666
combined_equal_weight,2021-03-01,AMD,0.016666666666666666
combined_equal_weight,2021-04-01,AMD,0.016666666666666666
combined_equal_weight,2021-05-03,AMD,0.016666666666666666
combined_equal_weight,2021-06-01,AMD,0.016666666666666666
combined_equal_weight,2021-07-01,AMD,0.016666666666666666
combined_equal_weight,2021-08-02,AMD,0.016666666666666666
combined_equal_weight,2021-09-01,AMD,0.016666666666666666
combined_equal_weight,2021-10-01,AMD,0.016666666666666666
combined_equal_weight,2021-11-01,AMD,0.016666666666666666
combined_equal_weight,2021-12-01,AMD,0.016666666666666666
combined_equal_weight,2022-01-03,AMD,0.016666666666666666
combined_equal_weight,2022-02-01,AMD,0.016666666666666666
combined_equal_weight,2022-03-01,AMD,0.016666666666666666
combined_equal_weight,2022-04-01,AMD,0.016666666666666666
combined_equal_weight,2022-05-02,AMD,0.016666666666666666
combined_equal_weight,2022-06-01,AMD,0.016666666666666666
combined_equal_weight,2022-07-01,AMD,0.016666666666666666
combined_equal_weight,2022-08-01,AMD,0.016666666666666666
combined_equal_weight,2022-09-01,AMD,0.016666666666666666
combined_equal_weight,2022-10-03,AMD,0.016666666666666666
combined_equal_weight,2022-11-01,AMD,0.016666666666666666
combined_equal_weight,2022-12-01,AMD,0.016666666666666666
combined_equal_weight,2023-01-03,AMD,0.016666666666666666
combined_equal_weight,2023-02-01,AMD,0.016666666666666666
combined_equal_weight,2023-03-01,AMD,0.016666666666666666
combined_equal_weight,2023-04-03,AMD,0.016666666666666666
combined_equal_weight,2023-05-01,AMD,0.016666666666666666
combined_equal_weight,2023-06-01,AMD,0.016666666666666666
combined_equal_weight,2023-07-03,AMD,0.016666666666666666
combined_equal_weight,2023-08-01,AMD,0.016666666666666666
combined_equal_weight,2023-09-01,AMD,0.016666666666666666
combined_equal_weight,2023-10-02,AMD,0.016666666666666666
combined_equal_weight,2023-11-01,AMD,0.016666666666666666
combined_equal_weight,2023-12-01,AMD,0.016666666666666666
combined_equal_weight,2021-01-04,AMGN,0.016666666666666666
combined_equal_weight,2021-02-01,AMGN,0.016666666666666666
combined_equal_weight,2021-03-01,AMGN,0.016666666666666666
combined_equal_weight,2021-04-01,AMGN,0.016666666666666666
combined_equal_weight,2021-05-03,AMGN,0.016666666666666666
combined_equal_weight,2021-06-01,AMGN,0.016666666666666666
combined_equal_weight,2021-07-01,AMGN,0.016666666666666666
combined_equal_weight,2021-08-02,AMGN,0.016666666666666666
combined_equal_weight,2021-09-01,AMGN,0.016666666666666666
combined_equal_weight,2021-10-01,AMGN,0.016666666666666666
combined_equal_weight,2021-11-01,AMGN,0.016666666666666666
combined_equal_weight,2021-12-01,AMGN,0.016666666666666666
combined_equal_weight,2022-01-03,AMGN,0.016666666666666666
combined_equal_weight,2022-02-01,AMGN,0.016666666666666666
combined_equal_weight,2022-03-01,AMGN,0.016666666666666666
combined_equal_weight,2022-04-01,AMGN,0.016666666666666666
combined_equal_weight,2022-05-02,AMGN,0.016666666666666666
combined_equal_weight,2022-06-01,AMGN,0.016666666666666666
combined_equal_weight,2022-07-01,AMGN,0.016666666666666666
combined_equal_weight,2022-08-01,AMGN,0.016666666666666666
combined_equal_weight,2022-09-01,AMGN,0.016666666666666666
combined_equal_weight,2022-10-03,AMGN,0.016666666666666666
combined_equal_weight,2022-11-01,AMGN,0.016666666666666666
combined_equal_weight,2022-12-01,AMGN,0.016666666666666666
combined_equal_weight,2023-01-03,AMGN,0.016666666666666666
combined_equal_weight,2023-02-01,AMGN,0.016666666666666666
combined_equal_weight,2023-03-01,AMGN,0.016666666666666666
combined_equal_weight,2023-04-03,AMGN,0.016666666666666666
combined_equal_weight,2023-05-01,AMGN,0.016666666666666666
combined_equal_weight,2023-06-01,AMGN,0.016666666666666666
combined_equal_weight,2023-07-03,AMGN,0.016666666666666666
combined_equal_weight,2023-08-01,AMGN,0.016666666666666666
combined_equal_weight,2023-09-01,AMGN,0.016666666666666666
combined_equal_weight,2023-10-02,AMGN,0.016666666666666666
combined_equal_weight,2023-11-01,AMGN,0.016666666666666666
combined_equal_weight,2023-12-01,AMGN,0.016666666666666666
combined_equal_weight,2021-01-04,AMT,0.016666666666666666
combined_equal_weight,2021-02-01,AMT,0.016666666666666666
combined_equal_weight,2021-03-01,AMT,0.016666666666666666
combined_equal_weight,2021-04-01,AMT,0.016666666666666666
combined_equal_weight,2021-05-03,AMT,0.016666666666666666
combined_equal_weight,2021-06-01,AMT,0.016666666666666666
combined_equal_weight,2021-07-01,AMT,0.016666666666666666
combined_equal_weight,2021-08-02,AMT,0.016666666666666666
combined_equal_weight,2021-09-01,AMT,0.016666666666666666
combined_equal_weight,2021-10-01,AMT,0.016666666666666666
combined_equal_weight,2021-11-01,AMT,0.016666666666666666
combined_equal_weight,2021-12-01,AMT,0.016666666666666666
combined_equal_weight,2022-01-03,AMT,0.016666666666666666
combined_equal_weight,2022-02-01,AMT,0.016666666666666666
combined_equal_weight,2022-03-01,AMT,0.016666666666666666
combined_equal_weight,2022-04-01,AMT,0.016666666666666666
combined_equal_weight,2022-05-02,AMT,0.016666666666666666
combined_equal_weight,2022-06-01,AMT,0.016666666666666666
combined_equal_weight,2022-07-01,AMT,0.016666666666666666
combined_equal_weight,2022-08-01,AMT,0.016666666666666666
combined_equal_weight,2022-09-01,AMT,0.016666666666666666
combined_equal_weight,2022-10-03,AMT,0.016666666666666666
combined_equal_weight,2022-11-01,AMT,0.016666666666666666
combined_equal_weight,2022-12-01,AMT,0.016666666666666666
combined_equal_weight,2023-01-03,AMT,0.016666666666666666
combined_equal_weight,2023-02-01,AMT,0.016666666666666666
combined_equal_weight,2023-03-01,AMT,0.016666666666666666
combined_equal_weight,2023-04-03,AMT,0.016666666666666666
combined_equal_weight,2023-05-01,AMT,0.016666666666666666
combined_equal_weight,2023-06-01,AMT,0.016666666666666666
combined_equal_weight,2023-07-03,AMT,0.016666666666666666
combined_equal_weight,2023-08-01,AMT,0.016666666666666666
combined_equal_weight,2023-09-01,AMT,0.016666666666666666
combined_equal_weight,2023-10-02,AMT,0.016666666666666666
combined_equal_weight,2023-11-01,AMT,0.016666666666666666
combined_equal_weight,2023-12-01,AMT,0.016666666666666666
combined_equal_weight,2021-01-04,BA,0.016666666666666666
combined_equal_weight,2021-02-01,BA,0.016666666666666666
combined_equal_weight,2021-03-01,BA,0.016666666666666666
combined_equal_weight,2021-04-01,BA,0.016666666666666666
combined_equal_weight,2021-05-03,BA,0.016666666666666666
combined_equal_weight,2021-06-01,BA,0.016666666666666666
combined_equal_weight,2021-07-01,BA,0.016666666666666666
combined_equal_weight,2021-08-02,BA,0.016666666666666666
combined_equal_weight,2021-09-01,BA,0.016666666666666666
combined_equal_weight,2021-10-01,BA,0.016666666666666666
combined_equal_weight,2021-11-01,BA,0.016666666666666666
combined_equal_weight,2021-12-01,BA,0.016666666666666666
combined_equal_weight,2022-01-03,BA,0.016666666666666666
combined_equal_weight,2022-02-01,BA,0.016666666666666666
combined_equal_weight,2022-03-01,BA,0.016666666666666666
combined_equal_weight,2022-04-01,BA,0.016666666666666666
combined_equal_weight,2022-05-02,BA,0.016666666666666666
combined_equal_weight,2022-06-01,BA,0.016666666666666666
combined_equal_weight,2022-07-01,BA,0.016666666666666666
combined_equal_weight,2022-08-01,BA,0.016666666666666666
combined_equal_weight,2022-09-01,BA,0.016666666666666666
combined_equal_weight,2022-10-03,BA,0.016666666666666666
combined_equal_weight,2022-11-01,BA,0.016666666666666666
combined_equal_weight,2022-12-01,BA,0.016666666666666666
combined_equal_weight,2023-01-03,BA,0.016666666666666666
combined_equal_weight,2023-02-01,BA,0.016666666666666666
combined_equal_weight,2023-03-01,BA,0.016666666666666666
combined_equal_weight,2023-04-03,BA,0.016666666666666666
combined_equal_weight,2023-05-01,BA,0.016666666666666666
combined_equal_weight,2023-06-01,BA,0.016666666666666666
combined_equal_weight,2023-07-03,BA,0.016666666666666666
combined_equal_weight,2023-08-01,BA,0.016666666666666666
combined_equal_weight,2023-09-01,BA,0.016666666666666666
combined_equal_weight,2023-10-02,BA,0.016666666666666666
combined_equal_weight,2023-11-01,BA,0.016666666666666666
combined_equal_weight,2023-12-01,BA,0.016666666666666666
combined_equal_weight,2021-01-04,CAT,0.016666666666666666
combined_equal_weight,2021-02-01,CAT,0.016666666666666666
combined_equal_weight,2021-03-01,CAT,0.016666666666666666
combined_equal_weight,2021-04-01,CAT,0.016666666666666666
combined_equal_weight,2021-05-03,CAT,0.016666666666666666
combined_equal_weight,2021-06-01,CAT,0.016666666666666666
combined_equal_weight,2021-07-01,CAT,0.016666666666666666
combined_equal_weight,2021-08-02,CAT,0.016666666666666666
combined_equal_weight,2021-09-01,CAT,0.016666666666666666
combined_equal_weight,2021-10-01,CAT,0.016666666666666666
combined_equal_weight,2021-11-01,CAT,0.016666666666666666
combined_equal_weight,2021-12-01,CAT,0.016666666666666666
combined_equal_weight,2022-01-03,CAT,0.016666666666666666
combined_equal_weight,2022-02-01,CAT,0.016666666666666666
combined_equal_weight,2022-03-01,CAT,0.016666666666666666
combined_equal_weight,2022-04-01,CAT,0.016666666666666666
combined_equal_weight,2022-05-02,CAT,0.016666666666666666
combined_equal_weight,2022-06-01,CAT,0.016666666666666666
combined_equal_weight,2022-07-01,CAT,0.016666666666666666
combined_equal_weight,2022-08-01,CAT,0.016666666666666666
combined_equal_weight,2022-09-01,CAT,0.016666666666666666
combined_equal_weight,2022-10-03,CAT,0.016666666666666666
combined_equal_weight,2022-11-01,CAT,0.016666666666666666
combined_equal_weight,2022-12-01,CAT,0.016666666666666666
combined_equal_weight,2023-01-03,CAT,0.016666666666666666
combined_equal_weight,2023-02-01,CAT,0.016666666666666666
combined_equal_weight,2023-03-01,CAT,0.016666666666666666
combined_equal_weight,2023-04-03,CAT,0.016666666666666666
combined_equal_weight,2023-05-01,CAT,0.016666666666666666
combined_equal_weight,2023-06-01,CAT,0.016666666666666666
combined_equal_weight,2023-07-03,CAT,0.016666666666666666
combined_equal_weight,2023-08-01,CAT,0.016666666666666666
combined_equal_weight,2023-09-01,CAT,0.016666666666666666
combined_equal_weight,2023-10-02,CAT,0.016666666666666666
combined_equal_weight,2023-11-01,CAT,0.016666666666666666
combined_equal_weight,2023-12-01,CAT,0.016666666666666666
combined_equal_weight,2021-01-04,CCI,0.016666666666666666
combined_equal_weight,2021-02-01,CCI,0.016666666666666666
combined_equal_weight,2021-03-01,CCI,0.016666666666666666
combined_equal_weight,2021-04-01,CCI,0.016666666666666666
combined_equal_weight,2021-05-03,CCI,0.016666666666666666
combined_equal_weight,2021-06-01,CCI,0.016666666666666666
combined_equal_weight,2021-07-01,CCI,0.016666666666666666
combined_equal_weight,2021-08-02,CCI,0.016666666666666666
combined_equal_weight,2021-09-01,CCI,0.016666666666666666
combined_equal_weight,2021-10-01,CCI,0.016666666666666666
combined_equal_weight,2021-11-01,CCI,0.016666666666666666
combined_equal_weight,2021-12-01,CCI,0.016666666666666666
combined_equal_weight,2022-01-03,CCI,0.016666666666666666
combined_equal_weight,2022-02-01,CCI,0.016666666666666666
combined_equal_weight,2022-03-01,CCI,0.016666666666666666
combined_equal_weight,2022-04-01,CCI,0.016666666666666666
combined_equal_weight,2022-05-02,CCI,0.016666666666666666
combined_equal_weight,2022-06-01,CCI,0.016666666666666666
combined_equal_weight,2022-07-01,CCI,0.016666666666666666
combined_equal_weight,2022-08-01,CCI,0.016666666666666666
combined_equal_weight,2022-09-01,CCI,0.016666666666666666
combined_equal_weight,2022-10-03,CCI,0.016666666666666666
combined_equal_weight,2022-11-01,CCI,0.016666666666666666
combined_equal_weight,2022-12-01,CCI,0.016666666666666666
combined_equal_weight,2023-01-03,CCI,0.016666666666666666
combined_equal_weight,2023-02-01,CCI,0.016666666666666666
combined_equal_weight,2023-03-01,CCI,0.016666666666666666
combined_equal_weight,2023-04-03,CCI,0.016666666666666666
combined_equal_weight,2023-05-01,CCI,0.016666666666666666
combined_equal_weight,2023-06-01,CCI,0.016666666666666666
combined_equal_weight,2023-07-03,CCI,0.016666666666666666
combined_equal_weight,2023-08-01,CCI,0.016666666666666666
combined_equal_weight,2023-09-01,CCI,0.016666666666666666
combined_equal_weight,2023-10-02,CCI,0.016666666666666666
combined_equal_weight,2023-11-01,CCI,0.016666666666666666
combined_equal_weight,2023-12-01,CCI,0.016666666666666666
combined_equal_weight,2021-01-04,CMCSA,0.016666666666666666
combined_equal_weight,2021-02-01,CMCSA,0.016666666666666666
combined_equal_weight,2021-03-01,CMCSA,0.016666666666666666
combined_equal_weight,2021-04-01,CMCSA,0.016666666666666666
combined_equal_weight,2021-05-03,CMCSA,0.016666666666666666
combined_equal_weight,2021-06-01,CMCSA,0.016666666666666666
combined_equal_weight,2021-07-01,CMCSA,0.016666666666666666
combined_equal_weight,2021-08-02,CMCSA,0.016666666666666666
combined_equal_weight,2021-09-01,CMCSA,0.016666666666666666
combined_equal_weight,2021-10-01,CMCSA,0.016666666666666666
combined_equal_weight,2021-11-01,CMCSA,0.016666666666666666
combined_equal_weight,2021-12-01,CMCSA,0.016666666666666666
combined_equal_weight,2022-01-03,CMCSA,0.016666666666666666
combined_equal_weight,2022-02-01,CMCSA,0.016666666666666666
combined_equal_weight,2022-03-01,CMCSA,0.016666666666666666
combined_equal_weight,2022-04-01,CMCSA,0.016666666666666666
combined_equal_weight,2022-05-02,CMCSA,0.016666666666666666
combined_equal_weight,2022-06-01,CMCSA,0.016666666666666666
combined_equal_weight,2022-07-01,CMCSA,0.016666666666666666
combined_equal_weight,2022-08-01,CMCSA,0.016666666666666666
combined_equal_weight,2022-09-01,CMCSA,0.016666666666666666
combined_equal_weight,2022-10-03,CMCSA,0.016666666666666666
combined_equal_weight,2022-11-01,CMCSA,0.016666666666666666
combined_equal_weight,2022-12-01,CMCSA,0.016666666666666666
combined_equal_weight,2023-01-03,CMCSA,0.016666666666666666
combined_equal_weight,2023-02-01,CMCSA,0.016666666666666666
combined_equal_weight,2023-03-01,CMCSA,0.016666666666666666
combined_equal_weight,2023-04-03,CMCSA,0.016666666666666666
combined_equal_weight,2023-05-01,CMCSA,0.016666666666666666
combined_equal_weight,2023-06-01,CMCSA,0.016666666666666666
combined_equal_weight,2023-07-03,CMCSA,0.016666666666666666
combined_equal_weight,2023-08-01,CMCSA,0.016666666666666666
combined_equal_weight,2023-09-01,CMCSA,0.016666666666666666
combined_equal_weight,2023-10-02,CMCSA,0.016666666666666666
combined_equal_weight,2023-11-01,CMCSA,0.016666666666666666
combined_equal_weight,2023-12-01,CMCSA,0.016666666666666666
combined_equal_weight,2021-01-04,COP,0.016666666666666666
combined_equal_weight,2021-02-01,COP,0.016666666666666666
combined_equal_weight,2021-03-01,COP,0.016666666666666666
combined_equal_weight,2021-04-01,COP,0.016666666666666666
combined_equal_weight,2021-05-03,COP,0.016666666666666666
combined_equal_weight,2021-06-01,COP,0.016666666666666666
combined_equal_weight,2021-07-01,COP,0.016666666666666666
combined_equal_weight,2021-08-02,COP,0.016666666666666666
combined_equal_weight,2021-09-01,COP,0.016666666666666666
combined_equal_weight,2021-10-01,COP,0.016666666666666666
combined_equal_weight,2021-11-01,COP,0.016666666666666666
combined_equal_weight,2021-12-01,COP,0.016666666666666666
combined_equal_weight,2022-01-03,COP,0.016666666666666666
combined_equal_weight,2022-02-01,COP,0.016666666666666666
combined_equal_weight,2022-03-01,COP,0.016666666666666666
combined_equal_weight,2022-04-01,COP,0.016666666666666666
combined_equal_weight,2022-05-02,COP,0.016666666666666666
combined_equal_weight,2022-06-01,COP,0.016666666666666666
combined_equal_weight,2022-07-01,COP,0.016666666666666666
combined_equal_weight,2022-08-01,COP,0.016666666666666666
combined_equal_weight,2022-09-01,COP,0.016666666666666666
combined_equal_weight,2022-10-03,COP,0.016666666666666666
combined_equal_weight,2022-11-01,COP,0.016666666666666666
combined_equal_weight,2022-12-01,COP,0.016666666666666666
combined_equal_weight,2023-01-03,COP,0.016666666666666666
combined_equal_weight,2023-02-01,COP,0.016666666666666666
combined_equal_weight,2023-03-01,COP,0.016666666666666666
combined_equal_weight,2023-04-03,COP,0.016666666666666666
combined_equal_weight,2023-05-01,COP,0.016666666666666666
combined_equal_weight,2023-06-01,COP,0.016666666666666666
combined_equal_weight,2023-07-03,COP,0.016666666666666666
combined_equal_weight,2023-08-01,COP,0.016666666666666666
combined_equal_weight,2023-09-01,COP,0.016666666666666666
combined_equal_weight,2023-10-02,COP,0.016666666666666666
combined_equal_weight,2023-11-01,COP,0.016666666666666666
combined_equal_weight,2023-12-01,COP,0.016666666666666666
combined_equal_weight,2021-01-04,CVX,0.016666666666666666
combined_equal_weight,2021-02-01,CVX,0.016666666666666666
combined_equal_weight,2021-03-01,CVX,0.016666666666666666
combined_equal_weight,2021-04-01,CVX,0.016666666666666666
combined_equal_weight,2021-05-03,CVX,0.016666666666666666
combined_equal_weight,2021-06-01,CVX,0.016666666666666666
combined_equal_weight,2021-07-01,CVX,0.016666666666666666
combined_equal_weight,2021-08-02,CVX,0.016666666666666666
combined_equal_weight,2021-09-01,CVX,0.016666666666666666
combined_equal_weight,2021-10-01,CVX,0.016666666666666666
combined_equal_weight,2021-11-01,CVX,0.016666666666666666
combined_equal_weight,2021-12-01,CVX,0.016666666666666666
combined_equal_weight,2022-01-03,CVX,0.016666666666666666
combined_equal_weight,2022-02-01,CVX,0.016666666666666666
combined_equal_weight,2022-03-01,CVX,0.016666666666666666
combined_equal_weight,2022-04-01,CVX,0.016666666666666666
combined_equal_weight,2022-05-02,CVX,0.016666666666666666
combined_equal_weight,2022-06-01,CVX,0.016666666666666666
combined_equal_weight,2022-07-01,CVX,0.016666666666666666
combined_equal_weight,2022-08-01,CVX,0.016666666666666666
combined_equal_weight,2022-09-01,CVX,0.016666666666666666
combined_equal_weight,2022-10-03,CVX,0.016666666666666666
combined_equal_weight,2022-11-01,CVX,0.016666666666666666
combined_equal_weight,2022-12-01,CVX,0.016666666666666666
combined_equal_weight,2023-01-03,CVX,0.016666666666666666
combined_equal_weight,2023-02-01,CVX,0.016666666666666666
combined_equal_weight,2023-03-01,CVX,0.016666666666666666
combined_equal_weight,2023-04-03,CVX,0.016666666666666666
combined_equal_weight,2023-05-01,CVX,0.016666666666666666
combined_equal_weight,2023-06-01,CVX,0.016666666666666666
combined_equal_weight,2023-07-03,CVX,0.016666666666666666
combined_equal_weight,2023-08-01,CVX,0.016666666666666666
combined_equal_weight,2023-09-01,CVX,0.016666666666666666
combined_equal_weight,2023-10-02,CVX,0.016666666666666666
combined_equal_weight,2023-11-01,CVX,0.016666666666666666
combined_equal_weight,2023-12-01,CVX,0.016666666666666666
combined_equal_weight,2021-01-04,D,0.016666666666666666
combined_equal_weight,2021-02-01,D,0.016666666666666666
combined_equal_weight,2021-03-01,D,0.016666666666666666
combined_equal_weight,2021-04-01,D,0.016666666666666666
combined_equal_weight,2021-05-03,D,0.016666666666666666
combined_equal_weight,2021-06-01,D,0.016666666666666666
combined_equal_weight,2021-07-01,D,0.016666666666666666
combined_equal_weight,2021-08-02,D,0.016666666666666666
combined_equal_weight,2021-09-01,D,0.016666666666666666
combined_equal_weight,2021-10-01,D,0.016666666666666666
combined_equal_weight,2021-11-01,D,0.016666666666666666
combined_equal_weight,2021-12-01,D,0.016666666666666666
combined_equal_weight,2022-01-03,D,0.016666666666666666
combined_equal_weight,2022-02-01,D,0.016666666666666666
combined_equal_weight,2022-03-01,D,0.016666666666666666
combined_equal_weight,2022-04-01,D,0.016666666666666666
combined_equal_weight,2022-05-02,D,0.016666666666666666
combined_equal_weight,2022-06-01,D,0.016666666666666666
combined_equal_weight,2022-07-01,D,0.016666666666666666
combined_equal_weight,2022-08-01,D,0.016666666666666666
combined_equal_weight,2022-09-01,D,0.016666666666666666
combined_equal_weight,2022-10-03,D,0.016666666666666666
combined_equal_weight,2022-11-01,D,0.016666666666666666
combined_equal_weight,2022-12-01,D,0.016666666666666666
combined_equal_weight,2023-01-03,D,0.016666666666666666
combined_equal_weight,2023-02-01,D,0.016666666666666666
combined_equal_weight,2023-03-01,D,0.016666666666666666
combined_equal_weight,2023-04-03,D,0.016666666666666666
combined_equal_weight,2023-05-01,D,0.016666666666666666
combined_equal_weight,2023-06-01,D,0.016666666666666666
combined_equal_weight,2023-07-03,D,0.016666666666666666
combined_equal_weight,2023-08-01,D,0.016666666666666666
combined_equal_weight,2023-09-01,D,0.016666666666666666
combined_equal_weight,2023-10-02,D,0.016666666666666666
combined_equal_weight,2023-11-01,D,0.016666666666666666
combined_equal_weight,2023-12-01,D,0.016666666666666666
combined_equal_weight,2021-01-04,DD,0.016666666666666666
combined_equal_weight,2021-02-01,DD,0.016666666666666666
combined_equal_weight,2021-03-01,DD,0.016666666666666666
combined_equal_weight,2021-04-01,DD,0.016666666666666666
combined_equal_weight,2021-05-03,DD,0.016666666666666666
combined_equal_weight,2021-06-01,DD,0.016666666666666666
combined_equal_weight,2021-07-01,DD,0.016666666666666666
combined_equal_weight,2021-08-02,DD,0.016666666666666666
combined_equal_weight,2021-09-01,DD,0.016666666666666666
combined_equal_weight,2021-10-01,DD,0.016666666666666666
combined_equal_weight,2021-11-01,DD,0.016666666666666666
combined_equal_weight,2021-12-01,DD,0.016666666666666666
combined_equal_weight,2022-01-03,DD,0.016666666666666666
combined_equal_weight,2022-02-01,DD,0.016666666666666666
combined_equal_weight,2022-03-01,DD,0.016666666666666666
combined_equal_weight,2022-04-01,DD,0.016666666666666666
combined_equal_weight,2022-05-02,DD,0.016666666666666666
combined_equal_weight,2022-06-01,DD,0.016666666666666666
combined_equal_weight,2022-07-01,DD,0.016666666666666666
combined_equal_weight,2022-08-01,DD,0.016666666666666666
combined_equal_weight,2022-09-01,DD,0.016666666666666666
combined_equal_weight,2022-10-03,DD,0.016666666666666666
combined_equal_weight,2022-11-01,DD,0.016666666666666666
combined_equal_weight,2022-12-01,DD,0.016666666666666666
combined_equal_weight,2023-01-03,DD,0.016666666666666666
combined_equal_weight,2023-02-01,DD,0.016666666666666666
combined_equal_weight,2023-03-01,DD,0.016666666666666666
combined_equal_weight,2023-04-03,DD,0.016666666666666666
combined_equal_weight,2023-05-01,DD,0.016666666666666666
combined_equal_weight,2023-06-01,DD,0.016666666666666666
combined_equal_weight,2023-07-03,DD,0.016666666666666666
combined_equal_weight,2023-08-01,DD,0.016666666666666666
combined_equal_weight,2023-09-01,DD,0.016666666666666666
combined_equal_weight,2023-10-02,DD,0.016666666666666666
combined_equal_weight,2023-11-01,DD,0.016666666666666666
combined_equal_weight,2023-12-01,DD,0.016666666666666666
combined_equal_weight,2021-01-04,DIS,0.016666666666666666
combined_equal_weight,2021-02-01,DIS,0.016666666666666666
combined_equal_weight,2021-03-01,DIS,0.016666666666666666
combined_equal_weight,2021-04-01,DIS,0.016666666666666666
combined_equal_weight,2021-05-03,DIS,0.016666666666666666
combined_equal_weight,2021-06-01,DIS,0.016666666666666666
combined_equal_weight,2021-07-01,DIS,0.016666666666666666
combined_equal_weight,2021-08-02,DIS,0.016666666666666666
combined_equal_weight,2021-09-01,DIS,0.016666666666666666
combined_equal_weight,2021-10-01,DIS,0.016666666666666666
combined_equal_weight,2021-11-01,DIS,0.016666666666666666
combined_equal_weight,2021-12-01,DIS,0.016666666666666666
combined_equal_weight,2022-01-03,DIS,0.016666666666666666
combined_equal_weight,2022-02-01,DIS,0.016666666666666666
combined_equal_weight,2022-03-01,DIS,0.016666666666666666
combined_equal_weight,2022-04-01,DIS,0.016666666666666666
combined_equal_weight,2022-05-02,DIS,0.016666666666666666
combined_equal_weight,2022-06-01,DIS,0.016666666666666666
combined_equal_weight,2022-07-01,DIS,0.016666666666666666
combined_equal_weight,2022-08-01,DIS,0.016666666666666666
combined_equal_weight,2022-09-01,DIS,0.016666666666666666
combined_equal_weight,2022-10-03,DIS,0.016666666666666666
combined_equal_weight,2022-11-01,DIS,0.016666666666666666
combined_equal_weight,2022-12-01,DIS,0.016666666666666666
combined_equal_weight,2023-01-03,DIS,0.016666666666666666
combined_equal_weight,2023-02-01,DIS,0.016666666666666666
combined_equal_weight,2023-03-01,DIS,0.016666666666666666
combined_equal_weight,2023-04-03,DIS,0.016666666666666666
combined_equal_weight,2023-05-01,DIS,0.016666666666666666
combined_equal_weight,2023-06-01,DIS,0.016666666666666666
combined_equal_weight,2023-07-03,DIS,0.016666666666666666
combined_equal_weight,2023-08-01,DIS,0.016666666666666666
combined_equal_weight,2023-09-01,DIS,0.016666666666666666
combined_equal_weight,2023-10-02,DIS,0.016666666666666666
combined_equal_weight,2023-11-01,DIS,0.016666666666666666
combined_equal_weight,2023-12-01,DIS,0.016666666666666666
combined_equal_weight,2021-01-04,DOW,0.016666666666666666
combined_equal_weight,2021-02-01,DOW,0.016666666666666666
combined_equal_weight,2021-03-01,DOW,0.016666666666666666
combined_equal_weight,2021-04-01,DOW,0.016666666666666666
combined_equal_weight,2021-05-03,DOW,0.016666666666666666
combined_equal_weight,2021-06-01,DOW,0.016666666666666666
combined_equal_weight,2021-07-01,DOW,0.016666666666666666
combined_equal_weight,2021-08-02,DOW,0.016666666666666666
combined_equal_weight,2021-09-01,DOW,0.016666666666666666
combined_equal_weight,2021-10-01,DOW,0.016666666666666666
combined_equal_weight,2021-11-01,DOW,0.016666666666666666
combined_equal_weight,2021-12-01,DOW,0.016666666666666666
combined_equal_weight,2022-01-03,DOW,0.016666666666666666
combined_equal_weight,2022-02-01,DOW,0.016666666666666666
combined_equal_weight,2022-03-01,DOW,0.016666666666666666
combined_equal_weight,2022-04-01,DOW,0.016666666666666666
combined_equal_weight,2022-05-02,DOW,0.016666666666666666
combined_equal_weight,2022-06-01,DOW,0.016666666666666666
combined_equal_weight,2022-07-01,DOW,0.016666666666666666
combined_equal_weight,2022-08-01,DOW,0.016666666666666666
combined_equal_weight,2022-09-01,DOW,0.016666666666666666
combined_equal_weight,2022-10-03,DOW,0.016666666666666666
combined_equal_weight,2022-11-01,DOW,0.016666666666666666
combined_equal_weight,2022-12-01,DOW,0.016666666666666666
combined_equal_weight,2023-01-03,DOW,0.016666666666666666
combined_equal_weight,2023-02-01,DOW,0.016666666666666666
combined_equal_weight,2023-03-01,DOW,0.016666666666666666
combined_equal_weight,2023-04-03,DOW,0.016666666666666666
combined_equal_weight,2023-05-01,DOW,0.016666666666666666
combined_equal_weight,2023-06-01,DOW,0.016666666666666666
combined_equal_weight,2023-07-03,DOW,0.016666666666666666
combined_equal_weight,2023-08-01,DOW,0.016666666666666666
combined_equal_weight,2023-09-01,DOW,0.016666666666666666
combined_equal_weight,2023-10-02,DOW,0.016666666666666666
combined_equal_weight,2023-11-01,DOW,0.016666666666666666
combined_equal_weight,2023-12-01,DOW,0.016666666666666666
combined_equal_weight,2021-01-04,DUK,0.016666666666666666
combined_equal_weight,2021-02-01,DUK,0.016666666666666666
combined_equal_weight,2021-03-01,DUK,0.016666666666666666
combined_equal_weight,2021-04-01,DUK,0.016666666666666666
combined_equal_weight,2021-05-03,DUK,0.016666666666666666
combined_equal_weight,2021-06-01,DUK,0.016666666666666666
combined_equal_weight,2021-07-01,DUK,0.016666666666666666
combined_equal_weight,2021-08-02,DUK,0.016666666666666666
combined_equal_weight,2021-09-01,DUK,0.016666666666666666
combined_equal_weight,2021-10-01,DUK,0.016666666666666666
combined_equal_weight,2021-11-01,DUK,0.016666666666666666
combined_equal_weight,2021-12-01,DUK,0.016666666666666666
combined_equal_weight,2022-01-03,DUK,0.016666666666666666
combined_equal_weight,2022-02-01,DUK,0.016666666666666666
combined_equal_weight,2022-03-01,DUK,0.016666666666666666
combined_equal_weight,2022-04-01,DUK,0.016666666666666666
combined_equal_weight,2022-05-02,DUK,0.016666666666666666
combined_equal_weight,2022-06-01,DUK,0.016666666666666666
combined_equal_weight,2022-07-01,DUK,0.016666666666666666
combined_equal_weight,2022-08-01,DUK,0.016666666666666666
combined_equal_weight,2022-09-01,DUK,0.016666666666666666
combined_equal_weight,2022-10-03,DUK,0.016666666666666666
combined_equal_weight,2022-11-01,DUK,0.016666666666666666
combined_equal_weight,2022-12-01,DUK,0.016666666666666666
combined_equal_weight,2023-01-03,DUK,0.016666666666666666
combined_equal_weight,2023-02-01,DUK,0.016666666666666666
combined_equal_weight,2023-03-01,DUK,0.016666666666666666
combined_equal_weight,2023-04-03,DUK,0.016666666666666666
combined_equal_weight,2023-05-01,DUK,0.016666666666666666
combined_equal_weight,2023-06-01,DUK,0.016666666666666666
combined_equal_weight,2023-07-03,DUK,0.016666666666666666
combined_equal_weight,2023-08-01,DUK,0.016666666666666666
combined_equal_weight,2023-09-01,DUK,0.016666666666666666
combined_equal_weight,2023-10-02,DUK,0.016666666666666666
combined_equal_weight,2023-11-01,DUK,0.016666666666666666
combined_equal_weight,2023-12-01,DUK,0.016666666666666666
combined_equal_weight,2021-01-04,EA,0.016666666666666666
combined_equal_weight,2021-02-01,EA,0.016666666666666666
combined_equal_weight,2021-03-01,EA,0.016666666666666666
combined_equal_weight,2021-04-01,EA,0.016666666666666666
combined_equal_weight,2021-05-03,EA,0.016666666666666666
combined_equal_weight,2021-06-01,EA,0.016666666666666666
combined_equal_weight,2021-07-01,EA,0.016666666666666666
combined_equal_weight,2021-08-02,EA,0.016666666666666666
combined_equal_weight,2021-09-01,EA,0.016666666666666666
combined_equal_weight,2021-10-01,EA,0.016666666666666666
combined_equal_weight,2021-11-01,EA,0.016666666666666666
combined_equal_weight,2021-12-01,EA,0.016666666666666666
combined_equal_weight,2022-01-03,EA,0.016666666666666666
combined_equal_weight,2022-02-01,EA,0.016666666666666666
combined_equal_weight,2022-03-01,EA,0.016666666666666666
combined_equal_weight,2022-04-01,EA,0.016666666666666666
combined_equal_weight,2022-05-02,EA,0.016666666666666666
combined_equal_weight,2022-06-01,EA,0.016666666666666666
combined_equal_weight,2022-07-01,EA,0.016666666666666666
combined_equal_weight,2022-08-01,EA,0.016666666666666666
combined_equal_weight,2022-09-01,EA,0.016666666666666666
combined_equal_weight,2022-10-03,EA,0.016666666666666666
combined_equal_weight,2022-11-01,EA,0.016666666666666666
combined_equal_weight,2022-12-01,EA,0.016666666666666666
combined_equal_weight,2023-01-03,EA,0.016666666666666666
combined_equal_weight,2023-02-01,EA,0.016666666666666666
combined_equal_weight,2023-03-01,EA,0.016666666666666666
combined_equal_weight,2023-04-03,EA,0.016666666666666666
combined_equal_weight,2023-05-01,EA,0.016666666666666666
combined_equal_weight,2023-06-01,EA,0.016666666666666666
combined_equal_weight,2023-07-03,EA,0.016666666666666666
combined_equal_weight,2023-08-01,EA,0.016666666666666666
combined_equal_weight,2023-09-01,EA,0.016666666666666666
combined_equal_weight,2023-10-02,EA,0.016666666666666666
combined_equal_weight,2023-11-01,EA,0.016666666666666666
combined_equal_weight,2023-12-01,EA,0.016666666666666666
combined_equal_weight,2021-01-04,GE,0.016666666666666666
combined_equal_weight,2021-02-01,GE,0.016666666666666666
combined_equal_weight,2021-03-01,GE,0.016666666666666666
combined_equal_weight,2021-04-01,GE,0.016666666666666666
combined_equal_weight,2021-05-03,GE,0.016666666666666666
combined_equal_weight,2021-06-01,GE,0.016666666666666666
combined_equal_weight,2021-07-01,GE,0.016666666666666666
combined_equal_weight,2021-08-02,GE,0.016666666666666666
combined_equal_weight,2021-09-01,GE,0.016666666666666666
combined_equal_weight,2021-10-01,GE,0.016666666666666666
combined_equal_weight,2021-11-01,GE,0.016666666666666666
combined_equal_weight,2021-12-01,GE,0.016666666666666666
combined_equal_weight,2022-01-03,GE,0.016666666666666666
combined_equal_weight,2022-02-01,GE,0.016666666666666666
combined_equal_weight,2022-03-01,GE,0.016666666666666666
combined_equal_weight,2022-04-01,GE,0.016666666666666666
combined_equal_weight,2022-05-02,GE,0.016666666666666666
combined_equal_weight,2022-06-01,GE,0.016666666666666666
combined_equal_weight,2022-07-01,GE,0.016666666666666666
combined_equal_weight,2022-08-01,GE,0.016666666666666666
combined_equal_weight,2022-09-01,GE,0.016666666666666666
combined_equal_weight,2022-10-03,GE,0.016666666666666666
combined_equal_weight,2022-11-01,GE,0.016666666666666666
combined_equal_weight,2022-12-01,GE,0.016666666666666666
combined_equal_weight,2023-01-03,GE,0.016666666666666666
combined_equal_weight,2023-02-01,GE,0.016666666666666666
combined_equal_weight,2023-03-01,GE,0.016666666666666666
combined_equal_weight,2023-04-03,GE,0.016666666666666666
combined_equal_weight,2023-05-01,GE,0.016666666666666666
combined_equal_weight,2023-06-01,GE,0.016666666666666666
combined_equal_weight,2023-07-03,GE,0.016666666666666666
combined_equal_weight,2023-08-01,GE,0.016666666666666666
combined_equal_weight,2023-09-01,GE,0.016666666666666666
combined_equal_weight,2023-10-02,GE,0.016666666666666666
combined_equal_weight,2023-11-01,GE,0.016666666666666666
combined_equal_weight,2023-12-01,GE,0.016666666666666666
combined_equal_weight,2021-01-04,GILD,0.016666666666666666
combined_equal_weight,2021-02-01,GILD,0.016666666666666666
combined_equal_weight,2021-03-01,GILD,0.016666666666666666
combined_equal_weight,2021-04-01,GILD,0.016666666666666666
combined_equal_weight,2021-05-03,GILD,0.016666666666666666
combined_equal_weight,2021-06-01,GILD,0.016666666666666666
combined_equal_weight,2021-07-01,GILD,0.016666666666666666
combined_equal_weight,2021-08-02,GILD,0.016666666666666666
combined_equal_weight,2021-09-01,GILD,0.016666666666666666
combined_equal_weight,2021-10-01,GILD,0.016666666666666666
combined_equal_weight,2021-11-01,GILD,0.016666666666666666
combined_equal_weight,2021-12-01,GILD,0.016666666666666666
combined_equal_weight,2022-01-03,GILD,0.016666666666666666
combined_equal_weight,2022-02-01,GILD,0.016666666666666666
combined_equal_weight,2022-03-01,GILD,0.016666666666666666
combined_equal_weight,2022-04-01,GILD,0.016666666666666666
combined_equal_weight,2022-05-02,GILD,0.016666666666666666
combined_equal_weight,2022-06-01,GILD,0.016666666666666666
combined_equal_weight,2022-07-01,GILD,0.016666666666666666
combined_equal_weight,2022-08-01,GILD,0.016666666666666666
combined_equal_weight,2022-09-01,GILD,0.016666666666666666
combined_equal_weight,2022-10-03,GILD,0.016666666666666666
combined_equal_weight,2022-11-01,GILD,0.016666666666666666
combined_equal_weight,2022-12-01,GILD,0.016666666666666666
combined_equal_weight,2023-01-03,GILD,0.016666666666666666
combined_equal_weight,2023-02-01,GILD,0.016666666666666666
combined_equal_weight,2023-03-01,GILD,0.016666666666666666
combined_equal_weight,2023-04-03,GILD,0.016666666666666666
combined_equal_weight,2023-05-01,GILD,0.016666666666666666
combined_equal_weight,2023-06-01,GILD,0.016666666666666666
combined_equal_weight,2023-07-03,GILD,0.016666666666666666
combined_equal_weight,2023-08-01,GILD,0.016666666666666666
combined_equal_weight,2023-09-01,GILD,0.016666666666666666
combined_equal_weight,2023-10-02,GILD,0.016666666666666666
combined_equal_weight,2023-11-01,GILD,0.016666666666666666
combined_equal_weight,2023-12-01,GILD,0.016666666666666666
combined_equal_weight,2021-01-04,GS,0.016666666666666666
combined_equal_weight,2021-02-01,GS,0.016666666666666666
combined_equal_weight,2021-03-01,GS,0.016666666666666666
combined_equal_weight,2021-04-01,GS,0.016666666666666666
combined_equal_weight,2021-05-03,GS,0.016666666666666666
combined_equal_weight,2021-06-01,GS,0.016666666666666666
combined_equal_weight,2021-07-01,GS,0.016666666666666666
combined_equal_weight,2021-08-02,GS,0.016666666666666666
combined_equal_weight,2021-09-01,GS,0.016666666666666666
combined_equal_weight,2021-10-01,GS,0.016666666666666666
combined_equal_weight,2021-11-01,GS,0.016666666666666666
combined_equal_weight,2021-12-01,GS,0.016666666666666666
combined_equal_weight,2022-01-03,GS,0.016666666666666666
combined_equal_weight,2022-02-01,GS,0.016666666666666666
combined_equal_weight,2022-03-01,GS,0.016666666666666666
combined_equal_weight,2022-04-01,GS,0.016666666666666666
combined_equal_weight,2022-05-02,GS,0.016666666666666666
combined_equal_weight,2022-06-01,GS,0.016666666666666666
combined_equal_weight,2022-07-01,GS,0.016666666666666666
combined_equal_weight,2022-08-01,GS,0.016666666666666666
combined_equal_weight,2022-09-01,GS,0.016666666666666666
combined_equal_weight,2022-10-03,GS,0.016666666666666666
combined_equal_weight,2022-11-01,GS,0.016666666666666666
combined_equal_weight,2022-12-01,GS,0.016666666666666666
combined_equal_weight,2023-01-03,GS,0.016666666666666666
combined_equal_weight,2023-02-01,GS,0.016666666666666666
combined_equal_weight,2023-03-01,GS,0.016666666666666666
combined_equal_weight,2023-04-03,GS,0.016666666666666666
combined_equal_weight,2023-05-01,GS,0.016666666666666666
combined_equal_weight,2023-06-01,GS,0.016666666666666666
combined_equal_weight,2023-07-03,GS,0.016666666666666666
combined_equal_weight,2023-08-01,GS,0.016666666666666666
combined_equal_weight,2023-09-01,GS,0.016666666666666666
combined_equal_weight,2023-10-02,GS,0.016666666666666666
combined_equal_weight,2023-11-01,GS,0.016666666666666666
combined_equal_weight,2023-12-01,GS,0.016666666666666666
combined_equal_weight,2021-01-04,INTC,0.016666666666666666
combined_equal_weight,2021-02-01,INTC,0.016666666666666666
combined_equal_weight,2021-03-01,INTC,0.016666666666666666
combined_equal_weight,2021-04-01,INTC,0.016666666666666666
combined_equal_weight,2021-05-03,INTC,0.016666666666666666
combined_equal_weight,2021-06-01,INTC,0.016666666666666666
combined_equal_weight,2021-07-01,INTC,0.016666666666666666
combined_equal_weight,2021-08-02,INTC,0.016666666666666666
combined_equal_weight,2021-09-01,INTC,0.016666666666666666
combined_equal_weight,2021-10-01,INTC,0.016666666666666666
combined_equal_weight,2021-11-01,INTC,0.016666666666666666
combined_equal_weight,2021-12-01,INTC,0.016666666666666666
combined_equal_weight,2022-01-03,INTC,0.016666666666666666
combined_equal_weight,2022-02-01,INTC,0.016666666666666666
combined_equal_weight,2022-03-01,INTC,0.016666666666666666
combined_equal_weight,2022-04-01,INTC,0.016666666666666666
combined_equal_weight,2022-05-02,INTC,0.016666666666666666
combined_equal_weight,2022-06-01,INTC,0.016666666666666666
combined_equal_weight,2022-07-01,INTC,0.016666666666666666
combined_equal_weight,2022-08-01,INTC,0.016666666666666666
combined_equal_weight,2022-09-01,INTC,0.016666666666666666
combined_equal_weight,2022-10-03,INTC,0.016666666666666666
combined_equal_weight,2022-11-01,INTC,0.016666666666666666
combined_equal_weight,2022-12-01,INTC,0.016666666666666666
combined_equal_weight,2023-01-03,INTC,0.016666666666666666
combined_equal_weight,2023-02-01,INTC,0.016666666666666666
combined_equal_weight,2023-03-01,INTC,0.016666666666666666
combined_equal_weight,2023-04-03,INTC,0.016666666666666666
combined_equal_weight,2023-05-01,INTC,0.016666666666666666
combined_equal_weight,2023-06-01,INTC,0.016666666666666666
combined_equal_weight,2023-07-03,INTC,0.016666666666666666
combined_equal_weight,2023-08-01,INTC,0.016666666666666666
combined_equal_weight,2023-09-01,INTC,0.016666666666666666
combined_equal_weight,2023-10-02,INTC,0.016666666666666666
combined_equal_weight,2023-11-01,INTC,0.016666666666666666
combined_equal_weight,2023-12-01,INTC,0.016666666666666666
combined_equal_weight,2021-01-04,KO,0.016666666666666666
combined_equal_weight,2021-02-01,KO,0.016666666666666666
combined_equal_weight,2021-03-01,KO,0.016666666666666666
combined_equal_weight,2021-04-01,KO,0.016666666666666666
combined_equal_weight,2021-05-03,KO,0.016666666666666666
combined_equal_weight,2021-06-01,KO,0.016666666666666666
combined_equal_weight,2021-07-01,KO,0.016666666666666666
combined_equal_weight,2021-08-02,KO,0.016666666666666666
combined_equal_weight,2021-09-01,KO,0.016666666666666666
combined_equal_weight,2021-10-01,KO,0.016666666666666666
combined_equal_weight,2021-11-01,KO,0.016666666666666666
combined_equal_weight,2021-12-01,KO,0.016666666666666666
combined_equal_weight,2022-01-03,KO,0.016666666666666666
combined_equal_weight,2022-02-01,KO,0.016666666666666666
combined_equal_weight,2022-03-01,KO,0.016666666666666666
combined_equal_weight,2022-04-01,KO,0.016666666666666666
combined_equal_weight,2022-05-02,KO,0.016666666666666666
combined_equal_weight,2022-06-01,KO,0.016666666666666666
combined_equal_weight,2022-07-01,KO,0.016666666666666666
combined_equal_weight,2022-08-01,KO,0.016666666666666666
combined_equal_weight,2022-09-01,KO,0.016666666666666666
combined_equal_weight,2022-10-03,KO,0.016666666666666666
combined_equal_weight,2022-11-01,KO,0.016666666666666666
combined_equal_weight,2022-12-01,KO,0.016666666666666666
combined_equal_weight,2023-01-03,KO,0.016666666666666666
combined_equal_weight,2023-02-01,KO,0.016666666666666666
combined_equal_weight,2023-03-01,KO,0.016666666666666666
combined_equal_weight,2023-04-03,KO,0.016666666666666666
combined_equal_weight,2023-05-01,KO,0.016666666666666666
combined_equal_weight,2023-06-01,KO,0.016666666666666666
combined_equal_weight,2023-07-03,KO,0.016666666666666666
combined_equal_weight,2023-08-01,KO,0.016666666666666666
combined_equal_weight,2023-09-01,KO,0.016666666666666666
combined_equal_weight,2023-10-02,KO,0.016666666666666666
combined_equal_weight,2023-11-01,KO,0.016666666666666666
combined_equal_weight,2023-12-01,KO,0.016666666666666666
combined_equal_weight,2021-01-04,MMM,0.016666666666666666
combined_equal_weight,2021-02-01,MMM,0.016666666666666666
combined_equal_weight,2021-03-01,MMM,0.016666666666666666
combined_equal_weight,2021-04-01,MMM,0.016666666666666666
combined_equal_weight,2021-05-03,MMM,0.016666666666666666
combined_equal_weight,2021-06-01,MMM,0.016666666666666666
combined_equal_weight,2021-07-01,MMM,0.016666666666666666
combined_equal_weight,2021-08-02,MMM,0.016666666666666666
combined_equal_weight,2021-09-01,MMM,0.016666666666666666
combined_equal_weight,2021-10-01,MMM,0.016666666666666666
combined_equal_weight,2021-11-01,MMM,0.016666666666666666
combined_equal_weight,2021-12-01,MMM,0.016666666666666666
combined_equal_weight,2022-01-03,MMM,0.016666666666666666
combined_equal_weight,2022-02-01,MMM,0.016666666666666666
combined_equal_weight,2022-03-01,MMM,0.016666666666666666
combined_equal_weight,2022-04-01,MMM,0.016666666666666666
combined_equal_weight,2022-05-02,MMM,0.016666666666666666
combined_equal_weight,2022-06-01,MMM,0.016666666666666666
combined_equal_weight,2022-07-01,MMM,0.016666666666666666
combined_equal_weight,2022-08-01,MMM,0.016666666666666666
combined_equal_weight,2022-09-01,MMM,0.016666666666666666
combined_equal_weight,2022-10-03,MMM,0.016666666666666666
combined_equal_weight,2022-11-01,MMM,0.016666666666666666
combined_equal_weight,2022-12-01,MMM,0.016666666666666666
combined_equal_weight,2023-01-03,MMM,0.016666666666666666
combined_equal_weight,2023-02-01,MMM,0.016666666666666666
combined_equal_weight,2023-03-01,MMM,0.016666666666666666
combined_equal_weight,2023-04-03,MMM,0.016666666666666666
combined_equal_weight,2023-05-01,MMM,0.016666666666666666
combined_equal_weight,2023-06-01,MMM,0.016666666666666666
combined_equal_weight,2023-07-03,MMM,0.016666666666666666
combined_equal_weight,2023-08-01,MMM,0.016666666666666666
combined_equal_weight,2023-09-01,MMM,0.016666666666666666
combined_equal_weight,2023-10-02,MMM,0.016666666666666666
combined_equal_weight,2023-11-01,MMM,0.016666666666666666
combined_equal_weight,2023-12-01,MMM,0.016666666666666666
combined_equal_weight,2021-01-04,MRK,0.016666666666666666
combined_equal_weight,2021-02-01,MRK,0.016666666666666666
combined_equal_weight,2021-03-01,MRK,0.016666666666666666
combined_equal_weight,2021-04-01,MRK,0.016666666666666666
combined_equal_weight,2021-05-03,MRK,0.016666666666666666
combined_equal_weight,2021-06-01,MRK,0.016666666666666666
combined_equal_weight,2021-07-01,MRK,0.016666666666666666
combined_equal_weight,2021-08-02,MRK,0.016666666666666666
combined_equal_weight,2021-09-01,MRK,0.016666666666666666
combined_equal_weight,2021-10-01,MRK,0.016666666666666666
combined_equal_weight,2021-11-01,MRK,0.016666666666666666
combined_equal_weight,2021-12-01,MRK,0.016666666666666666
combined_equal_weight,2022-01-03,MRK,0.016666666666666666
combined_equal_weight,2022-02-01,MRK,0.016666666666666666
combined_equal_weight,2022-03-01,MRK,0.016666666666666666
combined_equal_weight,2022-04-01,MRK,0.016666666666666666
combined_equal_weight,2022-05-02,MRK,0.016666666666666666
combined_equal_weight,2022-06-01,MRK,0.016666666666666666
combined_equal_weight,2022-07-01,MRK,0.016666666666666666
combined_equal_weight,2022-08-01,MRK,0.016666666666666666
combined_equal_weight,2022-09-01,MRK,0.016666666666666666
combined_equal_weight,2022-10-03,MRK,0.016666666666666666
combined_equal_weight,2022-11-01,MRK,0.016666666666666666
combined_equal_weight,2022-12-01,MRK,0.016666666666666666
combined_equal_weight,2023-01-03,MRK,0.016666666666666666
combined_equal_weight,2023-02-01,MRK,0.016666666666666666
combined_equal_weight,2023-03-01,MRK,0.016666666666666666
combined_equal_weight,2023-04-03,MRK,0.016666666666666666
combined_equal_weight,2023-05-01,MRK,0.016666666666666666
combined_equal_weight,2023-06-01,MRK,0.016666666666666666
combined_equal_weight,2023-07-03,MRK,0.016666666666666666
combined_equal_weight,2023-08-01,MRK,0.016666666666666666
combined_equal_weight,2023-09-01,MRK,0.016666666666666666
combined_equal_weight,2023-10-02,MRK,0.016666666666666666
combined_equal_weight,2023-11-01,MRK,0.016666666666666666
combined_equal_weight,2023-12-01,MRK,0.016666666666666666
combined_equal_weight,2021-01-04,MS,0.016666666666666666
combined_equal_weight,2021-02-01,MS,0.016666666666666666
combined_equal_weight,2021-03-01,MS,0.016666666666666666
combined_equal_weight,2021-04-01,MS,0.016666666666666666
combined_equal_weight,2021-05-03,MS,0.016666666666666666
combined_equal_weight,2021-06-01,MS,0.016666666666666666
combined_equal_weight,2021-07-01,MS,0.016666666666666666
combined_equal_weight,2021-08-02,MS,0.016666666666666666
combined_equal_weight,2021-09-01,MS,0.016666666666666666
combined_equal_weight,2021-10-01,MS,0.016666666666666666
combined_equal_weight,2021-11-01,MS,0.016666666666666666
combined_equal_weight,2021-12-01,MS,0.016666666666666666
combined_equal_weight,2022-01-03,MS,0.016666666666666666
combined_equal_weight,2022-02-01,MS,0.016666666666666666
combined_equal_weight,2022-03-01,MS,0.016666666666666666
combined_equal_weight,2022-04-01,MS,0.016666666666666666
combined_equal_weight,2022-05-02,MS,0.016666666666666666
combined_equal_weight,2022-06-01,MS,0.016666666666666666
combined_equal_weight,2022-07-01,MS,0.016666666666666666
combined_equal_weight,2022-08-01,MS,0.016666666666666666
combined_equal_weight,2022-09-01,MS,0.016666666666666666
combined_equal_weight,2022-10-03,MS,0.016666666666666666
combined_equal_weight,2022-11-01,MS,0.016666666666666666
combined_equal_weight,2022-12-01,MS,0.016666666666666666
combined_equal_weight,2023-01-03,MS,0.016666666666666666
combined_equal_weight,2023-02-01,MS,0.016666666666666666
combined_equal_weight,2023-03-01,MS,0.016666666666666666
combined_equal_weight,2023-04-03,MS,0.016666666666666666
combined_equal_weight,2023-05-01,MS,0.016666666666666666
combined_equal_weight,2023-06-01,MS,0.016666666666666666
combined_equal_weight,2023-07-03,MS,0.016666666666666666
combined_equal_weight,2023-08-01,MS,0.016666666666666666
combined_equal_weight,2023-09-01,MS,0.016666666666666666
combined_equal_weight,2023-10-02,MS,0.016666666666666666
combined_equal_weight,2023-11-01,MS,0.016666666666666666
combined_equal_weight,2023-12-01,MS,0.016666666666666666
combined_equal_weight,2021-01-04,NEE,0.016666666666666666
combined_equal_weight,2021-02-01,NEE,0.016666666666666666
combined_equal_weight,2021-03-01,NEE,0.016666666666666666
combined_equal_weight,2021-04-01,NEE,0.016666666666666666
combined_equal_weight,2021-05-03,NEE,0.016666666666666666
combined_equal_weight,2021-06-01,NEE,0.016666666666666666
combined_equal_weight,2021-07-01,NEE,0.016666666666666666
combined_equal_weight,2021-08-02,NEE,0.016666666666666666
combined_equal_weight,2021-09-01,NEE,0.016666666666666666
combined_equal_weight,2021-10-01,NEE,0.016666666666666666
combined_equal_weight,2021-11-01,NEE,0.016666666666666666
combined_equal_weight,2021-12-01,NEE,0.016666666666666666
combined_equal_weight,2022-01-03,NEE,0.016666666666666666
combined_equal_weight,2022-02-01,NEE,0.016666666666666666
combined_equal_weight,2022-03-01,NEE,0.016666666666666666
combined_equal_weight,2022-04-01,NEE,0.016666666666666666
combined_equal_weight,2022-05-02,NEE,0.016666666666666666
combined_equal_weight,2022-06-01,NEE,0.016666666666666666
combined_equal_weight,2022-07-01,NEE,0.016666666666666666
combined_equal_weight,2022-08-01,NEE,0.016666666666666666
combined_equal_weight,2022-09-01,NEE,0.016666666666666666
combined_equal_weight,2022-10-03,NEE,0.016666666666666666
combined_equal_weight,2022-11-01,NEE,0.016666666666666666
combined_equal_weight,2022-12-01,NEE,0.016666666666666666
combined_equal_weight,2023-01-03,NEE,0.016666666666666666
combined_equal_weight,2023-02-01,NEE,0.016666666666666666
combined_equal_weight,2023-03-01,NEE,0.016666666666666666
combined_equal_weight,2023-04-03,NEE,0.016666666666666666
combined_equal_weight,2023-05-01,NEE,0.016666666666666666
combined_equal_weight,2023-06-01,NEE,0.016666666666666666
combined_equal_weight,2023-07-03,NEE,0.016666666666666666
combined_equal_weight,2023-08-01,NEE,0.016666666666666666
combined_equal_weight,2023-09-01,NEE,0.016666666666666666
combined_equal_weight,2023-10-02,NEE,0.016666666666666666
combined_equal_weight,2023-11-01,NEE,0.016666666666666666
combined_equal_weight,2023-12-01,NEE,0.016666666666666666
combined_equal_weight,2021-01-04,NEM,0.016666666666666666
combined_equal_weight,2021-02-01,NEM,0.016666666666666666
combined_equal_weight,2021-03-01,NEM,0.016666666666666666
combined_equal_weight,2021-04-01,NEM,0.016666666666666666
combined_equal_weight,2021-05-03,NEM,0.016666666666666666
combined_equal_weight,2021-06-01,NEM,0.016666666666666666
combined_equal_weight,2021-07-01,NEM,0.016666666666666666
combined_equal_weight,2021-08-02,NEM,0.016666666666666666
combined_equal_weight,2021-09-01,NEM,0.016666666666666666
combined_equal_weight,2021-10-01,NEM,0.016666666666666666
combined_equal_weight,2021-11-01,NEM,0.016666666666666666
combined_equal_weight,2021-12-01,NEM,0.016666666666666666
combined_equal_weight,2022-01-03,NEM,0.016666666666666666
combined_equal_weight,2022-02-01,NEM,0.016666666666666666
combined_equal_weight,2022-03-01,NEM,0.016666666666666666
combined_equal_weight,2022-04-01,NEM,0.016666666666666666
combined_equal_weight,2022-05-02,NEM,0.016666666666666666
combined_equal_weight,2022-06-01,NEM,0.016666666666666666
combined_equal_weight,2022-07-01,NEM,0.016666666666666666
combined_equal_weight,2022-08-01,NEM,0.016666666666666666
combined_equal_weight,2022-09-01,NEM,0.016666666666666666
combined_equal_weight,2022-10-03,NEM,0.016666666666666666
combined_equal_weight,2022-11-01,NEM,0.016666666666666666
combined_equal_weight,2022-12-01,NEM,0.016666666666666666
combined_equal_weight,2023-01-03,NEM,0.016666666666666666
combined_equal_weight,2023-02-01,NEM,0.016666666666666666
combined_equal_weight,2023-03-01,NEM,0.016666666666666666
combined_equal_weight,2023-04-03,NEM,0.016666666666666666
combined_equal_weight,2023-05-01,NEM,0.016666666666666666
combined_equal_weight,2023-06-01,NEM,0.016666666666666666
combined_equal_weight,2023-07-03,NEM,0.016666666666666666
combined_equal_weight,2023-08-01,NEM,0.016666666666666666
combined_equal_weight,2023-09-01,NEM,0.016666666666666666
combined_equal_weight,2023-10-02,NEM,0.016666666666666666
combined_equal_weight,2023-11-01,NEM,0.016666666666666666
combined_equal_weight,2023-12-01,NEM,0.016666666666666666
combined_equal_weight,2021-01-04,NKE,0.016666666666666666
combined_equal_weight,2021-02-01,NKE,0.016666666666666666
combined_equal_weight,2021-03-01,NKE,0.016666666666666666
combined_equal_weight,2021-04-01,NKE,0.016666666666666666
combined_equal_weight,2021-05-03,NKE,0.016666666666666666
combined_equal_weight,2021-06-01,NKE,0.016666666666666666
combined_equal_weight,2021-07-01,NKE,0.016666666666666666
combined_equal_weight,2021-08-02,NKE,0.016666666666666666
combined_equal_weight,2021-09-01,NKE,0.016666666666666666
combined_equal_weight,2021-10-01,NKE,0.016666666666666666
combined_equal_weight,2021-11-01,NKE,0.016666666666666666
combined_equal_weight,2021-12-01,NKE,0.016666666666666666
combined_equal_weight,2022-01-03,NKE,0.016666666666666666
combined_equal_weight,2022-02-01,NKE,0.016666666666666666
combined_equal_weight,2022-03-01,NKE,0.016666666666666666
combined_equal_weight,2022-04-01,NKE,0.016666666666666666
combined_equal_weight,2022-05-02,NKE,0.016666666666666666
combined_equal_weight,2022-06-01,NKE,0.016666666666666666
combined_equal_weight,2022-07-01,NKE,0.016666666666666666
combined_equal_weight,2022-08-01,NKE,0.016666666666666666
combined_equal_weight,2022-09-01,NKE,0.016666666666666666
combined_equal_weight,2022-10-03,NKE,0.016666666666666666
combined_equal_weight,2022-11-01,NKE,0.016666666666666666
combined_equal_weight,2022-12-01,NKE,0.016666666666666666
combined_equal_weight,2023-01-03,NKE,0.016666666666666666
combined_equal_weight,2023-02-01,NKE,0.016666666666666666
combined_equal_weight,2023-03-01,NKE,0.016666666666666666
combined_equal_weight,2023-04-03,NKE,0.016666666666666666
combined_equal_weight,2023-05-01,NKE,0.016666666666666666
combined_equal_weight,2023-06-01,NKE,0.016666666666666666
combined_equal_weight,2023-07-03,NKE,0.016666666666666666
combined_equal_weight,2023-08-01,NKE,0.016666666666666666
combined_equal_weight,2023-09-01,NKE,0.016666666666666666
combined_equal_weight,2023-10-02,NKE,0.016666666666666666
combined_equal_weight,2023-11-01,NKE,0.016666666666666666
combined_equal_weight,2023-12-01,NKE,0.016666666666666666
combined_equal_weight,2021-01-04,NUE,0.016666666666666666
combined_equal_weight,2021-02-01,NUE,0.016666666666666666
combined_equal_weight,2021-03-01,NUE,0.016666666666666666
combined_equal_weight,2021-04-01,NUE,0.016666666666666666
combined_equal_weight,2021-05-03,NUE,0.016666666666666666
combined_equal_weight,2021-06-01,NUE,0.016666666666666666
combined_equal_weight,2021-07-01,NUE,0.016666666666666666
combined_equal_weight,2021-08-02,NUE,0.016666666666666666
combined_equal_weight,2021-09-01,NUE,0.016666666666666666
combined_equal_weight,2021-10-01,NUE,0.016666666666666666
combined_equal_weight,2021-11-01,NUE,0.016666666666666666
combined_equal_weight,2021-12-01,NUE,0.016666666666666666
combined_equal_weight,2022-01-03,NUE,0.016666666666666666
combined_equal_weight,2022-02-01,NUE,0.016666666666666666
combined_equal_weight,2022-03-01,NUE,0.016666666666666666
combined_equal_weight,2022-04-01,NUE,0.016666666666666666
combined_equal_weight,2022-05-02,NUE,0.016666666666666666
combined_equal_weight,2022-06-01,NUE,0.016666666666666666
combined_equal_weight,2022-07-01,NUE,0.016666666666666666
combined_equal_weight,2022-08-01,NUE,0.016666666666666666
combined_equal_weight,2022-09-01,NUE,0.016666666666666666
combined_equal_weight,2022-10-03,NUE,0.016666666666666666
combined_equal_weight,2022-11-01,NUE,0.016666666666666666
combined_equal_weight,2022-12-01,NUE,0.016666666666666666
combined_equal_weight,2023-01-03,NUE,0.016666666666666666
combined_equal_weight,2023-02-01,NUE,0.016666666666666666
combined_equal_weight,2023-03-01,NUE,0.016666666666666666
combined_equal_weight,2023-04-03,NUE,0.016666666666666666
combined_equal_weight,2023-05-01,NUE,0.016666666666666666
combined_equal_weight,2023-06-01,NUE,0.016666666666666666
combined_equal_weight,2023-07-03,NUE,0.016666666666666666
combined_equal_weight,2023-08-01,NUE,0.016666666666666666
combined_equal_weight,2023-09-01,NUE,0.016666666666666666
combined_equal_weight,2023-10-02,NUE,0.016666666666666666
combined_equal_weight,2023-11-01,NUE,0.016666666666666666
combined_equal_weight,2023-12-01,NUE,0.016666666666666666
combined_equal_weight,2021-01-04,NVDA,0.016666666666666666
combined_equal_weight,2021-02-01,NVDA,0.016666666666666666
combined_equal_weight,2021-03-01,NVDA,0.016666666666666666
combined_equal_weight,2021-04-01,NVDA,0.016666666666666666
combined_equal_weight,2021-05-03,NVDA,0.016666666666666666
combined_equal_weight,2021-06-01,NVDA,0.016666666666666666
combined_equal_weight,2021-07-01,NVDA,0.016666666666666666
combined_equal_weight,2021-08-02,NVDA,0.016666666666666666
combined_equal_weight,2021-09-01,NVDA,0.016666666666666666
combined_equal_weight,2021-10-01,NVDA,0.016666666666666666
combined_equal_weight,2021-11-01,NVDA,0.016666666666666666
combined_equal_weight,2021-12-01,NVDA,0.016666666666666666
combined_equal_weight,2022-01-03,NVDA,0.016666666666666666
combined_equal_weight,2022-02-01,NVDA,0.016666666666666666
combined_equal_weight,2022-03-01,NVDA,0.016666666666666666
combined_equal_weight,2022-04-01,NVDA,0.016666666666666666
combined_equal_weight,2022-05-02,NVDA,0.016666666666666666
combined_equal_weight,2022-06-01,NVDA,0.016666666666666666
combined_equal_weight,2022-07-01,NVDA,0.016666666666666666
combined_equal_weight,2022-08-01,NVDA,0.016666666666666666
combined_equal_weight,2022-09-01,NVDA,0.016666666666666666
combined_equal_weight,2022-10-03,NVDA,0.016666666666666666
combined_equal_weight,2022-11-01,NVDA,0.016666666666666666
combined_equal_weight,2022-12-01,NVDA,0.016666666666666666
combined_equal_weight,2023-01-03,NVDA,0.016666666666666666
combined_equal_weight,2023-02-01,NVDA,0.016666666666666666
combined_equal_weight,2023-03-01,NVDA,0.016666666666666666
combined_equal_weight,2023-04-03,NVDA,0.016666666666666666
combined_equal_weight,2023-05-01,NVDA,0.016666666666666666
combined_equal_weight,2023-06-01,NVDA,0.016666666666666666
combined_equal_weight,2023-07-03,NVDA,0.016666666666666666
combined_equal_weight,2023-08-01,NVDA,0.016666666666666666
combined_equal_weight,2023-09-01,NVDA,0.016666666666666666
combined_equal_weight,2023-10-02,NVDA,0.016666666666666666
combined_equal_weight,2023-11-01,NVDA,0.016666666666666666
combined_equal_weight,2023-12-01,NVDA,0.016666666666666666
combined_equal_weight,2021-01-04,O,0.016666666666666666
combined_equal_weight,2021-02-01,O,0.016666666666666666
combined_equal_weight,2021-03-01,O,0.016666666666666666
combined_equal_weight,2021-04-01,O,0.016666666666666666
combined_equal_weight,2021-05-03,O,0.016666666666666666
combined_equal_weight,2021-06-01,O,0.016666666666666666
combined_equal_weight,2021-07-01,O,0.016666666666666666
combined_equal_weight,2021-08-02,O,0.016666666666666666
combined_equal_weight,2021-09-01,O,0.016666666666666666
combined_equal_weight,2021-10-01,O,0.016666666666666666
combined_equal_weight,2021-11-01,O,0.016666666666666666
combined_equal_weight,2021-12-01,O,0.016666666666666666
combined_equal_weight,2022-01-03,O,0.016666666666666666
combined_equal_weight,2022-02-01,O,0.016666666666666666
combined_equal_weight,2022-03-01,O,0.016666666666666666
combined_equal_weight,2022-04-01,O,0.016666666666666666
combined_equal_weight,2022-05-02,O,0.016666666666666666
combined_equal_weight,2022-06-01,O,0.016666666666666666
combined_equal_weight,2022-07-01,O,0.016666666666666666
combined_equal_weight,2022-08-01,O,0.016666666666666666
combined_equal_weight,2022-09-01,O,0.016666666666666666
combined_equal_weight,2022-10-03,O,0.016666666666666666
combined_equal_weight,2022-11-01,O,0.016666666666666666
combined_equal_weight,2022-12-01,O,0.016666666666666666
combined_equal_weight,2023-01-03,O,0.016666666666666666
combined_equal_weight,2023-02-01,O,0.016666666666666666
combined_equal_weight,2023-03-01,O,0.016666666666666666
combined_equal_weight,2023-04-03,O,0.016666666666666666
combined_equal_weight,2023-05-01,O,0.016666666666666666
combined_equal_weight,2023-06-01,O,0.016666666666666666
combined_equal_weight,2023-07-03,O,0.016666666666666666
combined_equal_weight,2023-08-01,O,0.016666666666666666
combined_equal_weight,2023-09-01,O,0.016666666666666666
combined_equal_weight,2023-10-02,O,0.016666666666666666
combined_equal_weight,2023-11-01,O,0.016666666666666666
combined_equal_weight,2023-12-01,O,0.016666666666666666
combined_equal_weight,2021-01-04,OXY,0.016666666666666666
combined_equal_weight,2021-02-01,OXY,0.016666666666666666
combined_equal_weight,2021-03-01,OXY,0.016666666666666666
combined_equal_weight,2021-04-01,OXY,0.016666666666666666
combined_equal_weight,2021-05-03,OXY,0.016666666666666666
combined_equal_weight,2021-06-01,OXY,0.016666666666666666
combined_equal_weight,2021-07-01,OXY,0.016666666666666666
combined_equal_weight,2021-08-02,OXY,0.016666666666666666
combined_equal_weight,2021-09-01,OXY,0.016666666666666666
combined_equal_weight,2021-10-01,OXY,0.016666666666666666
combined_equal_weight,2021-11-01,OXY,0.016666666666666666
combined_equal_weight,2021-12-01,OXY,0.016666666666666666
combined_equal_weight,2022-01-03,OXY,0.016666666666666666
combined_equal_weight,2022-02-01,OXY,0.016666666666666666
combined_equal_weight,2022-03-01,OXY,0.016666666666666666
combined_equal_weight,2022-04-01,OXY,0.016666666666666666
combined_equal_weight,2022-05-02,OXY,0.016666666666666666
combined_equal_weight,2022-06-01,OXY,0.016666666666666666
combined_equal_weight,2022-07-01,OXY,0.016666666666666666
combined_equal_weight,2022-08-01,OXY,0.016666666666666666
combined_equal_weight,2022-09-01,OXY,0.016666666666666666
combined_equal_weight,2022-10-03,OXY,0.016666666666666666
combined_equal_weight,2022-11-01,OXY,0.016666666666666666
combined_equal_weight,2022-12-01,OXY,0.016666666666666666
combined_equal_weight,2023-01-03,OXY,0.016666666666666666
combined_equal_weight,2023-02-01,OXY,0.016666666666666666
combined_equal_weight,2023-03-01,OXY,0.016666666666666666
combined_equal_weight,2023-04-03,OXY,0.016666666666666666
combined_equal_weight,2023-05-01,OXY,0.016666666666666666
combined_equal_weight,2023-06-01,OXY,0.016666666666666666
combined_equal_weight,2023-07-03,OXY,0.016666666666666666
combined_equal_weight,2023-08-01,OXY,0.016666666666666666
combined_equal_weight,2023-09-01,OXY,0.016666666666666666
combined_equal_weight,2023-10-02,OXY,0.016666666666666666
combined_equal_weight,2023-11-01,OXY,0.016666666666666666
combined_equal_weight,2023-12-01,OXY,0.016666666666666666
combined_equal_weight,2021-01-04,PLD,0.016666666666666666
combined_equal_weight,2021-02-01,PLD,0.016666666666666666
combined_equal_weight,2021-03-01,PLD,0.016666666666666666
combined_equal_weight,2021-04-01,PLD,0.016666666666666666
combined_equal_weight,2021-05-03,PLD,0.016666666666666666
combined_equal_weight,2021-06-01,PLD,0.016666666666666666
combined_equal_weight,2021-07-01,PLD,0.016666666666666666
combined_equal_weight,2021-08-02,PLD,0.016666666666666666
combined_equal_weight,2021-09-01,PLD,0.016666666666666666
combined_equal_weight,2021-10-01,PLD,0.016666666666666666
combined_equal_weight,2021-11-01,PLD,0.016666666666666666
combined_equal_weight,2021-12-01,PLD,0.016666666666666666
combined_equal_weight,2022-01-03,PLD,0.016666666666666666
combined_equal_weight,2022-02-01,PLD,0.016666666666666666
combined_equal_weight,2022-03-01,PLD,0.016666666666666666
combined_equal_weight,2022-04-01,PLD,0.016666666666666666
combined_equal_weight,2022-05-02,PLD,0.016666666666666666
combined_equal_weight,2022-06-01,PLD,0.016666666666666666
combined_equal_weight,2022-07-01,PLD,0.016666666666666666
combined_equal_weight,2022-08-01,PLD,0.016666666666666666
combined_equal_weight,2022-09-01,PLD,0.016666666666666666
combined_equal_weight,2022-10-03,PLD,0.016666666666666666
combined_equal_weight,2022-11-01,PLD,0.016666666666666666
combined_equal_weight,2022-12-01,PLD,0.016666666666666666
combined_equal_weight,2023-01-03,PLD,0.016666666666666666
combined_equal_weight,2023-02-01,PLD,0.016666666666666666
combined_equal_weight,2023-03-01,PLD,0.016666666666666666
combined_equal_weight,2023-04-03,PLD,0.016666666666666666
combined_equal_weight,2023-05-01,PLD,0.016666666666666666
combined_equal_weight,2023-06-01,PLD,0.016666666666666666
combined_equal_weight,2023-07-03,PLD,0.016666666666666666
combined_equal_weight,2023-08-01,PLD,0.016666666666666666
combined_equal_weight,2023-09-01,PLD,0.016666666666666666
combined_equal_weight,2023-10-02,PLD,0.016666666666666666
combined_equal_weight,2023-11-01,PLD,0.016666666666666666
combined_equal_weight,2023-12-01,PLD,0.016666666666666666
combined_equal_weight,2021-01-04,PSA,0.016666666666666666
combined_equal_weight,2021-02-01,PSA,0.016666666666666666
combined_equal_weight,2021-03-01,PSA,0.016666666666666666
combined_equal_weight,2021-04-01,PSA,0.016666666666666666
combined_equal_weight,2021-05-03,PSA,0.016666666666666666
combined_equal_weight,2021-06-01,PSA,0.016666666666666666
combined_equal_weight,2021-07-01,PSA,0.016666666666666666
combined_equal_weight,2021-08-02,PSA,0.016666666666666666
combined_equal_weight,2021-09-01,PSA,0.016666666666666666
combined_equal_weight,2021-10-01,PSA,0.016666666666666666
combined_equal_weight,2021-11-01,PSA,0.016666666666666666
combined_equal_weight,2021-12-01,PSA,0.016666666666666666
combined_equal_weight,2022-01-03,PSA,0.016666666666666666
combined_equal_weight,2022-02-01,PSA,0.016666666666666666
combined_equal_weight,2022-03-01,PSA,0.016666666666666666
combined_equal_weight,2022-04-01,PSA,0.016666666666666666
combined_equal_weight,2022-05-02,PSA,0.016666666666666666
combined_equal_weight,2022-06-01,PSA,0.016666666666666666
combined_equal_weight,2022-07-01,PSA,0.016666666666666666
combined_equal_weight,2022-08-01,PSA,0.016666666666666666
combined_equal_weight,2022-09-01,PSA,0.016666666666666666
combined_equal_weight,2022-10-03,PSA,0.016666666666666666
combined_equal_weight,2022-11-01,PSA,0.016666666666666666
combined_equal_weight,2022-12-01,PSA,0.016666666666666666
combined_equal_weight,2023-01-03,PSA,0.016666666666666666
combined_equal_weight,2023-02-01,PSA,0.016666666666666666
combined_equal_weight,2023-03-01,PSA,0.016666666666666666
combined_equal_weight,2023-04-03,PSA,0.016666666666666666
combined_equal_weight,2023-05-01,PSA,0.016666666666666666
combined_equal_weight,2023-06-01,PSA,0.016666666666666666
combined_equal_weight,2023-07-03,PSA,0.016666666666666666
combined_equal_weight,2023-08-01,PSA,0.016666666666666666
combined_equal_weight,2023-09-01,PSA,0.016666666666666666
combined_equal_weight,2023-10-02,PSA,0.016666666666666666
combined_equal_weight,2023-11-01,PSA,0.016666666666666666
combined_equal_weight,2023-12-01,PSA,0.016666666666666666
combined_equal_weight,2021-01-04,QCOM,0.016666666666666666
combined_equal_weight,2021-02-01,QCOM,0.016666666666666666
combined_equal_weight,2021-03-01,QCOM,0.016666666666666666
combined_equal_weight,2021-04-01,QCOM,0.016666666666666666
combined_equal_weight,2021-05-03,QCOM,0.016666666666666666
combined_equal_weight,2021-06-01,QCOM,0.016666666666666666
combined_equal_weight,2021-07-01,QCOM,0.016666666666666666
combined_equal_weight,2021-08-02,QCOM,0.016666666666666666
combined_equal_weight,2021-09-01,QCOM,0.016666666666666666
combined_equal_weight,2021-10-01,QCOM,0.016666666666666666
combined_equal_weight,2021-11-01,QCOM,0.016666666666666666
combined_equal_weight,2021-12-01,QCOM,0.016666666666666666
combined_equal_weight,2022-01-03,QCOM,0.016666666666666666
combined_equal_weight,2022-02-01,QCOM,0.016666666666666666
combined_equal_weight,2022-03-01,QCOM,0.016666666666666666
combined_equal_weight,2022-04-01,QCOM,0.016666666666666666
combined_equal_weight,2022-05-02,QCOM,0.016666666666666666
combined_equal_weight,2022-06-01,QCOM,0.016666666666666666
combined_equal_weight,2022-07-01,QCOM,0.016666666666666666
combined_equal_weight,2022-08-01,QCOM,0.016666666666666666
combined_equal_weight,2022-09-01,QCOM,0.016666666666666666
combined_equal_weight,2022-10-03,QCOM,0.016666666666666666
combined_equal_weight,2022-11-01,QCOM,0.016666666666666666
combined_equal_weight,2022-12-01,QCOM,0.016666666666666666
combined_equal_weight,2023-01-03,QCOM,0.016666666666666666
combined_equal_weight,2023-02-01,QCOM,0.016666666666666666
combined_equal_weight,2023-03-01,QCOM,0.016666666666666666
combined_equal_weight,2023-04-03,QCOM,0.016666666666666666
combined_equal_weight,2023-05-01,QCOM,0.016666666666666666
combined_equal_weight,2023-06-01,QCOM,0.016666666666666666
combined_equal_weight,2023-07-03,QCOM,0.016666666666666666
combined_equal_weight,2023-08-01,QCOM,0.016666666666666666
combined_equal_weight,2023-09-01,QCOM,0.016666666666666666
combined_equal_weight,2023-10-02,QCOM,0.016666666666666666
combined_equal_weight,2023-11-01,QCOM,0.016666666666666666
combined_equal_weight,2023-12-01,QCOM,0.016666666666666666
combined_equal_weight,2021-01-04,SBUX,0.016666666666666666
combined_equal_weight,2021-02-01,SBUX,0.016666666666666666
combined_equal_weight,2021-03-01,SBUX,0.016666666666666666
combined_equal_weight,2021-04-01,SBUX,0.016666666666666666
combined_equal_weight,2021-05-03,SBUX,0.016666666666666666
combined_equal_weight,2021-06-01,SBUX,0.016666666666666666
combined_equal_weight,2021-07-01,SBUX,0.016666666666666666
combined_equal_weight,2021-08-02,SBUX,0.016666666666666666
combined_equal_weight,2021-09-01,SBUX,0.016666666666666666
combined_equal_weight,2021-10-01,SBUX,0.016666666666666666
combined_equal_weight,2021-11-01,SBUX,0.016666666666666666
combined_equal_weight,2021-12-01,SBUX,0.016666666666666666
combined_equal_weight,2022-01-03,SBUX,0.016666666666666666
combined_equal_weight,2022-02-01,SBUX,0.016666666666666666
combined_equal_weight,2022-03-01,SBUX,0.016666666666666666
combined_equal_weight,2022-04-01,SBUX,0.016666666666666666
combined_equal_weight,2022-05-02,SBUX,0.016666666666666666
combined_equal_weight,2022-06-01,SBUX,0.016666666666666666
combined_equal_weight,2022-07-01,SBUX,0.016666666666666666
combined_equal_weight,2022-08-01,SBUX,0.016666666666666666
combined_equal_weight,2022-09-01,SBUX,0.016666666666666666
combined_equal_weight,2022-10-03,SBUX,0.016666666666666666
combined_equal_weight,2022-11-01,SBUX,0.016666666666666666
combined_equal_weight,2022-12-01,SBUX,0.016666666666666666
combined_equal_weight,2023-01-03,SBUX,0.016666666666666666
combined_equal_weight,2023-02-01,SBUX,0.016666666666666666
combined_equal_weight,2023-03-01,SBUX,0.016666666666666666
combined_equal_weight,2023-04-03,SBUX,0.016666666666666666
combined_equal_weight,2023-05-01,SBUX,0.016666666666666666
combined_equal_weight,2023-06-01,SBUX,0.016666666666666666
combined_equal_weight,2023-07-03,SBUX,0.016666666666666666
combined_equal_weight,2023-08-01,SBUX,0.016666666666666666
combined_equal_weight,2023-09-01,SBUX,0.016666666666666666
combined_equal_weight,2023-10-02,SBUX,0.016666666666666666
combined_equal_weight,2023-11-01,SBUX,0.016666666666666666
combined_equal_weight,2023-12-01,SBUX,0.016666666666666666
combined_equal_weight,2021-01-04,SHW,0.016666666666666666
combined_equal_weight,2021-02-01,SHW,0.016666666666666666
combined_equal_weight,2021-03-01,SHW,0.016666666666666666
combined_equal_weight,2021-04-01,SHW,0.016666666666666666
combined_equal_weight,2021-05-03,SHW,0.016666666666666666
combined_equal_weight,2021-06-01,SHW,0.016666666666666666
combined_equal_weight,2021-07-01,SHW,0.016666666666666666
combined_equal_weight,2021-08-02,SHW,0.016666666666666666
combined_equal_weight,2021-09-01,SHW,0.016666666666666666
combined_equal_weight,2021-10-01,SHW,0.016666666666666666
combined_equal_weight,2021-11-01,SHW,0.016666666666666666
combined_equal_weight,2021-12-01,SHW,0.016666666666666666
combined_equal_weight,2022-01-03,SHW,0.016666666666666666
combined_equal_weight,2022-02-01,SHW,0.016666666666666666
combined_equal_weight,2022-03-01,SHW,0.016666666666666666
combined_equal_weight,2022-04-01,SHW,0.016666666666666666
combined_equal_weight,2022-05-02,SHW,0.016666666666666666
combined_equal_weight,2022-06-01,SHW,0.016666666666666666
combined_equal_weight,2022-07-01,SHW,0.016666666666666666
combined_equal_weight,2022-08-01,SHW,0.016666666666666666
combined_equal_weight,2022-09-01,SHW,0.016666666666666666
combined_equal_weight,2022-10-03,SHW,0.016666666666666666
combined_equal_weight,2022-11-01,SHW,0.016666666666666666
combined_equal_weight,2022-12-01,SHW,0.016666666666666666
combined_equal_weight,2023-01-03,SHW,0.016666666666666666
combined_equal_weight,2023-02-01,SHW,0.016666666666666666
combined_equal_weight,2023-03-01,SHW,0.016666666666666666
combined_equal_weight,2023-04-03,SHW,0.016666666666666666
combined_equal_weight,2023-05-01,SHW,0.016666666666666666
combined_equal_weight,2023-06-01,SHW,0.016666666666666666
combined_equal_weight,2023-07-03,SHW,0.016666666666666666
combined_equal_weight,2023-08-01,SHW,0.016666666666666666
combined_equal_weight,2023-09-01,SHW,0.016666666666666666
combined_equal_weight,2023-10-02,SHW,0.016666666666666666
combined_equal_weight,2023-11-01,SHW,0.016666666666666666
combined_equal_weight,2023-12-01,SHW,0.016666666666666666
combined_equal_weight,2021-01-04,SLB,0.016666666666666666
combined_equal_weight,2021-02-01,SLB,0.016666666666666666
combined_equal_weight,2021-03-01,SLB,0.016666666666666666
combined_equal_weight,2021-04-01,SLB,0.016666666666666666
combined_equal_weight,2021-05-03,SLB,0.016666666666666666
combined_equal_weight,2021-06-01,SLB,0.016666666666666666
combined_equal_weight,2021-07-01,SLB,0.016666666666666666
combined_equal_weight,2021-08-02,SLB,0.016666666666666666
combined_equal_weight,2021-09-01,SLB,0.016666666666666666
combined_equal_weight,2021-10-01,SLB,0.016666666666666666
combined_equal_weight,2021-11-01,SLB,0.016666666666666666
combined_equal_weight,2021-12-01,SLB,0.016666666666666666
combined_equal_weight,2022-01-03,SLB,0.016666666666666666
combined_equal_weight,2022-02-01,SLB,0.016666666666666666
combined_equal_weight,2022-03-01,SLB,0.016666666666666666
combined_equal_weight,2022-04-01,SLB,0.016666666666666666
combined_equal_weight,2022-05-02,SLB,0.016666666666666666
combined_equal_weight,2022-06-01,SLB,0.016666666666666666
combined_equal_weight,2022-07-01,SLB,0.016666666666666666
combined_equal_weight,2022-08-01,SLB,0.016666666666666666
combined_equal_weight,2022-09-01,SLB,0.016666666666666666
combined_equal_weight,2022-10-03,SLB,0.016666666666666666
combined_equal_weight,2022-11-01,SLB,0.016666666666666666
combined_equal_weight,2022-12-01,SLB,0.016666666666666666
combined_equal_weight,2023-01-03,SLB,0.016666666666666666
combined_equal_weight,2023-02-01,SLB,0.016666666666666666
combined_equal_weight,2023-03-01,SLB,0.016666666666666666
combined_equal_weight,2023-04-03,SLB,0.016666666666666666
combined_equal_weight,2023-05-01,SLB,0.016666666666666666
combined_equal_weight,2023-06-01,SLB,0.016666666666666666
combined_equal_weight,2023-07-03,SLB,0.016666666666666666
combined_equal_weight,2023-08-01,SLB,0.016666666666666666
combined_equal_weight,2023-09-01,SLB,0.016666666666666666
combined_equal_weight,2023-10-02,SLB,0.016666666666666666
combined_equal_weight,2023-11-01,SLB,0.016666666666666666
combined_equal_weight,2023-12-01,SLB,0.016666666666666666
combined_equal_weight,2021-01-04,SO,0.016666666666666666
combined_equal_weight,2021-02-01,SO,0.016666666666666666
combined_equal_weight,2021-03-01,SO,0.016666666666666666
combined_equal_weight,2021-04-01,SO,0.016666666666666666
combined_equal_weight,2021-05-03,SO,0.016666666666666666
combined_equal_weight,2021-06-01,SO,0.016666666666666666
combined_equal_weight,2021-07-01,SO,0.016666666666666666
combined_equal_weight,2021-08-02,SO,0.016666666666666666
combined_equal_weight,2021-09-01,SO,0.016666666666666666
combined_equal_weight,2021-10-01,SO,0.016666666666666666
combined_equal_weight,2021-11-01,SO,0.016666666666666666
combined_equal_weight,2021-12-01,SO,0.016666666666666666
combined_equal_weight,2022-01-03,SO,0.016666666666666666
combined_equal_weight,2022-02-01,SO,0.016666666666666666
combined_equal_weight,2022-03-01,SO,0.016666666666666666
combined_equal_weight,2022-04-01,SO,0.016666666666666666
combined_equal_weight,2022-05-02,SO,0.016666666666666666
combined_equal_weight,2022-06-01,SO,0.016666666666666666
combined_equal_weight,2022-07-01,SO,0.016666666666666666
combined_equal_weight,2022-08-01,SO,0.016666666666666666
combined_equal_weight,2022-09-01,SO,0.016666666666666666
combined_equal_weight,2022-10-03,SO,0.016666666666666666
combined_equal_weight,2022-11-01,SO,0.016666666666666666
combined_equal_weight,2022-12-01,SO,0.016666666666666666
combined_equal_weight,2023-01-03,SO,0.016666666666666666
combined_equal_weight,2023-02-01,SO,0.016666666666666666
combined_equal_weight,2023-03-01,SO,0.016666666666666666
combined_equal_weight,2023-04-03,SO,0.016666666666666666
combined_equal_weight,2023-05-01,SO,0.016666666666666666
combined_equal_weight,2023-06-01,SO,0.016666666666666666
combined_equal_weight,2023-07-03,SO,0.016666666666666666
combined_equal_weight,2023-08-01,SO,0.016666666666666666
combined_equal_weight,2023-09-01,SO,0.016666666666666666
combined_equal_weight,2023-10-02,SO,0.016666666666666666
combined_equal_weight,2023-11-01,SO,0.016666666666666666
combined_equal_weight,2023-12-01,SO,0.016666666666666666
combined_equal_weight,2021-01-04,T,0.016666666666666666
combined_equal_weight,2021-02-01,T,0.016666666666666666
combined_equal_weight,2021-03-01,T,0.016666666666666666
combined_equal_weight,2021-04-01,T,0.016666666666666666
combined_equal_weight,2021-05-03,T,0.016666666666666666
combined_equal_weight,2021-06-01,T,0.016666666666666666
combined_equal_weight,2021-07-01,T,0.016666666666666666
combined_equal_weight,2021-08-02,T,0.016666666666666666
combined_equal_weight,2021-09-01,T,0.016666666666666666
combined_equal_weight,2021-10-01,T,0.016666666666666666
combined_equal_weight,2021-11-01,T,0.016666666666666666
combined_equal_weight,2021-12-01,T,0.016666666666666666
combined_equal_weight,2022-01-03,T,0.016666666666666666
combined_equal_weight,2022-02-01,T,0.016666666666666666
combined_equal_weight,2022-03-01,T,0.016666666666666666
combined_equal_weight,2022-04-01,T,0.016666666666666666
combined_equal_weight,2022-05-02,T,0.016666666666666666
combined_equal_weight,2022-06-01,T,0.016666666666666666
combined_equal_weight,2022-07-01,T,0.016666666666666666
combined_equal_weight,2022-08-01,T,0.016666666666666666
combined_equal_weight,2022-09-01,T,0.016666666666666666
combined_equal_weight,2022-10-03,T,0.016666666666666666
combined_equal_weight,2022-11-01,T,0.016666666666666666
combined_equal_weight,2022-12-01,T,0.016666666666666666
combined_equal_weight,2023-01-03,T,0.016666666666666666
combined_equal_weight,2023-02-01,T,0.016666666666666666
combined_equal_weight,2023-03-01,T,0.016666666666666666
combined_equal_weight,2023-04-03,T,0.016666666666666666
combined_equal_weight,2023-05-01,T,0.016666666666666666
combined_equal_weight,2023-06-01,T,0.016666666666666666
combined_equal_weight,2023-07-03,T,0.016666666666666666
combined_equal_weight,2023-08-01,T,0.016666666666666666
combined_equal_weight,2023-09-01,T,0.016666666666666666
combined_equal_weight,2023-10-02,T,0.016666666666666666
combined_equal_weight,2023-11-01,T,0.016666666666666666
combined_equal_weight,2023-12-01,T,0.016666666666666666
combined_equal_weight,2021-01-04,TMUS,0.016666666666666666
combined_equal_weight,2021-02-01,TMUS,0.016666666666666666
combined_equal_weight,2021-03-01,TMUS,0.016666666666666666
combined_equal_weight,2021-04-01,TMUS,0.016666666666666666
combined_equal_weight,2021-05-03,TMUS,0.016666666666666666
combined_equal_weight,2021-06-01,TMUS,0.016666666666666666
combined_equal_weight,2021-07-01,TMUS,0.016666666666666666
combined_equal_weight,2021-08-02,TMUS,0.016666666666666666
combined_equal_weight,2021-09-01,TMUS,0.016666666666666666
combined_equal_weight,2021-10-01,TMUS,0.016666666666666666
combined_equal_weight,2021-11-01,TMUS,0.016666666666666666
combined_equal_weight,2021-12-01,TMUS,0.016666666666666666
combined_equal_weight,2022-01-03,TMUS,0.016666666666666666
combined_equal_weight,2022-02-01,TMUS,0.016666666666666666
combined_equal_weight,2022-03-01,TMUS,0.016666666666666666
combined_equal_weight,2022-04-01,TMUS,0.016666666666666666
combined_equal_weight,2022-05-02,TMUS,0.016666666666666666
combined_equal_weight,2022-06-01,TMUS,0.016666666666666666
combined_equal_weight,2022-07-01,TMUS,0.016666666666666666
combined_equal_weight,2022-08-01,TMUS,0.016666666666666666
combined_equal_weight,2022-09-01,TMUS,0.016666666666666666
combined_equal_weight,2022-10-03,TMUS,0.016666666666666666
combined_equal_weight,2022-11-01,TMUS,0.016666666666666666
combined_equal_weight,2022-12-01,TMUS,0.016666666666666666
combined_equal_weight,2023-01-03,TMUS,0.016666666666666666
combined_equal_weight,2023-02-01,TMUS,0.016666666666666666
combined_equal_weight,2023-03-01,TMUS,0.016666666666666666
combined_equal_weight,2023-04-03,TMUS,0.016666666666666666
combined_equal_weight,2023-05-01,TMUS,0.016666666666666666
combined_equal_weight,2023-06-01,TMUS,0.016666666666666666
combined_equal_weight,2023-07-03,TMUS,0.016666666666666666
combined_equal_weight,2023-08-01,TMUS,0.016666666666666666
combined_equal_weight,2023-09-01,TMUS,0.016666666666666666
combined_equal_weight,2023-10-02,TMUS,0.016666666666666666
combined_equal_weight,2023-11-01,TMUS,0.016666666666666666
combined_equal_weight,2023-12-01,TMUS,0.016666666666666666
combined_equal_weight,2021-01-04,TTWO,0.016666666666666666
combined_equal_weight,2021-02-01,TTWO,0.016666666666666666
combined_equal_weight,2021-03-01,TTWO,0.016666666666666666
combined_equal_weight,2021-04-01,TTWO,0.016666666666666666
combined_equal_weight,2021-05-03,TTWO,0.016666666666666666
combined_equal_weight,2021-06-01,TTWO,0.016666666666666666
combined_equal_weight,2021-07-01,TTWO,0.016666666666666666
combined_equal_weight,2021-08-02,TTWO,0.016666666666666666
combined_equal_weight,2021-09-01,TTWO,0.016666666666666666
combined_equal_weight,2021-10-01,TTWO,0.016666666666666666
combined_equal_weight,2021-11-01,TTWO,0.016666666666666666
combined_equal_weight,2021-12-01,TTWO,0.016666666666666666
combined_equal_weight,2022-01-03,TTWO,0.016666666666666666
combined_equal_weight,2022-02-01,TTWO,0.016666666666666666
combined_equal_weight,2022-03-01,TTWO,0.016666666666666666
combined_equal_weight,2022-04-01,TTWO,0.016666666666666666
combined_equal_weight,2022-05-02,TTWO,0.016666666666666666
combined_equal_weight,2022-06-01,TTWO,0.016666666666666666
combined_equal_weight,2022-07-01,TTWO,0.016666666666666666
combined_equal_weight,2022-08-01,TTWO,0.016666666666666666
combined_equal_weight,2022-09-01,TTWO,0.016666666666666666
combined_equal_weight,2022-10-03,TTWO,0.016666666666666666
combined_equal_weight,2022-11-01,TTWO,0.016666666666666666
combined_equal_weight,2022-12-01,TTWO,0.016666666666666666
combined_equal_weight,2023-01-03,TTWO,0.016666666666666666
combined_equal_weight,2023-02-01,TTWO,0.016666666666666666
combined_equal_weight,2023-03-01,TTWO,0.016666666666666666
combined_equal_weight,2023-04-03,TTWO,0.016666666666666666
combined_equal_weight,2023-05-01,TTWO,0.016666666666666666
combined_equal_weight,2023-06-01,TTWO,0.016666666666666666
combined_equal_weight,2023-07-03,TTWO,0.016666666666666666
combined_equal_weight,2023-08-01,TTWO,0.016666666666666666
combined_equal_weight,2023-09-01,TTWO,0.016666666666666666
combined_equal_weight,2023-10-02,TTWO,0.016666666666666666
combined_equal_weight,2023-11-01,TTWO,0.016666666666666666
combined_equal_weight,2023-12-01,TTWO,0.016666666666666666
combined_equal_weight,2021-01-04,UPS,0.016666666666666666
combined_equal_weight,2021-02-01,UPS,0.016666666666666666
combined_equal_weight,2021-03-01,UPS,0.016666666666666666
combined_equal_weight,2021-04-01,UPS,0.016666666666666666
combined_equal_weight,2021-05-03,UPS,0.016666666666666666
combined_equal_weight,2021-06-01,UPS,0.016666666666666666
combined_equal_weight,2021-07-01,UPS,0.016666666666666666
combined_equal_weight,2021-08-02,UPS,0.016666666666666666
combined_equal_weight,2021-09-01,UPS,0.016666666666666666
combined_equal_weight,2021-10-01,UPS,0.016666666666666666
combined_equal_weight,2021-11-01,UPS,0.016666666666666666
combined_equal_weight,2021-12-01,UPS,0.016666666666666666
combined_equal_weight,2022-01-03,UPS,0.016666666666666666
combined_equal_weight,2022-02-01,UPS,0.016666666666666666
combined_equal_weight,2022-03-01,UPS,0.016666666666666666
combined_equal_weight,2022-04-01,UPS,0.016666666666666666
combined_equal_weight,2022-05-02,UPS,0.016666666666666666
combined_equal_weight,2022-06-01,UPS,0.016666666666666666
combined_equal_weight,2022-07-01,UPS,0.016666666666666666
combined_equal_weight,2022-08-01,UPS,0.016666666666666666
combined_equal_weight,2022-09-01,UPS,0.016666666666666666
combined_equal_weight,2022-10-03,UPS,0.016666666666666666
combined_equal_weight,2022-11-01,UPS,0.016666666666666666
combined_equal_weight,2022-12-01,UPS,0.016666666666666666
combined_equal_weight,2023-01-03,UPS,0.016666666666666666
combined_equal_weight,2023-02-01,UPS,0.016666666666666666
combined_equal_weight,2023-03-01,UPS,0.016666666666666666
combined_equal_weight,2023-04-03,UPS,0.016666666666666666
combined_equal_weight,2023-05-01,UPS,0.016666666666666666
combined_equal_weight,2023-06-01,UPS,0.016666666666666666
combined_equal_weight,2023-07-03,UPS,0.016666666666666666
combined_equal_weight,2023-08-01,UPS,0.016666666666666666
combined_equal_weight,2023-09-01,UPS,0.016666666666666666
combined_equal_weight,2023-10-02,UPS,0.016666666666666666
combined_equal_weight,2023-11-01,UPS,0.016666666666666666
combined_equal_weight,2023-12-01,UPS,0.016666666666666666
combined_equal_weight,2021-01-04,USB,0.016666666666666666
combined_equal_weight,2021-02-01,USB,0.016666666666666666
combined_equal_weight,2021-03-01,USB,0.016666666666666666
combined_equal_weight,2021-04-01,USB,0.016666666666666666
combined_equal_weight,2021-05-03,USB,0.016666666666666666
combined_equal_weight,2021-06-01,USB,0.016666666666666666
combined_equal_weight,2021-07-01,USB,0.016666666666666666
combined_equal_weight,2021-08-02,USB,0.016666666666666666
combined_equal_weight,2021-09-01,USB,0.016666666666666666
combined_equal_weight,2021-10-01,USB,0.016666666666666666
combined_equal_weight,2021-11-01,USB,0.016666666666666666
combined_equal_weight,2021-12-01,USB,0.016666666666666666
combined_equal_weight,2022-01-03,USB,0.016666666666666666
combined_equal_weight,2022-02-01,USB,0.016666666666666666
combined_equal_weight,2022-03-01,USB,0.016666666666666666
combined_equal_weight,2022-04-01,USB,0.016666666666666666
combined_equal_weight,2022-05-02,USB,0.016666666666666666
combined_equal_weight,2022-06-01,USB,0.016666666666666666
combined_equal_weight,2022-07-01,USB,0.016666666666666666
combined_equal_weight,2022-08-01,USB,0.016666666666666666
combined_equal_weight,2022-09-01,USB,0.016666666666666666
combined_equal_weight,2022-10-03,USB,0.016666666666666666
combined_equal_weight,2022-11-01,USB,0.016666666666666666
combined_equal_weight,2022-12-01,USB,0.016666666666666666
combined_equal_weight,2023-01-03,USB,0.016666666666666666
combined_equal_weight,2023-02-01,USB,0.016666666666666666
combined_equal_weight,2023-03-01,USB,0.016666666666666666
combined_equal_weight,2023-04-03,USB,0.016666666666666666
combined_equal_weight,2023-05-01,USB,0.016666666666666666
combined_equal_weight,2023-06-01,USB,0.016666666666666666
combined_equal_weight,2023-07-03,USB,0.016666666666666666
combined_equal_weight,2023-08-01,USB,0.016666666666666666
combined_equal_weight,2023-09-01,USB,0.016666666666666666
combined_equal_weight,2023-10-02,USB,0.016666666666666666
combined_equal_weight,2023-11-01,USB,0.016666666666666666
combined_equal_weight,2023-12-01,USB,0.016666666666666666
combined_equal_weight,2021-01-04,V,0.016666666666666666
combined_equal_weight,2021-02-01,V,0.016666666666666666
combined_equal_weight,2021-03-01,V,0.016666666666666666
combined_equal_weight,2021-04-01,V,0.016666666666666666
combined_equal_weight,2021-05-03,V,0.016666666666666666
combined_equal_weight,2021-06-01,V,0.016666666666666666
combined_equal_weight,2021-07-01,V,0.016666666666666666
combined_equal_weight,2021-08-02,V,0.016666666666666666
combined_equal_weight,2021-09-01,V,0.016666666666666666
combined_equal_weight,2021-10-01,V,0.016666666666666666
combined_equal_weight,2021-11-01,V,0.016666666666666666
combined_equal_weight,2021-12-01,V,0.016666666666666666
combined_equal_weight,2022-01-03,V,0.016666666666666666
combined_equal_weight,2022-02-01,V,0.016666666666666666
combined_equal_weight,2022-03-01,V,0.016666666666666666
combined_equal_weight,2022-04-01,V,0.016666666666666666
combined_equal_weight,2022-05-02,V,0.016666666666666666
combined_equal_weight,2022-06-01,V,0.016666666666666666
combined_equal_weight,2022-07-01,V,0.016666666666666666
combined_equal_weight,2022-08-01,V,0.016666666666666666
combined_equal_weight,2022-09-01,V,0.016666666666666666
combined_equal_weight,2022-10-03,V,0.016666666666666666
combined_equal_weight,2022-11-01,V,0.016666666666666666
combined_equal_weight,2022-12-01,V,0.016666666666666666
combined_equal_weight,2023-01-03,V,0.016666666666666666
combined_equal_weight,2023-02-01,V,0.016666666666666666
combined_equal_weight,2023-03-01,V,0.016666666666666666
combined_equal_weight,2023-04-03,V,0.016666666666666666
combined_equal_weight,2023-05-01,V,0.016666666666666666
combined_equal_weight,2023-06-01,V,0.016666666666666666
combined_equal_weight,2023-07-03,V,0.016666666666666666
combined_equal_weight,2023-08-01,V,0.016666666666666666
combined_equal_weight,2023-09-01,V,0.016666666666666666
combined_equal_weight,2023-10-02,V,0.016666666666666666
combined_equal_weight,2023-11-01,V,0.016666666666666666
combined_equal_weight,2023-12-01,V,0.016666666666666666
combined_equal_weight,2021-01-04,WFC,0.016666666666666666
combined_equal_weight,2021-02-01,WFC,0.016666666666666666
combined_equal_weight,2021-03-01,WFC,0.016666666666666666
combined_equal_weight,2021-04-01,WFC,0.016666666666666666
combined_equal_weight,2021-05-03,WFC,0.016666666666666666
combined_equal_weight,2021-06-01,WFC,0.016666666666666666
combined_equal_weight,2021-07-01,WFC,0.016666666666666666
combined_equal_weight,2021-08-02,WFC,0.016666666666666666
combined_equal_weight,2021-09-01,WFC,0.016666666666666666
combined_equal_weight,2021-10-01,WFC,0.016666666666666666
combined_equal_weight,2021-11-01,WFC,0.016666666666666666
combined_equal_weight,2021-12-01,WFC,0.016666666666666666
combined_equal_weight,2022-01-03,WFC,0.016666666666666666
combined_equal_weight,2022-02-01,WFC,0.016666666666666666
combined_equal_weight,2022-03-01,WFC,0.016666666666666666
combined_equal_weight,2022-04-01,WFC,0.016666666666666666
combined_equal_weight,2022-05-02,WFC,0.016666666666666666
combined_equal_weight,2022-06-01,WFC,0.016666666666666666
combined_equal_weight,2022-07-01,WFC,0.016666666666666666
combined_equal_weight,2022-08-01,WFC,0.016666666666666666
combined_equal_weight,2022-09-01,WFC,0.016666666666666666
combined_equal_weight,2022-10-03,WFC,0.016666666666666666
combined_equal_weight,2022-11-01,WFC,0.016666666666666666
combined_equal_weight,2022-12-01,WFC,0.016666666666666666
combined_equal_weight,2023-01-03,WFC,0.016666666666666666
combined_equal_weight,2023-02-01,WFC,0.016666666666666666
combined_equal_weight,2023-03-01,WFC,0.016666666666666666
combined_equal_weight,2023-04-03,WFC,0.016666666666666666
combined_equal_weight,2023-05-01,WFC,0.016666666666666666
combined_equal_weight,2023-06-01,WFC,0.016666666666666666
combined_equal_weight,2023-07-03,WFC,0.016666666666666666
combined_equal_weight,2023-08-01,WFC,0.016666666666666666
combined_equal_weight,2023-09-01,WFC,0.016666666666666666
combined_equal_weight,2023-10-02,WFC,0.016666666666666666
combined_equal_weight,2023-11-01,WFC,0.016666666666666666
combined_equal_weight,2023-12-01,WFC,0.016666666666666666
combined_equal_weight,2021-01-04,WMT,0.016666666666666666
combined_equal_weight,2021-02-01,WMT,0.016666666666666666
combined_equal_weight,2021-03-01,WMT,0.016666666666666666
combined_equal_weight,2021-04-01,WMT,0.016666666666666666
combined_equal_weight,2021-05-03,WMT,0.016666666666666666
combined_equal_weight,2021-06-01,WMT,0.016666666666666666
combined_equal_weight,2021-07-01,WMT,0.016666666666666666
combined_equal_weight,2021-08-02,WMT,0.016666666666666666
combined_equal_weight,2021-09-01,WMT,0.016666666666666666
combined_equal_weight,2021-10-01,WMT,0.016666666666666666
combined_equal_weight,2021-11-01,WMT,0.016666666666666666
combined_equal_weight,2021-12-01,WMT,0.016666666666666666
combined_equal_weight,2022-01-03,WMT,0.016666666666666666
combined_equal_weight,2022-02-01,WMT,0.016666666666666666
combined_equal_weight,2022-03-01,WMT,0.016666666666666666
combined_equal_weight,2022-04-01,WMT,0.016666666666666666
combined_equal_weight,2022-05-02,WMT,0.016666666666666666
combined_equal_weight,2022-06-01,WMT,0.016666666666666666
combined_equal_weight,2022-07-01,WMT,0.016666666666666666
combined_equal_weight,2022-08-01,WMT,0.016666666666666666
combined_equal_weight,2022-09-01,WMT,0.016666666666666666
combined_equal_weight,2022-10-03,WMT,0.016666666666666666
combined_equal_weight,2022-11-01,WMT,0.016666666666666666
combined_equal_weight,2022-12-01,WMT,0.016666666666666666
combined_equal_weight,2023-01-03,WMT,0.016666666666666666
combined_equal_weight,2023-02-01,WMT,0.016666666666666666
combined_equal_weight,2023-03-01,WMT,0.016666666666666666
combined_equal_weight,2023-04-03,WMT,0.016666666666666666
combined_equal_weight,2023-05-01,WMT,0.016666666666666666
combined_equal_weight,2023-06-01,WMT,0.016666666666666666
combined_equal_weight,2023-07-03,WMT,0.016666666666666666
combined_equal_weight,2023-08-01,WMT,0.016666666666666666
combined_equal_weight,2023-09-01,WMT,0.016666666666666666
combined_equal_weight,2023-10-02,WMT,0.016666666666666666
combined_equal_weight,2023-11-01,WMT,0.016666666666666666
combined_equal_weight,2023-12-01,WMT,0.016666666666666666
combined_equal_weight,2021-01-04,XOM,0.016666666666666666
combined_equal_weight,2021-02-01,XOM,0.016666666666666666
combined_equal_weight,2021-03-01,XOM,0.016666666666666666
combined_equal_weight,2021-04-01,XOM,0.016666666666666666
combined_equal_weight,2021-05-03,XOM,0.016666666666666666
combined_equal_weight,2021-06-01,XOM,0.016666666666666666
combined_equal_weight,2021-07-01,XOM,0.016666666666666666
combined_equal_weight,2021-08-02,XOM,0.016666666666666666
combined_equal_weight,2021-09-01,XOM,0.016666666666666666
combined_equal_weight,2021-10-01,XOM,0.016666666666666666
combined_equal_weight,2021-11-01,XOM,0.016666666666666666
combined_equal_weight,2021-12-01,XOM,0.016666666666666666
combined_equal_weight,2022-01-03,XOM,0.016666666666666666
combined_equal_weight,2022-02-01,XOM,0.016666666666666666
combined_equal_weight,2022-03-01,XOM,0.016666666666666666
combined_equal_weight,2022-04-01,XOM,0.016666666666666666
combined_equal_weight,2022-05-02,XOM,0.016666666666666666
combined_equal_weight,2022-06-01,XOM,0.016666666666666666
combined_equal_weight,2022-07-01,XOM,0.016666666666666666
combined_equal_weight,2022-08-01,XOM,0.016666666666666666
combined_equal_weight,2022-09-01,XOM,0.016666666666666666
combined_equal_weight,2022-10-03,XOM,0.016666666666666666
combined_equal_weight,2022-11-01,XOM,0.016666666666666666
combined_equal_weight,2022-12-01,XOM,0.016666666666666666
combined_equal_weight,2023-01-03,XOM,0.016666666666666666
combined_equal_weight,2023-02-01,XOM,0.016666666666666666
combined_equal_weight,2023-03-01,XOM,0.016666666666666666
combined_equal_weight,2023-04-03,XOM,0.016666666666666666
combined_equal_weight,2023-05-01,XOM,0.016666666666666666
combined_equal_weight,2023-06-01,XOM,0.016666666666666666
combined_equal_weight,2023-07-03,XOM,0.016666666666666666
combined_equal_weight,2023-08-01,XOM,0.016666666666666666
combined_equal_weight,2023-09-01,XOM,0.016666666666666666
combined_equal_weight,2023-10-02,XOM,0.016666666666666666
combined_equal_weight,2023-11-01,XOM,0.016666666666666666
combined_equal_weight,2023-12-01,XOM,0.016666666666666666
combined_equal_weight,2021-01-04,ADA-USD,0.016666666666666666
combined_equal_weight,2021-02-01,ADA-USD,0.016666666666666666
combined_equal_weight,2021-03-01,ADA-USD,0.016666666666666666
combined_equal_weight,2021-04-01,ADA-USD,0.016666666666666666
combined_equal_weight,2021-05-03,ADA-USD,0.016666666666666666
combined_equal_weight,2021-06-01,ADA-USD,0.016666666666666666
combined_equal_weight,2021-07-01,ADA-USD,0.016666666666666666
combined_equal_weight,2021-08-02,ADA-USD,0.016666666666666666
combined_equal_weight,2021-09-01,ADA-USD,0.016666666666666666
combined_equal_weight,2021-10-01,ADA-USD,0.016666666666666666
combined_equal_weight,2021-11-01,ADA-USD,0.016666666666666666
combined_equal_weight,2021-12-01,ADA-USD,0.016666666666666666
combined_equal_weight,2022-01-03,ADA-USD,0.016666666666666666
combined_equal_weight,2022-02-01,ADA-USD,0.016666666666666666
combined_equal_weight,2022-03-01,ADA-USD,0.016666666666666666
combined_equal_weight,2022-04-01,ADA-USD,0.016666666666666666
combined_equal_weight,2022-05-02,ADA-USD,0.016666666666666666
combined_equal_weight,2022-06-01,ADA-USD,0.016666666666666666
combined_equal_weight,2022-07-01,ADA-USD,0.016666666666666666
combined_equal_weight,2022-08-01,ADA-USD,0.016666666666666666
combined_equal_weight,2022-09-01,ADA-USD,0.016666666666666666
combined_equal_weight,2022-10-03,ADA-USD,0.016666666666666666
combined_equal_weight,2022-11-01,ADA-USD,0.016666666666666666
combined_equal_weight,2022-12-01,ADA-USD,0.016666666666666666
combined_equal_weight,2023-01-03,ADA-USD,0.016666666666666666
combined_equal_weight,2023-02-01,ADA-USD,0.016666666666666666
combined_equal_weight,2023-03-01,ADA-USD,0.016666666666666666
combined_equal_weight,2023-04-03,ADA-USD,0.016666666666666666
combined_equal_weight,2023-05-01,ADA-USD,0.016666666666666666
combined_equal_weight,2023-06-01,ADA-USD,0.016666666666666666
combined_equal_weight,2023-07-03,ADA-USD,0.016666666666666666
combined_equal_weight,2023-08-01,ADA-USD,0.016666666666666666
combined_equal_weight,2023-09-01,ADA-USD,0.016666666666666666
combined_equal_weight,2023-10-02,ADA-USD,0.016666666666666666
combined_equal_weight,2023-11-01,ADA-USD,0.016666666666666666
combined_equal_weight,2023-12-01,ADA-USD,0.016666666666666666
combined_equal_weight,2021-01-04,BCH-USD,0.016666666666666666
combined_equal_weight,2021-02-01,BCH-USD,0.016666666666666666
combined_equal_weight,2021-03-01,BCH-USD,0.016666666666666666
combined_equal_weight,2021-04-01,BCH-USD,0.016666666666666666
combined_equal_weight,2021-05-03,BCH-USD,0.016666666666666666
combined_equal_weight,2021-06-01,BCH-USD,0.016666666666666666
combined_equal_weight,2021-07-01,BCH-USD,0.016666666666666666
combined_equal_weight,2021-08-02,BCH-USD,0.016666666666666666
combined_equal_weight,2021-09-01,BCH-USD,0.016666666666666666
combined_equal_weight,2021-10-01,BCH-USD,0.016666666666666666
combined_equal_weight,2021-11-01,BCH-USD,0.016666666666666666
combined_equal_weight,2021-12-01,BCH-USD,0.016666666666666666
combined_equal_weight,2022-01-03,BCH-USD,0.016666666666666666
combined_equal_weight,2022-02-01,BCH-USD,0.016666666666666666
combined_equal_weight,2022-03-01,BCH-USD,0.016666666666666666
combined_equal_weight,2022-04-01,BCH-USD,0.016666666666666666
combined_equal_weight,2022-05-02,BCH-USD,0.016666666666666666
combined_equal_weight,2022-06-01,BCH-USD,0.016666666666666666
combined_equal_weight,2022-07-01,BCH-USD,0.016666666666666666
combined_equal_weight,2022-08-01,BCH-USD,0.016666666666666666
combined_equal_weight,2022-09-01,BCH-USD,0.016666666666666666
combined_equal_weight,2022-10-03,BCH-USD,0.016666666666666666
combined_equal_weight,2022-11-01,BCH-USD,0.016666666666666666
combined_equal_weight,2022-12-01,BCH-USD,0.016666666666666666
combined_equal_weight,2023-01-03,BCH-USD,0.016666666666666666
combined_equal_weight,2023-02-01,BCH-USD,0.016666666666666666
combined_equal_weight,2023-03-01,BCH-USD,0.016666666666666666
combined_equal_weight,2023-04-03,BCH-USD,0.016666666666666666
combined_equal_weight,2023-05-01,BCH-USD,0.016666666666666666
combined_equal_weight,2023-06-01,BCH-USD,0.016666666666666666
combined_equal_weight,2023-07-03,BCH-USD,0.016666666666666666
combined_equal_weight,2023-08-01,BCH-USD,0.016666666666666666
combined_equal_weight,2023-09-01,BCH-USD,0.016666666666666666
combined_equal_weight,2023-10-02,BCH-USD,0.016666666666666666
combined_equal_weight,2023-11-01,BCH-USD,0.016666666666666666
combined_equal_weight,2023-12-01,BCH-USD,0.016666666666666666
combined_equal_weight,2021-01-04,BTC-USD,0.016666666666666666
combined_equal_weight,2021-02-01,BTC-USD,0.016666666666666666
combined_equal_weight,2021-03-01,BTC-USD,0.016666666666666666
combined_equal_weight,2021-04-01,BTC-USD,0.016666666666666666
combined_equal_weight,2021-05-03,BTC-USD,0.016666666666666666
combined_equal_weight,2021-06-01,BTC-USD,0.016666666666666666
combined_equal_weight,2021-07-01,BTC-USD,0.016666666666666666
combined_equal_weight,2021-08-02,BTC-USD,0.016666666666666666
combined_equal_weight,2021-09-01,BTC-USD,0.016666666666666666
combined_equal_weight,2021-10-01,BTC-USD,0.016666666666666666
combined_equal_weight,2021-11-01,BTC-USD,0.016666666666666666
combined_equal_weight,2021-12-01,BTC-USD,0.016666666666666666
combined_equal_weight,2022-01-03,BTC-USD,0.016666666666666666
combined_equal_weight,2022-02-01,BTC-USD,0.016666666666666666
combined_equal_weight,2022-03-01,BTC-USD,0.016666666666666666
combined_equal_weight,2022-04-01,BTC-USD,0.016666666666666666
combined_equal_weight,2022-05-02,BTC-USD,0.016666666666666666
combined_equal_weight,2022-06-01,BTC-USD,0.016666666666666666
combined_equal_weight,2022-07-01,BTC-USD,0.016666666666666666
combined_equal_weight,2022-08-01,BTC-USD,0.016666666666666666
combined_equal_weight,2022-09-01,BTC-USD,0.016666666666666666
combined_equal_weight,2022-10-03,BTC-USD,0.016666666666666666
combined_equal_weight,2022-11-01,BTC-USD,0.016666666666666666
combined_equal_weight,2022-12-01,BTC-USD,0.016666666666666666
combined_equal_weight,2023-01-03,BTC-USD,0.016666666666666666
combined_equal_weight,2023-02-01,BTC-USD,0.016666666666666666
combined_equal_weight,2023-03-01,BTC-USD,0.016666666666666666
combined_equal_weight,2023-04-03,BTC-USD,0.016666666666666666
combined_equal_weight,2023-05-01,BTC-USD,0.016666666666666666
combined_equal_weight,2023-06-01,BTC-USD,0.016666666666666666
combined_equal_weight,2023-07-03,BTC-USD,0.016666666666666666
combined_equal_weight,2023-08-01,BTC-USD,0.016666666666666666
combined_equal_weight,2023-09-01,BTC-USD,0.016666666666666666
combined_equal_weight,2023-10-02,BTC-USD,0.016666666666666666
combined_equal_weight,2023-11-01,BTC-USD,0.016666666666666666
combined_equal_weight,2023-12-01,BTC-USD,0.016666666666666666
combined_equal_weight,2021-01-04,EOS-USD,0.016666666666666666
combined_equal_weight,2021-02-01,EOS-USD,0.016666666666666666
combined_equal_weight,2021-03-01,EOS-USD,0.016666666666666666
combined_equal_weight,2021-04-01,EOS-USD,0.016666666666666666
combined_equal_weight,2021-05-03,EOS-USD,0.016666666666666666
combined_equal_weight,2021-06-01,EOS-USD,0.016666666666666666
combined_equal_weight,2021-07-01,EOS-USD,0.016666666666666666
combined_equal_weight,2021-08-02,EOS-USD,0.016666666666666666
combined_equal_weight,2021-09-01,EOS-USD,0.016666666666666666
combined_equal_weight,2021-10-01,EOS-USD,0.016666666666666666
combined_equal_weight,2021-11-01,EOS-USD,0.016666666666666666
combined_equal_weight,2021-12-01,EOS-USD,0.016666666666666666
combined_equal_weight,2022-01-03,EOS-USD,0.016666666666666666
combined_equal_weight,2022-02-01,EOS-USD,0.016666666666666666
combined_equal_weight,2022-03-01,EOS-USD,0.016666666666666666
combined_equal_weight,2022-04-01,EOS-USD,0.016666666666666666
combined_equal_weight,2022-05-02,EOS-USD,0.016666666666666666
combined_equal_weight,2022-06-01,EOS-USD,0.016666666666666666
combined_equal_weight,2022-07-01,EOS-USD,0.016666666666666666
combined_equal_weight,2022-08-01,EOS-USD,0.016666666666666666
combined_equal_weight,2022-09-01,EOS-USD,0.016666666666666666
combined_equal_weight,2022-10-03,EOS-USD,0.016666666666666666
combined_equal_weight,2022-11-01,EOS-USD,0.016666666666666666
combined_equal_weight,2022-12-01,EOS-USD,0.016666666666666666
combined_equal_weight,2023-01-03,EOS-USD,0.016666666666666666
combined_equal_weight,2023-02-01,EOS-USD,0.016666666666666666
combined_equal_weight,2023-03-01,EOS-USD,0.016666666666666666
combined_equal_weight,2023-04-03,EOS-USD,0.016666666666666666
combined_equal_weight,2023-05-01,EOS-USD,0.016666666666666666
combined_equal_weight,2023-06-01,EOS-USD,0.016666666666666666
combined_equal_weight,2023-07-03,EOS-USD,0.016666666666666666
combined_equal_weight,2023-08-01,EOS-USD,0.016666666666666666
combined_equal_weight,2023-09-01,EOS-USD,0.016666666666666666
combined_equal_weight,2023-10-02,EOS-USD,0.016666666666666666
combined_equal_weight,2023-11-01,EOS-USD,0.016666666666666666
combined_equal_weight,2023-12-01,EOS-USD,0.016666666666666666
combined_equal_weight,2021-01-04,ETC-USD,0.016666666666666666
combined_equal_weight,2021-02-01,ETC-USD,0.016666666666666666
combined_equal_weight,2021-03-01,ETC-USD,0.016666666666666666
combined_equal_weight,2021-04-01,ETC-USD,0.016666666666666666
combined_equal_weight,2021-05-03,ETC-USD,0.016666666666666666
combined_equal_weight,2021-06-01,ETC-USD,0.016666666666666666
combined_equal_weight,2021-07-01,ETC-USD,0.016666666666666666
combined_equal_weight,2021-08-02,ETC-USD,0.016666666666666666
combined_equal_weight,2021-09-01,ETC-USD,0.016666666666666666
combined_equal_weight,2021-10-01,ETC-USD,0.016666666666666666
combined_equal_weight,2021-11-01,ETC-USD,0.016666666666666666
combined_equal_weight,2021-12-01,ETC-USD,0.016666666666666666
combined_equal_weight,2022-01-03,ETC-USD,0.016666666666666666
combined_equal_weight,2022-02-01,ETC-USD,0.016666666666666666
combined_equal_weight,2022-03-01,ETC-USD,0.016666666666666666
combined_equal_weight,2022-04-01,ETC-USD,0.016666666666666666
combined_equal_weight,2022-05-02,ETC-USD,0.016666666666666666
combined_equal_weight,2022-06-01,ETC-USD,0.016666666666666666
combined_equal_weight,2022-07-01,ETC-USD,0.016666666666666666
combined_equal_weight,2022-08-01,ETC-USD,0.016666666666666666
combined_equal_weight,2022-09-01,ETC-USD,0.016666666666666666
combined_equal_weight,2022-10-03,ETC-USD,0.016666666666666666
combined_equal_weight,2022-11-01,ETC-USD,0.016666666666666666
combined_equal_weight,2022-12-01,ETC-USD,0.016666666666666666
combined_equal_weight,2023-01-03,ETC-USD,0.016666666666666666
combined_equal_weight,2023-02-01,ETC-USD,0.016666666666666666
combined_equal_weight,2023-03-01,ETC-USD,0.016666666666666666
combined_equal_weight,2023-04-03,ETC-USD,0.016666666666666666
combined_equal_weight,2023-05-01,ETC-USD,0.016666666666666666
combined_equal_weight,2023-06-01,ETC-USD,0.016666666666666666
combined_equal_weight,2023-07-03,ETC-USD,0.016666666666666666
combined_equal_weight,2023-08-01,ETC-USD,0.016666666666666666
combined_equal_weight,2023-09-01,ETC-USD,0.016666666666666666
combined_equal_weight,2023-10-02,ETC-USD,0.016666666666666666
combined_equal_weight,2023-11-01,ETC-USD,0.016666666666666666
combined_equal_weight,2023-12-01,ETC-USD,0.016666666666666666
combined_equal_weight,2021-01-04,ETH-USD,0.016666666666666666
combined_equal_weight,2021-02-01,ETH-USD,0.016666666666666666
combined_equal_weight,2021-03-01,ETH-USD,0.016666666666666666
combined_equal_weight,2021-04-01,ETH-USD,0.016666666666666666
combined_equal_weight,2021-05-03,ETH-USD,0.016666666666666666
combined_equal_weight,2021-06-01,ETH-USD,0.016666666666666666
combined_equal_weight,2021-07-01,ETH-USD,0.016666666666666666
combined_equal_weight,2021-08-02,ETH-USD,0.016666666666666666
combined_equal_weight,2021-09-01,ETH-USD,0.016666666666666666
combined_equal_weight,2021-10-01,ETH-USD,0.016666666666666666
combined_equal_weight,2021-11-01,ETH-USD,0.016666666666666666
combined_equal_weight,2021-12-01,ETH-USD,0.016666666666666666
combined_equal_weight,2022-01-03,ETH-USD,0.016666666666666666
combined_equal_weight,2022-02-01,ETH-USD,0.016666666666666666
combined_equal_weight,2022-03-01,ETH-USD,0.016666666666666666
combined_equal_weight,2022-04-01,ETH-USD,0.016666666666666666
combined_equal_weight,2022-05-02,ETH-USD,0.016666666666666666
combined_equal_weight,2022-06-01,ETH-USD,0.016666666666666666
combined_equal_weight,2022-07-01,ETH-USD,0.016666666666666666
combined_equal_weight,2022-08-01,ETH-USD,0.016666666666666666
combined_equal_weight,2022-09-01,ETH-USD,0.016666666666666666
combined_equal_weight,2022-10-03,ETH-USD,0.016666666666666666
combined_equal_weight,2022-11-01,ETH-USD,0.016666666666666666
combined_equal_weight,2022-12-01,ETH-USD,0.016666666666666666
combined_equal_weight,2023-01-03,ETH-USD,0.016666666666666666
combined_equal_weight,2023-02-01,ETH-USD,0.016666666666666666
combined_equal_weight,2023-03-01,ETH-USD,0.016666666666666666
combined_equal_weight,2023-04-03,ETH-USD,0.016666666666666666
combined_equal_weight,2023-05-01,ETH-USD,0.016666666666666666
combined_equal_weight,2023-06-01,ETH-USD,0.016666666666666666
combined_equal_weight,2023-07-03,ETH-USD,0.016666666666666666
combined_equal_weight,2023-08-01,ETH-USD,0.016666666666666666
combined_equal_weight,2023-09-01,ETH-USD,0.016666666666666666
combined_equal_weight,2023-10-02,ETH-USD,0.016666666666666666
combined_equal_weight,2023-11-01,ETH-USD,0.016666666666666666
combined_equal_weight,2023-12-01,ETH-USD,0.016666666666666666
combined_equal_weight,2021-01-04,LTC-USD,0.016666666666666666
combined_equal_weight,2021-02-01,LTC-USD,0.016666666666666666
combined_equal_weight,2021-03-01,LTC-USD,0.016666666666666666
combined_equal_weight,2021-04-01,LTC-USD,0.016666666666666666
combined_equal_weight,2021-05-03,LTC-USD,0.016666666666666666
combined_equal_weight,2021-06-01,LTC-USD,0.016666666666666666
combined_equal_weight,2021-07-01,LTC-USD,0.016666666666666666
combined_equal_weight,2021-08-02,LTC-USD,0.016666666666666666
combined_equal_weight,2021-09-01,LTC-USD,0.016666666666666666
combined_equal_weight,2021-10-01,LTC-USD,0.016666666666666666
combined_equal_weight,2021-11-01,LTC-USD,0.016666666666666666
combined_equal_weight,2021-12-01,LTC-USD,0.016666666666666666
combined_equal_weight,2022-01-03,LTC-USD,0.016666666666666666
combined_equal_weight,2022-02-01,LTC-USD,0.016666666666666666
combined_equal_weight,2022-03-01,LTC-USD,0.016666666666666666
combined_equal_weight,2022-04-01,LTC-USD,0.016666666666666666
combined_equal_weight,2022-05-02,LTC-USD,0.016666666666666666
combined_equal_weight,2022-06-01,LTC-USD,0.016666666666666666
combined_equal_weight,2022-07-01,LTC-USD,0.016666666666666666
combined_equal_weight,2022-08-01,LTC-USD,0.016666666666666666
combined_equal_weight,2022-09-01,LTC-USD,0.016666666666666666
combined_equal_weight,2022-10-03,LTC-USD,0.016666666666666666
combined_equal_weight,2022-11-01,LTC-USD,0.016666666666666666
combined_equal_weight,2022-12-01,LTC-USD,0.016666666666666666
combined_equal_weight,2023-01-03,LTC-USD,0.016666666666666666
combined_equal_weight,2023-02-01,LTC-USD,0.016666666666666666
combined_equal_weight,2023-03-01,LTC-USD,0.016666666666666666
combined_equal_weight,2023-04-03,LTC-USD,0.016666666666666666
combined_equal_weight,2023-05-01,LTC-USD,0.016666666666666666
combined_equal_weight,2023-06-01,LTC-USD,0.016666666666666666
combined_equal_weight,2023-07-03,LTC-USD,0.016666666666666666
combined_equal_weight,2023-08-01,LTC-USD,0.016666666666666666
combined_equal_weight,2023-09-01,LTC-USD,0.016666666666666666
combined_equal_weight,2023-10-02,LTC-USD,0.016666666666666666
combined_equal_weight,2023-11-01,LTC-USD,0.016666666666666666
combined_equal_weight,2023-12-01,LTC-USD,0.016666666666666666
combined_equal_weight,2021-01-04,TRX-USD,0.016666666666666666
combined_equal_weight,2021-02-01,TRX-USD,0.016666666666666666
combined_equal_weight,2021-03-01,TRX-USD,0.016666666666666666
combined_equal_weight,2021-04-01,TRX-USD,0.016666666666666666
combined_equal_weight,2021-05-03,TRX-USD,0.016666666666666666
combined_equal_weight,2021-06-01,TRX-USD,0.016666666666666666
combined_equal_weight,2021-07-01,TRX-USD,0.016666666666666666
combined_equal_weight,2021-08-02,TRX-USD,0.016666666666666666
combined_equal_weight,2021-09-01,TRX-USD,0.016666666666666666
combined_equal_weight,2021-10-01,TRX-USD,0.016666666666666666
combined_equal_weight,2021-11-01,TRX-USD,0.016666666666666666
combined_equal_weight,2021-12-01,TRX-USD,0.016666666666666666
combined_equal_weight,2022-01-03,TRX-USD,0.016666666666666666
combined_equal_weight,2022-02-01,TRX-USD,0.016666666666666666
combined_equal_weight,2022-03-01,TRX-USD,0.016666666666666666
combined_equal_weight,2022-04-01,TRX-USD,0.016666666666666666
combined_equal_weight,2022-05-02,TRX-USD,0.016666666666666666
combined_equal_weight,2022-06-01,TRX-USD,0.016666666666666666
combined_equal_weight,2022-07-01,TRX-USD,0.016666666666666666
combined_equal_weight,2022-08-01,TRX-USD,0.016666666666666666
combined_equal_weight,2022-09-01,TRX-USD,0.016666666666666666
combined_equal_weight,2022-10-03,TRX-USD,0.016666666666666666
combined_equal_weight,2022-11-01,TRX-USD,0.016666666666666666
combined_equal_weight,2022-12-01,TRX-USD,0.016666666666666666
combined_equal_weight,2023-01-03,TRX-USD,0.016666666666666666
combined_equal_weight,2023-02-01,TRX-USD,0.016666666666666666
combined_equal_weight,2023-03-01,TRX-USD,0.016666666666666666
combined_equal_weight,2023-04-03,TRX-USD,0.016666666666666666
combined_equal_weight,2023-05-01,TRX-USD,0.016666666666666666
combined_equal_weight,2023-06-01,TRX-USD,0.016666666666666666
combined_equal_weight,2023-07-03,TRX-USD,0.016666666666666666
combined_equal_weight,2023-08-01,TRX-USD,0.016666666666666666
combined_equal_weight,2023-09-01,TRX-USD,0.016666666666666666
combined_equal_weight,2023-10-02,TRX-USD,0.016666666666666666
combined_equal_weight,2023-11-01,TRX-USD,0.016666666666666666
combined_equal_weight,2023-12-01,TRX-USD,0.016666666666666666
combined_equal_weight,2021-01-04,XLM-USD,0.016666666666666666
combined_equal_weight,2021-02-01,XLM-USD,0.016666666666666666
combined_equal_weight,2021-03-01,XLM-USD,0.016666666666666666
combined_equal_weight,2021-04-01,XLM-USD,0.016666666666666666
combined_equal_weight,2021-05-03,XLM-USD,0.016666666666666666
combined_equal_weight,2021-06-01,XLM-USD,0.016666666666666666
combined_equal_weight,2021-07-01,XLM-USD,0.016666666666666666
combined_equal_weight,2021-08-02,XLM-USD,0.016666666666666666
combined_equal_weight,2021-09-01,XLM-USD,0.016666666666666666
combined_equal_weight,2021-10-01,XLM-USD,0.016666666666666666
combined_equal_weight,2021-11-01,XLM-USD,0.016666666666666666
combined_equal_weight,2021-12-01,XLM-USD,0.016666666666666666
combined_equal_weight,2022-01-03,XLM-USD,0.016666666666666666
combined_equal_weight,2022-02-01,XLM-USD,0.016666666666666666
combined_equal_weight,2022-03-01,XLM-USD,0.016666666666666666
combined_equal_weight,2022-04-01,XLM-USD,0.016666666666666666
combined_equal_weight,2022-05-02,XLM-USD,0.016666666666666666
combined_equal_weight,2022-06-01,XLM-USD,0.016666666666666666
combined_equal_weight,2022-07-01,XLM-USD,0.016666666666666666
combined_equal_weight,2022-08-01,XLM-USD,0.016666666666666666
combined_equal_weight,2022-09-01,XLM-USD,0.016666666666666666
combined_equal_weight,2022-10-03,XLM-USD,0.016666666666666666
combined_equal_weight,2022-11-01,XLM-USD,0.016666666666666666
combined_equal_weight,2022-12-01,XLM-USD,0.016666666666666666
combined_equal_weight,2023-01-03,XLM-USD,0.016666666666666666
combined_equal_weight,2023-02-01,XLM-USD,0.016666666666666666
combined_equal_weight,2023-03-01,XLM-USD,0.016666666666666666
combined_equal_weight,2023-04-03,XLM-USD,0.016666666666666666
combined_equal_weight,2023-05-01,XLM-USD,0.016666666666666666
combined_equal_weight,2023-06-01,XLM-USD,0.016666666666666666
combined_equal_weight,2023-07-03,XLM-USD,0.016666666666666666
combined_equal_weight,2023-08-01,XLM-USD,0.016666666666666666
combined_equal_weight,2023-09-01,XLM-USD,0.016666666666666666
combined_equal_weight,2023-10-02,XLM-USD,0.016666666666666666
combined_equal_weight,2023-11-01,XLM-USD,0.016666666666666666
combined_equal_weight,2023-12-01,XLM-USD,0.016666666666666666
combined_equal_weight,2021-01-04,XRP-USD,0.016666666666666666
combined_equal_weight,2021-02-01,XRP-USD,0.016666666666666666
combined_equal_weight,2021-03-01,XRP-USD,0.016666666666666666
combined_equal_weight,2021-04-01,XRP-USD,0.016666666666666666
combined_equal_weight,2021-05-03,XRP-USD,0.016666666666666666
combined_equal_weight,2021-06-01,XRP-USD,0.016666666666666666
combined_equal_weight,2021-07-01,XRP-USD,0.016666666666666666
combined_equal_weight,2021-08-02,XRP-USD,0.016666666666666666
combined_equal_weight,2021-09-01,XRP-USD,0.016666666666666666
combined_equal_weight,2021-10-01,XRP-USD,0.016666666666666666
combined_equal_weight,2021-11-01,XRP-USD,0.016666666666666666
combined_equal_weight,2021-12-01,XRP-USD,0.016666666666666666
combined_equal_weight,2022-01-03,XRP-USD,0.016666666666666666
combined_equal_weight,2022-02-01,XRP-USD,0.016666666666666666
combined_equal_weight,2022-03-01,XRP-USD,0.016666666666666666
combined_equal_weight,2022-04-01,XRP-USD,0.016666666666666666
combined_equal_weight,2022-05-02,XRP-USD,0.016666666666666666
combined_equal_weight,2022-06-01,XRP-USD,0.016666666666666666
combined_equal_weight,2022-07-01,XRP-USD,0.016666666666666666
combined_equal_weight,2022-08-01,XRP-USD,0.016666666666666666
combined_equal_weight,2022-09-01,XRP-USD,0.016666666666666666
combined_equal_weight,2022-10-03,XRP-USD,0.016666666666666666
combined_equal_weight,2022-11-01,XRP-USD,0.016666666666666666
combined_equal_weight,2022-12-01,XRP-USD,0.016666666666666666
combined_equal_weight,2023-01-03,XRP-USD,0.016666666666666666
combined_equal_weight,2023-02-01,XRP-USD,0.016666666666666666
combined_equal_weight,2023-03-01,XRP-USD,0.016666666666666666
combined_equal_weight,2023-04-03,XRP-USD,0.016666666666666666
combined_equal_weight,2023-05-01,XRP-USD,0.016666666666666666
combined_equal_weight,2023-06-01,XRP-USD,0.016666666666666666
combined_equal_weight,2023-07-03,XRP-USD,0.016666666666666666
combined_equal_weight,2023-08-01,XRP-USD,0.016666666666666666
combined_equal_weight,2023-09-01,XRP-USD,0.016666666666666666
combined_equal_weight,2023-10-02,XRP-USD,0.016666666666666666
combined_equal_weight,2023-11-01,XRP-USD,0.016666666666666666
combined_equal_weight,2023-12-01,XRP-USD,0.016666666666666666
