fund,date,daily_return
equity_min_variance,2021-01-04,0.003652311896250677
equity_min_variance,2021-01-05,0.0011493814482590396
equity_min_variance,2021-01-06,0.006004698123051685
equity_min_variance,2021-01-07,0.006368863385513837
equity_min_variance,2021-01-08,-0.0023272225109400167
equity_min_variance,2021-01-11,0.0003437382852693756
equity_min_variance,2021-01-12,0.0014026826418383296
equity_min_variance,2021-01-13,-0.0016693490046648153
equity_min_variance,2021-01-14,0.0038540096633513828
equity_min_variance,2021-01-15,-0.005257400427680644
equity_min_variance,2021-01-19,0.009683238695093304
equity_min_variance,2021-01-20,0.015185229686185023
equity_min_variance,2021-01-21,-0.009337974815787275
equity_min_variance,2021-01-22,-0.000464696040530293
equity_min_variance,2021-01-25,0.003329624728009788
equity_min_variance,2021-01-26,-0.0018477997816092257
equity_min_variance,2021-01-27,-0.021712747794937266
equity_min_variance,2021-01-28,0.0010676843153295383
equity_min_variance,2021-01-29,-0.010426698604752302
equity_min_variance,2021-02-01,0.0007136951540957972
equity_min_variance,2021-02-02,0.006385240575312728
equity_min_variance,2021-02-03,-0.0022120770623485974
equity_min_variance,2021-02-04,0.0023506587011974376
equity_min_variance,2021-02-05,0.014656271289716308
equity_min_variance,2021-02-08,0.0030837778895674863
equity_min_variance,2021-02-09,-0.0009322754149697592
equity_min_variance,2021-02-10,-0.007107347537222189
equity_min_variance,2021-02-11,-0.004878518156244176
equity_min_variance,2021-02-12,0.0042626803092290656
equity_min_variance,2021-02-16,-0.009073298547718914
equity_min_variance,2021-02-17,0.0068159840938658255
equity_min_variance,2021-02-18,-0.011236372754269546
equity_min_variance,2021-02-19,-0.0072447240491248215
equity_min_variance,2021-02-22,0.001634425097644337
equity_min_variance,2021-02-23,-0.007132424859610755
equity_min_variance,2021-02-24,-0.0008524827236832142
equity_min_variance,2021-02-25,-0.00901953327817577
equity_min_variance,2021-02-26,-0.017439239093371122
equity_min_variance,2021-03-01,0.00896998351504828
equity_min_variance,2021-03-02,0.004960144008567507
equity_min_variance,2021-03-03,-0.013234152871604047
equity_min_variance,2021-03-04,-0.002791016090814708
equity_min_variance,2021-03-05,0.015328529818094969
equity_min_variance,2021-03-08,-0.005224772120855188
equity_min_variance,2021-03-09,0.0072212723425528775
equity_min_variance,2021-03-10,0.009545851029993025
equity_min_variance,2021-03-11,-0.0003495251515106707
equity_min_variance,2021-03-12,0.005152911963736953
equity_min_variance,2021-03-15,0.013648415882496897
equity_min_variance,2021-03-16,0.005142836424399653
equity_min_variance,2021-03-17,-0.010339245781489592
equity_min_variance,2021-03-18,-0.00790317991987097
equity_min_variance,2021-03-19,-0.002345244494558196
equity_min_variance,2021-03-22,0.009858530626575681
equity_min_variance,2021-03-23,0.00036075386417183664
equity_min_variance,2021-03-24,-0.00658751305718091
equity_min_variance,2021-03-25,0.002619376877824962
equity_min_variance,2021-03-26,0.01727296860898695
equity_min_variance,2021-03-29,0.010913385508920431
equity_min_variance,2021-03-30,-0.009053623010090807
equity_min_variance,2021-03-31,0.001581898172129008
equity_min_variance,2021-04-01,0.007924309691843044
equity_min_variance,2021-04-05,0.011864828558851112
equity_min_variance,2021-04-06,0.0004254425118745591
equity_min_variance,2021-04-07,-0.0007746734596862549
equity_min_variance,2021-04-08,-0.000277230379942412
equity_min_variance,2021-04-09,0.003637407657730651
equity_min_variance,2021-04-12,0.0014143427564914499
equity_min_variance,2021-04-13,0.0019877289144425094
equity_min_variance,2021-04-14,-0.0026319735413543326
equity_min_variance,2021-04-15,0.00716226028630802
equity_min_variance,2021-04-16,0.0018183417502676573
equity_min_variance,2021-04-19,-0.0010156345643516948
equity_min_variance,2021-04-20,0.005663969512880016
equity_min_variance,2021-04-21,0.004895712228166514
equity_min_variance,2021-04-22,0.0007968949444549454
equity_min_variance,2021-04-23,0.002648048544680747
equity_min_variance,2021-04-26,-0.006801750380592725
equity_min_variance,2021-04-27,-0.004787584985380503
equity_min_variance,2021-04-28,-0.0002949980501496205
equity_min_variance,2021-04-29,0.008522761668728986
equity_min_variance,2021-04-30,-0.0011817677252403164
equity_min_variance,2021-05-03,0.007995217918738631
equity_min_variance,2021-05-04,-0.0045396769494796575
equity_min_variance,2021-05-05,0.002107415642887024
equity_min_variance,2021-05-06,0.007105832883729737
equity_min_variance,2021-05-07,0.0009959900557638011
equity_min_variance,2021-05-10,0.004942659078302182
equity_min_variance,2021-05-11,-0.008740626464047881
equity_min_variance,2021-05-12,-0.01385911945754858
equity_min_variance,2021-05-13,0.012091659381660357
equity_min_variance,2021-05-14,0.0030565968538515953
equity_min_variance,2021-05-17,-0.0013810177243623349
equity_min_variance,2021-05-18,-0.004152031470917242
equity_min_variance,2021-05-19,0.0004937832321300505
equity_min_variance,2021-05-20,0.010163451124771572
equity_min_variance,2021-05-21,-0.0015284429093522824
equity_min_variance,2021-05-24,-0.0014754786129902216
equity_min_variance,2021-05-25,-0.005457945078308106
equity_min_variance,2021-05-26,0.0008094655852727969
equity_min_variance,2021-05-27,-0.00435923321574288
equity_min_variance,2021-05-28,0.0015198412744638573
equity_min_variance,2021-06-01,-0.004304136218122541
equity_min_variance,2021-06-02,0.0012044354141100913
equity_min_variance,2021-06-03,0.0040162031844250615
equity_min_variance,2021-06-04,0.006106616416842044
equity_min_variance,2021-06-07,-0.004134577233948086
equity_min_variance,2021-06-08,-0.00550011725974109
equity_min_variance,2021-06-09,0.004985750764840745
equity_min_variance,2021-06-10,0.008379615134766063
equity_min_variance,2021-06-11,0.0019888316435991036
equity_min_variance,2021-06-14,0.0003441552469062211
equity_min_variance,2021-06-15,-0.004468229977606233
equity_min_variance,2021-06-16,-0.011002512586167405
equity_min_variance,2021-06-17,-0.0004144281054204844
equity_min_variance,2021-06-18,-0.010726415468122863
equity_min_variance,2021-06-21,0.01039464572106693
equity_min_variance,2021-06-22,-0.0008108665285243246
equity_min_variance,2021-06-23,-0.007386799928627518
equity_min_variance,2021-06-24,0.0051800647644518446
equity_min_variance,2021-06-25,0.011303032345100668
equity_min_variance,2021-06-28,0.002241819179990138
equity_min_variance,2021-06-29,-0.003051678004039166
equity_min_variance,2021-06-30,0.007583657225821069
equity_min_variance,2021-07-01,0.0035902216360789996
equity_min_variance,2021-07-02,0.0050667025443099185
equity_min_variance,2021-07-06,-0.002129619075514615
equity_min_variance,2021-07-07,0.0023224804501954456
equity_min_variance,2021-07-08,-0.0049056230563866085
equity_min_variance,2021-07-09,0.00683491379184241
equity_min_variance,2021-07-12,0.002117934752538123
equity_min_variance,2021-07-13,-0.0026006823755807635
equity_min_variance,2021-07-14,0.004104519638472964
equity_min_variance,2021-07-15,0.0014982092455647464
equity_min_variance,2021-07-16,-0.0013310687599801018
equity_min_variance,2021-07-19,-0.013608564876009463
equity_min_variance,2021-07-20,0.005397607622979225
equity_min_variance,2021-07-21,-0.001743951535484069
equity_min_variance,2021-07-22,-8.714110817796084e-05
equity_min_variance,2021-07-23,0.010211199940402323
equity_min_variance,2021-07-26,0.001059607544688475
equity_min_variance,2021-07-27,0.0011636544796109012
equity_min_variance,2021-07-28,-0.0009799545665708964
equity_min_variance,2021-07-29,-0.0006380939603552443
equity_min_variance,2021-07-30,-0.002681277234421954
equity_min_variance,2021-08-02,-0.0015537749105122944
equity_min_variance,2021-08-03,0.0006643469246855084
equity_min_variance,2021-08-04,-0.008180076860317945
equity_min_variance,2021-08-05,0.004438927816994379
equity_min_variance,2021-08-06,-0.0011914976593409715
equity_min_variance,2021-08-09,0.0011248287725097181
equity_min_variance,2021-08-10,0.004475465905978872
equity_min_variance,2021-08-11,0.004139895411760862
equity_min_variance,2021-08-12,0.002792529206068336
equity_min_variance,2021-08-13,0.003946547315858807
equity_min_variance,2021-08-16,0.006751535813534033
equity_min_variance,2021-08-17,0.0028674611660239628
equity_min_variance,2021-08-18,-0.010878404745468575
equity_min_variance,2021-08-19,0.0015316413080622478
equity_min_variance,2021-08-20,0.0038685472024787273
equity_min_variance,2021-08-23,-0.001421429913683189
equity_min_variance,2021-08-24,-0.005213909152223478
equity_min_variance,2021-08-25,-0.0035892381285315697
equity_min_variance,2021-08-26,-0.00616506654087296
equity_min_variance,2021-08-27,0.0017581922335585484
equity_min_variance,2021-08-30,0.003843599207236874
equity_min_variance,2021-08-31,0.003754327466824982
equity_min_variance,2021-09-01,0.0009808835958679276
equity_min_variance,2021-09-02,0.006285972673248814
equity_min_variance,2021-09-03,-0.001122369029543892
equity_min_variance,2021-09-07,-0.013689444328589479
equity_min_variance,2021-09-08,0.0042992791346210925
equity_min_variance,2021-09-09,-0.011075136407359007
equity_min_variance,2021-09-10,-0.007403548598060677
equity_min_variance,2021-09-13,-0.0003207743013612431
equity_min_variance,2021-09-14,-0.005682262212695425
equity_min_variance,2021-09-15,0.0029783108677066145
equity_min_variance,2021-09-16,-0.004665877331071211
equity_min_variance,2021-09-17,-0.007888158133412013
equity_min_variance,2021-09-20,-0.00912408356919403
equity_min_variance,2021-09-21,-0.004193079161988704
equity_min_variance,2021-09-22,0.00042944337490494026
equity_min_variance,2021-09-23,0.003245098937784641
equity_min_variance,2021-09-24,-0.0025814195972862766
equity_min_variance,2021-09-27,-0.0034022907825946988
equity_min_variance,2021-09-28,-0.005387572691678429
equity_min_variance,2021-09-29,0.008600396405707466
equity_min_variance,2021-09-30,-0.009491049724760548
equity_min_variance,2021-10-01,0.014188028203663312
equity_min_variance,2021-10-04,0.0022567024066142737
equity_min_variance,2021-10-05,0.0011198781641516364
equity_min_variance,2021-10-06,0.002571049162047988
equity_min_variance,2021-10-07,0.00863451811348229
equity_min_variance,2021-10-08,-0.005147548704524998
equity_min_variance,2021-10-11,-0.00868079443007079
equity_min_variance,2021-10-12,-0.0008169199425085178
equity_min_variance,2021-10-13,0.0006471262587797326
equity_min_variance,2021-10-14,0.008860610574275719
equity_min_variance,2021-10-15,-0.0006717779556011099
equity_min_variance,2021-10-18,-0.0017300105443729089
equity_min_variance,2021-10-19,0.013747812693979755
equity_min_variance,2021-10-20,0.0104449428394396
equity_min_variance,2021-10-21,0.00553987077131958
equity_min_variance,2021-10-22,0.002506147534151235
equity_min_variance,2021-10-25,0.004429199363450073
equity_min_variance,2021-10-26,1.2059417411187936e-07
equity_min_variance,2021-10-27,-0.010923734661123796
equity_min_variance,2021-10-28,0.018194408898697507
equity_min_variance,2021-10-29,-0.0011554191656374144
equity_min_variance,2021-11-01,0.005334940443063416
equity_min_variance,2021-11-02,0.004662804338752331
equity_min_variance,2021-11-03,6.170539686349176e-05
equity_min_variance,2021-11-04,0.000578446494463981
equity_min_variance,2021-11-05,-0.012145041641409102
equity_min_variance,2021-11-08,0.0015746999915731395
equity_min_variance,2021-11-09,0.0006111990618169015
equity_min_variance,2021-11-10,0.0008809736093437807
equity_min_variance,2021-11-11,0.0023978601420600264
equity_min_variance,2021-11-12,0.002295068360391934
equity_min_variance,2021-11-15,-0.0024590379259446524
equity_min_variance,2021-11-16,-0.005057547966679734
equity_min_variance,2021-11-17,-0.002923623164494389
equity_min_variance,2021-11-18,-0.002012638082638379
equity_min_variance,2021-11-19,-0.008043845045631928
equity_min_variance,2021-11-22,0.0038065686168225477
equity_min_variance,2021-11-23,0.006667779112607996
equity_min_variance,2021-11-24,-0.0009070145112192741
equity_min_variance,2021-11-26,-0.014697039678116959
equity_min_variance,2021-11-29,-0.0006865539377672008
equity_min_variance,2021-11-30,-0.0216194359197435
equity_min_variance,2021-12-01,-0.01156426080919257
equity_min_variance,2021-12-02,0.014148617861150582
equity_min_variance,2021-12-03,0.0089344700064622
equity_min_variance,2021-12-06,0.010296296764030979
equity_min_variance,2021-12-07,0.0030692526450762777
equity_min_variance,2021-12-08,0.0009179035690328524
equity_min_variance,2021-12-09,-0.002916055963580076
equity_min_variance,2021-12-10,0.007639834960031877
equity_min_variance,2021-12-13,0.00493218720909008
equity_min_variance,2021-12-14,-0.0002600133962210162
equity_min_variance,2021-12-15,0.013101837209114175
equity_min_variance,2021-12-16,0.010393327531848765
equity_min_variance,2021-12-17,-0.012394106419898247
equity_min_variance,2021-12-20,0.001979157320443486
equity_min_variance,2021-12-21,0.003735388226790461
equity_min_variance,2021-12-22,0.006385130457496714
equity_min_variance,2021-12-23,0.0017186569969161543
equity_min_variance,2021-12-27,0.010633888527647864
equity_min_variance,2021-12-28,0.004462057977397463
equity_min_variance,2021-12-29,0.0010143804587891818
equity_min_variance,2021-12-30,0.0006243660309866604
equity_min_variance,2021-12-31,-0.0011399042290899048
equity_min_variance,2022-01-03,0.002103866345405391
equity_min_variance,2022-01-04,-0.0005491734368387991
equity_min_variance,2022-01-05,-0.0017486494015712755
equity_min_variance,2022-01-06,-0.003976589534961383
equity_min_variance,2022-01-07,0.004323222291059844
equity_min_variance,2022-01-10,-0.0011095210683928812
equity_min_variance,2022-01-11,0.0038248764741195536
equity_min_variance,2022-01-12,0.0011978020411279183
equity_min_variance,2022-01-13,-0.0021766098190006667
equity_min_variance,2022-01-14,-0.0024988851923086522
equity_min_variance,2022-01-18,-0.009146856813958465
equity_min_variance,2022-01-19,-0.00044970462863685545
equity_min_variance,2022-01-20,-0.011037941720501142
equity_min_variance,2022-01-21,-0.0045131890470457405
equity_min_variance,2022-01-24,-0.0050167851161550085
equity_min_variance,2022-01-25,-0.004985489501096219
equity_min_variance,2022-01-26,-0.016000271491210808
equity_min_variance,2022-01-27,0.00019328056912481037
equity_min_variance,2022-01-28,0.016026372471871095
equity_min_variance,2022-01-31,0.010876374356852615
equity_min_variance,2022-02-01,-0.002637543193732559
equity_min_variance,2022-02-02,0.01144349049006071
equity_min_variance,2022-02-03,-0.005866829553891572
equity_min_variance,2022-02-04,-0.0037230159565238225
equity_min_variance,2022-02-07,-0.001067067166489982
equity_min_variance,2022-02-08,-0.0012182179310072359
equity_min_variance,2022-02-09,0.006435399437643203
equity_min_variance,2022-02-10,-0.01731915852703639
equity_min_variance,2022-02-11,-0.002702933648709616
equity_min_variance,2022-02-14,-0.007918635069800015
equity_min_variance,2022-02-15,0.0021558433712989666
equity_min_variance,2022-02-16,-0.001800115588346773
equity_min_variance,2022-02-17,-0.006719147929555821
equity_min_variance,2022-02-18,-0.0055221540253655626
equity_min_variance,2022-02-22,-0.003955647232375722
equity_min_variance,2022-02-23,-0.002718273248189689
equity_min_variance,2022-02-24,-0.0010964699432444685
equity_min_variance,2022-02-25,0.026194659081413264
equity_min_variance,2022-02-28,-0.005071646596980002
equity_min_variance,2022-03-01,-0.001800982378629421
equity_min_variance,2022-03-02,0.012018930386989982
equity_min_variance,2022-03-03,0.00851676824715582
equity_min_variance,2022-03-04,0.006837366424007051
equity_min_variance,2022-03-07,-0.008798234740676354
equity_min_variance,2022-03-08,-0.013700838436847908
equity_min_variance,2022-03-09,0.004330499180164665
equity_min_variance,2022-03-10,0.0017566565484281702
equity_min_variance,2022-03-11,-0.00536884358562523
equity_min_variance,2022-03-14,-0.004677214570088476
equity_min_variance,2022-03-15,0.007381662621999132
equity_min_variance,2022-03-16,0.005860571723154352
equity_min_variance,2022-03-17,0.011351456269361286
equity_min_variance,2022-03-18,0.003215990253643823
equity_min_variance,2022-03-21,0.0025765730046186444
equity_min_variance,2022-03-22,0.0044603544438162985
equity_min_variance,2022-03-23,-0.009415814432285723
equity_min_variance,2022-03-24,0.006455554277381489
equity_min_variance,2022-03-25,0.008601606685394236
equity_min_variance,2022-03-28,0.00553280858821364
equity_min_variance,2022-03-29,0.012778180417174163
equity_min_variance,2022-03-30,0.0005385249670084773
equity_min_variance,2022-03-31,-0.008935946951158168
equity_min_variance,2022-04-01,0.00913668279727776
equity_min_variance,2022-04-04,0.002909729891695356
equity_min_variance,2022-04-05,-0.004403999041881252
equity_min_variance,2022-04-06,0.01114853552884166
equity_min_variance,2022-04-07,0.0034632320147443504
equity_min_variance,2022-04-08,0.007178560848308467
equity_min_variance,2022-04-11,-0.01430950854524186
equity_min_variance,2022-04-12,0.0027421069865163966
equity_min_variance,2022-04-13,0.006204027016387745
equity_min_variance,2022-04-14,0.001761764539949191
equity_min_variance,2022-04-18,-0.004531036554719992
equity_min_variance,2022-04-19,0.008660447638707216
equity_min_variance,2022-04-20,0.002563356167943371
equity_min_variance,2022-04-21,-0.01049339333107492
equity_min_variance,2022-04-22,-0.01562555412040672
equity_min_variance,2022-04-25,-0.0014957344794267506
equity_min_variance,2022-04-26,-0.015989991321739172
equity_min_variance,2022-04-27,-0.0029627918857722366
equity_min_variance,2022-04-28,0.015546504532998096
equity_min_variance,2022-04-29,-0.03135987086536366
equity_min_variance,2022-05-02,0.0005954275613359558
equity_min_variance,2022-05-03,0.0026996940024003836
equity_min_variance,2022-05-04,0.024552068340768764
equity_min_variance,2022-05-05,-0.014921706843387093
equity_min_variance,2022-05-06,-0.005767675115190912
equity_min_variance,2022-05-09,-0.014188306462901364
equity_min_variance,2022-05-10,-0.007948312565218062
equity_min_variance,2022-05-11,0.007016138042267308
equity_min_variance,2022-05-12,0.0071344525483193035
equity_min_variance,2022-05-13,0.009925855581479124
equity_min_variance,2022-05-16,0.006168444050425192
equity_min_variance,2022-05-17,-0.002851258443953616
equity_min_variance,2022-05-18,-0.024494635805644305
equity_min_variance,2022-05-19,-0.005272746340131876
equity_min_variance,2022-05-20,0.0030075233852031535
equity_min_variance,2022-05-23,0.017116586691242226
equity_min_variance,2022-05-24,0.009893880956052233
equity_min_variance,2022-05-25,0.005381867803852658
equity_min_variance,2022-05-26,0.005728384894157619
equity_min_variance,2022-05-27,0.010917604434312885
equity_min_variance,2022-05-31,-0.00930348037966768
equity_min_variance,2022-06-01,-0.005576347483663966
equity_min_variance,2022-06-02,0.002944113581221706
equity_min_variance,2022-06-03,-0.005277237019293256
equity_min_variance,2022-06-06,-0.0046306298393829085
equity_min_variance,2022-06-07,0.007718311914099549
equity_min_variance,2022-06-08,-0.009602113160587818
equity_min_variance,2022-06-09,-0.0227436184041092
equity_min_variance,2022-06-10,-0.009455106297983691
equity_min_variance,2022-06-13,-0.032312718804570824
equity_min_variance,2022-06-14,-0.01366468319056455
equity_min_variance,2022-06-15,0.0028849373216362
equity_min_variance,2022-06-16,-0.007920240279763211
equity_min_variance,2022-06-17,-0.004139691966017087
equity_min_variance,2022-06-21,0.022228146858597055
equity_min_variance,2022-06-22,0.003327126248612232
equity_min_variance,2022-06-23,0.013098738083676445
equity_min_variance,2022-06-24,0.014240454576835652
equity_min_variance,2022-06-27,-0.002960903045112603
equity_min_variance,2022-06-28,-0.008835110160966473
equity_min_variance,2022-06-29,0.0005417487462198793
equity_min_variance,2022-06-30,-0.007536440267674763
equity_min_variance,2022-07-01,0.014860615587531299
equity_min_variance,2022-07-05,-0.003583494761898122
equity_min_variance,2022-07-06,0.0015142947648587371
equity_min_variance,2022-07-07,0.0023815555136951307
equity_min_variance,2022-07-08,-0.0028990001820567014
equity_min_variance,2022-07-11,3.904117657108669e-05
equity_min_variance,2022-07-12,-0.00576073201576222
equity_min_variance,2022-07-13,-0.0012860817644323986
equity_min_variance,2022-07-14,-0.004851778406529563
equity_min_variance,2022-07-15,0.01047017241423372
equity_min_variance,2022-07-18,-0.012057517893357867
equity_min_variance,2022-07-19,0.013736320040320753
equity_min_variance,2022-07-20,-0.006595938077128032
equity_min_variance,2022-07-21,0.004079879350466633
equity_min_variance,2022-07-22,-0.00019160982073579904
equity_min_variance,2022-07-25,-0.003436946287307808
equity_min_variance,2022-07-26,-0.004914973550954153
equity_min_variance,2022-07-27,0.0048964138846776094
equity_min_variance,2022-07-28,0.007826773269299314
equity_min_variance,2022-07-29,0.0028662818577696856
equity_min_variance,2022-08-01,-0.004906157950012472
equity_min_variance,2022-08-02,-0.005119187313240261
equity_min_variance,2022-08-03,0.013581303842252009
equity_min_variance,2022-08-04,-0.007976075549177728
equity_min_variance,2022-08-05,-0.004353202074568751
equity_min_variance,2022-08-08,0.004202960476800976
equity_min_variance,2022-08-09,0.0020288127701219277
equity_min_variance,2022-08-10,0.011427358040093998
equity_min_variance,2022-08-11,-0.0013186872233629512
equity_min_variance,2022-08-12,0.014421816185282613
equity_min_variance,2022-08-15,0.011790458433463782
equity_min_variance,2022-08-16,0.012986735202133365
equity_min_variance,2022-08-17,-0.006254703522204357
equity_min_variance,2022-08-18,-0.0025269312082692543
equity_min_variance,2022-08-19,-0.004578555246383172
equity_min_variance,2022-08-22,-0.0140191460493738
equity_min_variance,2022-08-23,-0.005096215748900424
equity_min_variance,2022-08-24,0.00025161481647966843
equity_min_variance,2022-08-25,0.005759846515146433
equity_min_variance,2022-08-26,-0.018071224269126922
equity_min_variance,2022-08-29,-0.004088894707134144
equity_min_variance,2022-08-30,-0.008373406316313649
equity_min_variance,2022-08-31,-0.00217347607628181
equity_min_variance,2022-09-01,0.011729617550898776
equity_min_variance,2022-09-02,-0.009395960397055888
equity_min_variance,2022-09-06,-0.002501095087206879
equity_min_variance,2022-09-07,0.0166353912016024
equity_min_variance,2022-09-08,0.0026647892331549505
equity_min_variance,2022-09-09,0.009116809694063055
equity_min_variance,2022-09-12,0.00851159309316974
equity_min_variance,2022-09-13,-0.03013161900983901
equity_min_variance,2022-09-14,0.006234894335621709
equity_min_variance,2022-09-15,-0.010524301742632318
equity_min_variance,2022-09-16,0.0007197091029983415
equity_min_variance,2022-09-19,0.003697746665698148
equity_min_variance,2022-09-20,-0.013466739082695117
equity_min_variance,2022-09-21,-0.013005040744691053
equity_min_variance,2022-09-22,0.003314867560434819
equity_min_variance,2022-09-23,-0.016594987872194007
equity_min_variance,2022-09-26,-0.010546671146472395
equity_min_variance,2022-09-27,-0.0057557107720034376
equity_min_variance,2022-09-28,0.022212779787327584
equity_min_variance,2022-09-29,-0.016190234876966685
equity_min_variance,2022-09-30,-0.016778629933298067
equity_min_variance,2022-10-03,0.025857196580242253
equity_min_variance,2022-10-04,0.021120072535405505
equity_min_variance,2022-10-05,-0.003916068979654199
equity_min_variance,2022-10-06,-0.007689761934782199
equity_min_variance,2022-10-07,-0.01405563111891944
equity_min_variance,2022-10-10,0.0013820844113639251
equity_min_variance,2022-10-11,0.015646376383728254
equity_min_variance,2022-10-12,-0.00453373813347922
equity_min_variance,2022-10-13,0.019202475064914487
equity_min_variance,2022-10-14,-0.011582384947794783
equity_min_variance,2022-10-17,0.011910769571778512
equity_min_variance,2022-10-18,0.010579829259394937
equity_min_variance,2022-10-19,-0.007663584216603357
equity_min_variance,2022-10-20,-0.002583707304717242
equity_min_variance,2022-10-21,0.02021411511075921
equity_min_variance,2022-10-24,0.017533141209765436
equity_min_variance,2022-10-25,0.008592175759793617
equity_min_variance,2022-10-26,0.012254130790399307
equity_min_variance,2022-10-27,0.0013988840529106446
equity_min_variance,2022-10-28,0.022747884097189912
equity_min_variance,2022-10-31,-0.007491625048463759
equity_min_variance,2022-11-01,-0.001230846375828618
equity_min_variance,2022-11-02,-0.011272133556552903
equity_min_variance,2022-11-03,-0.00495211497064587
equity_min_variance,2022-11-04,0.014319710216242709
equity_min_variance,2022-11-07,0.013768042275205075
equity_min_variance,2022-11-08,0.010945198287785318
equity_min_variance,2022-11-09,-0.01184072788521816
equity_min_variance,2022-11-10,0.02193320356216691
equity_min_variance,2022-11-11,-0.004799445632188934
equity_min_variance,2022-11-14,-0.0023692463267759242
equity_min_variance,2022-11-15,0.006871804227664356
equity_min_variance,2022-11-16,-0.0006898332951789057
equity_min_variance,2022-11-17,0.0045661058168730015
equity_min_variance,2022-11-18,0.008431339336506496
equity_min_variance,2022-11-21,0.0038511951356258564
equity_min_variance,2022-11-22,0.009112049384723996
equity_min_variance,2022-11-23,-0.0011362342909275764
equity_min_variance,2022-11-25,0.0007656931492817617
equity_min_variance,2022-11-28,-0.00982482477382268
equity_min_variance,2022-11-29,0.0030136825221059576
equity_min_variance,2022-11-30,0.01721854371805391
equity_min_variance,2022-12-01,0.0009854383642430272
equity_min_variance,2022-12-02,0.0028792922963044895
equity_min_variance,2022-12-05,-0.008073856434235437
equity_min_variance,2022-12-06,-0.010906168551664215
equity_min_variance,2022-12-07,0.003197185723874887
equity_min_variance,2022-12-08,0.004319226242796014
equity_min_variance,2022-12-09,-0.01655159208367913
equity_min_variance,2022-12-12,0.006173279362188301
equity_min_variance,2022-12-13,0.0037375308432530357
equity_min_variance,2022-12-14,0.00021425073901791474
equity_min_variance,2022-12-15,-0.015618236815469581
equity_min_variance,2022-12-16,-0.005697548769174354
equity_min_variance,2022-12-19,-0.0013021988984823678
equity_min_variance,2022-12-20,0.001150847642929825
equity_min_variance,2022-12-21,0.011510937702689012
equity_min_variance,2022-12-22,-0.00472473442393109
equity_min_variance,2022-12-23,0.004629636348005551
equity_min_variance,2022-12-27,0.001340416373700229
equity_min_variance,2022-12-28,-0.010115573066150733
equity_min_variance,2022-12-29,0.00634244745297178
equity_min_variance,2022-12-30,0.00012316808044933412
equity_min_variance,2023-01-03,0.0004842131505760721
equity_min_variance,2023-01-04,0.008724689081568258
equity_min_variance,2023-01-05,0.0018977183096340674
equity_min_variance,2023-01-06,0.014980477591279991
equity_min_variance,2023-01-09,-0.016852886585401867
equity_min_variance,2023-01-10,0.002135994548896437
equity_min_variance,2023-01-11,0.0027386952600537066
equity_min_variance,2023-01-12,-0.0024866915024504468
equity_min_variance,2023-01-13,0.002472964605867928
equity_min_variance,2023-01-17,-0.0067552000724237764
equity_min_variance,2023-01-18,-0.01728390447664683
equity_min_variance,2023-01-19,-0.0013982123437793704
equity_min_variance,2023-01-20,0.008679013935974379
equity_min_variance,2023-01-23,0.0026696215174406078
equity_min_variance,2023-01-24,-0.002769647393365882
equity_min_variance,2023-01-25,-0.0016902521863433396
equity_min_variance,2023-01-26,-0.00029585791638606795
equity_min_variance,2023-01-27,-0.0060611354833300666
equity_min_variance,2023-01-30,-0.0035550276750758113
equity_min_variance,2023-01-31,0.007677798067530579
equity_min_variance,2023-02-01,-0.01880891538138166
equity_min_variance,2023-02-02,-0.011845740168676889
equity_min_variance,2023-02-03,-0.009467265165080023
equity_min_variance,2023-02-06,-0.001437551922692773
equity_min_variance,2023-02-07,0.00847874773472492
equity_min_variance,2023-02-08,-0.007346646399637956
equity_min_variance,2023-02-09,-0.00150345443014428
equity_min_variance,2023-02-10,0.012088396431966112
equity_min_variance,2023-02-13,0.00790862526175647
equity_min_variance,2023-02-14,-0.006991492193558211
equity_min_variance,2023-02-15,-0.00024054659524327826
equity_min_variance,2023-02-16,-0.012973198711785885
equity_min_variance,2023-02-17,0.013649322122387564
equity_min_variance,2023-02-21,-0.004608767090675936
equity_min_variance,2023-02-22,-0.004412809967375439
equity_min_variance,2023-02-23,0.0025993797751987747
equity_min_variance,2023-02-24,-0.007026716881718703
equity_min_variance,2023-02-27,0.00027158250054663493
equity_min_variance,2023-02-28,-0.010347652827186157
equity_min_variance,2023-03-01,0.00033072037084410505
equity_min_variance,2023-03-02,0.005935441643648169
equity_min_variance,2023-03-03,0.003847626652814119
equity_min_variance,2023-03-06,0.009584874231699039
equity_min_variance,2023-03-07,-0.01076355136883571
equity_min_variance,2023-03-08,-0.006723123921106009
equity_min_variance,2023-03-09,-0.011489384352405107
equity_min_variance,2023-03-10,-0.003023423702133957
equity_min_variance,2023-03-13,0.005919321422570112
equity_min_variance,2023-03-14,0.0070709423338794
equity_min_variance,2023-03-15,0.00437409664229198
equity_min_variance,2023-03-16,0.0015249678005272893
equity_min_variance,2023-03-17,-0.013450988049872633
equity_min_variance,2023-03-20,0.013396651758218218
equity_min_variance,2023-03-21,-0.0013202551339146474
equity_min_variance,2023-03-22,-0.014720294776904577
equity_min_variance,2023-03-23,0.0055679155211995615
equity_min_variance,2023-03-24,0.016136405749450522
equity_min_variance,2023-03-27,0.005524436821679271
equity_min_variance,2023-03-28,-0.0011521504835072171
equity_min_variance,2023-03-29,0.006496983074055365
equity_min_variance,2023-03-30,0.004697456542408653
equity_min_variance,2023-03-31,0.00687300121079984
equity_min_variance,2023-04-03,0.010852107944827164
equity_min_variance,2023-04-04,0.005538223231668639
equity_min_variance,2023-04-05,0.015287863516196508
equity_min_variance,2023-04-06,0.00023469586160011551
equity_min_variance,2023-04-10,-0.0013976414295602678
equity_min_variance,2023-04-11,-0.000533975189516579
equity_min_variance,2023-04-12,0.0009930049478851
equity_min_variance,2023-04-13,0.009269186095582634
equity_min_variance,2023-04-14,-0.0042603351748605875
equity_min_variance,2023-04-17,0.0002794547222793927
equity_min_variance,2023-04-18,-0.001891567912362507
equity_min_variance,2023-04-19,-0.0006569708905947827
equity_min_variance,2023-04-20,-0.005092089796706751
equity_min_variance,2023-04-21,0.005608378076326405
equity_min_variance,2023-04-24,0.001743486700387879
equity_min_variance,2023-04-25,-0.00027386816066018684
equity_min_variance,2023-04-26,-0.019455012710944148
equity_min_variance,2023-04-27,0.0051837197019025645
equity_min_variance,2023-04-28,0.003642251832025657
equity_min_variance,2023-05-01,0.0012347427486603148
equity_min_variance,2023-05-02,-0.007318274956322312
equity_min_variance,2023-05-03,-0.00918500055344185
equity_min_variance,2023-05-04,0.0006022455736304618
equity_min_variance,2023-05-05,0.011008434522377833
equity_min_variance,2023-05-08,-0.0002982488933043544
equity_min_variance,2023-05-09,-0.004602880002833656
equity_min_variance,2023-05-10,-0.0005103038475391991
equity_min_variance,2023-05-11,-0.0016164293176951351
equity_min_variance,2023-05-12,0.0013982766680306236
equity_min_variance,2023-05-15,-0.002886871106407786
equity_min_variance,2023-05-16,-0.014937005301894415
equity_min_variance,2023-05-17,-0.0013739940986105012
equity_min_variance,2023-05-18,0.0008705571533977732
equity_min_variance,2023-05-19,0.0003093006208858731
equity_min_variance,2023-05-22,-0.0058464621636682935
equity_min_variance,2023-05-23,-0.0032974823618602883
equity_min_variance,2023-05-24,-0.006643015949418681
equity_min_variance,2023-05-25,-0.012654828718806356
equity_min_variance,2023-05-26,-0.0008784054255913473
equity_min_variance,2023-05-30,-0.003577151665020459
equity_min_variance,2023-05-31,0.006835369626718766
equity_min_variance,2023-06-01,-0.0011093189209183786
equity_min_variance,2023-06-02,0.01277490557409746
equity_min_variance,2023-06-05,0.0011850952104621518
equity_min_variance,2023-06-06,-0.006494670610077903
equity_min_variance,2023-06-07,0.00041968541426605895
equity_min_variance,2023-06-08,0.00610394466181274
equity_min_variance,2023-06-09,6.608603574562984e-05
equity_min_variance,2023-06-12,-0.0026115009444411244
equity_min_variance,2023-06-13,0.006439043500915849
equity_min_variance,2023-06-14,0.0022065730256772367
equity_min_variance,2023-06-15,0.009671798047117977
equity_min_variance,2023-06-16,0.0009445928377968466
equity_min_variance,2023-06-20,-0.007591882109124116
equity_min_variance,2023-06-21,-0.0012579798786364884
equity_min_variance,2023-06-22,0.008030890441935362
equity_min_variance,2023-06-23,-0.005271316235603682
equity_min_variance,2023-06-26,0.0005202124289760707
equity_min_variance,2023-06-27,0.0027069691850169658
equity_min_variance,2023-06-28,-0.004027287898801492
equity_min_variance,2023-06-29,-0.001110543552883164
equity_min_variance,2023-06-30,0.006535593696060728
equity_min_variance,2023-07-03,0.0036015642734092013
equity_min_variance,2023-07-05,0.002091346510272023
equity_min_variance,2023-07-06,-0.008167601605331715
equity_min_variance,2023-07-07,-0.013910604087358317
equity_min_variance,2023-07-10,0.0006886314929277883
equity_min_variance,2023-07-11,0.008962456741105145
equity_min_variance,2023-07-12,-0.0026069046841440866
equity_min_variance,2023-07-13,0.0014923458217329304
equity_min_variance,2023-07-14,0.003394215203059458
equity_min_variance,2023-07-17,-0.005346515984804897
equity_min_variance,2023-07-18,0.0007126381187717698
equity_min_variance,2023-07-19,0.00819395926918097
equity_min_variance,2023-07-20,0.015636852940473046
equity_min_variance,2023-07-21,0.006069547592644509
equity_min_variance,2023-07-24,0.001049051876619251
equity_min_variance,2023-07-25,-0.0028113085017908677
equity_min_variance,2023-07-26,0.0034139432914982643
equity_min_variance,2023-07-27,-0.007217401934798175
equity_min_variance,2023-07-28,0.002617168561122803
equity_min_variance,2023-07-31,-0.0039731811737056255
equity_min_variance,2023-08-01,-0.005399266499479418
equity_min_variance,2023-08-02,-0.008511118185751046
equity_min_variance,2023-08-03,-0.00696603579627344
equity_min_variance,2023-08-04,-0.005914647849434139
equity_min_variance,2023-08-07,0.011801400656909126
equity_min_variance,2023-08-08,-0.003878872048560423
equity_min_variance,2023-08-09,0.002203795442583767
equity_min_variance,2023-08-10,-0.0020488847614353522
equity_min_variance,2023-08-11,0.006096892187540091
equity_min_variance,2023-08-14,-0.0006071105083936006
equity_min_variance,2023-08-15,-0.006429881719913578
equity_min_variance,2023-08-16,-0.002694254414382252
equity_min_variance,2023-08-17,-0.0054733322186367225
equity_min_variance,2023-08-18,0.0037318733232583447
equity_min_variance,2023-08-21,-0.003221919734827075
equity_min_variance,2023-08-22,-0.005680445993709006
equity_min_variance,2023-08-23,0.010704572799593368
equity_min_variance,2023-08-24,-0.009258113619790493
equity_min_variance,2023-08-25,0.0025099022274231507
equity_min_variance,2023-08-28,0.003073088933415437
equity_min_variance,2023-08-29,0.0051969914579699066
equity_min_variance,2023-08-30,0.001702752865449886
equity_min_variance,2023-08-31,-0.0052806264723892085
equity_min_variance,2023-09-01,-1.4705671374694881e-05
equity_min_variance,2023-09-05,-0.009314008090680432
equity_min_variance,2023-09-06,-0.0024619307375309814
equity_min_variance,2023-09-07,0.0056657020696645405
equity_min_variance,2023-09-08,0.003673099273228996
equity_min_variance,2023-09-11,0.00369770083126994
equity_min_variance,2023-09-12,-0.0018549441775243681
equity_min_variance,2023-09-13,0.00028420460989314275
equity_min_variance,2023-09-14,0.008856742533203881
equity_min_variance,2023-09-15,-0.008889964627127305
equity_min_variance,2023-09-18,0.0010432800486300244
equity_min_variance,2023-09-19,0.00020944727690276615
equity_min_variance,2023-09-20,0.0017124297997472226
equity_min_variance,2023-09-21,-0.014053905996248622
equity_min_variance,2023-09-22,-0.0014268069174529444
equity_min_variance,2023-09-25,-0.001747690596695725
equity_min_variance,2023-09-26,-0.006366543684809903
equity_min_variance,2023-09-27,-0.006506885739830334
equity_min_variance,2023-09-28,0.0021070065379539395
equity_min_variance,2023-09-29,-0.00443405914918683
equity_min_variance,2023-10-02,-0.007130817296803413
equity_min_variance,2023-10-03,-0.008256047002886251
equity_min_variance,2023-10-04,0.005503476751219337
equity_min_variance,2023-10-05,-0.01327563935574282
equity_min_variance,2023-10-06,0.00535070787241879
equity_min_variance,2023-10-09,0.004086698030231597
equity_min_variance,2023-10-10,0.010594871865015162
equity_min_variance,2023-10-11,0.0017721657975261875
equity_min_variance,2023-10-12,-0.00502044318038015
equity_min_variance,2023-10-13,0.002716616120909005
equity_min_variance,2023-10-16,0.006332524438290515
equity_min_variance,2023-10-17,0.005217925579549542
equity_min_variance,2023-10-18,-0.006504560460656572
equity_min_variance,2023-10-19,-0.004605784258992919
equity_min_variance,2023-10-20,0.000258574693432725
equity_min_variance,2023-10-23,-0.0043836694965602805
equity_min_variance,2023-10-24,0.015583449163106678
equity_min_variance,2023-10-25,-0.00111264378016307
equity_min_variance,2023-10-26,-0.0024674120363027967
equity_min_variance,2023-10-27,-0.016330988596948925
equity_min_variance,2023-10-30,0.005844432390459165
equity_min_variance,2023-10-31,0.005519657246543572
equity_min_variance,2023-11-01,0.003999132766948137
equity_min_variance,2023-11-02,0.014649912565294227
equity_min_variance,2023-11-03,0.0016463180534421584
equity_min_variance,2023-11-06,0.0009966956998254035
equity_min_variance,2023-11-07,0.0014544486176940893
equity_min_variance,2023-11-08,-0.0009152435943985998
equity_min_variance,2023-11-09,-0.009847430064108527
equity_min_variance,2023-11-10,0.004845763254161568
equity_min_variance,2023-11-13,0.0032281889204561175
equity_min_variance,2023-11-14,0.007289665952404871
equity_min_variance,2023-11-15,0.0033684408586612457
equity_min_variance,2023-11-16,-0.014586442767687115
equity_min_variance,2023-11-17,2.4765771098125616e-05
equity_min_variance,2023-11-20,0.003986351820935293
equity_min_variance,2023-11-21,0.0032316529637000406
equity_min_variance,2023-11-22,-0.0008074073305356272
equity_min_variance,2023-11-24,0.00445291377788403
equity_min_variance,2023-11-27,0.0004441968483154109
equity_min_variance,2023-11-28,-0.00021101091951960778
equity_min_variance,2023-11-29,-0.0017961635603661358
equity_min_variance,2023-11-30,0.008836526296342202
equity_min_variance,2023-12-01,0.0034277888512477
equity_min_variance,2023-12-04,0.0012982048259520928
equity_min_variance,2023-12-05,0.003066999901024696
equity_min_variance,2023-12-06,-0.003037338879406369
equity_min_variance,2023-12-07,0.0002896277437258902
equity_min_variance,2023-12-08,-0.0021624517764309015
equity_min_variance,2023-12-11,0.006444575392389954
equity_min_variance,2023-12-12,0.0036566860002354095
equity_min_variance,2023-12-13,0.015065280899028689
equity_min_variance,2023-12-14,-0.0031174196940180563
equity_min_variance,2023-12-15,-0.004238884647342556
equity_min_variance,2023-12-18,0.00393272503572405
equity_min_variance,2023-12-19,0.003908114781987817
equity_min_variance,2023-12-20,-0.013076345264355294
equity_min_variance,2023-12-21,0.007609467656966522
equity_min_variance,2023-12-22,0.006547830132124383
equity_min_variance,2023-12-26,0.003240508285937402
equity_min_variance,2023-12-27,0.0036959110870076767
equity_min_variance,2023-12-28,0.0018687190997814052
equity_min_variance,2023-12-29,-0.00017975929693949807
equity_max_sharpe,2021-01-04,-0.005527069673553866
equity_max_sharpe,2021-01-05,0.005861082367473363
equity_max_sharpe,2021-01-06,-0.01181605141476234
equity_max_sharpe,2021-01-07,0.02129581907293289
equity_max_sharpe,2021-01-08,-0.00026895149478834394
equity_max_sharpe,2021-01-11,-0.0038048928693014137
equity_max_sharpe,2021-01-12,-0.0172034215920488
equity_max_sharpe,2021-01-13,-0.0008595284557571109
equity_max_sharpe,2021-01-14,-0.01475499202157868
equity_max_sharpe,2021-01-15,-0.00480074732914476
equity_max_sharpe,2021-01-19,0.009775913518888929
equity_max_sharpe,2021-01-20,0.027550855546487948
equity_max_sharpe,2021-01-21,-0.0014526836865824603
equity_max_sharpe,2021-01-22,-0.005570793483385901
equity_max_sharpe,2021-01-25,0.0016173793401206438
equity_max_sharpe,2021-01-26,-0.008110470558936898
equity_max_sharpe,2021-01-27,-0.040350393730089425
equity_max_sharpe,2021-01-28,0.02082038599266807
equity_max_sharpe,2021-01-29,-0.006460842434099363
equity_max_sharpe,2021-02-01,0.0034118668417215427
equity_max_sharpe,2021-02-02,0.023483149672103073
equity_max_sharpe,2021-02-03,-0.01215851171155195
equity_max_sharpe,2021-02-04,-0.006059403595324258
equity_max_sharpe,2021-02-05,0.0032091383353485404
equity_max_sharpe,2021-02-08,0.024640862110956657
equity_max_sharpe,2021-02-09,-0.018534374015461874
equity_max_sharpe,2021-02-10,0.0015908150900935854
equity_max_sharpe,2021-02-11,0.001435279224669265
equity_max_sharpe,2021-02-12,0.0021540776223074936
equity_max_sharpe,2021-02-16,-0.0039125401867119505
equity_max_sharpe,2021-02-17,-0.01319405401020934
equity_max_sharpe,2021-02-18,-0.0006927284587731242
equity_max_sharpe,2021-02-19,-0.0013182298992834632
equity_max_sharpe,2021-02-22,-0.017985070008728357
equity_max_sharpe,2021-02-23,-0.01196689473031904
equity_max_sharpe,2021-02-24,0.015877589752414687
equity_max_sharpe,2021-02-25,-0.0337802004245638
equity_max_sharpe,2021-02-26,0.004612654907689989
equity_max_sharpe,2021-03-01,0.01801790294248586
equity_max_sharpe,2021-03-02,-0.007750966612699344
equity_max_sharpe,2021-03-03,-0.020529237863615254
equity_max_sharpe,2021-03-04,-0.018580783236064893
equity_max_sharpe,2021-03-05,0.014771708003498718
equity_max_sharpe,2021-03-08,-0.027915112770451018
equity_max_sharpe,2021-03-09,0.01934465667076595
equity_max_sharpe,2021-03-10,0.002303525201017772
equity_max_sharpe,2021-03-11,0.016826318494466048
equity_max_sharpe,2021-03-12,0.01164852687212017
equity_max_sharpe,2021-03-15,-0.00569935611699143
equity_max_sharpe,2021-03-16,0.0023748402155775498
equity_max_sharpe,2021-03-17,-0.0011270745595311441
equity_max_sharpe,2021-03-18,-0.012543634015828739
equity_max_sharpe,2021-03-19,-0.0031269712938719325
equity_max_sharpe,2021-03-22,0.010832818766188915
equity_max_sharpe,2021-03-23,-0.009997741332147494
equity_max_sharpe,2021-03-24,-0.005483147635149579
equity_max_sharpe,2021-03-25,0.008497306630080602
equity_max_sharpe,2021-03-26,0.02606001325646577
equity_max_sharpe,2021-03-29,0.005562841777710313
equity_max_sharpe,2021-03-30,0.005331703653601909
equity_max_sharpe,2021-03-31,0.0040667948848697195
equity_max_sharpe,2021-04-01,0.008404148581168532
equity_max_sharpe,2021-04-05,0.0027259521270278737
equity_max_sharpe,2021-04-06,-0.0002167944027786187
equity_max_sharpe,2021-04-07,-0.0031060279540384077
equity_max_sharpe,2021-04-08,0.0024457499452229027
equity_max_sharpe,2021-04-09,0.005764438543173177
equity_max_sharpe,2021-04-12,0.002913988615245954
equity_max_sharpe,2021-04-13,-0.0033826608071879593
equity_max_sharpe,2021-04-14,0.0005751318228610879
equity_max_sharpe,2021-04-15,0.008300351253698948
equity_max_sharpe,2021-04-16,-0.001326768530558175
equity_max_sharpe,2021-04-19,-0.0016537086806091106
equity_max_sharpe,2021-04-20,-0.010918793359303158
equity_max_sharpe,2021-04-21,0.010392378576586012
equity_max_sharpe,2021-04-22,-0.011527816091681676
equity_max_sharpe,2021-04-23,0.010173716985208019
equity_max_sharpe,2021-04-26,0.005890851838173924
equity_max_sharpe,2021-04-27,0.00777745314959773
equity_max_sharpe,2021-04-28,0.004635285381441226
equity_max_sharpe,2021-04-29,0.008526971648752803
equity_max_sharpe,2021-04-30,-0.005874047711544209
equity_max_sharpe,2021-05-03,0.00605038951282193
equity_max_sharpe,2021-05-04,0.002372602300259237
equity_max_sharpe,2021-05-05,0.005290697497159496
equity_max_sharpe,2021-05-06,0.005217835006880789
equity_max_sharpe,2021-05-07,0.009749796024263431
equity_max_sharpe,2021-05-10,-0.004266026927074494
equity_max_sharpe,2021-05-11,-0.01014202312082495
equity_max_sharpe,2021-05-12,-0.015304299354660406
equity_max_sharpe,2021-05-13,0.01236391008820218
equity_max_sharpe,2021-05-14,0.01076341583971649
equity_max_sharpe,2021-05-17,0.005648434780040889
equity_max_sharpe,2021-05-18,-0.008482885316282092
equity_max_sharpe,2021-05-19,0.0036665317538291573
equity_max_sharpe,2021-05-20,0.008583230413196221
equity_max_sharpe,2021-05-21,0.0017601885841990795
equity_max_sharpe,2021-05-24,0.008784720618271515
equity_max_sharpe,2021-05-25,-0.005471381159184762
equity_max_sharpe,2021-05-26,0.004740787050712463
equity_max_sharpe,2021-05-27,4.507332417352202e-05
equity_max_sharpe,2021-05-28,0.007756499752282331
equity_max_sharpe,2021-06-01,0.009856331621610493
equity_max_sharpe,2021-06-02,-0.005492628763130023
equity_max_sharpe,2021-06-03,0.00468585518734023
equity_max_sharpe,2021-06-04,0.006630114949122373
equity_max_sharpe,2021-06-07,-0.000520658394936485
equity_max_sharpe,2021-06-08,0.00020753085129785205
equity_max_sharpe,2021-06-09,-0.015343564886472589
equity_max_sharpe,2021-06-10,-0.0031536156997249358
equity_max_sharpe,2021-06-11,0.0007468112413973909
equity_max_sharpe,2021-06-14,-0.00815431249176611
equity_max_sharpe,2021-06-15,-0.005547438134963356
equity_max_sharpe,2021-06-16,-0.010154958290888385
equity_max_sharpe,2021-06-17,-0.013722875280094669
equity_max_sharpe,2021-06-18,-0.007163625306958256
equity_max_sharpe,2021-06-21,0.02082063491675996
equity_max_sharpe,2021-06-22,0.0018199570098747187
equity_max_sharpe,2021-06-23,-0.001073077547279926
equity_max_sharpe,2021-06-24,0.011278349740856978
equity_max_sharpe,2021-06-25,-0.000611965601918711
equity_max_sharpe,2021-06-28,0.0009611064883464314
equity_max_sharpe,2021-06-29,0.006445939139601344
equity_max_sharpe,2021-06-30,0.0038772153900854694
equity_max_sharpe,2021-07-01,0.00227427266410859
equity_max_sharpe,2021-07-02,0.004555435631708173
equity_max_sharpe,2021-07-06,-0.002613766723932315
equity_max_sharpe,2021-07-07,0.0016110511489588928
equity_max_sharpe,2021-07-08,-0.011260818301433786
equity_max_sharpe,2021-07-09,0.01862998640830274
equity_max_sharpe,2021-07-12,0.008706769669591078
equity_max_sharpe,2021-07-13,-0.011767493345366416
equity_max_sharpe,2021-07-14,-0.0013314225983716572
equity_max_sharpe,2021-07-15,-0.004285488034470796
equity_max_sharpe,2021-07-16,-0.01453574248629885
equity_max_sharpe,2021-07-19,-0.012775272824159585
equity_max_sharpe,2021-07-20,0.01576539461163667
equity_max_sharpe,2021-07-21,0.009941258218404296
equity_max_sharpe,2021-07-22,0.002029134010981463
equity_max_sharpe,2021-07-23,0.00712045119860302
equity_max_sharpe,2021-07-26,0.0027550328659944026
equity_max_sharpe,2021-07-27,-0.006019004745411175
equity_max_sharpe,2021-07-28,0.0034175265190416774
equity_max_sharpe,2021-07-29,0.008776750899359085
equity_max_sharpe,2021-07-30,-0.0019307635038610172
equity_max_sharpe,2021-08-02,-0.0024605752038953654
equity_max_sharpe,2021-08-03,0.009193827532259514
equity_max_sharpe,2021-08-04,-0.003590778148574326
equity_max_sharpe,2021-08-05,0.005263186357407885
equity_max_sharpe,2021-08-06,0.002841581519252201
equity_max_sharpe,2021-08-09,0.007230714305413132
equity_max_sharpe,2021-08-10,0.01582570697981708
equity_max_sharpe,2021-08-11,0.006223583627754467
equity_max_sharpe,2021-08-12,0.006678503513599149
equity_max_sharpe,2021-08-13,0.0007248386251333491
equity_max_sharpe,2021-08-16,0.0004251877115743931
equity_max_sharpe,2021-08-17,-0.009442422661794025
equity_max_sharpe,2021-08-18,-0.005089231649127929
equity_max_sharpe,2021-08-19,-0.0036940326620639534
equity_max_sharpe,2021-08-20,0.009045968046549927
equity_max_sharpe,2021-08-23,0.009624488263855827
equity_max_sharpe,2021-08-24,0.0037255343004480054
equity_max_sharpe,2021-08-25,-0.00016059047705634802
equity_max_sharpe,2021-08-26,-0.006962459463821858
equity_max_sharpe,2021-08-27,0.010977793884401106
equity_max_sharpe,2021-08-30,0.0024470272992829696
equity_max_sharpe,2021-08-31,-0.0032105636532599366
equity_max_sharpe,2021-09-01,0.003039094021235473
equity_max_sharpe,2021-09-02,0.0022694883615193614
equity_max_sharpe,2021-09-03,-0.0032686335651404327
equity_max_sharpe,2021-09-07,-0.008923496870523084
equity_max_sharpe,2021-09-08,-0.0017866932501515716
equity_max_sharpe,2021-09-09,-0.006656094049084339
equity_max_sharpe,2021-09-10,-0.0032164003622263937
equity_max_sharpe,2021-09-13,-0.0035511679342366815
equity_max_sharpe,2021-09-14,-0.01134939402359596
equity_max_sharpe,2021-09-15,0.00665108612599318
equity_max_sharpe,2021-09-16,-0.005864623527896695
equity_max_sharpe,2021-09-17,-0.018030618662556154
equity_max_sharpe,2021-09-20,-0.019407442275904848
equity_max_sharpe,2021-09-21,-0.003662613713586541
equity_max_sharpe,2021-09-22,0.008097950020166611
equity_max_sharpe,2021-09-23,0.008068181755123647
equity_max_sharpe,2021-09-24,-0.006350302967602646
equity_max_sharpe,2021-09-27,-0.0021556645388443973
equity_max_sharpe,2021-09-28,-0.009566647832676724
equity_max_sharpe,2021-09-29,-0.0005997926639830872
equity_max_sharpe,2021-09-30,-0.013202921738378256
equity_max_sharpe,2021-10-01,0.008237800449537652
equity_max_sharpe,2021-10-04,-0.009085582803316864
equity_max_sharpe,2021-10-05,0.009237237112294511
equity_max_sharpe,2021-10-06,0.005071815433769277
equity_max_sharpe,2021-10-07,0.0065531122059285934
equity_max_sharpe,2021-10-08,-0.0015796106196860249
equity_max_sharpe,2021-10-11,-0.005247952469355614
equity_max_sharpe,2021-10-12,0.008318642677158018
equity_max_sharpe,2021-10-13,0.007485735117557595
equity_max_sharpe,2021-10-14,0.018724384893764528
equity_max_sharpe,2021-10-15,0.0004037477290724192
equity_max_sharpe,2021-10-18,0.005168154343017209
equity_max_sharpe,2021-10-19,0.0028471955568554986
equity_max_sharpe,2021-10-20,0.003264892909732939
equity_max_sharpe,2021-10-21,-0.001188567902829
equity_max_sharpe,2021-10-22,0.010347203894492014
equity_max_sharpe,2021-10-25,0.01098637504352278
equity_max_sharpe,2021-10-26,0.013797917881065384
equity_max_sharpe,2021-10-27,-0.01734510194954772
equity_max_sharpe,2021-10-28,0.017311534999125376
equity_max_sharpe,2021-10-29,0.003654930249541153
equity_max_sharpe,2021-11-01,0.0038734778372979855
equity_max_sharpe,2021-11-02,0.010305526305226832
equity_max_sharpe,2021-11-03,-0.003709443574976017
equity_max_sharpe,2021-11-04,0.006065353765212795
equity_max_sharpe,2021-11-05,-0.017059649881208047
equity_max_sharpe,2021-11-08,0.010515162369452142
equity_max_sharpe,2021-11-09,-0.0032732092079904044
equity_max_sharpe,2021-11-10,-0.0055746695348213105
equity_max_sharpe,2021-11-11,0.007417400578879179
equity_max_sharpe,2021-11-12,0.003227298183670602
equity_max_sharpe,2021-11-15,0.0019309624103623858
equity_max_sharpe,2021-11-16,-0.0026989654420623847
equity_max_sharpe,2021-11-17,-0.008068112477222939
equity_max_sharpe,2021-11-18,0.00895171029457194
equity_max_sharpe,2021-11-19,-0.008328409304723812
equity_max_sharpe,2021-11-22,0.0036632929583004267
equity_max_sharpe,2021-11-23,0.01184365707858222
equity_max_sharpe,2021-11-24,0.0044287662340671
equity_max_sharpe,2021-11-26,-0.027568444027797435
equity_max_sharpe,2021-11-29,0.012295834131510955
equity_max_sharpe,2021-11-30,-0.016451410358408292
equity_max_sharpe,2021-12-01,-0.009136042082729123
equity_max_sharpe,2021-12-02,0.02496382159860467
equity_max_sharpe,2021-12-03,-0.007337537401349917
equity_max_sharpe,2021-12-06,0.006730554860106078
equity_max_sharpe,2021-12-07,0.022306008139378494
equity_max_sharpe,2021-12-08,-0.0022529500518506376
equity_max_sharpe,2021-12-09,-0.007683643007635914
equity_max_sharpe,2021-12-10,0.004793781604246576
equity_max_sharpe,2021-12-13,-0.006291054058656732
equity_max_sharpe,2021-12-14,0.0014950237514193302
equity_max_sharpe,2021-12-15,0.018435770879789343
equity_max_sharpe,2021-12-16,0.0009916832197786058
equity_max_sharpe,2021-12-17,-0.014213098981079529
equity_max_sharpe,2021-12-20,-0.005651118678795647
equity_max_sharpe,2021-12-21,0.009227448982375696
equity_max_sharpe,2021-12-22,0.009377603115661685
equity_max_sharpe,2021-12-23,0.00019901037703607945
equity_max_sharpe,2021-12-27,0.019699968658761304
equity_max_sharpe,2021-12-28,-0.0029502577263457396
equity_max_sharpe,2021-12-29,0.0017508951539421814
equity_max_sharpe,2021-12-30,-0.003886960467807027
equity_max_sharpe,2021-12-31,-0.00048378217601831086
equity_max_sharpe,2022-01-03,-0.008270160695381841
equity_max_sharpe,2022-01-04,-0.00043073116839731194
equity_max_sharpe,2022-01-05,-0.008119454917483159
equity_max_sharpe,2022-01-06,0.0013499106054196994
equity_max_sharpe,2022-01-07,-0.013796891553699647
equity_max_sharpe,2022-01-10,0.002658130171581808
equity_max_sharpe,2022-01-11,0.006954974988170593
equity_max_sharpe,2022-01-12,0.007612821601514259
equity_max_sharpe,2022-01-13,-0.01319622137978884
equity_max_sharpe,2022-01-14,-0.0008453341411248858
equity_max_sharpe,2022-01-18,-0.011661269443311147
equity_max_sharpe,2022-01-19,-0.011031662192006117
equity_max_sharpe,2022-01-20,-0.01621872598063555
equity_max_sharpe,2022-01-21,-0.010746108708196615
equity_max_sharpe,2022-01-24,-0.0009367481369232965
equity_max_sharpe,2022-01-25,-8.390219198147481e-05
equity_max_sharpe,2022-01-26,-0.01001159634907388
equity_max_sharpe,2022-01-27,-0.0024726577205813915
equity_max_sharpe,2022-01-28,0.03245553540049559
equity_max_sharpe,2022-01-31,0.008251344572285288
equity_max_sharpe,2022-02-01,0.0052473685033367495
equity_max_sharpe,2022-02-02,0.02454619923747635
equity_max_sharpe,2022-02-03,-0.006936628230210985
equity_max_sharpe,2022-02-04,-0.003469545113271247
equity_max_sharpe,2022-02-07,0.003440289752991459
equity_max_sharpe,2022-02-08,0.0026529281762609717
equity_max_sharpe,2022-02-09,0.01920121425066735
equity_max_sharpe,2022-02-10,-0.019711615805996778
equity_max_sharpe,2022-02-11,-0.006344881430842539
equity_max_sharpe,2022-02-14,-0.0068115858852513984
equity_max_sharpe,2022-02-15,0.003199895218618389
equity_max_sharpe,2022-02-16,0.0010490776183984683
equity_max_sharpe,2022-02-17,-0.012715604878395638
equity_max_sharpe,2022-02-18,-0.00831695900056622
equity_max_sharpe,2022-02-22,-0.006297673750630878
equity_max_sharpe,2022-02-23,0.0036626407338450997
equity_max_sharpe,2022-02-24,0.002732150561925286
equity_max_sharpe,2022-02-25,0.03552387422035483
equity_max_sharpe,2022-02-28,-0.00361632892861457
equity_max_sharpe,2022-03-01,0.004365712974489611
equity_max_sharpe,2022-03-02,0.018660453807787854
equity_max_sharpe,2022-03-03,0.00759001688297279
equity_max_sharpe,2022-03-04,0.010326396194888083
equity_max_sharpe,2022-03-07,-0.010205191919860497
equity_max_sharpe,2022-03-08,-0.02198429502486363
equity_max_sharpe,2022-03-09,0.008771054481262143
equity_max_sharpe,2022-03-10,0.007779801163446683
equity_max_sharpe,2022-03-11,-0.006955412269612294
equity_max_sharpe,2022-03-14,-0.008327075801589066
equity_max_sharpe,2022-03-15,0.010103388685046353
equity_max_sharpe,2022-03-16,0.005794197571548287
equity_max_sharpe,2022-03-17,0.018605534786109375
equity_max_sharpe,2022-03-18,0.007939930803297182
equity_max_sharpe,2022-03-21,0.013977958929948318
equity_max_sharpe,2022-03-22,0.0015393782720581224
equity_max_sharpe,2022-03-23,0.0006888125337608239
equity_max_sharpe,2022-03-24,0.017132778152417618
equity_max_sharpe,2022-03-25,0.010908987087986204
equity_max_sharpe,2022-03-28,0.0015123484831335284
equity_max_sharpe,2022-03-29,0.007775574144217479
equity_max_sharpe,2022-03-30,0.000992118680251907
equity_max_sharpe,2022-03-31,-0.010483455329508992
equity_max_sharpe,2022-04-01,0.009646230167937437
equity_max_sharpe,2022-04-04,-0.0030747782094116462
equity_max_sharpe,2022-04-05,-0.0029024404822546733
equity_max_sharpe,2022-04-06,0.01642531316228042
equity_max_sharpe,2022-04-07,0.013087137338137633
equity_max_sharpe,2022-04-08,0.004808698670064742
equity_max_sharpe,2022-04-11,-0.025395983435495078
equity_max_sharpe,2022-04-12,0.0036847524037734495
equity_max_sharpe,2022-04-13,-0.006548170262661721
equity_max_sharpe,2022-04-14,0.006440377978464196
equity_max_sharpe,2022-04-18,0.001949006502750101
equity_max_sharpe,2022-04-19,-0.004280464390472244
equity_max_sharpe,2022-04-20,0.0046707668072091596
equity_max_sharpe,2022-04-21,-0.01737814383878333
equity_max_sharpe,2022-04-22,-0.02661215864362453
equity_max_sharpe,2022-04-25,-0.006866747819763313
equity_max_sharpe,2022-04-26,-0.010037061062281092
equity_max_sharpe,2022-04-27,0.0014979247849703475
equity_max_sharpe,2022-04-28,0.01895186142860884
equity_max_sharpe,2022-04-29,-0.0531665532626781
equity_max_sharpe,2022-05-02,-0.01313873269423868
equity_max_sharpe,2022-05-03,0.008326187246346857
equity_max_sharpe,2022-05-04,0.0175036584970716
equity_max_sharpe,2022-05-05,-0.023696473560155824
equity_max_sharpe,2022-05-06,-0.000748213830093408
equity_max_sharpe,2022-05-09,-0.05240854128360941
equity_max_sharpe,2022-05-10,-0.00855830861293255
equity_max_sharpe,2022-05-11,-0.001259034824974868
equity_max_sharpe,2022-05-12,0.0058427424387187754
equity_max_sharpe,2022-05-13,0.01617099688484509
equity_max_sharpe,2022-05-16,0.004219844504419858
equity_max_sharpe,2022-05-17,0.007658997922445823
equity_max_sharpe,2022-05-18,-0.03171694197800619
equity_max_sharpe,2022-05-19,0.0007560798068776134
equity_max_sharpe,2022-05-20,0.002125329066918474
equity_max_sharpe,2022-05-23,0.015303576901649709
equity_max_sharpe,2022-05-24,0.0030336982968918492
equity_max_sharpe,2022-05-25,0.010689491336172325
equity_max_sharpe,2022-05-26,0.009332825390938009
equity_max_sharpe,2022-05-27,0.01912207323212139
equity_max_sharpe,2022-05-31,-0.01537715857037966
equity_max_sharpe,2022-06-01,0.00035851607731225205
equity_max_sharpe,2022-06-02,0.0017344318328644406
equity_max_sharpe,2022-06-03,0.0022266878325063327
equity_max_sharpe,2022-06-06,-0.002971724320187288
equity_max_sharpe,2022-06-07,0.013306171881140565
equity_max_sharpe,2022-06-08,-0.007522248383744057
equity_max_sharpe,2022-06-09,-0.024778497145644715
equity_max_sharpe,2022-06-10,-0.012636726838967445
equity_max_sharpe,2022-06-13,-0.041699311269949454
equity_max_sharpe,2022-06-14,-0.0075958968405430705
equity_max_sharpe,2022-06-15,-0.004796557282438977
equity_max_sharpe,2022-06-16,-0.020846711314762116
equity_max_sharpe,2022-06-17,-0.01965071452161493
equity_max_sharpe,2022-06-21,0.03566886154438191
equity_max_sharpe,2022-06-22,-0.00347842869681441
equity_max_sharpe,2022-06-23,0.0033918893788423576
equity_max_sharpe,2022-06-24,0.018098975028237593
equity_max_sharpe,2022-06-27,0.012088008855166154
equity_max_sharpe,2022-06-28,0.0014281282619831852
equity_max_sharpe,2022-06-29,-0.00593193927920125
equity_max_sharpe,2022-06-30,-0.006432947949646418
equity_max_sharpe,2022-07-01,0.01637048459248334
equity_max_sharpe,2022-07-05,-0.016021515051520663
equity_max_sharpe,2022-07-06,-0.0013910524127928416
equity_max_sharpe,2022-07-07,0.003946601273375508
equity_max_sharpe,2022-07-08,-0.00046027066824490004
equity_max_sharpe,2022-07-11,0.0005181354110121706
equity_max_sharpe,2022-07-12,-0.007968491073989123
equity_max_sharpe,2022-07-13,-0.0036993186884925816
equity_max_sharpe,2022-07-14,-0.0018047258645330106
equity_max_sharpe,2022-07-15,0.013902535314137642
equity_max_sharpe,2022-07-18,-0.009657919525836384
equity_max_sharpe,2022-07-19,0.011965057613943451
equity_max_sharpe,2022-07-20,-0.008268519703294779
equity_max_sharpe,2022-07-21,-0.003684346812039164
equity_max_sharpe,2022-07-22,0.0033534587490918356
equity_max_sharpe,2022-07-25,0.017547047045676525
equity_max_sharpe,2022-07-26,0.002142124641954511
equity_max_sharpe,2022-07-27,0.0021410432331467736
equity_max_sharpe,2022-07-28,0.008560711657469595
equity_max_sharpe,2022-07-29,0.007959501671178041
equity_max_sharpe,2022-08-01,-0.01256372153419511
equity_max_sharpe,2022-08-02,-0.005932442927607306
equity_max_sharpe,2022-08-03,-0.008909427394068716
equity_max_sharpe,2022-08-04,-0.016552494694676345
equity_max_sharpe,2022-08-05,0.004554061048143893
equity_max_sharpe,2022-08-08,0.0070309085926989305
equity_max_sharpe,2022-08-09,0.01431633166361708
equity_max_sharpe,2022-08-10,0.0033745789794720174
equity_max_sharpe,2022-08-11,0.01300271166397763
equity_max_sharpe,2022-08-12,0.006307615606903001
equity_max_sharpe,2022-08-15,-0.0075200475570710214
equity_max_sharpe,2022-08-16,0.000551023486071663
equity_max_sharpe,2022-08-17,-0.0009634950059774673
equity_max_sharpe,2022-08-18,0.01083813802136541
equity_max_sharpe,2022-08-19,0.017108126575369597
equity_max_sharpe,2022-08-22,-0.01389997923206358
equity_max_sharpe,2022-08-23,0.014578550907841645
equity_max_sharpe,2022-08-24,0.0024517532822581497
equity_max_sharpe,2022-08-25,0.005506491326284323
equity_max_sharpe,2022-08-26,-0.013538747035260113
equity_max_sharpe,2022-08-29,0.004918396089017132
equity_max_sharpe,2022-08-30,-0.017996905525344185
equity_max_sharpe,2022-08-31,-0.011004078987665457
equity_max_sharpe,2022-09-01,-0.0010516217581075515
equity_max_sharpe,2022-09-02,-0.00010760112459328418
equity_max_sharpe,2022-09-06,-0.007683448864673836
equity_max_sharpe,2022-09-07,0.0010273129706363103
equity_max_sharpe,2022-09-08,-0.00027858215653477037
equity_max_sharpe,2022-09-09,0.012414471239546898
equity_max_sharpe,2022-09-12,0.008520729096113747
equity_max_sharpe,2022-09-13,-0.024125599871460412
equity_max_sharpe,2022-09-14,0.020747880634084177
equity_max_sharpe,2022-09-15,-0.01891907830712941
equity_max_sharpe,2022-09-16,-0.005990110377649902
equity_max_sharpe,2022-09-19,0.0036815838827144844
equity_max_sharpe,2022-09-20,-0.008834805298520095
equity_max_sharpe,2022-09-21,-0.015318193540347679
equity_max_sharpe,2022-09-22,-0.0003727346353642445
equity_max_sharpe,2022-09-23,-0.03383791615812268
equity_max_sharpe,2022-09-26,-0.017984670069689807
equity_max_sharpe,2022-09-27,-0.002247693697089811
equity_max_sharpe,2022-09-28,0.02915868736321358
equity_max_sharpe,2022-09-29,-0.013184605722106968
equity_max_sharpe,2022-09-30,-0.017789933787991898
equity_max_sharpe,2022-10-03,0.034975606260294965
equity_max_sharpe,2022-10-04,0.025602051136251993
equity_max_sharpe,2022-10-05,0.008057555035237071
equity_max_sharpe,2022-10-06,-0.0005191547778698651
equity_max_sharpe,2022-10-07,-0.010037095730885539
equity_max_sharpe,2022-10-10,-0.012377981705166012
equity_max_sharpe,2022-10-11,0.005920354423199225
equity_max_sharpe,2022-10-12,-0.003098387623684559
equity_max_sharpe,2022-10-13,0.03594649974807583
equity_max_sharpe,2022-10-14,-0.011105844974459059
equity_max_sharpe,2022-10-17,0.011244203734549546
equity_max_sharpe,2022-10-18,0.005195770991153792
equity_max_sharpe,2022-10-19,0.00112670618510199
equity_max_sharpe,2022-10-20,-0.0009136756932020833
equity_max_sharpe,2022-10-21,0.026972620315082255
equity_max_sharpe,2022-10-24,0.011938744675354183
equity_max_sharpe,2022-10-25,0.0016013070784578012
equity_max_sharpe,2022-10-26,0.01459919300324828
equity_max_sharpe,2022-10-27,0.0019381484526057177
equity_max_sharpe,2022-10-28,-0.0034811840864852573
equity_max_sharpe,2022-10-31,-0.001275806031932466
equity_max_sharpe,2022-11-01,0.007866802377566245
equity_max_sharpe,2022-11-02,-0.018108763966274973
equity_max_sharpe,2022-11-03,0.003230354028469928
equity_max_sharpe,2022-11-04,0.010590012031570086
equity_max_sharpe,2022-11-07,0.02148704623589373
equity_max_sharpe,2022-11-08,0.017169671282587434
equity_max_sharpe,2022-11-09,-0.025604739220665196
equity_max_sharpe,2022-11-10,0.013176907351316294
equity_max_sharpe,2022-11-11,0.007078491402953637
equity_max_sharpe,2022-11-14,0.002876857003589547
equity_max_sharpe,2022-11-15,0.003700993377768548
equity_max_sharpe,2022-11-16,-0.00631237643622365
equity_max_sharpe,2022-11-17,0.005107556992644714
equity_max_sharpe,2022-11-18,0.0017094501850288977
equity_max_sharpe,2022-11-21,-0.00028321414108959113
equity_max_sharpe,2022-11-22,0.0160894430129623
equity_max_sharpe,2022-11-23,-0.008285155997931436
equity_max_sharpe,2022-11-25,-0.0005059926920002078
equity_max_sharpe,2022-11-28,-0.015115757382606645
equity_max_sharpe,2022-11-29,0.00318778749599109
equity_max_sharpe,2022-11-30,0.014117035013744303
equity_max_sharpe,2022-12-01,-0.0026897770548062723
equity_max_sharpe,2022-12-02,-0.0006370305550517144
equity_max_sharpe,2022-12-05,-0.008154343877692614
equity_max_sharpe,2022-12-06,-0.012884521067239724
equity_max_sharpe,2022-12-07,0.006118106888609028
equity_max_sharpe,2022-12-08,0.002375033169742992
equity_max_sharpe,2022-12-09,-0.01796620951796454
equity_max_sharpe,2022-12-12,0.00655352740801626
equity_max_sharpe,2022-12-13,0.0020966193291565276
equity_max_sharpe,2022-12-14,0.000775426680049751
equity_max_sharpe,2022-12-15,-0.01468117130978043
equity_max_sharpe,2022-12-16,-0.0030854403835517694
equity_max_sharpe,2022-12-19,-6.0986052139092484e-05
equity_max_sharpe,2022-12-20,0.001476442686937998
equity_max_sharpe,2022-12-21,0.010965423963034557
equity_max_sharpe,2022-12-22,-0.006665931044769608
equity_max_sharpe,2022-12-23,0.007859171581715974
equity_max_sharpe,2022-12-27,0.003299025763337729
equity_max_sharpe,2022-12-28,-0.011771879550123326
equity_max_sharpe,2022-12-29,0.0032676991943684456
equity_max_sharpe,2022-12-30,0.0020626178731090266
equity_max_sharpe,2023-01-03,-0.012903972960195305
equity_max_sharpe,2023-01-04,0.00597095563150623
equity_max_sharpe,2023-01-05,0.014058743935999391
equity_max_sharpe,2023-01-06,0.01725192099530537
equity_max_sharpe,2023-01-09,-0.024660717713778483
equity_max_sharpe,2023-01-10,0.00843498124004496
equity_max_sharpe,2023-01-11,0.0021941426537911025
equity_max_sharpe,2023-01-12,0.0047305855689914016
equity_max_sharpe,2023-01-13,0.0022782980256678747
equity_max_sharpe,2023-01-17,-0.008623010233270924
equity_max_sharpe,2023-01-18,-0.0174814937169753
equity_max_sharpe,2023-01-19,0.004801604354903251
equity_max_sharpe,2023-01-20,0.007939642217322986
equity_max_sharpe,2023-01-23,-0.004057957210579188
equity_max_sharpe,2023-01-24,-0.00418581805765735
equity_max_sharpe,2023-01-25,-0.0031035504652721715
equity_max_sharpe,2023-01-26,0.00901732124585583
equity_max_sharpe,2023-01-27,-0.01171052134274286
equity_max_sharpe,2023-01-30,-0.008316511863322554
equity_max_sharpe,2023-01-31,0.01335429483108695
equity_max_sharpe,2023-02-01,0.00196877878283991
equity_max_sharpe,2023-02-02,-0.024370851294751
equity_max_sharpe,2023-02-03,0.002130026158543127
equity_max_sharpe,2023-02-06,-0.0023165326121226066
equity_max_sharpe,2023-02-07,0.012129516588205016
equity_max_sharpe,2023-02-08,-0.00014204784774322823
equity_max_sharpe,2023-02-09,-0.003329012539341998
equity_max_sharpe,2023-02-10,0.019382774403771216
equity_max_sharpe,2023-02-13,0.00839505319549189
equity_max_sharpe,2023-02-14,-0.0018855525421184736
equity_max_sharpe,2023-02-15,-0.008984866894387064
equity_max_sharpe,2023-02-16,-0.008156057723285308
equity_max_sharpe,2023-02-17,0.0027726509224542803
equity_max_sharpe,2023-02-21,-0.008692376034317485
equity_max_sharpe,2023-02-22,-0.005626351613938859
equity_max_sharpe,2023-02-23,0.002110334646515808
equity_max_sharpe,2023-02-24,-0.0064294444031123684
equity_max_sharpe,2023-02-27,-0.00023478699599024808
equity_max_sharpe,2023-02-28,-0.010254532921828496
equity_max_sharpe,2023-03-01,0.002370368627906524
equity_max_sharpe,2023-03-02,0.004871943819572755
equity_max_sharpe,2023-03-03,0.010302102444860193
equity_max_sharpe,2023-03-06,0.013458078234583249
equity_max_sharpe,2023-03-07,-0.010296495583799158
equity_max_sharpe,2023-03-08,-0.010222305899743309
equity_max_sharpe,2023-03-09,-0.012293723524393537
equity_max_sharpe,2023-03-10,-0.005532869161869966
equity_max_sharpe,2023-03-13,-0.010488303444229904
equity_max_sharpe,2023-03-14,0.011809828480711555
equity_max_sharpe,2023-03-15,-0.01910762019881782
equity_max_sharpe,2023-03-16,0.0007480323777244375
equity_max_sharpe,2023-03-17,-0.02289181093738854
equity_max_sharpe,2023-03-20,0.022729983079042417
equity_max_sharpe,2023-03-21,0.012400297389519113
equity_max_sharpe,2023-03-22,-0.01770957269859938
equity_max_sharpe,2023-03-23,0.00044665764734151247
equity_max_sharpe,2023-03-24,0.006711354143869002
equity_max_sharpe,2023-03-27,0.011957250731180771
equity_max_sharpe,2023-03-28,0.006115443506666454
equity_max_sharpe,2023-03-29,0.004794363556452387
equity_max_sharpe,2023-03-30,0.0059444094462705694
equity_max_sharpe,2023-03-31,0.00920901946715835
equity_max_sharpe,2023-04-03,0.02465622682934452
equity_max_sharpe,2023-04-04,-0.009459299514677253
equity_max_sharpe,2023-04-05,0.017023028944684167
equity_max_sharpe,2023-04-06,-0.005029602790756423
equity_max_sharpe,2023-04-10,-0.0018758844692041295
equity_max_sharpe,2023-04-11,0.0004797254264438085
equity_max_sharpe,2023-04-12,0.0020317039571342943
equity_max_sharpe,2023-04-13,0.010362166337078801
equity_max_sharpe,2023-04-14,0.0007732352843656343
equity_max_sharpe,2023-04-17,0.0007547283877922012
equity_max_sharpe,2023-04-18,0.0075801885474366245
equity_max_sharpe,2023-04-19,-0.0005587808302769124
equity_max_sharpe,2023-04-20,0.0013306873814734558
equity_max_sharpe,2023-04-21,0.010219818214402702
equity_max_sharpe,2023-04-24,0.007579818665419124
equity_max_sharpe,2023-04-25,-0.00843720800154011
equity_max_sharpe,2023-04-26,-0.02019893391816908
equity_max_sharpe,2023-04-27,0.009789197320069772
equity_max_sharpe,2023-04-28,0.0006083770965966111
equity_max_sharpe,2023-05-01,0.0034291123970026424
equity_max_sharpe,2023-05-02,-0.0015788611116302202
equity_max_sharpe,2023-05-03,-0.017834419188408536
equity_max_sharpe,2023-05-04,-0.010977940850062545
equity_max_sharpe,2023-05-05,0.012420524175097054
equity_max_sharpe,2023-05-08,0.0013028495734377392
equity_max_sharpe,2023-05-09,-0.0024128787469510867
equity_max_sharpe,2023-05-10,-0.00496255097325959
equity_max_sharpe,2023-05-11,-0.0027721262998111618
equity_max_sharpe,2023-05-12,-0.003298917047659288
equity_max_sharpe,2023-05-15,0.007770351351691342
equity_max_sharpe,2023-05-16,-0.007682820955486686
equity_max_sharpe,2023-05-17,0.00656851664435114
equity_max_sharpe,2023-05-18,0.0011277683146528536
equity_max_sharpe,2023-05-19,0.004027360701091969
equity_max_sharpe,2023-05-22,-0.007738640206235284
equity_max_sharpe,2023-05-23,-0.012922786639895056
equity_max_sharpe,2023-05-24,8.590340192508178e-05
equity_max_sharpe,2023-05-25,-0.008988513918970287
equity_max_sharpe,2023-05-26,-0.0020188477340048255
equity_max_sharpe,2023-05-30,-0.009938088083783997
equity_max_sharpe,2023-05-31,0.0006035381044825761
equity_max_sharpe,2023-06-01,0.017926225312219855
equity_max_sharpe,2023-06-02,0.01098409933004064
equity_max_sharpe,2023-06-05,-0.005040904502561025
equity_max_sharpe,2023-06-06,-0.008659434680336902
equity_max_sharpe,2023-06-07,-0.004618039072269509
equity_max_sharpe,2023-06-08,0.015024837520582035
equity_max_sharpe,2023-06-09,0.00252378178078635
equity_max_sharpe,2023-06-12,0.0017195187523772369
equity_max_sharpe,2023-06-13,0.008222269634459722
equity_max_sharpe,2023-06-14,-0.0007171007082591045
equity_max_sharpe,2023-06-15,0.005675282381567311
equity_max_sharpe,2023-06-16,0.0012348876680945832
equity_max_sharpe,2023-06-20,-0.00512027549523314
equity_max_sharpe,2023-06-21,0.0030300066715249975
equity_max_sharpe,2023-06-22,0.005283130421795998
equity_max_sharpe,2023-06-23,-0.004339944824129644
equity_max_sharpe,2023-06-26,-0.008561367544832842
equity_max_sharpe,2023-06-27,0.00657129522626497
equity_max_sharpe,2023-06-28,0.0024097120388771372
equity_max_sharpe,2023-06-29,0.003465015614101595
equity_max_sharpe,2023-06-30,0.018561927528665142
equity_max_sharpe,2023-07-03,-0.00536114112554932
equity_max_sharpe,2023-07-05,-0.0008207299025674264
equity_max_sharpe,2023-07-06,-0.011275541810284142
equity_max_sharpe,2023-07-07,-0.009741675071802413
equity_max_sharpe,2023-07-10,0.010801396899348264
equity_max_sharpe,2023-07-11,-0.000986745473927979
equity_max_sharpe,2023-07-12,0.0019965995895993775
equity_max_sharpe,2023-07-13,0.002161055919649246
equity_max_sharpe,2023-07-14,-0.00028838384564520324
equity_max_sharpe,2023-07-17,0.0007407340890675553
equity_max_sharpe,2023-07-18,0.003776605871441431
equity_max_sharpe,2023-07-19,-0.003927871840941547
equity_max_sharpe,2023-07-20,0.011044846575183018
equity_max_sharpe,2023-07-21,0.0009219021878508888
equity_max_sharpe,2023-07-24,-0.0036166275323216554
equity_max_sharpe,2023-07-25,0.01815638129925783
equity_max_sharpe,2023-07-26,-0.007198748395111071
equity_max_sharpe,2023-07-27,-0.0032307529280986257
equity_max_sharpe,2023-07-28,0.004107250745580863
equity_max_sharpe,2023-07-31,1.4258127835644862e-05
equity_max_sharpe,2023-08-01,-0.009103493252105951
equity_max_sharpe,2023-08-02,-0.009846664844001304
equity_max_sharpe,2023-08-03,0.0026879069136114767
equity_max_sharpe,2023-08-04,0.0026396113929634322
equity_max_sharpe,2023-08-07,0.013601549547312672
equity_max_sharpe,2023-08-08,-0.00441648608889813
equity_max_sharpe,2023-08-09,-0.010007121916141283
equity_max_sharpe,2023-08-10,0.0005972482912256127
equity_max_sharpe,2023-08-11,0.0037812032417672953
equity_max_sharpe,2023-08-14,0.01636812620643431
equity_max_sharpe,2023-08-15,-0.006928865626351484
equity_max_sharpe,2023-08-16,-0.004579188914890552
equity_max_sharpe,2023-08-17,-0.01026094691985612
equity_max_sharpe,2023-08-18,0.003750641136846786
equity_max_sharpe,2023-08-21,0.013825421971948224
equity_max_sharpe,2023-08-22,-0.013029749036186481
equity_max_sharpe,2023-08-23,0.02429012112196481
equity_max_sharpe,2023-08-24,-0.014139183419794374
equity_max_sharpe,2023-08-25,0.0012285799925673717
equity_max_sharpe,2023-08-28,0.007781166255636606
equity_max_sharpe,2023-08-29,0.015399337449930961
equity_max_sharpe,2023-08-30,0.0008207717150709034
equity_max_sharpe,2023-08-31,-0.002877645123753326
equity_max_sharpe,2023-09-01,-0.0012278496207256467
equity_max_sharpe,2023-09-05,-0.011114802336928744
equity_max_sharpe,2023-09-06,-0.007533817341434155
equity_max_sharpe,2023-09-07,-6.0552038626843436e-05
equity_max_sharpe,2023-09-08,3.7832106601972895e-05
equity_max_sharpe,2023-09-11,0.004797836300126735
equity_max_sharpe,2023-09-12,0.0027850351324672294
equity_max_sharpe,2023-09-13,-0.005742540885859301
equity_max_sharpe,2023-09-14,0.010881527744596876
equity_max_sharpe,2023-09-15,-0.010956213211712957
equity_max_sharpe,2023-09-18,0.0034116837476865043
equity_max_sharpe,2023-09-19,-0.0047920183278860285
equity_max_sharpe,2023-09-20,-0.00932990784801085
equity_max_sharpe,2023-09-21,-0.0149910334111513
equity_max_sharpe,2023-09-22,-0.0023198867631393522
equity_max_sharpe,2023-09-25,0.004173337421605835
equity_max_sharpe,2023-09-26,-0.008878729780989966
equity_max_sharpe,2023-09-27,0.0017261212388668765
equity_max_sharpe,2023-09-28,0.008903433852772048
equity_max_sharpe,2023-09-29,-0.011136036663267679
equity_max_sharpe,2023-10-02,-0.0018773314734492504
equity_max_sharpe,2023-10-03,-0.012292227466668512
equity_max_sharpe,2023-10-04,0.004737750346287668
equity_max_sharpe,2023-10-05,0.0031850654733891572
equity_max_sharpe,2023-10-06,0.014474687509739011
equity_max_sharpe,2023-10-09,0.0018270060353477251
equity_max_sharpe,2023-10-10,0.004862957672024687
equity_max_sharpe,2023-10-11,0.013794269223269184
equity_max_sharpe,2023-10-12,-0.004713494939954109
equity_max_sharpe,2023-10-13,-0.010011640678139389
equity_max_sharpe,2023-10-16,0.004943441302865001
equity_max_sharpe,2023-10-17,-0.005697067714364763
equity_max_sharpe,2023-10-18,-0.021761690202957675
equity_max_sharpe,2023-10-19,-0.009317690776011613
equity_max_sharpe,2023-10-20,-0.004296850975319173
equity_max_sharpe,2023-10-23,0.008814379645861228
equity_max_sharpe,2023-10-24,0.022368741032000754
equity_max_sharpe,2023-10-25,-0.01642156249070352
equity_max_sharpe,2023-10-26,-0.012019414767654179
equity_max_sharpe,2023-10-27,-0.016305395687425204
equity_max_sharpe,2023-10-30,0.015417393636363208
equity_max_sharpe,2023-10-31,-0.012841234398520628
equity_max_sharpe,2023-11-01,0.008341800531305276
equity_max_sharpe,2023-11-02,0.009991056512642477
equity_max_sharpe,2023-11-03,0.011732583432283623
equity_max_sharpe,2023-11-06,0.012625292754022691
equity_max_sharpe,2023-11-07,0.0012027647760274006
equity_max_sharpe,2023-11-08,0.006554667207554108
equity_max_sharpe,2023-11-09,-0.004536707125010082
equity_max_sharpe,2023-11-10,0.016146308955634042
equity_max_sharpe,2023-11-13,0.0054608079167022695
equity_max_sharpe,2023-11-14,0.009559967126255493
equity_max_sharpe,2023-11-15,-0.0032628141555068597
equity_max_sharpe,2023-11-16,-0.009788878396489233
equity_max_sharpe,2023-11-17,0.00017970196009322873
equity_max_sharpe,2023-11-20,0.007782220822238893
equity_max_sharpe,2023-11-21,-0.0028756313706950324
equity_max_sharpe,2023-11-22,-0.00939677830712541
equity_max_sharpe,2023-11-24,-0.0009550682816057363
equity_max_sharpe,2023-11-27,0.0021224230756868
equity_max_sharpe,2023-11-28,-0.004061916337426251
equity_max_sharpe,2023-11-29,-0.0012659973782711694
equity_max_sharpe,2023-11-30,0.0025589565326962363
equity_max_sharpe,2023-12-01,0.001810343297295298
equity_max_sharpe,2023-12-04,-0.012589173869713224
equity_max_sharpe,2023-12-05,-0.0006327544614686957
equity_max_sharpe,2023-12-06,-0.0044295676457314455
equity_max_sharpe,2023-12-07,0.0047891415734692645
equity_max_sharpe,2023-12-08,0.0087381599602683
equity_max_sharpe,2023-12-11,-0.0009798665198557102
equity_max_sharpe,2023-12-12,0.011347856202041953
equity_max_sharpe,2023-12-13,0.00918348550423597
equity_max_sharpe,2023-12-14,-0.008068359046815396
equity_max_sharpe,2023-12-15,0.004913601120277937
equity_max_sharpe,2023-12-18,0.00881803134585823
equity_max_sharpe,2023-12-19,0.0062410552273077
equity_max_sharpe,2023-12-20,-0.020811425543175582
equity_max_sharpe,2023-12-21,0.016288239850739402
equity_max_sharpe,2023-12-22,0.000887200715945035
equity_max_sharpe,2023-12-26,0.0072687466152203395
equity_max_sharpe,2023-12-27,0.0019723264747691085
equity_max_sharpe,2023-12-28,0.0024377616550859283
equity_max_sharpe,2023-12-29,-0.002000933236259461
equity_equal_weight,2021-01-04,-0.013701064199660195
equity_equal_weight,2021-01-05,0.012674408604811128
equity_equal_weight,2021-01-06,0.013264430714510807
equity_equal_weight,2021-01-07,0.009679796812702828
equity_equal_weight,2021-01-08,0.0028657693620504293
equity_equal_weight,2021-01-11,-8.806647741709244e-05
equity_equal_weight,2021-01-12,0.003012843574414888
equity_equal_weight,2021-01-13,8.70916577731952e-05
equity_equal_weight,2021-01-14,0.003088648294878565
equity_equal_weight,2021-01-15,-0.010835450462099168
equity_equal_weight,2021-01-19,0.00728379663203324
equity_equal_weight,2021-01-20,0.00797222209594991
equity_equal_weight,2021-01-21,-0.00735487307514049
equity_equal_weight,2021-01-22,-0.0028008371292316974
equity_equal_weight,2021-01-25,0.0019324605381932263
equity_equal_weight,2021-01-26,-0.005039220682649926
equity_equal_weight,2021-01-27,-0.02581577840422142
equity_equal_weight,2021-01-28,0.01064321496244822
equity_equal_weight,2021-01-29,-0.014793783126670682
equity_equal_weight,2021-02-01,0.008517686014717273
equity_equal_weight,2021-02-02,0.01747388970615294
equity_equal_weight,2021-02-03,0.0019027846101926735
equity_equal_weight,2021-02-04,0.009138734300265726
equity_equal_weight,2021-02-05,0.006317001689045663
equity_equal_weight,2021-02-08,0.013036997474039067
equity_equal_weight,2021-02-09,-0.0027438667563593655
equity_equal_weight,2021-02-10,0.0014557026145883103
equity_equal_weight,2021-02-11,-0.0010303835566599063
equity_equal_weight,2021-02-12,0.004467629428637099
equity_equal_weight,2021-02-16,0.0005560289992204569
equity_equal_weight,2021-02-17,0.002470031678470779
equity_equal_weight,2021-02-18,-0.005919355778125218
equity_equal_weight,2021-02-19,0.0011058595895655544
equity_equal_weight,2021-02-22,0.002141918707192052
equity_equal_weight,2021-02-23,0.0002474703381477858
equity_equal_weight,2021-02-24,0.014576435503532905
equity_equal_weight,2021-02-25,-0.018364899811465808
equity_equal_weight,2021-02-26,-0.012928311779984663
equity_equal_weight,2021-03-01,0.019963326496913788
equity_equal_weight,2021-03-02,-0.002791341663546041
equity_equal_weight,2021-03-03,-0.00703708544492842
equity_equal_weight,2021-03-04,-0.007899217627752662
equity_equal_weight,2021-03-05,0.017580768996769726
equity_equal_weight,2021-03-08,0.0018204582191550921
equity_equal_weight,2021-03-09,0.0073186245017265615
equity_equal_weight,2021-03-10,0.009821255768227703
equity_equal_weight,2021-03-11,0.005296440739070051
equity_equal_weight,2021-03-12,0.007082392417840364
equity_equal_weight,2021-03-15,0.005841980012247008
equity_equal_weight,2021-03-16,-0.00020791992646234747
equity_equal_weight,2021-03-17,0.0021785532396102385
equity_equal_weight,2021-03-18,-0.013475213399477744
equity_equal_weight,2021-03-19,-0.004686513277944682
equity_equal_weight,2021-03-22,0.005873122338467356
equity_equal_weight,2021-03-23,-0.008100983457706074
equity_equal_weight,2021-03-24,-0.0033054256888003205
equity_equal_weight,2021-03-25,0.007122806063378128
equity_equal_weight,2021-03-26,0.019635042704920395
equity_equal_weight,2021-03-29,0.001102290935636236
equity_equal_weight,2021-03-30,-0.003326924065019589
equity_equal_weight,2021-03-31,-0.0009145486313490105
equity_equal_weight,2021-04-01,0.011919235422437927
equity_equal_weight,2021-04-05,0.005203894475596236
equity_equal_weight,2021-04-06,0.000311781422257147
equity_equal_weight,2021-04-07,-0.0009843279076349229
equity_equal_weight,2021-04-08,-0.00125898675424055
equity_equal_weight,2021-04-09,0.002570252431860107
equity_equal_weight,2021-04-12,-0.0004073299999306901
equity_equal_weight,2021-04-13,0.0017323719424837069
equity_equal_weight,2021-04-14,0.003358111298976988
equity_equal_weight,2021-04-15,0.009449393897939496
equity_equal_weight,2021-04-16,0.002841443813238727
equity_equal_weight,2021-04-19,-0.003529347591823395
equity_equal_weight,2021-04-20,-0.008747199313497125
equity_equal_weight,2021-04-21,0.01074810100907438
equity_equal_weight,2021-04-22,-0.009628306971395238
equity_equal_weight,2021-04-23,0.008856224632086745
equity_equal_weight,2021-04-26,0.0010310242022457843
equity_equal_weight,2021-04-27,0.0010263258205212857
equity_equal_weight,2021-04-28,0.0005173149641775312
equity_equal_weight,2021-04-29,0.008854898351562737
equity_equal_weight,2021-04-30,-0.006729647523317545
equity_equal_weight,2021-05-03,0.0074376449481444815
equity_equal_weight,2021-05-04,-0.002314237599044821
equity_equal_weight,2021-05-05,0.005992361499102265
equity_equal_weight,2021-05-06,0.008050152328450045
equity_equal_weight,2021-05-07,0.00963665939255605
equity_equal_weight,2021-05-10,-0.0043271232369361135
equity_equal_weight,2021-05-11,-0.009261384465219461
equity_equal_weight,2021-05-12,-0.015936792590103527
equity_equal_weight,2021-05-13,0.008494958615479206
equity_equal_weight,2021-05-14,0.013989839118725322
equity_equal_weight,2021-05-17,0.0031098894478385746
equity_equal_weight,2021-05-18,-0.008646340971441622
equity_equal_weight,2021-05-19,-0.00535526478265715
equity_equal_weight,2021-05-20,0.008595708763838073
equity_equal_weight,2021-05-21,0.0023746797752530247
equity_equal_weight,2021-05-24,0.006160084121522578
equity_equal_weight,2021-05-25,-0.005482264863134029
equity_equal_weight,2021-05-26,0.0037127526757294287
equity_equal_weight,2021-05-27,0.002493264197657327
equity_equal_weight,2021-05-28,0.002936812078919124
equity_equal_weight,2021-06-01,0.006155867931106327
equity_equal_weight,2021-06-02,0.003927973385446997
equity_equal_weight,2021-06-03,0.0015356426218946573
equity_equal_weight,2021-06-04,0.00663026846810969
equity_equal_weight,2021-06-07,-0.001919024263638152
equity_equal_weight,2021-06-08,-0.0026256523440645048
equity_equal_weight,2021-06-09,-0.0026214941868457227
equity_equal_weight,2021-06-10,0.0035983856432469483
equity_equal_weight,2021-06-11,-0.00019304660451298535
equity_equal_weight,2021-06-14,-0.0015218262616063984
equity_equal_weight,2021-06-15,-0.0014924320060200648
equity_equal_weight,2021-06-16,-0.00794295372627938
equity_equal_weight,2021-06-17,-0.008628992318018565
equity_equal_weight,2021-06-18,-0.015075440337741249
equity_equal_weight,2021-06-21,0.016981836922855053
equity_equal_weight,2021-06-22,0.0013849084679286628
equity_equal_weight,2021-06-23,-0.003409218992398384
equity_equal_weight,2021-06-24,0.008045844887354254
equity_equal_weight,2021-06-25,0.007796049512859092
equity_equal_weight,2021-06-28,-0.001687111721288643
equity_equal_weight,2021-06-29,-0.00041512416175831345
equity_equal_weight,2021-06-30,0.004396661504242164
equity_equal_weight,2021-07-01,0.006588444236266209
equity_equal_weight,2021-07-02,0.003787028865862499
equity_equal_weight,2021-07-06,-0.008689862235726455
equity_equal_weight,2021-07-07,9.602564581949089e-05
equity_equal_weight,2021-07-08,-0.006922522612545072
equity_equal_weight,2021-07-09,0.012116703153243312
equity_equal_weight,2021-07-12,0.004299687110597881
equity_equal_weight,2021-07-13,-0.004766188522257001
equity_equal_weight,2021-07-14,-0.0013789228043061602
equity_equal_weight,2021-07-15,-0.0012527313665276262
equity_equal_weight,2021-07-16,-0.0094583508671908
equity_equal_weight,2021-07-19,-0.017265279227803593
equity_equal_weight,2021-07-20,0.011365506267585474
equity_equal_weight,2021-07-21,0.01031280545381726
equity_equal_weight,2021-07-22,-0.0012903191319496312
equity_equal_weight,2021-07-23,0.005172454986152822
equity_equal_weight,2021-07-26,0.005689444061937252
equity_equal_weight,2021-07-27,-0.002067414333794766
equity_equal_weight,2021-07-28,0.0024506105914112656
equity_equal_weight,2021-07-29,0.0063301812971962015
equity_equal_weight,2021-07-30,-0.005476928437086001
equity_equal_weight,2021-08-02,-0.0025946151195928874
equity_equal_weight,2021-08-03,0.0065559375586991524
equity_equal_weight,2021-08-04,-0.007995184894552277
equity_equal_weight,2021-08-05,0.004858409186381644
equity_equal_weight,2021-08-06,0.0033861593133184616
equity_equal_weight,2021-08-09,-0.0025151353318879433
equity_equal_weight,2021-08-10,0.00622520196822989
equity_equal_weight,2021-08-11,0.008553749273534141
equity_equal_weight,2021-08-12,0.0018025545333928798
equity_equal_weight,2021-08-13,0.0011371561711445756
equity_equal_weight,2021-08-16,-0.0013067599761297922
equity_equal_weight,2021-08-17,-0.00534792781736097
equity_equal_weight,2021-08-18,-0.012821725418145535
equity_equal_weight,2021-08-19,-0.004620087357378641
equity_equal_weight,2021-08-20,0.005321036088544203
equity_equal_weight,2021-08-23,0.01027523578460937
equity_equal_weight,2021-08-24,0.0021334034039965652
equity_equal_weight,2021-08-25,0.00029726073591912483
equity_equal_weight,2021-08-26,-0.007054964671320488
equity_equal_weight,2021-08-27,0.011274058695481978
equity_equal_weight,2021-08-30,-0.0008556941413459171
equity_equal_weight,2021-08-31,-0.000351542824984785
equity_equal_weight,2021-09-01,-0.002052550198318417
equity_equal_weight,2021-09-02,0.00692413419262577
equity_equal_weight,2021-09-03,-0.003473960978767832
equity_equal_weight,2021-09-07,-0.010009097258011457
equity_equal_weight,2021-09-08,-0.001972143961338453
equity_equal_weight,2021-09-09,-0.006242056306770116
equity_equal_weight,2021-09-10,-0.0037122719779800507
equity_equal_weight,2021-09-13,0.005540850199334926
equity_equal_weight,2021-09-14,-0.009594622715975658
equity_equal_weight,2021-09-15,0.008697701909292489
equity_equal_weight,2021-09-16,-0.004843745212585662
equity_equal_weight,2021-09-17,-0.01150139410424331
equity_equal_weight,2021-09-20,-0.017107007363820304
equity_equal_weight,2021-09-21,-0.0021089054322317364
equity_equal_weight,2021-09-22,0.008905878341474216
equity_equal_weight,2021-09-23,0.011459114793696434
equity_equal_weight,2021-09-24,-0.002344335646622537
equity_equal_weight,2021-09-27,0.00328948149457919
equity_equal_weight,2021-09-28,-0.011152180037691915
equity_equal_weight,2021-09-29,0.003919694130095626
equity_equal_weight,2021-09-30,-0.01011277736990756
equity_equal_weight,2021-10-01,0.012342170182835965
equity_equal_weight,2021-10-04,-0.002745104393907883
equity_equal_weight,2021-10-05,0.005693677902995397
equity_equal_weight,2021-10-06,0.001097153300396221
equity_equal_weight,2021-10-07,0.008043666617446347
equity_equal_weight,2021-10-08,-0.0008405341466329578
equity_equal_weight,2021-10-11,-0.008973806475380097
equity_equal_weight,2021-10-12,-0.0007657505468342872
equity_equal_weight,2021-10-13,0.0032749128553063644
equity_equal_weight,2021-10-14,0.012783921551769491
equity_equal_weight,2021-10-15,0.0047869773089702266
equity_equal_weight,2021-10-18,0.00027362495568025177
equity_equal_weight,2021-10-19,0.009805851901735373
equity_equal_weight,2021-10-20,0.008858487613223512
equity_equal_weight,2021-10-21,0.0007577563531104435
equity_equal_weight,2021-10-22,0.0012181275672072393
equity_equal_weight,2021-10-25,0.0061577379699742085
equity_equal_weight,2021-10-26,0.005035039278010809
equity_equal_weight,2021-10-27,-0.016021570019775676
equity_equal_weight,2021-10-28,0.008177747360443858
equity_equal_weight,2021-10-29,-0.0029640878507516404
equity_equal_weight,2021-11-01,0.007461175731891202
equity_equal_weight,2021-11-02,0.004540063787491219
equity_equal_weight,2021-11-03,0.005006007983429447
equity_equal_weight,2021-11-04,0.004566805541999333
equity_equal_weight,2021-11-05,0.0043175481299794465
equity_equal_weight,2021-11-08,0.0037433371955652994
equity_equal_weight,2021-11-09,-0.0007145187867039059
equity_equal_weight,2021-11-10,-0.007127343452293768
equity_equal_weight,2021-11-11,0.0010659591267172443
equity_equal_weight,2021-11-12,0.002158136556547572
equity_equal_weight,2021-11-15,-0.0008570796974349084
equity_equal_weight,2021-11-16,-4.381857837486576e-05
equity_equal_weight,2021-11-17,-0.006410498431443284
equity_equal_weight,2021-11-18,-0.0012952494090488886
equity_equal_weight,2021-11-19,-0.00810801196367364
equity_equal_weight,2021-11-22,0.0021290502357046793
equity_equal_weight,2021-11-23,0.0076140353899424845
equity_equal_weight,2021-11-24,0.0015933253638177264
equity_equal_weight,2021-11-26,-0.021907080259714443
equity_equal_weight,2021-11-29,0.007100239839562273
equity_equal_weight,2021-11-30,-0.0227366521971692
equity_equal_weight,2021-12-01,-0.013137975243081343
equity_equal_weight,2021-12-02,0.021514026022957152
equity_equal_weight,2021-12-03,-0.0009151530011433481
equity_equal_weight,2021-12-06,0.013552429844853974
equity_equal_weight,2021-12-07,0.014952137327276693
equity_equal_weight,2021-12-08,-0.0005769049565259765
equity_equal_weight,2021-12-09,-0.00681983318171246
equity_equal_weight,2021-12-10,0.005428423454781844
equity_equal_weight,2021-12-13,-0.006038152907783945
equity_equal_weight,2021-12-14,-0.001934503618555359
equity_equal_weight,2021-12-15,0.008657972774681649
equity_equal_weight,2021-12-16,0.004803852555990488
equity_equal_weight,2021-12-17,-0.012437317144134917
equity_equal_weight,2021-12-20,-0.008131606148534016
equity_equal_weight,2021-12-21,0.01462265780225411
equity_equal_weight,2021-12-22,0.0059381861769704
equity_equal_weight,2021-12-23,0.005000741890955203
equity_equal_weight,2021-12-27,0.01264332388442449
equity_equal_weight,2021-12-28,0.001782330226257714
equity_equal_weight,2021-12-29,0.0003804504800486441
equity_equal_weight,2021-12-30,-0.0015226750242771365
equity_equal_weight,2021-12-31,-0.0011037789850730853
equity_equal_weight,2022-01-03,0.007893532580496583
equity_equal_weight,2022-01-04,0.008287326862424097
equity_equal_weight,2022-01-05,-0.009811024567845612
equity_equal_weight,2022-01-06,0.0005963769310551337
equity_equal_weight,2022-01-07,0.0013930725716407816
equity_equal_weight,2022-01-10,-0.006524926800297903
equity_equal_weight,2022-01-11,0.010108670902059979
equity_equal_weight,2022-01-12,0.0028088568181742126
equity_equal_weight,2022-01-13,-0.005023576980461089
equity_equal_weight,2022-01-14,0.0018072024404420658
equity_equal_weight,2022-01-18,-0.010761970773172893
equity_equal_weight,2022-01-19,-0.0067844203426378705
equity_equal_weight,2022-01-20,-0.011862060931541647
equity_equal_weight,2022-01-21,-0.012930960558085396
equity_equal_weight,2022-01-24,0.0023074557928835946
equity_equal_weight,2022-01-25,-0.0033894377559069424
equity_equal_weight,2022-01-26,-0.008848441165001992
equity_equal_weight,2022-01-27,-0.0034117832324707786
equity_equal_weight,2022-01-28,0.0168862597049742
equity_equal_weight,2022-01-31,0.014021638256743595
equity_equal_weight,2022-02-01,0.010950258432124882
equity_equal_weight,2022-02-02,0.009991702955684328
equity_equal_weight,2022-02-03,-0.00951382855415483
equity_equal_weight,2022-02-04,-0.000965093450563159
equity_equal_weight,2022-02-07,0.0023266470700742488
equity_equal_weight,2022-02-08,0.004025120961881327
equity_equal_weight,2022-02-09,0.012606793313618199
equity_equal_weight,2022-02-10,-0.016922118858680182
equity_equal_weight,2022-02-11,-0.010206802133622505
equity_equal_weight,2022-02-14,-0.00634100905569615
equity_equal_weight,2022-02-15,0.010470141652055797
equity_equal_weight,2022-02-16,-0.0004521061122067472
equity_equal_weight,2022-02-17,-0.015235853249305863
equity_equal_weight,2022-02-18,-0.008409016441980765
equity_equal_weight,2022-02-22,-0.006636163123505222
equity_equal_weight,2022-02-23,-0.011444759515712766
equity_equal_weight,2022-02-24,0.0066461620133129295
equity_equal_weight,2022-02-25,0.025427521482620955
equity_equal_weight,2022-02-28,-0.002195598379704531
equity_equal_weight,2022-03-01,-0.012896231197349315
equity_equal_weight,2022-03-02,0.01978061939202785
equity_equal_weight,2022-03-03,-0.0008418490610408492
equity_equal_weight,2022-03-04,0.0018169686926337776
equity_equal_weight,2022-03-07,-0.01776749892036473
equity_equal_weight,2022-03-08,-0.004451663647359792
equity_equal_weight,2022-03-09,0.015019626125899077
equity_equal_weight,2022-03-10,-0.0008810613935192386
equity_equal_weight,2022-03-11,-0.008321164119682886
equity_equal_weight,2022-03-14,-0.009521426509802988
equity_equal_weight,2022-03-15,0.009821014009503299
equity_equal_weight,2022-03-16,0.01583014592972459
equity_equal_weight,2022-03-17,0.014569366617528792
equity_equal_weight,2022-03-18,0.004900691902451894
equity_equal_weight,2022-03-21,0.003616403556229848
equity_equal_weight,2022-03-22,0.0055469342443239394
equity_equal_weight,2022-03-23,-0.009675333619606638
equity_equal_weight,2022-03-24,0.010775713212324891
equity_equal_weight,2022-03-25,0.009012400337871582
equity_equal_weight,2022-03-28,0.0008465485017869991
equity_equal_weight,2022-03-29,0.012421936723784473
equity_equal_weight,2022-03-30,-0.004279865159334702
equity_equal_weight,2022-03-31,-0.01461285970420726
equity_equal_weight,2022-04-01,0.006186125023239844
equity_equal_weight,2022-04-04,0.002385126357386453
equity_equal_weight,2022-04-05,-0.010698340505611342
equity_equal_weight,2022-04-06,-0.0012633246356550405
equity_equal_weight,2022-04-07,0.0016102370143205448
equity_equal_weight,2022-04-08,0.003154132343436489
equity_equal_weight,2022-04-11,-0.011840453695113766
equity_equal_weight,2022-04-12,-0.0008602131354637925
equity_equal_weight,2022-04-13,0.009111691535789817
equity_equal_weight,2022-04-14,-0.0021576094399995685
equity_equal_weight,2022-04-18,0.0008561339045568393
equity_equal_weight,2022-04-19,0.012514123824200304
equity_equal_weight,2022-04-20,0.0015008733592365077
equity_equal_weight,2022-04-21,-0.01236558266008561
equity_equal_weight,2022-04-22,-0.02310687701405426
equity_equal_weight,2022-04-25,-0.002562322005097424
equity_equal_weight,2022-04-26,-0.020589946642060254
equity_equal_weight,2022-04-27,0.0004532832337849477
equity_equal_weight,2022-04-28,0.017596976760320904
equity_equal_weight,2022-04-29,-0.03513723368055067
equity_equal_weight,2022-05-02,0.004282752066340887
equity_equal_weight,2022-05-03,0.006419254004216236
equity_equal_weight,2022-05-04,0.03059747582803359
equity_equal_weight,2022-05-05,-0.025223333537134414
equity_equal_weight,2022-05-06,-0.00373481405522967
equity_equal_weight,2022-05-09,-0.035055110842849325
equity_equal_weight,2022-05-10,-0.004350157266790659
equity_equal_weight,2022-05-11,-0.0034181327814378324
equity_equal_weight,2022-05-12,0.0022033135934364768
equity_equal_weight,2022-05-13,0.02229112494462501
equity_equal_weight,2022-05-16,0.0013181692032246067
equity_equal_weight,2022-05-17,0.01945053993405474
equity_equal_weight,2022-05-18,-0.02801387185213911
equity_equal_weight,2022-05-19,-0.0018228315479148116
equity_equal_weight,2022-05-20,0.0006859801810684977
equity_equal_weight,2022-05-23,0.019290594368582815
equity_equal_weight,2022-05-24,0.0004160499764193638
equity_equal_weight,2022-05-25,0.008934932428617256
equity_equal_weight,2022-05-26,0.015234428874930362
equity_equal_weight,2022-05-27,0.019582410573768312
equity_equal_weight,2022-05-31,-0.00768683234845191
equity_equal_weight,2022-06-01,-0.0052480854871945655
equity_equal_weight,2022-06-02,0.014666480722361937
equity_equal_weight,2022-06-03,-0.00828168804204499
equity_equal_weight,2022-06-06,-0.0004726634839063062
equity_equal_weight,2022-06-07,0.010212564518665373
equity_equal_weight,2022-06-08,-0.01288874606797629
equity_equal_weight,2022-06-09,-0.023559022078012803
equity_equal_weight,2022-06-10,-0.025725198523414775
equity_equal_weight,2022-06-13,-0.04038529147505947
equity_equal_weight,2022-06-14,-0.006491442095683101
equity_equal_weight,2022-06-15,0.010895650187921787
equity_equal_weight,2022-06-16,-0.028833026531388663
equity_equal_weight,2022-06-17,-0.004012950146138571
equity_equal_weight,2022-06-21,0.021283145794544638
equity_equal_weight,2022-06-22,-0.0034361485113255366
equity_equal_weight,2022-06-23,0.0025338360448495245
equity_equal_weight,2022-06-24,0.02872286471939655
equity_equal_weight,2022-06-27,-0.003099116276753979
equity_equal_weight,2022-06-28,-0.009510549810128442
equity_equal_weight,2022-06-29,-0.005108620032928053
equity_equal_weight,2022-06-30,-0.00757003786096443
equity_equal_weight,2022-07-01,0.01073505233633957
equity_equal_weight,2022-07-05,-0.006293927342713394
equity_equal_weight,2022-07-06,-0.00013597333307193254
equity_equal_weight,2022-07-07,0.01411019528266564
equity_equal_weight,2022-07-08,-0.0033276940985262076
equity_equal_weight,2022-07-11,-0.007581620815643347
equity_equal_weight,2022-07-12,-0.0038619318641055773
equity_equal_weight,2022-07-13,-0.003726968837860016
equity_equal_weight,2022-07-14,-0.004163211008786747
equity_equal_weight,2022-07-15,0.01860881534336057
equity_equal_weight,2022-07-18,-0.0032098002043968567
equity_equal_weight,2022-07-19,0.027385120685752964
equity_equal_weight,2022-07-20,0.0026521370079764716
equity_equal_weight,2022-07-21,0.005351057035176228
equity_equal_weight,2022-07-22,-0.0049439479230477265
equity_equal_weight,2022-07-25,0.003585901730108284
equity_equal_weight,2022-07-26,-0.004859655657097752
equity_equal_weight,2022-07-27,0.011691570468449711
equity_equal_weight,2022-07-28,0.010345161395059145
equity_equal_weight,2022-07-29,0.009706179215131486
equity_equal_weight,2022-08-01,-0.0016167632894356567
equity_equal_weight,2022-08-02,-0.009763777204931854
equity_equal_weight,2022-08-03,0.006348969490789134
equity_equal_weight,2022-08-04,-0.0016205048618749829
equity_equal_weight,2022-08-05,0.0015885986438003053
equity_equal_weight,2022-08-08,-0.00012185518376140361
equity_equal_weight,2022-08-09,-0.0008059676403024049
equity_equal_weight,2022-08-10,0.016739152484819587
equity_equal_weight,2022-08-11,0.005926270642628072
equity_equal_weight,2022-08-12,0.014869254887947707
equity_equal_weight,2022-08-15,0.004334572828434532
equity_equal_weight,2022-08-16,0.002959074994956916
equity_equal_weight,2022-08-17,-0.008142599544448665
equity_equal_weight,2022-08-18,0.003991893977378181
equity_equal_weight,2022-08-19,-0.008808503379776995
equity_equal_weight,2022-08-22,-0.019339684380979442
equity_equal_weight,2022-08-23,0.0019793433425868753
equity_equal_weight,2022-08-24,0.002355895547515559
equity_equal_weight,2022-08-25,0.013855207018783827
equity_equal_weight,2022-08-26,-0.02769034731246524
equity_equal_weight,2022-08-29,-0.0038147275975503707
equity_equal_weight,2022-08-30,-0.013364542345735522
equity_equal_weight,2022-08-31,-0.007346647125874835
equity_equal_weight,2022-09-01,-0.0006877551969647991
equity_equal_weight,2022-09-02,-0.009523452905370697
equity_equal_weight,2022-09-06,-0.003960837321840622
equity_equal_weight,2022-09-07,0.015912572907354677
equity_equal_weight,2022-09-08,0.006066542642071267
equity_equal_weight,2022-09-09,0.01464305635253413
equity_equal_weight,2022-09-12,0.008484821861791865
equity_equal_weight,2022-09-13,-0.04004930998571301
equity_equal_weight,2022-09-14,0.0031318623014507806
equity_equal_weight,2022-09-15,-0.0161715370948445
equity_equal_weight,2022-09-16,-0.007247144972022488
equity_equal_weight,2022-09-19,0.00623659457267969
equity_equal_weight,2022-09-20,-0.015572445225681554
equity_equal_weight,2022-09-21,-0.016955160199631784
equity_equal_weight,2022-09-22,-0.009265739650809665
equity_equal_weight,2022-09-23,-0.02221841628898861
equity_equal_weight,2022-09-26,-0.016062688619373502
equity_equal_weight,2022-09-27,-0.00366578905075212
equity_equal_weight,2022-09-28,0.021300718433708194
equity_equal_weight,2022-09-29,-0.019865724827656663
equity_equal_weight,2022-09-30,-0.014866290633047615
equity_equal_weight,2022-10-03,0.0321847780436476
equity_equal_weight,2022-10-04,0.029652109428984046
equity_equal_weight,2022-10-05,-0.0032365855896064845
equity_equal_weight,2022-10-06,-0.011450484466690947
equity_equal_weight,2022-10-07,-0.023496317394339123
equity_equal_weight,2022-10-10,-0.005697925739041466
equity_equal_weight,2022-10-11,-0.0033305028978534053
equity_equal_weight,2022-10-12,-0.005622661763774911
equity_equal_weight,2022-10-13,0.02967841986663328
equity_equal_weight,2022-10-14,-0.018412143694895352
equity_equal_weight,2022-10-17,0.020060602583880392
equity_equal_weight,2022-10-18,0.011945856181977304
equity_equal_weight,2022-10-19,-0.00776157460082436
equity_equal_weight,2022-10-20,-0.004160841489002483
equity_equal_weight,2022-10-21,0.023757129279621488
equity_equal_weight,2022-10-24,0.008125459137320448
equity_equal_weight,2022-10-25,0.01680246788305665
equity_equal_weight,2022-10-26,0.004962875049564562
equity_equal_weight,2022-10-27,-0.00014844107300958435
equity_equal_weight,2022-10-28,0.024284049445694265
equity_equal_weight,2022-10-31,-0.007574400264519281
equity_equal_weight,2022-11-01,0.0023824155053552673
equity_equal_weight,2022-11-02,-0.017184054928434216
equity_equal_weight,2022-11-03,-0.002437219007115463
equity_equal_weight,2022-11-04,0.018582602903941765
equity_equal_weight,2022-11-07,0.007644605369874352
equity_equal_weight,2022-11-08,0.00691434438709532
equity_equal_weight,2022-11-09,-0.02140736571925811
equity_equal_weight,2022-11-10,0.0495644501631361
equity_equal_weight,2022-11-11,0.011668351522039641
equity_equal_weight,2022-11-14,-0.008784826109372677
equity_equal_weight,2022-11-15,0.009768660956136386
equity_equal_weight,2022-11-16,-0.010351341361087306
equity_equal_weight,2022-11-17,-0.0023031547499413737
equity_equal_weight,2022-11-18,0.005043184604821626
equity_equal_weight,2022-11-21,0.0008225379434163569
equity_equal_weight,2022-11-22,0.01480286462718221
equity_equal_weight,2022-11-23,0.003386155798051086
equity_equal_weight,2022-11-25,0.0007421905149644115
equity_equal_weight,2022-11-28,-0.01842082903175117
equity_equal_weight,2022-11-29,0.004199710872548122
equity_equal_weight,2022-11-30,0.023794226081712402
equity_equal_weight,2022-12-01,-0.0002670937734517388
equity_equal_weight,2022-12-02,0.0015015822510261343
equity_equal_weight,2022-12-05,-0.017223212605578297
equity_equal_weight,2022-12-06,-0.01234790929014816
equity_equal_weight,2022-12-07,-0.0011825738283450572
equity_equal_weight,2022-12-08,0.007090693516795499
equity_equal_weight,2022-12-09,-0.010230167262818932
equity_equal_weight,2022-12-12,0.01662403157485824
equity_equal_weight,2022-12-13,0.008769632273229215
equity_equal_weight,2022-12-14,-0.008793645194072684
equity_equal_weight,2022-12-15,-0.021585069814526625
equity_equal_weight,2022-12-16,-0.009499489174056304
equity_equal_weight,2022-12-19,-0.006694591923182899
equity_equal_weight,2022-12-20,0.0031792629903663805
equity_equal_weight,2022-12-21,0.017830127277777868
equity_equal_weight,2022-12-22,-0.011582264695177421
equity_equal_weight,2022-12-23,0.007750029854520147
equity_equal_weight,2022-12-27,0.0002655482786428598
equity_equal_weight,2022-12-28,-0.012808033008290866
equity_equal_weight,2022-12-29,0.013599359712046968
equity_equal_weight,2022-12-30,-0.001881776224189355
equity_equal_weight,2023-01-03,0.0022509057491670527
equity_equal_weight,2023-01-04,0.018428178719494946
equity_equal_weight,2023-01-05,-0.00679763801193668
equity_equal_weight,2023-01-06,0.023249459158050576
equity_equal_weight,2023-01-09,0.00017208903132034795
equity_equal_weight,2023-01-10,0.007616604974202161
equity_equal_weight,2023-01-11,0.00985384963869968
equity_equal_weight,2023-01-12,0.007037757028810944
equity_equal_weight,2023-01-13,0.0034311464254617027
equity_equal_weight,2023-01-17,-0.004052224805721268
equity_equal_weight,2023-01-18,-0.01596550501830723
equity_equal_weight,2023-01-19,-0.007476202030265403
equity_equal_weight,2023-01-20,0.01531290783669132
equity_equal_weight,2023-01-23,0.011435710954858264
equity_equal_weight,2023-01-24,-0.0028834216294746063
equity_equal_weight,2023-01-25,0.0018486905394841727
equity_equal_weight,2023-01-26,0.008422064284225662
equity_equal_weight,2023-01-27,-0.001206481854240275
equity_equal_weight,2023-01-30,-0.010144239154965134
equity_equal_weight,2023-01-31,0.011922802217140906
equity_equal_weight,2023-02-01,0.006518284067217185
equity_equal_weight,2023-02-02,0.00015704536703527573
equity_equal_weight,2023-02-03,-0.012768350780830776
equity_equal_weight,2023-02-06,-0.004594982931553284
equity_equal_weight,2023-02-07,0.01095346104811467
equity_equal_weight,2023-02-08,-0.009564990182089905
equity_equal_weight,2023-02-09,-0.009694773106965707
equity_equal_weight,2023-02-10,0.00760192629547806
equity_equal_weight,2023-02-13,0.00875099441629904
equity_equal_weight,2023-02-14,-0.0006439293321590837
equity_equal_weight,2023-02-15,0.00028921341721578115
equity_equal_weight,2023-02-16,-0.013939445741509307
equity_equal_weight,2023-02-17,-0.0027721399648127057
equity_equal_weight,2023-02-21,-0.0175027760743078
equity_equal_weight,2023-02-22,-0.0055512586445058175
equity_equal_weight,2023-02-23,0.005478965095513964
equity_equal_weight,2023-02-24,-0.009477223615106894
equity_equal_weight,2023-02-27,0.0017761100564900147
equity_equal_weight,2023-02-28,-0.0042929255026671834
equity_equal_weight,2023-03-01,-0.001058031993739652
equity_equal_weight,2023-03-02,0.011963634596800691
equity_equal_weight,2023-03-03,0.013041698662887858
equity_equal_weight,2023-03-06,-0.0018086637367767805
equity_equal_weight,2023-03-07,-0.017166087290682315
equity_equal_weight,2023-03-08,0.003191727051693716
equity_equal_weight,2023-03-09,-0.01731871782501915
equity_equal_weight,2023-03-10,-0.013042274760361034
equity_equal_weight,2023-03-13,-0.003516018063804469
equity_equal_weight,2023-03-14,0.01454549521775727
equity_equal_weight,2023-03-15,-0.00968814247115212
equity_equal_weight,2023-03-16,0.014200648998945934
equity_equal_weight,2023-03-17,-0.012241012240181464
equity_equal_weight,2023-03-20,0.011381656021337802
equity_equal_weight,2023-03-21,0.008352348230895295
equity_equal_weight,2023-03-22,-0.01994875486296806
equity_equal_weight,2023-03-23,0.0017877909140547078
equity_equal_weight,2023-03-24,0.007631212702629167
equity_equal_weight,2023-03-27,0.004297343942389522
equity_equal_weight,2023-03-28,0.001599486089735003
equity_equal_weight,2023-03-29,0.01557046620206545
equity_equal_weight,2023-03-30,0.004909293457587829
equity_equal_weight,2023-03-31,0.01245554165487161
equity_equal_weight,2023-04-03,0.006940014431519134
equity_equal_weight,2023-04-04,-0.0050640905631622185
equity_equal_weight,2023-04-05,0.003700067303833979
equity_equal_weight,2023-04-06,-0.00016101982917674716
equity_equal_weight,2023-04-10,0.003514247817485643
equity_equal_weight,2023-04-11,0.002569206481788522
equity_equal_weight,2023-04-12,-0.0022219339949199977
equity_equal_weight,2023-04-13,0.00697289572006567
equity_equal_weight,2023-04-14,-0.005796901834398558
equity_equal_weight,2023-04-17,0.0050131419049538805
equity_equal_weight,2023-04-18,0.0003185701739072887
equity_equal_weight,2023-04-19,0.0021501861398795594
equity_equal_weight,2023-04-20,-0.006963271769652837
equity_equal_weight,2023-04-21,-0.0010172047667623987
equity_equal_weight,2023-04-24,0.0017570893495593106
equity_equal_weight,2023-04-25,-0.014954209205319131
equity_equal_weight,2023-04-26,-0.012476823412631977
equity_equal_weight,2023-04-27,0.01466191302179606
equity_equal_weight,2023-04-28,0.009482238561268225
equity_equal_weight,2023-05-01,-0.003422566579296094
equity_equal_weight,2023-05-02,-0.016682054474223176
equity_equal_weight,2023-05-03,-0.012217496177713009
equity_equal_weight,2023-05-04,-0.005351289952589209
equity_equal_weight,2023-05-05,0.01751524961317628
equity_equal_weight,2023-05-08,-0.0006943661313251724
equity_equal_weight,2023-05-09,-0.004258718762879401
equity_equal_weight,2023-05-10,-0.0017783329876314966
equity_equal_weight,2023-05-11,-0.008972948417903203
equity_equal_weight,2023-05-12,-0.0008388740546909411
equity_equal_weight,2023-05-15,0.004566875681341903
equity_equal_weight,2023-05-16,-0.015969316778035862
equity_equal_weight,2023-05-17,0.012319075380388223
equity_equal_weight,2023-05-18,0.005885373981134901
equity_equal_weight,2023-05-19,-0.0024750102388178584
equity_equal_weight,2023-05-22,0.0006733174629292172
equity_equal_weight,2023-05-23,-0.007158860298573354
equity_equal_weight,2023-05-24,-0.0092430297574062
equity_equal_weight,2023-05-25,9.278741905413931e-05
equity_equal_weight,2023-05-26,0.008663674683658414
equity_equal_weight,2023-05-30,-0.0018190711166541518
equity_equal_weight,2023-05-31,-0.004663092855496196
equity_equal_weight,2023-06-01,0.005148317863618266
equity_equal_weight,2023-06-02,0.019500197664424103
equity_equal_weight,2023-06-05,-0.0058969493851712155
equity_equal_weight,2023-06-06,0.004403184679716094
equity_equal_weight,2023-06-07,0.00825333091667653
equity_equal_weight,2023-06-08,0.004105881849056211
equity_equal_weight,2023-06-09,-0.002802731516898366
equity_equal_weight,2023-06-12,0.005228664642244208
equity_equal_weight,2023-06-13,0.00731871902904849
equity_equal_weight,2023-06-14,0.0001272434929677031
equity_equal_weight,2023-06-15,0.010003512200136698
equity_equal_weight,2023-06-16,0.0005502064556709694
equity_equal_weight,2023-06-20,-0.012622406708579167
equity_equal_weight,2023-06-21,-0.003164890673324905
equity_equal_weight,2023-06-22,-0.00559242287012034
equity_equal_weight,2023-06-23,-0.00725958143982272
equity_equal_weight,2023-06-26,0.006682503230795584
equity_equal_weight,2023-06-27,0.007222896182025429
equity_equal_weight,2023-06-28,-0.0017040372863230942
equity_equal_weight,2023-06-29,0.006333876012833468
equity_equal_weight,2023-06-30,0.008314033679412117
equity_equal_weight,2023-07-03,0.005677130992006777
equity_equal_weight,2023-07-05,-0.004240653464778886
equity_equal_weight,2023-07-06,-0.012084138933912192
equity_equal_weight,2023-07-07,0.0006819149565187501
equity_equal_weight,2023-07-10,0.0047796696983343516
equity_equal_weight,2023-07-11,0.014211688018259465
equity_equal_weight,2023-07-12,0.00823735096035434
equity_equal_weight,2023-07-13,0.0056132899986313725
equity_equal_weight,2023-07-14,-0.006609687433745769
equity_equal_weight,2023-07-17,-0.003559608817588056
equity_equal_weight,2023-07-18,0.0059362027528230285
equity_equal_weight,2023-07-19,0.00603795227252624
equity_equal_weight,2023-07-20,0.0017480758015509055
equity_equal_weight,2023-07-21,0.0044898923598515935
equity_equal_weight,2023-07-24,0.0054649418308621855
equity_equal_weight,2023-07-25,0.0034160131953540496
equity_equal_weight,2023-07-26,0.0021904630775948695
equity_equal_weight,2023-07-27,-0.004634011643839129
equity_equal_weight,2023-07-28,0.004241321399844554
equity_equal_weight,2023-07-31,0.004314741590100032
equity_equal_weight,2023-08-01,-0.0036317010240047836
equity_equal_weight,2023-08-02,-0.013699281238668086
equity_equal_weight,2023-08-03,-0.004931584621457255
equity_equal_weight,2023-08-04,-0.002197023217300111
equity_equal_weight,2023-08-07,0.008020413923411242
equity_equal_weight,2023-08-08,-0.0034409407439325817
equity_equal_weight,2023-08-09,-0.001925595822674385
equity_equal_weight,2023-08-10,0.0009644399956669525
equity_equal_weight,2023-08-11,0.0016758150228857098
equity_equal_weight,2023-08-14,0.0017062775996715214
equity_equal_weight,2023-08-15,-0.01322545628250715
equity_equal_weight,2023-08-16,-0.008186117279367165
equity_equal_weight,2023-08-17,-0.0046557882757702375
equity_equal_weight,2023-08-18,0.001733029370723882
equity_equal_weight,2023-08-21,-0.0005131283529655397
equity_equal_weight,2023-08-22,-0.004904403466574166
equity_equal_weight,2023-08-23,0.007321780440630267
equity_equal_weight,2023-08-24,-0.012228581664713425
equity_equal_weight,2023-08-25,0.004912513294952161
equity_equal_weight,2023-08-28,0.008364884527056863
equity_equal_weight,2023-08-29,0.011982477817999243
equity_equal_weight,2023-08-30,0.0015849659208836808
equity_equal_weight,2023-08-31,-0.0030555686910886835
equity_equal_weight,2023-09-01,0.004049068438607959
equity_equal_weight,2023-09-05,-0.00872481301933522
equity_equal_weight,2023-09-06,-0.00417614715166231
equity_equal_weight,2023-09-07,-0.00017340816510796284
equity_equal_weight,2023-09-08,0.002637923536046848
equity_equal_weight,2023-09-11,0.002865687446399155
equity_equal_weight,2023-09-12,0.002308243851204291
equity_equal_weight,2023-09-13,-0.0009672270966173914
equity_equal_weight,2023-09-14,0.012360870706178877
equity_equal_weight,2023-09-15,-0.010489077213557508
equity_equal_weight,2023-09-18,-0.00024995003851792553
equity_equal_weight,2023-09-19,-0.004213502014856906
equity_equal_weight,2023-09-20,-0.005264643861468341
equity_equal_weight,2023-09-21,-0.0185880687890133
equity_equal_weight,2023-09-22,-0.0033341264056424035
equity_equal_weight,2023-09-25,0.002086940375641444
equity_equal_weight,2023-09-26,-0.01203867858893119
equity_equal_weight,2023-09-27,-0.0014106684457594154
equity_equal_weight,2023-09-28,0.004051206390830821
equity_equal_weight,2023-09-29,-0.001064597661618716
equity_equal_weight,2023-10-02,-0.01427779454884416
equity_equal_weight,2023-10-03,-0.008623840049693498
equity_equal_weight,2023-10-04,0.0014587619619191327
equity_equal_weight,2023-10-05,-0.0018481504494788205
equity_equal_weight,2023-10-06,0.010572819190709792
equity_equal_weight,2023-10-09,0.008763926303623774
equity_equal_weight,2023-10-10,0.008282561086268072
equity_equal_weight,2023-10-11,0.003365157629009226
equity_equal_weight,2023-10-12,-0.008311144835865694
equity_equal_weight,2023-10-13,0.0011147766253742544
equity_equal_weight,2023-10-16,0.010057492329704919
equity_equal_weight,2023-10-17,0.0027932697004872196
equity_equal_weight,2023-10-18,-0.014298523672335568
equity_equal_weight,2023-10-19,-0.009313396223776083
equity_equal_weight,2023-10-20,-0.008972743882415861
equity_equal_weight,2023-10-23,-0.0065969844195609105
equity_equal_weight,2023-10-24,0.010865236461424663
equity_equal_weight,2023-10-25,-0.012071946699170872
equity_equal_weight,2023-10-26,-0.0020912306436232254
equity_equal_weight,2023-10-27,-0.010091752733279386
equity_equal_weight,2023-10-30,0.010000411649502997
equity_equal_weight,2023-10-31,0.0058765673887027255
equity_equal_weight,2023-11-01,0.004883111660390648
equity_equal_weight,2023-11-02,0.025794960167503
equity_equal_weight,2023-11-03,0.01279402160740212
equity_equal_weight,2023-11-06,-0.004456576056500963
equity_equal_weight,2023-11-07,-0.0037390629774691326
equity_equal_weight,2023-11-08,-0.0011798844009913996
equity_equal_weight,2023-11-09,-0.008903880726641448
equity_equal_weight,2023-11-10,0.010646732594233557
equity_equal_weight,2023-11-13,-0.0011335907036108953
equity_equal_weight,2023-11-14,0.02459404341561296
equity_equal_weight,2023-11-15,0.005349194798091735
equity_equal_weight,2023-11-16,0.000763167978912289
equity_equal_weight,2023-11-17,0.003168319812704509
equity_equal_weight,2023-11-20,0.004432305553655234
equity_equal_weight,2023-11-21,-0.0023448833096139056
equity_equal_weight,2023-11-22,0.0017220553186484756
equity_equal_weight,2023-11-24,0.002442867504645432
equity_equal_weight,2023-11-27,0.0005314905739881357
equity_equal_weight,2023-11-28,0.0020426557000202085
equity_equal_weight,2023-11-29,0.004678034968830294
equity_equal_weight,2023-11-30,0.006384512229031318
equity_equal_weight,2023-12-01,0.009225927380084266
equity_equal_weight,2023-12-04,-0.0018134092183667127
equity_equal_weight,2023-12-05,-0.0052614857299654785
equity_equal_weight,2023-12-06,-0.0007160063436409092
equity_equal_weight,2023-12-07,0.0049002939512802985
equity_equal_weight,2023-12-08,0.0032286936961363594
equity_equal_weight,2023-12-11,0.006783475745804726
equity_equal_weight,2023-12-12,0.0007978025859253558
equity_equal_weight,2023-12-13,0.02090241145857909
equity_equal_weight,2023-12-14,0.014493407254842453
equity_equal_weight,2023-12-15,-0.003011783157942524
equity_equal_weight,2023-12-18,-0.001377038017755587
equity_equal_weight,2023-12-19,0.008156436334441007
equity_equal_weight,2023-12-20,-0.014752978135857561
equity_equal_weight,2023-12-21,0.008160532810200164
equity_equal_weight,2023-12-22,0.00195996413291749
equity_equal_weight,2023-12-26,0.006506457589898613
equity_equal_weight,2023-12-27,0.0014553578874705298
equity_equal_weight,2023-12-28,0.0012242203691481567
equity_equal_weight,2023-12-29,-0.003035118739159236
crypto_min_variance,2021-01-01,0.010304894604055842
crypto_min_variance,2021-01-02,0.04399052506519839
crypto_min_variance,2021-01-03,0.09804710654274669
crypto_min_variance,2021-01-04,0.028350610669819996
crypto_min_variance,2021-01-05,0.024459547433442207
crypto_min_variance,2021-01-06,0.109348954987866
crypto_min_variance,2021-01-07,0.027213299401253596
crypto_min_variance,2021-01-08,0.0017706247977229092
crypto_min_variance,2021-01-09,0.052633737578793374
crypto_min_variance,2021-01-10,-0.019977922027195588
crypto_min_variance,2021-01-11,-0.11915046631166316
crypto_min_variance,2021-01-12,-0.03053653934270796
crypto_min_variance,2021-01-13,0.08302228668846086
crypto_min_variance,2021-01-14,0.02827800931295463
crypto_min_variance,2021-01-15,-0.037207455901570825
crypto_min_variance,2021-01-16,0.009075051346848545
crypto_min_variance,2021-01-17,-0.0061461511184508185
crypto_min_variance,2021-01-18,0.030098273415047755
crypto_min_variance,2021-01-19,0.005728614890460028
crypto_min_variance,2021-01-20,-0.007981140612335114
crypto_min_variance,2021-01-21,-0.12391878693641092
crypto_min_variance,2021-01-22,0.05829276948530952
crypto_min_variance,2021-01-23,-0.003430605725368368
crypto_min_variance,2021-01-24,0.03200702092293466
crypto_min_variance,2021-01-25,-0.01686745713979161
crypto_min_variance,2021-01-26,0.0010852240818888452
crypto_min_variance,2021-01-27,-0.06411769011784614
crypto_min_variance,2021-01-28,0.08602694377267464
crypto_min_variance,2021-01-29,0.04363757661143303
crypto_min_variance,2021-01-30,0.017394846179049694
crypto_min_variance,2021-01-31,-0.022335184956141278
crypto_min_variance,2021-02-01,0.0145506685538932
crypto_min_variance,2021-02-02,0.03009986076445402
crypto_min_variance,2021-02-03,0.03980018835488132
crypto_min_variance,2021-02-04,-0.021578222965113424
crypto_min_variance,2021-02-05,0.07545470405590494
crypto_min_variance,2021-02-06,0.003436278305216655
crypto_min_variance,2021-02-07,-0.004276542271813366
crypto_min_variance,2021-02-08,0.11291541083429595
crypto_min_variance,2021-02-09,0.08577088306512
crypto_min_variance,2021-02-10,0.013462265051723165
crypto_min_variance,2021-02-11,0.12465964382181555
crypto_min_variance,2021-02-12,0.010914877443088472
crypto_min_variance,2021-02-13,0.13525379784891978
crypto_min_variance,2021-02-14,-0.02676588139478806
crypto_min_variance,2021-02-15,-0.06276141252658382
crypto_min_variance,2021-02-16,0.007709167207368749
crypto_min_variance,2021-02-17,0.04712581154738606
crypto_min_variance,2021-02-18,0.002078224909963939
crypto_min_variance,2021-02-19,0.07328549526319778
crypto_min_variance,2021-02-20,-0.029135954968126102
crypto_min_variance,2021-02-21,0.030919680450613236
crypto_min_variance,2021-02-22,-0.07717271428313516
crypto_min_variance,2021-02-23,-0.15563096686529246
crypto_min_variance,2021-02-24,0.03892109083830911
crypto_min_variance,2021-02-25,-0.05989434137357085
crypto_min_variance,2021-02-26,-0.01698993632450997
crypto_min_variance,2021-02-27,0.021125040085915973
crypto_min_variance,2021-02-28,-0.04010562951971745
crypto_min_variance,2021-03-01,0.07392971194367721
crypto_min_variance,2021-03-02,-0.01976442212374096
crypto_min_variance,2021-03-03,0.04405592114637732
crypto_min_variance,2021-03-04,-0.007234515479598541
crypto_min_variance,2021-03-05,-0.008347562411773535
crypto_min_variance,2021-03-06,0.010931614591646325
crypto_min_variance,2021-03-07,0.03457637470339112
crypto_min_variance,2021-03-08,0.0205289719461711
crypto_min_variance,2021-03-09,0.04023258365635557
crypto_min_variance,2021-03-10,-0.017615415884474767
crypto_min_variance,2021-03-11,0.010874537198956565
crypto_min_variance,2021-03-12,-0.014708539332151334
crypto_min_variance,2021-03-13,0.07824186983901223
crypto_min_variance,2021-03-14,-0.04265977525940501
crypto_min_variance,2021-03-15,-0.03782809550158997
crypto_min_variance,2021-03-16,0.029932451381780037
crypto_min_variance,2021-03-17,0.030432125152486805
crypto_min_variance,2021-03-18,-0.01800535651747063
crypto_min_variance,2021-03-19,0.02791316154873491
crypto_min_variance,2021-03-20,0.01946945599617675
crypto_min_variance,2021-03-21,-0.0071466425882144805
crypto_min_variance,2021-03-22,-0.037851343471566934
crypto_min_variance,2021-03-23,0.004484351015712347
crypto_min_variance,2021-03-24,-0.05750954322286196
crypto_min_variance,2021-03-25,-0.00817921629694897
crypto_min_variance,2021-03-26,0.09676950005532321
crypto_min_variance,2021-03-27,-0.0029913331290952827
crypto_min_variance,2021-03-28,-0.0003342119734914049
crypto_min_variance,2021-03-29,0.03766622377731213
crypto_min_variance,2021-03-30,0.0185211158014937
crypto_min_variance,2021-03-31,0.11239674671751199
crypto_min_variance,2021-04-01,0.00538003547086635
crypto_min_variance,2021-04-02,0.0483030920762575
crypto_min_variance,2021-04-03,-0.02829102862557432
crypto_min_variance,2021-04-04,0.08181537847807364
crypto_min_variance,2021-04-05,0.06394275232627533
crypto_min_variance,2021-04-06,0.015778341534066966
crypto_min_variance,2021-04-07,-0.0548864415785401
crypto_min_variance,2021-04-08,0.06123772239302569
crypto_min_variance,2021-04-09,-0.0224698653488692
crypto_min_variance,2021-04-10,0.07775707735787298
crypto_min_variance,2021-04-11,2.4264036155206728e-05
crypto_min_variance,2021-04-12,0.003239189388998324
crypto_min_variance,2021-04-13,0.09497027711892275
crypto_min_variance,2021-04-14,0.014342397526665832
crypto_min_variance,2021-04-15,0.07991149152409786
crypto_min_variance,2021-04-16,0.031198709586020897
crypto_min_variance,2021-04-17,-0.020582807695267727
crypto_min_variance,2021-04-18,-0.07140508711792515
crypto_min_variance,2021-04-19,-0.04923496616439907
crypto_min_variance,2021-04-20,0.026727125290636283
crypto_min_variance,2021-04-21,-0.038618348118255354
crypto_min_variance,2021-04-22,-0.034644824544413984
crypto_min_variance,2021-04-23,-0.01663948912102206
crypto_min_variance,2021-04-24,-0.0566425871661771
crypto_min_variance,2021-04-25,-0.005264149444238684
crypto_min_variance,2021-04-26,0.1321073342337194
crypto_min_variance,2021-04-27,0.039660928280724386
crypto_min_variance,2021-04-28,0.0034396586744301475
crypto_min_variance,2021-04-29,-0.010815289666197906
crypto_min_variance,2021-04-30,0.06608893530523142
crypto_min_variance,2021-05-01,0.05214371729847122
crypto_min_variance,2021-05-02,-0.011427057880638488
crypto_min_variance,2021-05-03,0.08456396231958921
crypto_min_variance,2021-05-04,-0.004245225663674865
crypto_min_variance,2021-05-05,0.14998237063777906
crypto_min_variance,2021-05-06,0.06632483685435216
crypto_min_variance,2021-05-07,-0.015438552680565243
crypto_min_variance,2021-05-08,0.045766253093197984
crypto_min_variance,2021-05-09,-0.0002833771877043384
crypto_min_variance,2021-05-10,-0.0493432901724345
crypto_min_variance,2021-05-11,0.05401592013281645
crypto_min_variance,2021-05-12,-0.14366038549027638
crypto_min_variance,2021-05-13,0.02850601092494777
crypto_min_variance,2021-05-14,0.06485034517115237
crypto_min_variance,2021-05-15,-0.06580870538966405
crypto_min_variance,2021-05-16,-0.006527120261801446
crypto_min_variance,2021-05-17,-0.06716411707826554
crypto_min_variance,2021-05-18,0.008973517500977572
crypto_min_variance,2021-05-19,-0.24977877530009224
crypto_min_variance,2021-05-20,0.14155313367144365
crypto_min_variance,2021-05-21,-0.11896771859139883
crypto_min_variance,2021-05-22,-0.039846317229874494
crypto_min_variance,2021-05-23,-0.0987691453801617
crypto_min_variance,2021-05-24,0.225584805542011
crypto_min_variance,2021-05-25,0.015005660551308121
crypto_min_variance,2021-05-26,0.05497312034531662
crypto_min_variance,2021-05-27,-0.044699684388441796
crypto_min_variance,2021-05-28,-0.08969463673994216
crypto_min_variance,2021-05-29,-0.04992449689376673
crypto_min_variance,2021-05-30,0.04532293843243288
crypto_min_variance,2021-05-31,0.086025862897033
crypto_min_variance,2021-06-01,-0.019944533225775274
crypto_min_variance,2021-06-02,0.023151621978722742
crypto_min_variance,2021-06-03,0.047237871980502666
crypto_min_variance,2021-06-04,-0.06179294135823712
crypto_min_variance,2021-06-05,-0.028487609672924193
crypto_min_variance,2021-06-06,0.0202438155138403
crypto_min_variance,2021-06-07,-0.06391349557563851
crypto_min_variance,2021-06-08,-0.0053184433744654916
crypto_min_variance,2021-06-09,0.06259753173271365
crypto_min_variance,2021-06-10,-0.03797604701425207
crypto_min_variance,2021-06-11,-0.02748208503137506
crypto_min_variance,2021-06-12,-0.012448675300622542
crypto_min_variance,2021-06-13,0.0685193853268309
crypto_min_variance,2021-06-14,0.01613430475638009
crypto_min_variance,2021-06-15,0.014736324311291833
crypto_min_variance,2021-06-16,-0.06785484362334064
crypto_min_variance,2021-06-17,0.010887142443282344
crypto_min_variance,2021-06-18,-0.057439939019069866
crypto_min_variance,2021-06-19,-0.015731388534265534
crypto_min_variance,2021-06-20,0.01228410250148897
crypto_min_variance,2021-06-21,-0.16121621338414285
crypto_min_variance,2021-06-22,-0.012097627823437693
crypto_min_variance,2021-06-23,0.06668701877668161
crypto_min_variance,2021-06-24,0.05509749297034509
crypto_min_variance,2021-06-25,-0.0808123692868636
crypto_min_variance,2021-06-26,0.011444876005592783
crypto_min_variance,2021-06-27,0.06623855817473519
crypto_min_variance,2021-06-28,0.01683083950553762
crypto_min_variance,2021-06-29,0.04638883572787256
crypto_min_variance,2021-06-30,0.012159606383695966
crypto_min_variance,2021-07-01,-0.05123469400843573
crypto_min_variance,2021-07-02,0.017566742374074962
crypto_min_variance,2021-07-03,0.02174634263528651
crypto_min_variance,2021-07-04,0.02736334102199325
crypto_min_variance,2021-07-05,-0.045500390105032026
crypto_min_variance,2021-07-06,0.024496998169732383
crypto_min_variance,2021-07-07,-0.008869558041445916
crypto_min_variance,2021-07-08,-0.05289654872775211
crypto_min_variance,2021-07-09,0.01878047007217703
crypto_min_variance,2021-07-10,-0.011502471426620486
crypto_min_variance,2021-07-11,0.013245866120040958
crypto_min_variance,2021-07-12,-0.032148018205359556
crypto_min_variance,2021-07-13,-0.02737078039055864
crypto_min_variance,2021-07-14,0.010624780184669582
crypto_min_variance,2021-07-15,-0.036356155494232684
crypto_min_variance,2021-07-16,-0.022691252818517745
crypto_min_variance,2021-07-17,0.003950927656220106
crypto_min_variance,2021-07-18,0.0031527743528803748
crypto_min_variance,2021-07-19,-0.041642907937993405
crypto_min_variance,2021-07-20,-0.03655294513053514
crypto_min_variance,2021-07-21,0.09102857600630342
crypto_min_variance,2021-07-22,0.01662625890889215
crypto_min_variance,2021-07-23,0.03388079530306257
crypto_min_variance,2021-07-24,0.02378895997735806
crypto_min_variance,2021-07-25,0.011547123310590289
crypto_min_variance,2021-07-26,0.03066181540484272
crypto_min_variance,2021-07-27,0.03472334459682634
crypto_min_variance,2021-07-28,0.010583641141187284
crypto_min_variance,2021-07-29,0.01610622373334261
crypto_min_variance,2021-07-30,0.03700960971025091
crypto_min_variance,2021-07-31,0.007113241078091186
crypto_min_variance,2021-08-01,-0.014225348811064619
crypto_min_variance,2021-08-02,0.003442377869451561
crypto_min_variance,2021-08-03,-0.01925108882805113
crypto_min_variance,2021-08-04,0.052532710928878706
crypto_min_variance,2021-08-05,0.028147122897351776
crypto_min_variance,2021-08-06,0.02961996685185777
crypto_min_variance,2021-08-07,0.05979537739705259
crypto_min_variance,2021-08-08,-0.033886614531584494
crypto_min_variance,2021-08-09,0.05293477373845198
crypto_min_variance,2021-08-10,0.01120516787618433
crypto_min_variance,2021-08-11,0.036849939831946635
crypto_min_variance,2021-08-12,-0.01915260607732691
crypto_min_variance,2021-08-13,0.09448041430420154
crypto_min_variance,2021-08-14,0.0016158620819308716
crypto_min_variance,2021-08-15,0.004378193552362545
crypto_min_variance,2021-08-16,-0.03598441076423263
crypto_min_variance,2021-08-17,-0.04597608665744876
crypto_min_variance,2021-08-18,0.012650007356049804
crypto_min_variance,2021-08-19,0.060944676935021466
crypto_min_variance,2021-08-20,0.03712719898734906
crypto_min_variance,2021-08-21,-0.016434969421770796
crypto_min_variance,2021-08-22,0.02265860725090485
crypto_min_variance,2021-08-23,0.022495658589609065
crypto_min_variance,2021-08-24,-0.050600619274671015
crypto_min_variance,2021-08-25,0.021669398677067016
crypto_min_variance,2021-08-26,-0.04756622198409752
crypto_min_variance,2021-08-27,0.0669295854450159
crypto_min_variance,2021-08-28,-0.008284153815668237
crypto_min_variance,2021-08-29,-0.0015078115778801272
crypto_min_variance,2021-08-30,-0.025441682466927452
crypto_min_variance,2021-08-31,0.030280972214695553
crypto_min_variance,2021-09-01,0.06863085967364321
crypto_min_variance,2021-09-02,0.014552231661294867
crypto_min_variance,2021-09-03,0.033406715111725334
crypto_min_variance,2021-09-04,-0.009620149810512516
crypto_min_variance,2021-09-05,0.03357209464927523
crypto_min_variance,2021-09-06,-0.006950238661973418
crypto_min_variance,2021-09-07,-0.13662598913290513
crypto_min_variance,2021-09-08,0.01874151376309829
crypto_min_variance,2021-09-09,-0.0012935306681502374
crypto_min_variance,2021-09-10,-0.042120028488784565
crypto_min_variance,2021-09-11,0.03151606580291787
crypto_min_variance,2021-09-12,0.05464061713050215
crypto_min_variance,2021-09-13,-0.041797171720226
crypto_min_variance,2021-09-14,0.05452132433893038
crypto_min_variance,2021-09-15,0.035572802908059344
crypto_min_variance,2021-09-16,-0.019423558463248756
crypto_min_variance,2021-09-17,-0.04276478727759121
crypto_min_variance,2021-09-18,0.012757653049348472
crypto_min_variance,2021-09-19,-0.026285547051262577
crypto_min_variance,2021-09-20,-0.10643345274828729
crypto_min_variance,2021-09-21,-0.04944382909401051
crypto_min_variance,2021-09-22,0.10263147528084984
crypto_min_variance,2021-09-23,0.022073229719304657
crypto_min_variance,2021-09-24,-0.05743299883097393
crypto_min_variance,2021-09-25,-0.004645113555743339
crypto_min_variance,2021-09-26,0.006060313433176824
crypto_min_variance,2021-09-27,-0.029812095702915327
crypto_min_variance,2021-09-28,-0.036287720270288794
crypto_min_variance,2021-09-29,0.019651617676601292
crypto_min_variance,2021-09-30,0.04739750195373105
crypto_min_variance,2021-10-01,0.08740733491826227
crypto_min_variance,2021-10-02,0.0043630775596852946
crypto_min_variance,2021-10-03,0.008624555088354944
crypto_min_variance,2021-10-04,-0.005964416043364412
crypto_min_variance,2021-10-05,0.03795480838800894
crypto_min_variance,2021-10-06,0.027569517691611402
crypto_min_variance,2021-10-07,-0.003491367443458646
crypto_min_variance,2021-10-08,-0.001282203652416819
crypto_min_variance,2021-10-09,0.019186828909276327
crypto_min_variance,2021-10-10,-0.02852894274460748
crypto_min_variance,2021-10-11,0.024769521060057486
crypto_min_variance,2021-10-12,-0.021696337767718656
crypto_min_variance,2021-10-13,0.02863308755164111
crypto_min_variance,2021-10-14,0.013088823056087882
crypto_min_variance,2021-10-15,0.03791820248833141
crypto_min_variance,2021-10-16,-0.009259268154359958
crypto_min_variance,2021-10-17,0.0020261003215717227
crypto_min_variance,2021-10-18,-0.0073833029268679205
crypto_min_variance,2021-10-19,0.025849592878791676
crypto_min_variance,2021-10-20,0.046977785616681804
crypto_min_variance,2021-10-21,-0.0377665352846504
crypto_min_variance,2021-10-22,-0.014493326596424489
crypto_min_variance,2021-10-23,0.02357037870413441
crypto_min_variance,2021-10-24,-0.016099110947115008
crypto_min_variance,2021-10-25,0.025818694490558763
crypto_min_variance,2021-10-26,-0.017508918023126197
crypto_min_variance,2021-10-27,-0.06462643326211776
crypto_min_variance,2021-10-28,0.0576925102269302
crypto_min_variance,2021-10-29,0.028650339573466008
crypto_min_variance,2021-10-30,-0.011440156399971826
crypto_min_variance,2021-10-31,-0.00353224381743169
crypto_min_variance,2021-11-01,0.0006369130944599489
crypto_min_variance,2021-11-02,0.043146197886398195
crypto_min_variance,2021-11-03,0.007750224237069392
crypto_min_variance,2021-11-04,-0.02311022595566498
crypto_min_variance,2021-11-05,-0.0057559334212670945
crypto_min_variance,2021-11-06,0.003485201676150394
crypto_min_variance,2021-11-07,0.02140407318414787
crypto_min_variance,2021-11-08,0.059415668062728764
crypto_min_variance,2021-11-09,0.0221307257024961
crypto_min_variance,2021-11-10,-0.0383558909927506
crypto_min_variance,2021-11-11,0.009025063847412479
crypto_min_variance,2021-11-12,-0.016225298977929088
crypto_min_variance,2021-11-13,0.010336428354454618
crypto_min_variance,2021-11-14,0.01455490780383288
crypto_min_variance,2021-11-15,-0.010186124181184824
crypto_min_variance,2021-11-16,-0.07771211908561212
crypto_min_variance,2021-11-17,0.008166193442319742
crypto_min_variance,2021-11-18,-0.06901219783984869
crypto_min_variance,2021-11-19,0.046400853614757466
crypto_min_variance,2021-11-20,0.025709302331581547
crypto_min_variance,2021-11-21,-0.020157714125678104
crypto_min_variance,2021-11-22,-0.042882818154833524
crypto_min_variance,2021-11-23,0.02744289144611288
crypto_min_variance,2021-11-24,-0.02522252239305569
crypto_min_variance,2021-11-25,0.003088001994593724
crypto_min_variance,2021-11-26,-0.06671015942750833
crypto_min_variance,2021-11-27,0.01652127880173162
crypto_min_variance,2021-11-28,0.03712860845035378
crypto_min_variance,2021-11-29,0.019697198140521458
crypto_min_variance,2021-11-30,0.004537729334773719
crypto_min_variance,2021-12-01,-0.0019583029176106575
crypto_min_variance,2021-12-02,0.008563492195866503
crypto_min_variance,2021-12-03,-0.06135413697807463
crypto_min_variance,2021-12-04,-0.06730126769071074
crypto_min_variance,2021-12-05,-0.006208218091662054
crypto_min_variance,2021-12-06,0.03275605340607402
crypto_min_variance,2021-12-07,-0.0028437332922017803
crypto_min_variance,2021-12-08,0.015335063705690294
crypto_min_variance,2021-12-09,-0.06213197150088833
crypto_min_variance,2021-12-10,-0.032718757117913194
crypto_min_variance,2021-12-11,0.0580560352526346
crypto_min_variance,2021-12-12,0.006957381911048269
crypto_min_variance,2021-12-13,-0.07789318860402918
crypto_min_variance,2021-12-14,-0.0022214281085317293
crypto_min_variance,2021-12-15,0.056309730183144426
crypto_min_variance,2021-12-16,-0.027003733368377046
crypto_min_variance,2021-12-17,-0.030314628014544768
crypto_min_variance,2021-12-18,0.017615136068376717
crypto_min_variance,2021-12-19,-0.003351063165847058
crypto_min_variance,2021-12-20,-0.0016559291060228797
crypto_min_variance,2021-12-21,0.030886651628420282
crypto_min_variance,2021-12-22,0.0023719153103017665
crypto_min_variance,2021-12-23,0.05219640508919555
crypto_min_variance,2021-12-24,-0.019374577545824875
crypto_min_variance,2021-12-25,0.008662662058475452
crypto_min_variance,2021-12-26,6.356180631595771e-05
crypto_min_variance,2021-12-27,0.0025350844366539877
crypto_min_variance,2021-12-28,-0.060518201616968435
crypto_min_variance,2021-12-29,-0.03218027882284197
crypto_min_variance,2021-12-30,0.020163457416324616
crypto_min_variance,2021-12-31,-0.020137266691234727
crypto_min_variance,2022-01-01,0.028925832100376938
crypto_min_variance,2022-01-02,0.005564503303055005
crypto_min_variance,2022-01-03,-0.021070826804305765
crypto_min_variance,2022-01-04,-0.004884569132867499
crypto_min_variance,2022-01-05,-0.05935584173046525
crypto_min_variance,2022-01-06,-0.008334116726096097
crypto_min_variance,2022-01-07,-0.048312632855367035
crypto_min_variance,2022-01-08,-0.01781259994112227
crypto_min_variance,2022-01-09,0.007942991216921753
crypto_min_variance,2022-01-10,-0.02242368833941701
crypto_min_variance,2022-01-11,0.03666810218354573
crypto_min_variance,2022-01-12,0.049630552321014564
crypto_min_variance,2022-01-13,-0.03641922676178446
crypto_min_variance,2022-01-14,0.02326880519534845
crypto_min_variance,2022-01-15,0.006545582616545946
crypto_min_variance,2022-01-16,0.016868315805733575
crypto_min_variance,2022-01-17,0.005270020667842031
crypto_min_variance,2022-01-18,-0.02509266980323779
crypto_min_variance,2022-01-19,-0.025348913650803325
crypto_min_variance,2022-01-20,-0.03371423476191902
crypto_min_variance,2022-01-21,-0.11872020373297901
crypto_min_variance,2022-01-22,-0.053111648158947936
crypto_min_variance,2022-01-23,0.04172669018293276
crypto_min_variance,2022-01-24,-0.02452326998438976
crypto_min_variance,2022-01-25,0.002724153929531349
crypto_min_variance,2022-01-26,0.00690259587998311
crypto_min_variance,2022-01-27,-0.009149394071366695
crypto_min_variance,2022-01-28,0.026190104373694026
crypto_min_variance,2022-01-29,0.017585009729783527
crypto_min_variance,2022-01-30,-0.00990419421842277
crypto_min_variance,2022-01-31,0.019109449746463662
crypto_min_variance,2022-02-01,0.023225701611600987
crypto_min_variance,2022-02-02,-0.043931033925813406
crypto_min_variance,2022-02-03,0.008182929558993258
crypto_min_variance,2022-02-04,0.1002457563639703
crypto_min_variance,2022-02-05,0.005116236037272763
crypto_min_variance,2022-02-06,0.02342742645752985
crypto_min_variance,2022-02-07,0.0404579023647881
crypto_min_variance,2022-02-08,-0.0016677514426460826
crypto_min_variance,2022-02-09,0.015858903568269016
crypto_min_variance,2022-02-10,-0.03198494417189189
crypto_min_variance,2022-02-11,-0.0494649968317623
crypto_min_variance,2022-02-12,-0.004220396723551532
crypto_min_variance,2022-02-13,-0.008977845728236594
crypto_min_variance,2022-02-14,0.007994676007829474
crypto_min_variance,2022-02-15,0.05884914198774738
crypto_min_variance,2022-02-16,-0.014774024355167642
crypto_min_variance,2022-02-17,-0.07441655385300745
crypto_min_variance,2022-02-18,-0.017869419974988417
crypto_min_variance,2022-02-19,0.0011321992689401505
crypto_min_variance,2022-02-20,-0.04709625314123897
crypto_min_variance,2022-02-21,-0.04607093420712393
crypto_min_variance,2022-02-22,0.033386751342748676
crypto_min_variance,2022-02-23,-0.022087876793884638
crypto_min_variance,2022-02-24,0.006274944385541042
crypto_min_variance,2022-02-25,0.04067087638421263
crypto_min_variance,2022-02-26,0.000357767131303088
crypto_min_variance,2022-02-27,-0.044769600670730936
crypto_min_variance,2022-02-28,0.11633121804806791
crypto_min_variance,2022-03-01,0.015646037166690066
crypto_min_variance,2022-03-02,-0.01353417336931114
crypto_min_variance,2022-03-03,-0.03461209784935032
crypto_min_variance,2022-03-04,-0.06871079068947408
crypto_min_variance,2022-03-05,0.019109311891255382
crypto_min_variance,2022-03-06,-0.03537609099364377
crypto_min_variance,2022-03-07,-0.017529957724440704
crypto_min_variance,2022-03-08,0.020813275658360452
crypto_min_variance,2022-03-09,0.06498312277082612
crypto_min_variance,2022-03-10,-0.04838452134783554
crypto_min_variance,2022-03-11,-0.009999817104842369
crypto_min_variance,2022-03-12,0.0025955387786905835
crypto_min_variance,2022-03-13,-0.02031741841746101
crypto_min_variance,2022-03-14,0.029144860048737415
crypto_min_variance,2022-03-15,0.0023225089849193636
crypto_min_variance,2022-03-16,0.044930954916636096
crypto_min_variance,2022-03-17,0.0026497298389972362
crypto_min_variance,2022-03-18,0.027279100506841857
crypto_min_variance,2022-03-19,0.017292917036821256
crypto_min_variance,2022-03-20,-0.02268571600645741
crypto_min_variance,2022-03-21,0.01535054524723615
crypto_min_variance,2022-03-22,0.03316904404936565
crypto_min_variance,2022-03-23,0.03587221375648512
crypto_min_variance,2022-03-24,0.02369409823276475
crypto_min_variance,2022-03-25,-0.006010843772982301
crypto_min_variance,2022-03-26,0.01791020240063172
crypto_min_variance,2022-03-27,0.04736027038968275
crypto_min_variance,2022-03-28,0.004511789894139881
crypto_min_variance,2022-03-29,0.013123343980348893
crypto_min_variance,2022-03-30,0.0022995994248482515
crypto_min_variance,2022-03-31,-0.0281581978787627
crypto_min_variance,2022-04-01,0.027134631148284682
crypto_min_variance,2022-04-02,-0.00836101545206783
crypto_min_variance,2022-04-03,0.015456438637559045
crypto_min_variance,2022-04-04,-0.002094236826171394
crypto_min_variance,2022-04-05,-0.027029038573009298
crypto_min_variance,2022-04-06,-0.07444927596759163
crypto_min_variance,2022-04-07,0.019642939297603364
crypto_min_variance,2022-04-08,-0.030240674259326663
crypto_min_variance,2022-04-09,0.01818795995088996
crypto_min_variance,2022-04-10,-0.015776009779228654
crypto_min_variance,2022-04-11,-0.07491148170672225
crypto_min_variance,2022-04-12,0.022853388922033948
crypto_min_variance,2022-04-13,0.025692089951871458
crypto_min_variance,2022-04-14,-0.030554869454314206
crypto_min_variance,2022-04-15,0.018610357436649547
crypto_min_variance,2022-04-16,0.001315356160053066
crypto_min_variance,2022-04-17,-0.025209272178505885
crypto_min_variance,2022-04-18,0.02420784515266703
crypto_min_variance,2022-04-19,0.017749565433978723
crypto_min_variance,2022-04-20,-0.0092383127609027
crypto_min_variance,2022-04-21,0.0055062783318549895
crypto_min_variance,2022-04-22,-0.02105980187665133
crypto_min_variance,2022-04-23,-0.006524562514157226
crypto_min_variance,2022-04-24,-0.00798128085434295
crypto_min_variance,2022-04-25,0.01827764882177869
crypto_min_variance,2022-04-26,-0.06324948759185557
crypto_min_variance,2022-04-27,0.025016432000101143
crypto_min_variance,2022-04-28,0.011618940963801089
crypto_min_variance,2022-04-29,-0.03148291998404341
crypto_min_variance,2022-04-30,-0.030612882819264185
crypto_min_variance,2022-05-01,0.05901386972970529
crypto_min_variance,2022-05-02,-0.006632362548486805
crypto_min_variance,2022-05-03,0.00011293470278616219
crypto_min_variance,2022-05-04,0.10132441881886065
crypto_min_variance,2022-05-05,-0.09287983365511207
crypto_min_variance,2022-05-06,0.034561791744748174
crypto_min_variance,2022-05-07,-0.02350824640193869
crypto_min_variance,2022-05-08,-0.014241080700407095
crypto_min_variance,2022-05-09,-0.12889026874257165
crypto_min_variance,2022-05-10,0.038822787163968524
crypto_min_variance,2022-05-11,-0.08336268247511118
crypto_min_variance,2022-05-12,-0.04838993438403699
crypto_min_variance,2022-05-13,0.05182318245624694
crypto_min_variance,2022-05-14,0.01203959111161685
crypto_min_variance,2022-05-15,0.03288793127698147
crypto_min_variance,2022-05-16,-0.051355687135679576
crypto_min_variance,2022-05-17,0.03376946632389204
crypto_min_variance,2022-05-18,-0.058961807486062535
crypto_min_variance,2022-05-19,0.046664760197505435
crypto_min_variance,2022-05-20,-0.03148963293166027
crypto_min_variance,2022-05-21,0.01840485509559813
crypto_min_variance,2022-05-22,0.039106374668979656
crypto_min_variance,2022-05-23,-0.03528562866488853
crypto_min_variance,2022-05-24,0.02607901027707496
crypto_min_variance,2022-05-25,0.0074708169644273365
crypto_min_variance,2022-05-26,-0.03882754437090353
crypto_min_variance,2022-05-27,-0.030667534830816356
crypto_min_variance,2022-05-28,0.012228626860500899
crypto_min_variance,2022-05-29,0.01899876094127588
crypto_min_variance,2022-05-30,0.07896377778472097
crypto_min_variance,2022-05-31,0.004404231795680204
crypto_min_variance,2022-06-01,-0.05242526144274475
crypto_min_variance,2022-06-02,0.013211085365406395
crypto_min_variance,2022-06-03,-0.03083623161077326
crypto_min_variance,2022-06-04,0.008083335205847086
crypto_min_variance,2022-06-05,-0.003919028729161261
crypto_min_variance,2022-06-06,0.02914174135163882
crypto_min_variance,2022-06-07,-0.010659300074601153
crypto_min_variance,2022-06-08,-0.021778149597735236
crypto_min_variance,2022-06-09,-0.0019746676880096027
crypto_min_variance,2022-06-10,-0.04255573608493376
crypto_min_variance,2022-06-11,-0.050070306294750365
crypto_min_variance,2022-06-12,-0.04096719940876714
crypto_min_variance,2022-06-13,-0.1589149773763347
crypto_min_variance,2022-06-14,-0.035542444998506555
crypto_min_variance,2022-06-15,0.04465784421010873
crypto_min_variance,2022-06-16,-0.10561396818225001
crypto_min_variance,2022-06-17,0.029106651831983812
crypto_min_variance,2022-06-18,-0.04512079685694514
crypto_min_variance,2022-06-19,0.06651525104723532
crypto_min_variance,2022-06-20,-0.002683328585314868
crypto_min_variance,2022-06-21,0.016557859375516116
crypto_min_variance,2022-06-22,-0.04263012185871854
crypto_min_variance,2022-06-23,0.045800396408726414
crypto_min_variance,2022-06-24,0.02657487521891795
crypto_min_variance,2022-06-25,0.004534430257846555
crypto_min_variance,2022-06-26,-0.018828724584663496
crypto_min_variance,2022-06-27,0.000235244767637124
crypto_min_variance,2022-06-28,-0.03489216746783096
crypto_min_variance,2022-06-29,-0.015143681583949567
crypto_min_variance,2022-06-30,-0.01531920540730238
crypto_min_variance,2022-07-01,-0.012222392894398755
crypto_min_variance,2022-07-02,0.009848230544573129
crypto_min_variance,2022-07-03,0.007294120409665519
crypto_min_variance,2022-07-04,0.03525738338184687
crypto_min_variance,2022-07-05,-0.006880526454729542
crypto_min_variance,2022-07-06,0.013587751739928069
crypto_min_variance,2022-07-07,0.03930177090471605
crypto_min_variance,2022-07-08,-0.003892052880604548
crypto_min_variance,2022-07-09,0.005831509385873731
crypto_min_variance,2022-07-10,-0.03620273941126972
crypto_min_variance,2022-07-11,-0.05194615415169204
crypto_min_variance,2022-07-12,-0.02176841588506897
crypto_min_variance,2022-07-13,0.04401504073848992
crypto_min_variance,2022-07-14,0.02038964137208436
crypto_min_variance,2022-07-15,0.016090620929622965
crypto_min_variance,2022-07-16,0.03516042265533101
crypto_min_variance,2022-07-17,-0.013017713732937634
crypto_min_variance,2022-07-18,0.0816154940329183
crypto_min_variance,2022-07-19,0.022397563470181372
crypto_min_variance,2022-07-20,-0.024053931430428253
crypto_min_variance,2022-07-21,0.00903152283603085
crypto_min_variance,2022-07-22,-0.013617727183785427
crypto_min_variance,2022-07-23,-0.004046675878997817
crypto_min_variance,2022-07-24,0.02336234028387794
crypto_min_variance,2022-07-25,-0.06768557044476682
crypto_min_variance,2022-07-26,0.0034658793786516927
crypto_min_variance,2022-07-27,0.07633415201485623
crypto_min_variance,2022-07-28,0.0714801624177751
crypto_min_variance,2022-07-29,-0.00543373520285619
crypto_min_variance,2022-07-30,-0.013709986096723635
crypto_min_variance,2022-07-31,-0.014115517218324469
crypto_min_variance,2022-08-01,-0.0004536790883597498
crypto_min_variance,2022-08-02,-0.01915002617336782
crypto_min_variance,2022-08-03,-0.005641962381939172
crypto_min_variance,2022-08-04,0.0016138056676502826
crypto_min_variance,2022-08-05,0.03220001989675346
crypto_min_variance,2022-08-06,-0.006366534282833598
crypto_min_variance,2022-08-07,0.0049255910874900855
crypto_min_variance,2022-08-08,0.022637020243207732
crypto_min_variance,2022-08-09,-0.035112297755416536
crypto_min_variance,2022-08-10,0.04043697237795823
crypto_min_variance,2022-08-11,0.0025566769068236647
crypto_min_variance,2022-08-12,0.011241344796641737
crypto_min_variance,2022-08-13,0.00041017405947111826
crypto_min_variance,2022-08-14,-0.007330296103404903
crypto_min_variance,2022-08-15,-0.01394910010244982
crypto_min_variance,2022-08-16,-0.003010868033558197
crypto_min_variance,2022-08-17,-0.019125233023563035
crypto_min_variance,2022-08-18,-0.013778143762076698
crypto_min_variance,2022-08-19,-0.08736007644485166
crypto_min_variance,2022-08-20,0.011017982544456842
crypto_min_variance,2022-08-21,0.017781262089677483
crypto_min_variance,2022-08-22,-0.0004493481895780655
crypto_min_variance,2022-08-23,0.021661510991926876
crypto_min_variance,2022-08-24,-0.012213626752010334
crypto_min_variance,2022-08-25,0.009250070589795609
crypto_min_variance,2022-08-26,-0.0713996647116123
crypto_min_variance,2022-08-27,0.0011952475903089514
crypto_min_variance,2022-08-28,-0.02448611094243451
crypto_min_variance,2022-08-29,0.041532493078997215
crypto_min_variance,2022-08-30,-0.0130826225659175
crypto_min_variance,2022-08-31,0.0025251449963041924
crypto_min_variance,2022-09-01,0.005837641133301851
crypto_min_variance,2022-09-02,-0.007525485184093798
crypto_min_variance,2022-09-03,0.0009915913182457431
crypto_min_variance,2022-09-04,0.006772116917882374
crypto_min_variance,2022-09-05,-0.00047670409747141906
crypto_min_variance,2022-09-06,-0.04502141207202791
crypto_min_variance,2022-09-07,0.03045976308716453
crypto_min_variance,2022-09-08,0.006420213070602402
crypto_min_variance,2022-09-09,0.06601680772620609
crypto_min_variance,2022-09-10,0.01072360076344324
crypto_min_variance,2022-09-11,-0.005058895586437423
crypto_min_variance,2022-09-12,0.008621898491987499
crypto_min_variance,2022-09-13,-0.07015501833704663
crypto_min_variance,2022-09-14,0.008739326454186722
crypto_min_variance,2022-09-15,-0.02489710823466048
crypto_min_variance,2022-09-16,0.028623197722134286
crypto_min_variance,2022-09-17,0.030514007426166626
crypto_min_variance,2022-09-18,-0.04046259210175827
crypto_min_variance,2022-09-19,0.02225104138144249
crypto_min_variance,2022-09-20,0.008841762414967189
crypto_min_variance,2022-09-21,-0.02572534474457491
crypto_min_variance,2022-09-22,0.08656688430035356
crypto_min_variance,2022-09-23,0.012419723600087501
crypto_min_variance,2022-09-24,-0.021786799815663532
crypto_min_variance,2022-09-25,-0.00443840380796308
crypto_min_variance,2022-09-26,-0.0069867976435442364
crypto_min_variance,2022-09-27,-0.01567294403168599
crypto_min_variance,2022-09-28,0.005373112531505029
crypto_min_variance,2022-09-29,0.03483578958338002
crypto_min_variance,2022-09-30,-0.003491411766579297
crypto_min_variance,2022-10-01,-0.0007425594753919052
crypto_min_variance,2022-10-02,-0.017462529345817778
crypto_min_variance,2022-10-03,0.01806682168200656
crypto_min_variance,2022-10-04,0.028115525591618926
crypto_min_variance,2022-10-05,0.001537848351029976
crypto_min_variance,2022-10-06,-0.0013140555378352973
crypto_min_variance,2022-10-07,0.0034390043459536345
crypto_min_variance,2022-10-08,-0.000950600894044165
crypto_min_variance,2022-10-09,0.011006844591123926
crypto_min_variance,2022-10-10,-0.02379107411046237
crypto_min_variance,2022-10-11,-0.019798305205438627
crypto_min_variance,2022-10-12,0.004795757736308447
crypto_min_variance,2022-10-13,-0.009186261881288595
crypto_min_variance,2022-10-14,0.01436848797611761
crypto_min_variance,2022-10-15,-0.015576440468963712
crypto_min_variance,2022-10-16,0.005301908333445498
crypto_min_variance,2022-10-17,0.011321980740545922
crypto_min_variance,2022-10-18,-0.014533463398263252
crypto_min_variance,2022-10-19,-0.014578850429662001
crypto_min_variance,2022-10-20,-0.0012133821824038202
crypto_min_variance,2022-10-21,0.006292089421331935
crypto_min_variance,2022-10-22,0.003872514480281156
crypto_min_variance,2022-10-23,0.011510314940096153
crypto_min_variance,2022-10-24,-0.015645919376878835
crypto_min_variance,2022-10-25,0.027612664733144235
crypto_min_variance,2022-10-26,0.023443571347018903
crypto_min_variance,2022-10-27,-0.016660932554180496
crypto_min_variance,2022-10-28,0.01603735096092887
crypto_min_variance,2022-10-29,0.008703676737217989
crypto_min_variance,2022-10-30,-0.016346828003547656
crypto_min_variance,2022-10-31,0.0009733751947511061
crypto_min_variance,2022-11-01,-0.005662855285785812
crypto_min_variance,2022-11-02,-0.019927295644748697
crypto_min_variance,2022-11-03,0.006322003891932414
crypto_min_variance,2022-11-04,0.05561691785349149
crypto_min_variance,2022-11-05,-0.005657017681480998
crypto_min_variance,2022-11-06,-0.026520937862122174
crypto_min_variance,2022-11-07,-0.006703213474182482
crypto_min_variance,2022-11-08,-0.09194332779987185
crypto_min_variance,2022-11-09,-0.13583942323769738
crypto_min_variance,2022-11-10,0.12598494469654364
crypto_min_variance,2022-11-11,-0.02739405556009889
crypto_min_variance,2022-11-12,-0.02623223471735191
crypto_min_variance,2022-11-13,-0.04636340899865747
crypto_min_variance,2022-11-14,0.02388154883311816
crypto_min_variance,2022-11-15,0.01573183235263971
crypto_min_variance,2022-11-16,-0.01634715390281036
crypto_min_variance,2022-11-17,0.0025266895159588654
crypto_min_variance,2022-11-18,0.002222769547699973
crypto_min_variance,2022-11-19,0.01221126929458678
crypto_min_variance,2022-11-20,-0.03686427946651958
crypto_min_variance,2022-11-21,-0.0061372572806333014
crypto_min_variance,2022-11-22,0.016903179983303124
crypto_min_variance,2022-11-23,0.02310977507158377
crypto_min_variance,2022-11-24,0.017867409018104873
crypto_min_variance,2022-11-25,-0.0013605503895990642
crypto_min_variance,2022-11-26,-0.009311648788543014
crypto_min_variance,2022-11-27,0.006246340101538887
crypto_min_variance,2022-11-28,-0.014564064240862288
crypto_min_variance,2022-11-29,0.012400946199379873
crypto_min_variance,2022-11-30,0.02805446857041807
crypto_min_variance,2022-12-01,-0.016661955354765362
crypto_min_variance,2022-12-02,0.006785904309121526
crypto_min_variance,2022-12-03,-0.015103406255227554
crypto_min_variance,2022-12-04,0.00692300280577742
crypto_min_variance,2022-12-05,-0.0055801494518654265
crypto_min_variance,2022-12-06,0.004098539265088577
crypto_min_variance,2022-12-07,-0.016286027362556486
crypto_min_variance,2022-12-08,0.022553896079936377
crypto_min_variance,2022-12-09,-0.0049153839322382655
crypto_min_variance,2022-12-10,-0.00020487121229201478
crypto_min_variance,2022-12-11,-0.012150021530743068
crypto_min_variance,2022-12-12,0.001013749837383363
crypto_min_variance,2022-12-13,0.019715500460934607
crypto_min_variance,2022-12-14,0.0025069847434672317
crypto_min_variance,2022-12-15,-0.013372911028237665
crypto_min_variance,2022-12-16,-0.05936243410140612
crypto_min_variance,2022-12-17,0.021034639630013875
crypto_min_variance,2022-12-18,-0.005945501231220595
crypto_min_variance,2022-12-19,-0.02197077992636475
crypto_min_variance,2022-12-20,0.02973301327096256
crypto_min_variance,2022-12-21,-0.0072368152690466935
crypto_min_variance,2022-12-22,0.007751971028045228
crypto_min_variance,2022-12-23,-0.0073483267025404985
crypto_min_variance,2022-12-24,0.00025521677451485986
crypto_min_variance,2022-12-25,-0.0027755470181556477
crypto_min_variance,2022-12-26,0.009514025308241771
crypto_min_variance,2022-12-27,-0.010785004977695228
crypto_min_variance,2022-12-28,-0.014619471854318779
crypto_min_variance,2022-12-29,-0.0013397606675821
crypto_min_variance,2022-12-30,0.0005455955104585368
crypto_min_variance,2022-12-31,-0.004378143264818366
crypto_min_variance,2023-01-01,0.008829746410719248
crypto_min_variance,2023-01-02,0.01040587922401892
crypto_min_variance,2023-01-03,-0.0020395331444674116
crypto_min_variance,2023-01-04,0.005273304173527328
crypto_min_variance,2023-01-05,-0.010838167076045116
crypto_min_variance,2023-01-06,0.005079376436071074
crypto_min_variance,2023-01-07,-0.0003077758939296973
crypto_min_variance,2023-01-08,0.02046528396970094
crypto_min_variance,2023-01-09,0.01860208232637902
crypto_min_variance,2023-01-10,0.005898600134999015
crypto_min_variance,2023-01-11,0.027312909474672308
crypto_min_variance,2023-01-12,0.027967177612247717
crypto_min_variance,2023-01-13,0.04632658548391865
crypto_min_variance,2023-01-14,0.0364409946413972
crypto_min_variance,2023-01-15,0.002570727469137497
crypto_min_variance,2023-01-16,0.0028943708500304643
crypto_min_variance,2023-01-17,-0.009007692990267628
crypto_min_variance,2023-01-18,-0.036104826102581616
crypto_min_variance,2023-01-19,0.02051835554049456
crypto_min_variance,2023-01-20,0.05706725449607297
crypto_min_variance,2023-01-21,0.0011161015129171024
crypto_min_variance,2023-01-22,0.0013642150723452825
crypto_min_variance,2023-01-23,0.023681735418159405
crypto_min_variance,2023-01-24,-0.03286929027312986
crypto_min_variance,2023-01-25,0.023801379812855617
crypto_min_variance,2023-01-26,-0.0019517554249677438
crypto_min_variance,2023-01-27,0.011976556829691207
crypto_min_variance,2023-01-28,-0.0037585356970488396
crypto_min_variance,2023-01-29,0.021354216903198737
crypto_min_variance,2023-01-30,-0.03764477337936937
crypto_min_variance,2023-01-31,0.008500744111498672
crypto_min_variance,2023-02-01,0.0196947147216531
crypto_min_variance,2023-02-02,-0.0025685833726273996
crypto_min_variance,2023-02-03,0.006130475804825533
crypto_min_variance,2023-02-04,-0.0020576701757761147
crypto_min_variance,2023-02-05,-0.012966918499437421
crypto_min_variance,2023-02-06,-0.015693520887277754
crypto_min_variance,2023-02-07,0.03289965503838994
crypto_min_variance,2023-02-08,-0.005498902268586726
crypto_min_variance,2023-02-09,-0.055803724748711946
crypto_min_variance,2023-02-10,0.0006022439084177508
crypto_min_variance,2023-02-11,0.007558272265417408
crypto_min_variance,2023-02-12,-0.006816517916070043
crypto_min_variance,2023-02-13,0.009237885348238835
crypto_min_variance,2023-02-14,0.01626066542163673
crypto_min_variance,2023-02-15,0.06734327311775248
crypto_min_variance,2023-02-16,-0.04157668355155705
crypto_min_variance,2023-02-17,0.04582278839845772
crypto_min_variance,2023-02-18,0.005971453574327638
crypto_min_variance,2023-02-19,-0.00825098141939518
crypto_min_variance,2023-02-20,0.03118724571168915
crypto_min_variance,2023-02-21,-0.013860598400032752
crypto_min_variance,2023-02-22,-0.012471495646031915
crypto_min_variance,2023-02-23,-0.008845891168425149
crypto_min_variance,2023-02-24,-0.0272907540581442
crypto_min_variance,2023-02-25,-0.0036427521946993564
crypto_min_variance,2023-02-26,0.017412925567494828
crypto_min_variance,2023-02-27,-0.003559836009019608
crypto_min_variance,2023-02-28,-0.013013536116791803
crypto_min_variance,2023-03-01,0.016013298540490918
crypto_min_variance,2023-03-02,-0.0072666250780581325
crypto_min_variance,2023-03-03,-0.032875848723260305
crypto_min_variance,2023-03-04,-0.010329556445058457
crypto_min_variance,2023-03-05,-0.0004945333080210031
crypto_min_variance,2023-03-06,0.003555551738132901
crypto_min_variance,2023-03-07,-0.009126061270023786
crypto_min_variance,2023-03-08,-0.015167979767857501
crypto_min_variance,2023-03-09,-0.07215034899903909
crypto_min_variance,2023-03-10,-0.004455013599548129
crypto_min_variance,2023-03-11,0.020630782280713567
crypto_min_variance,2023-03-12,0.06725033976008296
crypto_min_variance,2023-03-13,0.047466224302725846
crypto_min_variance,2023-03-14,0.02048661932979048
crypto_min_variance,2023-03-15,-0.03279400879960968
crypto_min_variance,2023-03-16,0.013532130381082025
crypto_min_variance,2023-03-17,0.05685090845043582
crypto_min_variance,2023-03-18,-0.024037540669098616
crypto_min_variance,2023-03-19,0.027739239236892532
crypto_min_variance,2023-03-20,-0.019474101624179608
crypto_min_variance,2023-03-21,0.06636079739804988
crypto_min_variance,2023-03-22,-0.06699842539155183
crypto_min_variance,2023-03-23,0.04859356707817673
crypto_min_variance,2023-03-24,-0.032843774380196006
crypto_min_variance,2023-03-25,0.01053718863958545
crypto_min_variance,2023-03-26,0.012399330924434107
crypto_min_variance,2023-03-27,-0.0070286687630648145
crypto_min_variance,2023-03-28,0.02559298318371475
crypto_min_variance,2023-03-29,0.02947214715077715
crypto_min_variance,2023-03-30,0.009342907170248374
crypto_min_variance,2023-03-31,0.025649854054394433
crypto_min_variance,2023-04-01,-0.006477866998707586
crypto_min_variance,2023-04-02,-0.013231063650521136
crypto_min_variance,2023-04-03,-0.0005667461861468795
crypto_min_variance,2023-04-04,0.002363896405920123
crypto_min_variance,2023-04-05,0.004940620988995411
crypto_min_variance,2023-04-06,-0.006656089785841413
crypto_min_variance,2023-04-07,0.0005433657536252222
crypto_min_variance,2023-04-08,-0.006266823487274852
crypto_min_variance,2023-04-09,0.008504315099998877
crypto_min_variance,2023-04-10,0.02198262779102269
crypto_min_variance,2023-04-11,0.0008964784818124913
crypto_min_variance,2023-04-12,-0.010009795659505324
crypto_min_variance,2023-04-13,0.008137608924966145
crypto_min_variance,2023-04-14,0.011261803847189071
crypto_min_variance,2023-04-15,-0.0040630787626357015
crypto_min_variance,2023-04-16,0.006200757013794205
crypto_min_variance,2023-04-17,-0.023502404742049846
crypto_min_variance,2023-04-18,0.020944784597655097
crypto_min_variance,2023-04-19,-0.04951307931251708
crypto_min_variance,2023-04-20,-0.015739717604825402
crypto_min_variance,2023-04-21,-0.02456663337234053
crypto_min_variance,2023-04-22,0.022039265971344264
crypto_min_variance,2023-04-23,-0.004469952698700722
crypto_min_variance,2023-04-24,-0.006829830130153895
crypto_min_variance,2023-04-25,0.013259083104433448
crypto_min_variance,2023-04-26,-0.008342028152999783
crypto_min_variance,2023-04-27,0.0167797958642881
crypto_min_variance,2023-04-28,0.0052343922174000745
crypto_min_variance,2023-04-29,0.0091480222756802
crypto_min_variance,2023-04-30,-0.007814639012900937
crypto_min_variance,2023-05-01,-0.014399204200108257
crypto_min_variance,2023-05-02,0.014127995994031592
crypto_min_variance,2023-05-03,0.004124655323802859
crypto_min_variance,2023-05-04,-0.0030816793407157494
crypto_min_variance,2023-05-05,0.018944485450709408
crypto_min_variance,2023-05-06,-0.01733775989174262
crypto_min_variance,2023-05-07,-0.0115273838480405
crypto_min_variance,2023-05-08,-0.024523049849741484
crypto_min_variance,2023-05-09,0.009095283690938346
crypto_min_variance,2023-05-10,-0.0029953424680071823
crypto_min_variance,2023-05-11,-0.015010806422033254
crypto_min_variance,2023-05-12,0.004077796415606584
crypto_min_variance,2023-05-13,-0.003171815938836619
crypto_min_variance,2023-05-14,0.004731915582048433
crypto_min_variance,2023-05-15,0.0051291261259339745
crypto_min_variance,2023-05-16,-3.435818715137487e-05
crypto_min_variance,2023-05-17,0.009508166692737402
crypto_min_variance,2023-05-18,-0.010348988220548775
crypto_min_variance,2023-05-19,0.004255771442930828
crypto_min_variance,2023-05-20,0.010636525471218334
crypto_min_variance,2023-05-21,0.0018722387410121074
crypto_min_variance,2023-05-22,0.01352331951182825
crypto_min_variance,2023-05-23,0.006182455749239144
crypto_min_variance,2023-05-24,-0.0243598728318405
crypto_min_variance,2023-05-25,0.0028937031280301994
crypto_min_variance,2023-05-26,0.0018950186034216202
crypto_min_variance,2023-05-27,0.010089496427159027
crypto_min_variance,2023-05-28,0.01876034228515783
crypto_min_variance,2023-05-29,-0.0072662130367868345
crypto_min_variance,2023-05-30,0.005903324351168573
crypto_min_variance,2023-05-31,-0.004675231500733702
crypto_min_variance,2023-06-01,-0.010964204673827357
crypto_min_variance,2023-06-02,0.04189544773111665
crypto_min_variance,2023-06-03,-0.005489747021615171
crypto_min_variance,2023-06-04,-0.0022417065336605676
crypto_min_variance,2023-06-05,-0.04404429576836314
crypto_min_variance,2023-06-06,0.02724958832950475
crypto_min_variance,2023-06-07,-0.026672544673053373
crypto_min_variance,2023-06-08,0.004470279987902427
crypto_min_variance,2023-06-09,-0.01601452853301636
crypto_min_variance,2023-06-10,-0.04725045660683181
crypto_min_variance,2023-06-11,0.007776277896239245
crypto_min_variance,2023-06-12,0.001821190438816737
crypto_min_variance,2023-06-13,0.003070453701183581
crypto_min_variance,2023-06-14,-0.029622006110020846
crypto_min_variance,2023-06-15,-0.0038610483107090797
crypto_min_variance,2023-06-16,0.013319543346236454
crypto_min_variance,2023-06-17,0.015239887366296289
crypto_min_variance,2023-06-18,-0.008483597364961236
crypto_min_variance,2023-06-19,0.007147738862324616
crypto_min_variance,2023-06-20,0.03266414927389758
crypto_min_variance,2023-06-21,0.0549040231925706
crypto_min_variance,2023-06-22,-0.004011119322209504
crypto_min_variance,2023-06-23,0.04350868542863242
crypto_min_variance,2023-06-24,0.007186436205814419
crypto_min_variance,2023-06-25,0.0021559599004731763
crypto_min_variance,2023-06-26,0.008740935401695606
crypto_min_variance,2023-06-27,0.04149299577135629
crypto_min_variance,2023-06-28,-0.01716037019729666
crypto_min_variance,2023-06-29,0.020112547036192377
crypto_min_variance,2023-06-30,0.04902569982851787
crypto_min_variance,2023-07-01,-0.0037191992064631884
crypto_min_variance,2023-07-02,-0.0020440985478077135
crypto_min_variance,2023-07-03,0.005441334816439948
crypto_min_variance,2023-07-04,-0.012276276564421675
crypto_min_variance,2023-07-05,-0.012898408082653951
crypto_min_variance,2023-07-06,-0.02304568118051637
crypto_min_variance,2023-07-07,0.01603379044854838
crypto_min_variance,2023-07-08,0.012000224562595193
crypto_min_variance,2023-07-09,-0.013676526544997698
crypto_min_variance,2023-07-10,0.006975890825892345
crypto_min_variance,2023-07-11,-0.002587313366853933
crypto_min_variance,2023-07-12,-0.008337283543478553
crypto_min_variance,2023-07-13,0.2510540626750201
crypto_min_variance,2023-07-14,-0.06555638668608897
crypto_min_variance,2023-07-15,-0.01308167068050523
crypto_min_variance,2023-07-16,0.005690602645135209
crypto_min_variance,2023-07-17,-0.007579524108605515
crypto_min_variance,2023-07-18,0.00783906133871697
crypto_min_variance,2023-07-19,0.05838542220284511
crypto_min_variance,2023-07-20,0.012332534435052328
crypto_min_variance,2023-07-21,-0.011682124793417138
crypto_min_variance,2023-07-22,0.0048780196339837075
crypto_min_variance,2023-07-23,0.003351885680182652
crypto_min_variance,2023-07-24,-0.04011397721236441
crypto_min_variance,2023-07-25,0.0013028009868584754
crypto_min_variance,2023-07-26,0.025956902167950054
crypto_min_variance,2023-07-27,0.005372093138219259
crypto_min_variance,2023-07-28,0.012839277579884551
crypto_min_variance,2023-07-29,-0.007731246058765476
crypto_min_variance,2023-07-30,-0.016658043320312337
crypto_min_variance,2023-07-31,-0.021831181711151733
crypto_min_variance,2023-08-01,0.009547573726751779
crypto_min_variance,2023-08-02,-0.02925737443085256
crypto_min_variance,2023-08-03,-0.003660000792570384
crypto_min_variance,2023-08-04,-0.004155036512493549
crypto_min_variance,2023-08-05,0.004596359604611053
crypto_min_variance,2023-08-06,-0.004754105318773713
crypto_min_variance,2023-08-07,0.007892624568452784
crypto_min_variance,2023-08-08,0.011438045691727877
crypto_min_variance,2023-08-09,-0.0033495515971814116
crypto_min_variance,2023-08-10,-0.003736763956580637
crypto_min_variance,2023-08-11,-0.0018564638029070323
crypto_min_variance,2023-08-12,0.0005078188727463455
crypto_min_variance,2023-08-13,-0.0046576257945463145
crypto_min_variance,2023-08-14,0.003055267198159426
crypto_min_variance,2023-08-15,-0.013960477684781833
crypto_min_variance,2023-08-16,-0.0257042947568733
crypto_min_variance,2023-08-17,-0.06385778871194427
crypto_min_variance,2023-08-18,-0.005502513524042084
crypto_min_variance,2023-08-19,0.009762533975800167
crypto_min_variance,2023-08-20,0.015029947363036379
crypto_min_variance,2023-08-21,-0.009007659151439628
crypto_min_variance,2023-08-22,-0.008024687458254711
crypto_min_variance,2023-08-23,0.02724488071947493
crypto_min_variance,2023-08-24,-0.011381775116002362
crypto_min_variance,2023-08-25,-0.0008011357491852503
crypto_min_variance,2023-08-26,-0.0025139135968178356
crypto_min_variance,2023-08-27,0.006249244896773479
crypto_min_variance,2023-08-28,-0.007902237496989404
crypto_min_variance,2023-08-29,0.05048961735721452
crypto_min_variance,2023-08-30,-0.020208613724487987
crypto_min_variance,2023-08-31,-0.02650161127856398
crypto_min_variance,2023-09-01,-0.009276368390945122
crypto_min_variance,2023-09-02,0.004854618608287279
crypto_min_variance,2023-09-03,0.0023434475872997863
crypto_min_variance,2023-09-04,-0.0012605186778206527
crypto_min_variance,2023-09-05,-0.00029869413539381564
crypto_min_variance,2023-09-06,0.005577631818001689
crypto_min_variance,2023-09-07,0.009516589911029725
crypto_min_variance,2023-09-08,-0.005765923566020579
crypto_min_variance,2023-09-09,0.0004893173701934069
crypto_min_variance,2023-09-10,-0.008037505541241044
crypto_min_variance,2023-09-11,-0.026452000794115804
crypto_min_variance,2023-09-12,0.03218781657804269
crypto_min_variance,2023-09-13,0.009505819661683046
crypto_min_variance,2023-09-14,0.0186661436549466
crypto_min_variance,2023-09-15,0.007091874157098549
crypto_min_variance,2023-09-16,-0.004191554452166659
crypto_min_variance,2023-09-17,-0.005372733191811827
crypto_min_variance,2023-09-18,0.010315660580763775
crypto_min_variance,2023-09-19,0.009050348709174082
crypto_min_variance,2023-09-20,-0.006430922358629464
crypto_min_variance,2023-09-21,-0.02135749199374576
crypto_min_variance,2023-09-22,0.002748775698499798
crypto_min_variance,2023-09-23,0.0012253752578510698
crypto_min_variance,2023-09-24,-0.00772840981480328
crypto_min_variance,2023-09-25,0.007365557893232505
crypto_min_variance,2023-09-26,0.0009056503305147375
crypto_min_variance,2023-09-27,0.00874250239649029
crypto_min_variance,2023-09-28,0.025786447586287526
crypto_min_variance,2023-09-29,0.008785874503073202
crypto_min_variance,2023-09-30,-0.00015828260976499884
crypto_min_variance,2023-10-01,0.030577641239017846
crypto_min_variance,2023-10-02,-0.026935216927456266
crypto_min_variance,2023-10-03,0.007628131232329627
crypto_min_variance,2023-10-04,-0.004506778506995264
crypto_min_variance,2023-10-05,-0.014851709326688757
crypto_min_variance,2023-10-06,0.009332779824363056
crypto_min_variance,2023-10-07,0.0009619317649770486
crypto_min_variance,2023-10-08,-0.0015183714458004616
crypto_min_variance,2023-10-09,-0.02436827537741964
crypto_min_variance,2023-10-10,-0.004954627473071341
crypto_min_variance,2023-10-11,-0.0072924682537884875
crypto_min_variance,2023-10-12,-0.010702117029047789
crypto_min_variance,2023-10-13,0.006980326442888129
crypto_min_variance,2023-10-14,-0.0009649082083323211
crypto_min_variance,2023-10-15,0.010528330379595654
crypto_min_variance,2023-10-16,0.03411029346231811
crypto_min_variance,2023-10-17,-0.011808757230578061
crypto_min_variance,2023-10-18,0.00011028151923985222
crypto_min_variance,2023-10-19,0.008350649961026434
crypto_min_variance,2023-10-20,0.022408020290954962
crypto_min_variance,2023-10-21,0.012039030528942797
crypto_min_variance,2023-10-22,0.003033830783850418
crypto_min_variance,2023-10-23,0.061097916354765615
crypto_min_variance,2023-10-24,0.009892498433011106
crypto_min_variance,2023-10-25,0.00998922194853383
crypto_min_variance,2023-10-26,-0.002947288084853432
crypto_min_variance,2023-10-27,-0.004060923135440961
crypto_min_variance,2023-10-28,0.006982394118158009
crypto_min_variance,2023-10-29,0.009184445617483774
crypto_min_variance,2023-10-30,0.0048624644217994195
crypto_min_variance,2023-10-31,0.008638744211714918
crypto_min_variance,2023-11-01,0.023341975626245667
crypto_min_variance,2023-11-02,-0.015680007181749583
crypto_min_variance,2023-11-03,-0.001479566738055467
crypto_min_variance,2023-11-04,0.009533521189169768
crypto_min_variance,2023-11-05,0.008873287957583144
crypto_min_variance,2023-11-06,0.0025857754131418088
crypto_min_variance,2023-11-07,-0.002919917397876316
crypto_min_variance,2023-11-08,0.009006348673426642
crypto_min_variance,2023-11-09,0.04450371280605131
crypto_min_variance,2023-11-10,0.024276096935631448
crypto_min_variance,2023-11-11,0.0006996886934313099
crypto_min_variance,2023-11-12,-0.00016697765443728484
crypto_min_variance,2023-11-13,-0.008223660480113167
crypto_min_variance,2023-11-14,-0.03552257360674487
crypto_min_variance,2023-11-15,0.04197988087677837
crypto_min_variance,2023-11-16,-0.03588576877638819
crypto_min_variance,2023-11-17,0.007183399592599719
crypto_min_variance,2023-11-18,-0.0014461727585965288
crypto_min_variance,2023-11-19,0.017268502193728198
crypto_min_variance,2023-11-20,-0.006700433676040627
crypto_min_variance,2023-11-21,-0.04694127826817418
crypto_min_variance,2023-11-22,0.05305560972552114
crypto_min_variance,2023-11-23,0.000956751732514761
crypto_min_variance,2023-11-24,0.014914899980412783
crypto_min_variance,2023-11-25,0.014786201747381666
crypto_min_variance,2023-11-26,-0.008615701506543281
crypto_min_variance,2023-11-27,-0.025867411301856286
crypto_min_variance,2023-11-28,0.011245586150709138
crypto_min_variance,2023-11-29,-0.0011293210303798713
crypto_min_variance,2023-11-30,0.0016575024951290295
crypto_min_variance,2023-12-01,0.01332364286791447
crypto_min_variance,2023-12-02,0.01925969363029841
crypto_min_variance,2023-12-03,0.007675406467581886
crypto_min_variance,2023-12-04,0.0277733182613228
crypto_min_variance,2023-12-05,0.022582651706364133
crypto_min_variance,2023-12-06,-0.0073994226672380314
crypto_min_variance,2023-12-07,0.014360355229377751
crypto_min_variance,2023-12-08,0.017022752711979845
crypto_min_variance,2023-12-09,-0.0022378391952540618
crypto_min_variance,2023-12-10,0.0037699262174988924
crypto_min_variance,2023-12-11,-0.05275346473658453
crypto_min_variance,2023-12-12,-0.0012046523241576275
crypto_min_variance,2023-12-13,0.021405535643228845
crypto_min_variance,2023-12-14,0.01438256148373136
crypto_min_variance,2023-12-15,-0.0369974507013934
crypto_min_variance,2023-12-16,0.010222200220666434
crypto_min_variance,2023-12-17,-0.013512609694886551
crypto_min_variance,2023-12-18,0.007263696249078783
crypto_min_variance,2023-12-19,-0.010259777625682847
crypto_min_variance,2023-12-20,0.021911684534105615
crypto_min_variance,2023-12-21,0.016356662014567657
crypto_min_variance,2023-12-22,0.015294215035703782
crypto_min_variance,2023-12-23,-0.00045130036052120536
crypto_min_variance,2023-12-24,-0.01337375637280192
crypto_min_variance,2023-12-25,0.00879729963101155
crypto_min_variance,2023-12-26,-0.023281324912547603
crypto_min_variance,2023-12-27,0.0404911388316212
crypto_min_variance,2023-12-28,-0.010402645936389832
crypto_min_variance,2023-12-29,-0.012023598898259252
crypto_min_variance,2023-12-30,0.003108015473352009
crypto_min_variance,2023-12-31,0.0015109721002283276
crypto_max_sharpe,2021-01-01,-0.006042727134411404
crypto_max_sharpe,2021-01-02,0.046444940499343404
crypto_max_sharpe,2021-01-03,0.1373969039528239
crypto_max_sharpe,2021-01-04,0.0622866563953115
crypto_max_sharpe,2021-01-05,0.09879207673637103
crypto_max_sharpe,2021-01-06,0.21399365079994068
crypto_max_sharpe,2021-01-07,-0.010756962476829978
crypto_max_sharpe,2021-01-08,0.012075213583248373
crypto_max_sharpe,2021-01-09,0.03981980438963599
crypto_max_sharpe,2021-01-10,-0.05125259804272184
crypto_max_sharpe,2021-01-11,-0.09751018434862178
crypto_max_sharpe,2021-01-12,-0.010734400185355398
crypto_max_sharpe,2021-01-13,0.09085747728683528
crypto_max_sharpe,2021-01-14,0.03480969891743399
crypto_max_sharpe,2021-01-15,-0.042998775616960215
crypto_max_sharpe,2021-01-16,0.06248306285426498
crypto_max_sharpe,2021-01-17,0.023212046734535065
crypto_max_sharpe,2021-01-18,0.0070621373342650805
crypto_max_sharpe,2021-01-19,0.020832469849474212
crypto_max_sharpe,2021-01-20,0.0001339249868563688
crypto_max_sharpe,2021-01-21,-0.1627002390490448
crypto_max_sharpe,2021-01-22,0.09710532449862488
crypto_max_sharpe,2021-01-23,-0.013512935832429837
crypto_max_sharpe,2021-01-24,0.049053643555254135
crypto_max_sharpe,2021-01-25,-0.02569115710170662
crypto_max_sharpe,2021-01-26,0.009335230859747344
crypto_max_sharpe,2021-01-27,-0.07840196546624281
crypto_max_sharpe,2021-01-28,0.10267950195773234
crypto_max_sharpe,2021-01-29,0.02145666152151741
crypto_max_sharpe,2021-01-30,0.02083150377219075
crypto_max_sharpe,2021-01-31,-0.04397256639822925
crypto_max_sharpe,2021-02-01,0.06919506160052481
crypto_max_sharpe,2021-02-02,0.07209366574028432
crypto_max_sharpe,2021-02-03,0.05740383518761449
crypto_max_sharpe,2021-02-04,-0.0223393663602405
crypto_max_sharpe,2021-02-05,0.10406954081898409
crypto_max_sharpe,2021-02-06,0.05797346274596894
crypto_max_sharpe,2021-02-07,0.004011231487779619
crypto_max_sharpe,2021-02-08,0.09276963331813447
crypto_max_sharpe,2021-02-09,0.014565701842707737
crypto_max_sharpe,2021-02-10,0.08167715246042707
crypto_max_sharpe,2021-02-11,0.03750468536214215
crypto_max_sharpe,2021-02-12,0.02624735660071227
crypto_max_sharpe,2021-02-13,-0.0062514632403197976
crypto_max_sharpe,2021-02-14,-0.01797345839832546
crypto_max_sharpe,2021-02-15,-0.010168829083953536
crypto_max_sharpe,2021-02-16,0.009633498086549619
crypto_max_sharpe,2021-02-17,0.038320661396301726
crypto_max_sharpe,2021-02-18,0.019226915581744934
crypto_max_sharpe,2021-02-19,0.03592380451371341
crypto_max_sharpe,2021-02-20,0.04861562971354522
crypto_max_sharpe,2021-02-21,0.007148082198654069
crypto_max_sharpe,2021-02-22,-0.049010311030160514
crypto_max_sharpe,2021-02-23,-0.12279511920546053
crypto_max_sharpe,2021-02-24,0.05117979547847257
crypto_max_sharpe,2021-02-25,-0.043678663404421655
crypto_max_sharpe,2021-02-26,0.03758224024432315
crypto_max_sharpe,2021-02-27,0.032925364792358414
crypto_max_sharpe,2021-02-28,-0.028677250534604702
crypto_max_sharpe,2021-03-01,0.06332793970818658
crypto_max_sharpe,2021-03-02,-0.03928318536077764
crypto_max_sharpe,2021-03-03,0.02825246378517016
crypto_max_sharpe,2021-03-04,-0.04538329168996681
crypto_max_sharpe,2021-03-05,0.013249381307586112
crypto_max_sharpe,2021-03-06,0.012865510938723118
crypto_max_sharpe,2021-03-07,0.029366087946944848
crypto_max_sharpe,2021-03-08,0.022305140877271767
crypto_max_sharpe,2021-03-09,0.04465892992453299
crypto_max_sharpe,2021-03-10,-0.02481416082530226
crypto_max_sharpe,2021-03-11,0.010097213359842051
crypto_max_sharpe,2021-03-12,-0.038707386923755555
crypto_max_sharpe,2021-03-13,0.06989485533606288
crypto_max_sharpe,2021-03-14,-0.03656720839973121
crypto_max_sharpe,2021-03-15,-0.03603879261270217
crypto_max_sharpe,2021-03-16,0.0709170363208135
crypto_max_sharpe,2021-03-17,0.04875245696872148
crypto_max_sharpe,2021-03-18,-0.04396455549873911
crypto_max_sharpe,2021-03-19,0.023756820755452976
crypto_max_sharpe,2021-03-20,-0.017934862273894975
crypto_max_sharpe,2021-03-21,-0.015515208401739648
crypto_max_sharpe,2021-03-22,-0.05372037628420627
crypto_max_sharpe,2021-03-23,0.002992058076300588
crypto_max_sharpe,2021-03-24,-0.04646526351997856
crypto_max_sharpe,2021-03-25,0.0009080663484419793
crypto_max_sharpe,2021-03-26,0.07659982734997946
crypto_max_sharpe,2021-03-27,-0.003087259609792572
crypto_max_sharpe,2021-03-28,0.0032830455916178307
crypto_max_sharpe,2021-03-29,0.0371252405697889
crypto_max_sharpe,2021-03-30,0.01251517402157429
crypto_max_sharpe,2021-03-31,0.007874431886285733
crypto_max_sharpe,2021-04-01,-0.00099582684717332
crypto_max_sharpe,2021-04-02,0.035623728639701584
crypto_max_sharpe,2021-04-03,-0.015177054959930098
crypto_max_sharpe,2021-04-04,0.05513945053120255
crypto_max_sharpe,2021-04-05,0.01681484976284446
crypto_max_sharpe,2021-04-06,-0.005100257607740672
crypto_max_sharpe,2021-04-07,-0.06392616921491252
crypto_max_sharpe,2021-04-08,0.054916131703529894
crypto_max_sharpe,2021-04-09,-0.014217865995297861
crypto_max_sharpe,2021-04-10,0.031615374422807804
crypto_max_sharpe,2021-04-11,0.012691928981274464
crypto_max_sharpe,2021-04-12,0.015264381385562645
crypto_max_sharpe,2021-04-13,0.0777124747034675
crypto_max_sharpe,2021-04-14,0.017936812473791076
crypto_max_sharpe,2021-04-15,0.03845152592875413
crypto_max_sharpe,2021-04-16,-0.03261451840158365
crypto_max_sharpe,2021-04-17,-0.024487479929964282
crypto_max_sharpe,2021-04-18,-0.07042354844125796
crypto_max_sharpe,2021-04-19,-0.04119250343665883
crypto_max_sharpe,2021-04-20,0.04403465496099449
crypto_max_sharpe,2021-04-21,-0.03381102341425003
crypto_max_sharpe,2021-04-22,-0.03659686773006597
crypto_max_sharpe,2021-04-23,-0.007364744724896385
crypto_max_sharpe,2021-04-24,-0.04509427079837804
crypto_max_sharpe,2021-04-25,0.0010657015471696677
crypto_max_sharpe,2021-04-26,0.11692604043826912
crypto_max_sharpe,2021-04-27,0.04653946714472291
crypto_max_sharpe,2021-04-28,0.01045194799160468
crypto_max_sharpe,2021-04-29,-0.01370178920376266
crypto_max_sharpe,2021-04-30,0.04743995853613335
crypto_max_sharpe,2021-05-01,0.017750104463067944
crypto_max_sharpe,2021-05-02,-0.016401560932621382
crypto_max_sharpe,2021-05-03,0.05603665330928979
crypto_max_sharpe,2021-05-04,-0.06661140118324255
crypto_max_sharpe,2021-05-05,0.12031387274320685
crypto_max_sharpe,2021-05-06,0.030790330104180606
crypto_max_sharpe,2021-05-07,0.002212147633254155
crypto_max_sharpe,2021-05-08,0.029323220219826304
crypto_max_sharpe,2021-05-09,0.025848349223490816
crypto_max_sharpe,2021-05-10,-0.04657617438767159
crypto_max_sharpe,2021-05-11,0.05205704637543302
crypto_max_sharpe,2021-05-12,-0.12049936979589129
crypto_max_sharpe,2021-05-13,0.07844655413385718
crypto_max_sharpe,2021-05-14,0.04162694887660216
crypto_max_sharpe,2021-05-15,-0.021967783815851457
crypto_max_sharpe,2021-05-16,0.011110561826295924
crypto_max_sharpe,2021-05-17,-0.08077775550595398
crypto_max_sharpe,2021-05-18,0.005031458566452561
crypto_max_sharpe,2021-05-19,-0.23497069077413035
crypto_max_sharpe,2021-05-20,0.14831658601945233
crypto_max_sharpe,2021-05-21,-0.12057460698306473
crypto_max_sharpe,2021-05-22,-0.03743717971947953
crypto_max_sharpe,2021-05-23,-0.09213907543336448
crypto_max_sharpe,2021-05-24,0.18198717704498685
crypto_max_sharpe,2021-05-25,0.004909547663105344
crypto_max_sharpe,2021-05-26,0.07824916015387016
crypto_max_sharpe,2021-05-27,-0.05070797358715898
crypto_max_sharpe,2021-05-28,-0.08761710443216066
crypto_max_sharpe,2021-05-29,-0.05298218399132156
crypto_max_sharpe,2021-05-30,0.06692976369543716
crypto_max_sharpe,2021-05-31,0.0942876203233299
crypto_max_sharpe,2021-06-01,-0.02041432864971021
crypto_max_sharpe,2021-06-02,0.01850299671336083
crypto_max_sharpe,2021-06-03,0.04476415264514419
crypto_max_sharpe,2021-06-04,-0.06439795906734021
crypto_max_sharpe,2021-06-05,-0.029224250968567133
crypto_max_sharpe,2021-06-06,0.018142029739995076
crypto_max_sharpe,2021-06-07,-0.06553853315577443
crypto_max_sharpe,2021-06-08,-0.0060543631243816735
crypto_max_sharpe,2021-06-09,0.05769969949999855
crypto_max_sharpe,2021-06-10,-0.048047954769720354
crypto_max_sharpe,2021-06-11,-0.032572027119077834
crypto_max_sharpe,2021-06-12,-0.003839268856225321
crypto_max_sharpe,2021-06-13,0.06696208724217038
crypto_max_sharpe,2021-06-14,0.013717926637123295
crypto_max_sharpe,2021-06-15,0.014355304393021608
crypto_max_sharpe,2021-06-16,-0.07308587498651932
crypto_max_sharpe,2021-06-17,-7.479201814343013e-05
crypto_max_sharpe,2021-06-18,-0.053976261647976365
crypto_max_sharpe,2021-06-19,-0.019020844819787892
crypto_max_sharpe,2021-06-20,0.01886306668258814
crypto_max_sharpe,2021-06-21,-0.166063383273768
crypto_max_sharpe,2021-06-22,-0.017232024431739226
crypto_max_sharpe,2021-06-23,0.07405638419261244
crypto_max_sharpe,2021-06-24,0.042297828263007424
crypto_max_sharpe,2021-06-25,-0.08242510532812637
crypto_max_sharpe,2021-06-26,0.008303847281054606
crypto_max_sharpe,2021-06-27,0.07001344516771463
crypto_max_sharpe,2021-06-28,0.01468227368718499
crypto_max_sharpe,2021-06-29,0.07641294041302077
crypto_max_sharpe,2021-06-30,0.017614713627190325
crypto_max_sharpe,2021-07-01,-0.05453580507546401
crypto_max_sharpe,2021-07-02,0.02211920933365687
crypto_max_sharpe,2021-07-03,0.02832288415473103
crypto_max_sharpe,2021-07-04,0.02627630134481376
crypto_max_sharpe,2021-07-05,-0.044839572227214505
crypto_max_sharpe,2021-07-06,0.026657828496089907
crypto_max_sharpe,2021-07-07,-0.013029714617586343
crypto_max_sharpe,2021-07-08,-0.05804101267233321
crypto_max_sharpe,2021-07-09,0.016149483653202606
crypto_max_sharpe,2021-07-10,-0.01314647990857148
crypto_max_sharpe,2021-07-11,0.013374527511922639
crypto_max_sharpe,2021-07-12,-0.035253895206709865
crypto_max_sharpe,2021-07-13,-0.036912454404120915
crypto_max_sharpe,2021-07-14,0.008884314503725553
crypto_max_sharpe,2021-07-15,-0.038520156139931684
crypto_max_sharpe,2021-07-16,-0.027134482072196653
crypto_max_sharpe,2021-07-17,0.003982523563203374
crypto_max_sharpe,2021-07-18,0.006550729797473474
crypto_max_sharpe,2021-07-19,-0.03745479447881342
crypto_max_sharpe,2021-07-20,-0.03871040766607311
crypto_max_sharpe,2021-07-21,0.09865014136438635
crypto_max_sharpe,2021-07-22,0.013798403516906406
crypto_max_sharpe,2021-07-23,0.038128145099275285
crypto_max_sharpe,2021-07-24,0.03439270882718195
crypto_max_sharpe,2021-07-25,0.002119525307668418
crypto_max_sharpe,2021-07-26,0.025802434878329915
crypto_max_sharpe,2021-07-27,0.029103360533099552
crypto_max_sharpe,2021-07-28,0.004582814796446375
crypto_max_sharpe,2021-07-29,0.011848530256093438
crypto_max_sharpe,2021-07-30,0.03519559619670032
crypto_max_sharpe,2021-07-31,0.009414544048813946
crypto_max_sharpe,2021-08-01,-0.010825527073897903
crypto_max_sharpe,2021-08-02,0.0019621402625703056
crypto_max_sharpe,2021-08-03,-0.012354339144811198
crypto_max_sharpe,2021-08-04,0.04644174054517982
crypto_max_sharpe,2021-08-05,0.0229179779588997
crypto_max_sharpe,2021-08-06,0.023527085033669463
crypto_max_sharpe,2021-08-07,0.07397292379292263
crypto_max_sharpe,2021-08-08,-0.035033535818552515
crypto_max_sharpe,2021-08-09,0.0456803273994858
crypto_max_sharpe,2021-08-10,0.03218373080248986
crypto_max_sharpe,2021-08-11,0.029924909005825392
crypto_max_sharpe,2021-08-12,-0.015791227187010724
crypto_max_sharpe,2021-08-13,0.10842317030449738
crypto_max_sharpe,2021-08-14,0.005764518586415966
crypto_max_sharpe,2021-08-15,0.018369398796125862
crypto_max_sharpe,2021-08-16,-0.042995083859935945
crypto_max_sharpe,2021-08-17,-0.05661433757652152
crypto_max_sharpe,2021-08-18,0.03210700297908367
crypto_max_sharpe,2021-08-19,0.07921351974468122
crypto_max_sharpe,2021-08-20,0.034290226648363786
crypto_max_sharpe,2021-08-21,-0.01583885980741432
crypto_max_sharpe,2021-08-22,0.037841312705140934
crypto_max_sharpe,2021-08-23,0.032403861662812915
crypto_max_sharpe,2021-08-24,-0.05449695340323097
crypto_max_sharpe,2021-08-25,0.01515952146376716
crypto_max_sharpe,2021-08-26,-0.05321253721042206
crypto_max_sharpe,2021-08-27,0.08701142620182867
crypto_max_sharpe,2021-08-28,-0.012781636383573282
crypto_max_sharpe,2021-08-29,-0.002957303302774064
crypto_max_sharpe,2021-08-30,-0.02616970288093959
crypto_max_sharpe,2021-08-31,0.029662237225215965
crypto_max_sharpe,2021-09-01,0.06153370562673945
crypto_max_sharpe,2021-09-02,0.00721305862732806
crypto_max_sharpe,2021-09-03,0.019566216356635188
crypto_max_sharpe,2021-09-04,-0.020354561620088408
crypto_max_sharpe,2021-09-05,0.03457521905165218
crypto_max_sharpe,2021-09-06,-0.0035306939481823314
crypto_max_sharpe,2021-09-07,-0.13191443986663384
crypto_max_sharpe,2021-09-08,-0.004913649639984081
crypto_max_sharpe,2021-09-09,0.003121828721542876
crypto_max_sharpe,2021-09-10,-0.04721147239102888
crypto_max_sharpe,2021-09-11,0.04005199072087724
crypto_max_sharpe,2021-09-12,0.013042295569952704
crypto_max_sharpe,2021-09-13,-0.044012300326177
crypto_max_sharpe,2021-09-14,0.027440144512624345
crypto_max_sharpe,2021-09-15,0.038790693700178874
crypto_max_sharpe,2021-09-16,-0.01847527122010954
crypto_max_sharpe,2021-09-17,-0.027881898768345143
crypto_max_sharpe,2021-09-18,0.013374482198440523
crypto_max_sharpe,2021-09-19,-0.03011699533049789
crypto_max_sharpe,2021-09-20,-0.10252553490993618
crypto_max_sharpe,2021-09-21,-0.05217625286154926
crypto_max_sharpe,2021-09-22,0.11127152248884942
crypto_max_sharpe,2021-09-23,0.023182147704326257
crypto_max_sharpe,2021-09-24,-0.048705827933345075
crypto_max_sharpe,2021-09-25,0.0003032252243607097
crypto_max_sharpe,2021-09-26,0.0011503932617610336
crypto_max_sharpe,2021-09-27,-0.03241970061223454
crypto_max_sharpe,2021-09-28,-0.03381487525719949
crypto_max_sharpe,2021-09-29,0.014126329724121036
crypto_max_sharpe,2021-09-30,0.03984468794144396
crypto_max_sharpe,2021-10-01,0.09128161408848967
crypto_max_sharpe,2021-10-02,0.008217725933037413
crypto_max_sharpe,2021-10-03,0.006155210806975948
crypto_max_sharpe,2021-10-04,-0.009941446361868594
crypto_max_sharpe,2021-10-05,0.036108700182098184
crypto_max_sharpe,2021-10-06,0.022999736120906934
crypto_max_sharpe,2021-10-07,0.0006233958342223153
crypto_max_sharpe,2021-10-08,-0.008084063075100937
crypto_max_sharpe,2021-10-09,0.015313610177185296
crypto_max_sharpe,2021-10-10,-0.02885959585853209
crypto_max_sharpe,2021-10-11,0.022499148890135413
crypto_max_sharpe,2021-10-12,-0.02177310816139433
crypto_max_sharpe,2021-10-13,0.027693470570545754
crypto_max_sharpe,2021-10-14,0.014636638466682238
crypto_max_sharpe,2021-10-15,0.031364699325884794
crypto_max_sharpe,2021-10-16,-0.011077035703899632
crypto_max_sharpe,2021-10-17,-0.0015367032226362917
crypto_max_sharpe,2021-10-18,-0.01117816530084825
crypto_max_sharpe,2021-10-19,0.018696055094983465
crypto_max_sharpe,2021-10-20,0.04572152937024984
crypto_max_sharpe,2021-10-21,-0.029657913751094188
crypto_max_sharpe,2021-10-22,-0.012159152960361084
crypto_max_sharpe,2021-10-23,0.023378674465279633
crypto_max_sharpe,2021-10-24,-0.016192348249799846
crypto_max_sharpe,2021-10-25,0.022310367245446
crypto_max_sharpe,2021-10-26,-0.02069159017717242
crypto_max_sharpe,2021-10-27,-0.06832774974605064
crypto_max_sharpe,2021-10-28,0.058577598160982666
crypto_max_sharpe,2021-10-29,0.02311066448598335
crypto_max_sharpe,2021-10-30,-0.0176994798096406
crypto_max_sharpe,2021-10-31,0.00014872980906943835
crypto_max_sharpe,2021-11-01,-0.0025584644977305502
crypto_max_sharpe,2021-11-02,0.03443196909028073
crypto_max_sharpe,2021-11-03,0.01619652411321791
crypto_max_sharpe,2021-11-04,-0.02641138200725972
crypto_max_sharpe,2021-11-05,-0.006228077977653701
crypto_max_sharpe,2021-11-06,0.006059032084170301
crypto_max_sharpe,2021-11-07,0.019615661281653544
crypto_max_sharpe,2021-11-08,0.05163856139878121
crypto_max_sharpe,2021-11-09,0.02404899414509263
crypto_max_sharpe,2021-11-10,-0.045921242807648255
crypto_max_sharpe,2021-11-11,0.004119408346267111
crypto_max_sharpe,2021-11-12,-0.01624015222384952
crypto_max_sharpe,2021-11-13,0.0032792877386874104
crypto_max_sharpe,2021-11-14,3.5543631665527035e-05
crypto_max_sharpe,2021-11-15,-0.019037470196376277
crypto_max_sharpe,2021-11-16,-0.06687680865092868
crypto_max_sharpe,2021-11-17,0.006594300047010043
crypto_max_sharpe,2021-11-18,-0.056368858436151865
crypto_max_sharpe,2021-11-19,0.04729674825038565
crypto_max_sharpe,2021-11-20,0.024729655066400773
crypto_max_sharpe,2021-11-21,-0.028134532999021127
crypto_max_sharpe,2021-11-22,-0.03904067949672467
crypto_max_sharpe,2021-11-23,0.022890573842290617
crypto_max_sharpe,2021-11-24,-0.027175266689160246
crypto_max_sharpe,2021-11-25,0.00014577784177747955
crypto_max_sharpe,2021-11-26,-0.061763780958034066
crypto_max_sharpe,2021-11-27,0.015485173305681707
crypto_max_sharpe,2021-11-28,0.03704517782046124
crypto_max_sharpe,2021-11-29,0.01724099906702581
crypto_max_sharpe,2021-11-30,0.00045870520882583483
crypto_max_sharpe,2021-12-01,-0.005918255944858021
crypto_max_sharpe,2021-12-02,0.021333913474139522
crypto_max_sharpe,2021-12-03,-0.06642003835851039
crypto_max_sharpe,2021-12-04,-0.07539256124538846
crypto_max_sharpe,2021-12-05,-0.0060646622451323694
crypto_max_sharpe,2021-12-06,0.029621049269960103
crypto_max_sharpe,2021-12-07,-0.010136594211770298
crypto_max_sharpe,2021-12-08,0.018422533647803767
crypto_max_sharpe,2021-12-09,-0.07282718551992656
crypto_max_sharpe,2021-12-10,-0.04207966566805827
crypto_max_sharpe,2021-12-11,0.06600709179992753
crypto_max_sharpe,2021-12-12,0.0042608879650716455
crypto_max_sharpe,2021-12-13,-0.08654112110053988
crypto_max_sharpe,2021-12-14,-0.00260882842691354
crypto_max_sharpe,2021-12-15,0.06280323228151322
crypto_max_sharpe,2021-12-16,-0.030408645293446418
crypto_max_sharpe,2021-12-17,-0.02197139728100897
crypto_max_sharpe,2021-12-18,0.01894375004496246
crypto_max_sharpe,2021-12-19,-0.0042297373415813855
crypto_max_sharpe,2021-12-20,-0.0023780710843836835
crypto_max_sharpe,2021-12-21,0.03002124536953958
crypto_max_sharpe,2021-12-22,0.009544105457204941
crypto_max_sharpe,2021-12-23,0.0617572486774302
crypto_max_sharpe,2021-12-24,-0.021461471908492298
crypto_max_sharpe,2021-12-25,0.019309415415511216
crypto_max_sharpe,2021-12-26,-0.000989259133413393
crypto_max_sharpe,2021-12-27,0.006939410226161684
crypto_max_sharpe,2021-12-28,-0.0658300350395472
crypto_max_sharpe,2021-12-29,-0.03883882363137351
crypto_max_sharpe,2021-12-30,0.019748139979293384
crypto_max_sharpe,2021-12-31,-0.020012843188679828
crypto_max_sharpe,2022-01-01,0.031138786236490672
crypto_max_sharpe,2022-01-02,0.010375351926237791
crypto_max_sharpe,2022-01-03,-0.026989591078103226
crypto_max_sharpe,2022-01-04,-0.004991124744284881
crypto_max_sharpe,2022-01-05,-0.06104277229456085
crypto_max_sharpe,2022-01-06,-0.0023725787384367572
crypto_max_sharpe,2022-01-07,-0.048880235814605356
crypto_max_sharpe,2022-01-08,-0.026946287850402078
crypto_max_sharpe,2022-01-09,0.007347193895587199
crypto_max_sharpe,2022-01-10,-0.032589972770576466
crypto_max_sharpe,2022-01-11,0.046626073404281966
crypto_max_sharpe,2022-01-12,0.060782451825226284
crypto_max_sharpe,2022-01-13,-0.040182985288153575
crypto_max_sharpe,2022-01-14,0.03518329770558752
crypto_max_sharpe,2022-01-15,0.011514811639340709
crypto_max_sharpe,2022-01-16,0.022316731182122393
crypto_max_sharpe,2022-01-17,0.014730708089224174
crypto_max_sharpe,2022-01-18,-0.01722640539669027
crypto_max_sharpe,2022-01-19,-0.04408125884695551
crypto_max_sharpe,2022-01-20,-0.04988830907564312
crypto_max_sharpe,2022-01-21,-0.12215347488440437
crypto_max_sharpe,2022-01-22,-0.05892043058343109
crypto_max_sharpe,2022-01-23,0.04959502054585187
crypto_max_sharpe,2022-01-24,-0.03984678765697169
crypto_max_sharpe,2022-01-25,-0.004257880701820815
crypto_max_sharpe,2022-01-26,0.016702225785859358
crypto_max_sharpe,2022-01-27,-0.019639407458581448
crypto_max_sharpe,2022-01-28,0.027591865978464775
crypto_max_sharpe,2022-01-29,0.010863935386560634
crypto_max_sharpe,2022-01-30,-0.011876080773858938
crypto_max_sharpe,2022-01-31,0.02502929172362518
crypto_max_sharpe,2022-02-01,0.036141958145316615
crypto_max_sharpe,2022-02-02,-0.03592992474240503
crypto_max_sharpe,2022-02-03,0.027466579159837117
crypto_max_sharpe,2022-02-04,0.08373368524995488
crypto_max_sharpe,2022-02-05,-0.001092932662458737
crypto_max_sharpe,2022-02-06,0.015716487979989844
crypto_max_sharpe,2022-02-07,0.05330572088892596
crypto_max_sharpe,2022-02-08,-0.01213334321379954
crypto_max_sharpe,2022-02-09,0.03399571539663411
crypto_max_sharpe,2022-02-10,-0.021813905464594316
crypto_max_sharpe,2022-02-11,-0.05540072983424925
crypto_max_sharpe,2022-02-12,-0.017786593598752985
crypto_max_sharpe,2022-02-13,0.0044956225955070876
crypto_max_sharpe,2022-02-14,-0.005229098592072824
crypto_max_sharpe,2022-02-15,0.0649559629885575
crypto_max_sharpe,2022-02-16,-0.02203194114207859
crypto_max_sharpe,2022-02-17,-0.07463291620064488
crypto_max_sharpe,2022-02-18,-0.019183146157645832
crypto_max_sharpe,2022-02-19,-0.0044945913352821346
crypto_max_sharpe,2022-02-20,-0.050573971511610805
crypto_max_sharpe,2022-02-21,-0.06021236772373341
crypto_max_sharpe,2022-02-22,0.04337470801880449
crypto_max_sharpe,2022-02-23,-0.016410991472062805
crypto_max_sharpe,2022-02-24,-0.004095764631230477
crypto_max_sharpe,2022-02-25,0.048531738095203406
crypto_max_sharpe,2022-02-26,0.007643731537682732
crypto_max_sharpe,2022-02-27,-0.04537367847346685
crypto_max_sharpe,2022-02-28,0.10595448840951009
crypto_max_sharpe,2022-03-01,0.009121929310929361
crypto_max_sharpe,2022-03-02,-0.017137175699091164
crypto_max_sharpe,2022-03-03,-0.013737086358905505
crypto_max_sharpe,2022-03-04,-0.06789394219990483
crypto_max_sharpe,2022-03-05,0.029832083014832658
crypto_max_sharpe,2022-03-06,-0.03957192938221554
crypto_max_sharpe,2022-03-07,-0.013052519718235843
crypto_max_sharpe,2022-03-08,0.017624356209862243
crypto_max_sharpe,2022-03-09,0.05334104211572111
crypto_max_sharpe,2022-03-10,-0.04170845910662005
crypto_max_sharpe,2022-03-11,0.019402698365053084
crypto_max_sharpe,2022-03-12,-0.007276559001280399
crypto_max_sharpe,2022-03-13,-0.026929557969889353
crypto_max_sharpe,2022-03-14,0.021210527608367856
crypto_max_sharpe,2022-03-15,0.00032441354537842337
crypto_max_sharpe,2022-03-16,0.04600974500350202
crypto_max_sharpe,2022-03-17,0.0020535073825345236
crypto_max_sharpe,2022-03-18,0.027386721965981835
crypto_max_sharpe,2022-03-19,0.07067711288801445
crypto_max_sharpe,2022-03-20,0.023403111467303207
crypto_max_sharpe,2022-03-21,0.018323969877101387
crypto_max_sharpe,2022-03-22,0.06885513677256826
crypto_max_sharpe,2022-03-23,0.0031357385257828425
crypto_max_sharpe,2022-03-24,0.03266315076244208
crypto_max_sharpe,2022-03-25,-0.010324781158177853
crypto_max_sharpe,2022-03-26,0.0029874672728415516
crypto_max_sharpe,2022-03-27,0.03317782950120725
crypto_max_sharpe,2022-03-28,0.001302779421742421
crypto_max_sharpe,2022-03-29,0.017076223159408526
crypto_max_sharpe,2022-03-30,0.007127982498348611
crypto_max_sharpe,2022-03-31,-0.038763519150581134
crypto_max_sharpe,2022-04-01,0.021477376158505
crypto_max_sharpe,2022-04-02,-0.012597390643331251
crypto_max_sharpe,2022-04-03,0.02398869813331047
crypto_max_sharpe,2022-04-04,-0.0025156124268016825
crypto_max_sharpe,2022-04-05,-0.03143073618216593
crypto_max_sharpe,2022-04-06,-0.09302640483202142
crypto_max_sharpe,2022-04-07,0.059514728504893866
crypto_max_sharpe,2022-04-08,-0.04362001911352035
crypto_max_sharpe,2022-04-09,0.023242650454361705
crypto_max_sharpe,2022-04-10,-0.019137022510422326
crypto_max_sharpe,2022-04-11,-0.08237868589117084
crypto_max_sharpe,2022-04-12,0.02693825284911434
crypto_max_sharpe,2022-04-13,0.017258380961625044
crypto_max_sharpe,2022-04-14,-0.024006055488096197
crypto_max_sharpe,2022-04-15,0.03099273932130019
crypto_max_sharpe,2022-04-16,0.007427786667524374
crypto_max_sharpe,2022-04-17,-0.03386989334239567
crypto_max_sharpe,2022-04-18,0.01646661356122804
crypto_max_sharpe,2022-04-19,0.01656266549049258
crypto_max_sharpe,2022-04-20,-0.023253413319877986
crypto_max_sharpe,2022-04-21,-0.03252362394068521
crypto_max_sharpe,2022-04-22,-0.0028620519601834393
crypto_max_sharpe,2022-04-23,-0.01773030623419937
crypto_max_sharpe,2022-04-24,-0.013800044860675265
crypto_max_sharpe,2022-04-25,0.008563068905858836
crypto_max_sharpe,2022-04-26,-0.07762237338188312
crypto_max_sharpe,2022-04-27,0.02126500485241358
crypto_max_sharpe,2022-04-28,0.0005841687529550706
crypto_max_sharpe,2022-04-29,-0.05137915110426229
crypto_max_sharpe,2022-04-30,-0.06037415700698947
crypto_max_sharpe,2022-05-01,0.04656138068505807
crypto_max_sharpe,2022-05-02,-0.002530302838502187
crypto_max_sharpe,2022-05-03,-0.020542524681235068
crypto_max_sharpe,2022-05-04,0.11401220337547004
crypto_max_sharpe,2022-05-05,-0.08616207057328176
crypto_max_sharpe,2022-05-06,-0.014109580137727876
crypto_max_sharpe,2022-05-07,-0.0275717102445425
crypto_max_sharpe,2022-05-08,-0.03124833240651539
crypto_max_sharpe,2022-05-09,-0.13539414455934135
crypto_max_sharpe,2022-05-10,0.03627173980254301
crypto_max_sharpe,2022-05-11,-0.14816185644556684
crypto_max_sharpe,2022-05-12,-0.051060453178994
crypto_max_sharpe,2022-05-13,0.06830349027496871
crypto_max_sharpe,2022-05-14,0.024399102095538416
crypto_max_sharpe,2022-05-15,0.06328869027087948
crypto_max_sharpe,2022-05-16,-0.05981137243662027
crypto_max_sharpe,2022-05-17,0.03684446910207943
crypto_max_sharpe,2022-05-18,-0.0950286550367031
crypto_max_sharpe,2022-05-19,0.05432000956227136
crypto_max_sharpe,2022-05-20,-0.030950173768211648
crypto_max_sharpe,2022-05-21,0.011037042392065733
crypto_max_sharpe,2022-05-22,0.03338688031253562
crypto_max_sharpe,2022-05-23,-0.021771490866397635
crypto_max_sharpe,2022-05-24,0.04204660643975306
crypto_max_sharpe,2022-05-25,-0.01668344470619527
crypto_max_sharpe,2022-05-26,-0.0632027749465936
crypto_max_sharpe,2022-05-27,-0.02553252759221566
crypto_max_sharpe,2022-05-28,0.016954651868677752
crypto_max_sharpe,2022-05-29,0.03385559688476065
crypto_max_sharpe,2022-05-30,0.10815405884508324
crypto_max_sharpe,2022-05-31,0.008412475251811392
crypto_max_sharpe,2022-06-01,-0.04534356706123174
crypto_max_sharpe,2022-06-02,0.012960287165379477
crypto_max_sharpe,2022-06-03,-0.031715950161482695
crypto_max_sharpe,2022-06-04,0.003304122391013979
crypto_max_sharpe,2022-06-05,0.006076241974993853
crypto_max_sharpe,2022-06-06,0.026631867718884976
crypto_max_sharpe,2022-06-07,-0.007062773809728543
crypto_max_sharpe,2022-06-08,-0.01921198692247931
crypto_max_sharpe,2022-06-09,-0.00046257817635255073
crypto_max_sharpe,2022-06-10,-0.04333061752265084
crypto_max_sharpe,2022-06-11,-0.04918812629436846
crypto_max_sharpe,2022-06-12,-0.03535687125872664
crypto_max_sharpe,2022-06-13,-0.15749086722328748
crypto_max_sharpe,2022-06-14,-0.03598987770325107
crypto_max_sharpe,2022-06-15,0.05540617453063614
crypto_max_sharpe,2022-06-16,-0.09690370655932291
crypto_max_sharpe,2022-06-17,0.013569875418082989
crypto_max_sharpe,2022-06-18,-0.04583077967646054
crypto_max_sharpe,2022-06-19,0.0733347757527818
crypto_max_sharpe,2022-06-20,-0.0018319663672748702
crypto_max_sharpe,2022-06-21,0.02062274711807186
crypto_max_sharpe,2022-06-22,-0.03985845694559267
crypto_max_sharpe,2022-06-23,0.04970281642809595
crypto_max_sharpe,2022-06-24,0.04366238528037991
crypto_max_sharpe,2022-06-25,0.003382909229400894
crypto_max_sharpe,2022-06-26,-0.01928437203345221
crypto_max_sharpe,2022-06-27,0.0024647018144706738
crypto_max_sharpe,2022-06-28,-0.028048834868676015
crypto_max_sharpe,2022-06-29,-0.02253714785065764
crypto_max_sharpe,2022-06-30,-0.012999669687523136
crypto_max_sharpe,2022-07-01,-0.02372941460675766
crypto_max_sharpe,2022-07-02,0.0012112147286101522
crypto_max_sharpe,2022-07-03,0.01421200705257232
crypto_max_sharpe,2022-07-04,0.03282269819497476
crypto_max_sharpe,2022-07-05,-0.0008519139642257805
crypto_max_sharpe,2022-07-06,0.013582079335407038
crypto_max_sharpe,2022-07-07,0.03378448529137838
crypto_max_sharpe,2022-07-08,0.001271110563745246
crypto_max_sharpe,2022-07-09,0.004074094034769352
crypto_max_sharpe,2022-07-10,-0.04032489434685786
crypto_max_sharpe,2022-07-11,-0.04234843876993666
crypto_max_sharpe,2022-07-12,-0.017956184717060883
crypto_max_sharpe,2022-07-13,0.040090760090751396
crypto_max_sharpe,2022-07-14,0.023999462270560958
crypto_max_sharpe,2022-07-15,0.009407737093530483
crypto_max_sharpe,2022-07-16,0.03759538279599359
crypto_max_sharpe,2022-07-17,-0.019622692725240982
crypto_max_sharpe,2022-07-18,0.06980293813337952
crypto_max_sharpe,2022-07-19,0.01584577344730675
crypto_max_sharpe,2022-07-20,-0.02040887597596592
crypto_max_sharpe,2022-07-21,0.010200770054281404
crypto_max_sharpe,2022-07-22,-0.01952321913226482
crypto_max_sharpe,2022-07-23,-0.0021628302826002285
crypto_max_sharpe,2022-07-24,0.004855919729165427
crypto_max_sharpe,2022-07-25,-0.05835460587906875
crypto_max_sharpe,2022-07-26,0.0054575657649714076
crypto_max_sharpe,2022-07-27,0.07155497117989063
crypto_max_sharpe,2022-07-28,0.03408038143712073
crypto_max_sharpe,2022-07-29,-0.006162838359027192
crypto_max_sharpe,2022-07-30,0.011206275581871521
crypto_max_sharpe,2022-07-31,-0.011421698468858368
crypto_max_sharpe,2022-08-01,-0.015379715429027285
crypto_max_sharpe,2022-08-02,0.0034801472055760933
crypto_max_sharpe,2022-08-03,-0.010145076080591252
crypto_max_sharpe,2022-08-04,-0.0066278990750563505
crypto_max_sharpe,2022-08-05,0.05816747957869985
crypto_max_sharpe,2022-08-06,-0.013150774489303753
crypto_max_sharpe,2022-08-07,0.00134165792815978
crypto_max_sharpe,2022-08-08,0.019422964542473276
crypto_max_sharpe,2022-08-09,-0.034556692537330694
crypto_max_sharpe,2022-08-10,0.05680905895086083
crypto_max_sharpe,2022-08-11,0.03202164832069637
crypto_max_sharpe,2022-08-12,0.02091822466969112
crypto_max_sharpe,2022-08-13,0.0013999582648512897
crypto_max_sharpe,2022-08-14,-0.01839266444465275
crypto_max_sharpe,2022-08-15,-0.008589761941207022
crypto_max_sharpe,2022-08-16,-0.014935799835184692
crypto_max_sharpe,2022-08-17,-0.01106973069487298
crypto_max_sharpe,2022-08-18,-0.008048939706432638
crypto_max_sharpe,2022-08-19,-0.11295529412210946
crypto_max_sharpe,2022-08-20,0.0012592917340968563
crypto_max_sharpe,2022-08-21,0.01868600150696736
crypto_max_sharpe,2022-08-22,0.0015446931991250656
crypto_max_sharpe,2022-08-23,0.013863879370564616
crypto_max_sharpe,2022-08-24,0.0011807813869445613
crypto_max_sharpe,2022-08-25,0.02659826422277904
crypto_max_sharpe,2022-08-26,-0.08042315638368357
crypto_max_sharpe,2022-08-27,-0.00601624108930554
crypto_max_sharpe,2022-08-28,-0.041966248438300734
crypto_max_sharpe,2022-08-29,0.06456191412469475
crypto_max_sharpe,2022-08-30,-0.012775184154858683
crypto_max_sharpe,2022-08-31,0.0012181343831503193
crypto_max_sharpe,2022-09-01,0.010526556036865668
crypto_max_sharpe,2022-09-02,-0.009661041804705008
crypto_max_sharpe,2022-09-03,-0.004068034622717854
crypto_max_sharpe,2022-09-04,0.008588859926318361
crypto_max_sharpe,2022-09-05,0.06918224912198932
crypto_max_sharpe,2022-09-06,-0.0627735022439894
crypto_max_sharpe,2022-09-07,0.043609226769550105
crypto_max_sharpe,2022-09-08,-0.0028714792367868975
crypto_max_sharpe,2022-09-09,0.05388739470388442
crypto_max_sharpe,2022-09-10,0.018181772335947425
crypto_max_sharpe,2022-09-11,-0.01122342550174547
crypto_max_sharpe,2022-09-12,-0.007628597108419137
crypto_max_sharpe,2022-09-13,-0.06312220005494298
crypto_max_sharpe,2022-09-14,0.03926025668958336
crypto_max_sharpe,2022-09-15,-0.06278496513277705
crypto_max_sharpe,2022-09-16,-0.020452033976549693
crypto_max_sharpe,2022-09-17,0.01786421661547867
crypto_max_sharpe,2022-09-18,-0.08040253299889265
crypto_max_sharpe,2022-09-19,0.016401973464627306
crypto_max_sharpe,2022-09-20,-0.030223423686255284
crypto_max_sharpe,2022-09-21,-0.03374394378250458
crypto_max_sharpe,2022-09-22,0.03581861370583586
crypto_max_sharpe,2022-09-23,0.0034647366263047237
crypto_max_sharpe,2022-09-24,-0.009065738278785635
crypto_max_sharpe,2022-09-25,-0.011022841889709223
crypto_max_sharpe,2022-09-26,0.012113036022358446
crypto_max_sharpe,2022-09-27,-0.005603158734606484
crypto_max_sharpe,2022-09-28,-0.0008210760633639672
crypto_max_sharpe,2022-09-29,0.009087166750384639
crypto_max_sharpe,2022-09-30,-0.003419191787932636
crypto_max_sharpe,2022-10-01,-0.008732971073911307
crypto_max_sharpe,2022-10-02,-0.02400628253832257
crypto_max_sharpe,2022-10-03,0.021587321717660854
crypto_max_sharpe,2022-10-04,0.023856381450196598
crypto_max_sharpe,2022-10-05,0.0024200742170526206
crypto_max_sharpe,2022-10-06,0.005805577028851433
crypto_max_sharpe,2022-10-07,0.008905043463066475
crypto_max_sharpe,2022-10-08,-0.009721367964543159
crypto_max_sharpe,2022-10-09,0.012241031179501953
crypto_max_sharpe,2022-10-10,-0.0518458553600462
crypto_max_sharpe,2022-10-11,-0.01981935321329597
crypto_max_sharpe,2022-10-12,0.004884142743055467
crypto_max_sharpe,2022-10-13,-0.019160444459619126
crypto_max_sharpe,2022-10-14,0.022319440875048592
crypto_max_sharpe,2022-10-15,-0.021249878224885534
crypto_max_sharpe,2022-10-16,0.004291248411983184
crypto_max_sharpe,2022-10-17,0.017256062022728422
crypto_max_sharpe,2022-10-18,-0.018216891513854645
crypto_max_sharpe,2022-10-19,-0.02681699900316202
crypto_max_sharpe,2022-10-20,-0.009238806518130332
crypto_max_sharpe,2022-10-21,0.012457352986543642
crypto_max_sharpe,2022-10-22,0.02004483588001564
crypto_max_sharpe,2022-10-23,0.009414930178833752
crypto_max_sharpe,2022-10-24,-0.023138386565055458
crypto_max_sharpe,2022-10-25,0.04643382216560702
crypto_max_sharpe,2022-10-26,0.026317796710303473
crypto_max_sharpe,2022-10-27,-0.018063833839558646
crypto_max_sharpe,2022-10-28,0.02149395907922309
crypto_max_sharpe,2022-10-29,0.009052531411996101
crypto_max_sharpe,2022-10-30,-0.02979959165864908
crypto_max_sharpe,2022-10-31,0.0014526813782448447
crypto_max_sharpe,2022-11-01,-0.005574344927548657
crypto_max_sharpe,2022-11-02,-0.032563374734355555
crypto_max_sharpe,2022-11-03,0.018642500488980147
crypto_max_sharpe,2022-11-04,0.07174604475946714
crypto_max_sharpe,2022-11-05,-0.0003485731231121685
crypto_max_sharpe,2022-11-06,-0.039536014520815066
crypto_max_sharpe,2022-11-07,-0.003149750130589296
crypto_max_sharpe,2022-11-08,-0.10864811092843962
crypto_max_sharpe,2022-11-09,-0.14623370827892843
crypto_max_sharpe,2022-11-10,0.15696007503927384
crypto_max_sharpe,2022-11-11,-0.026041713068512704
crypto_max_sharpe,2022-11-12,-0.037339882941078116
crypto_max_sharpe,2022-11-13,-0.05165828165351917
crypto_max_sharpe,2022-11-14,0.03534361006900101
crypto_max_sharpe,2022-11-15,0.01624621508318841
crypto_max_sharpe,2022-11-16,-0.024070772341327436
crypto_max_sharpe,2022-11-17,-0.0014580446004168173
crypto_max_sharpe,2022-11-18,0.0035919198008564036
crypto_max_sharpe,2022-11-19,0.009957064205507257
crypto_max_sharpe,2022-11-20,-0.05669131627556041
crypto_max_sharpe,2022-11-21,0.005103532546155049
crypto_max_sharpe,2022-11-22,0.0138748084149231
crypto_max_sharpe,2022-11-23,0.046502927403367
crypto_max_sharpe,2022-11-24,0.02234108220624871
crypto_max_sharpe,2022-11-25,0.002921838209109587
crypto_max_sharpe,2022-11-26,-0.012218591424845503
crypto_max_sharpe,2022-11-27,0.0010529279432157732
crypto_max_sharpe,2022-11-28,-0.01563584473463391
crypto_max_sharpe,2022-11-29,0.014877833825026702
crypto_max_sharpe,2022-11-30,0.03336375313209539
crypto_max_sharpe,2022-12-01,-0.021955601168740443
crypto_max_sharpe,2022-12-02,0.003653162803889515
crypto_max_sharpe,2022-12-03,-0.021659185587106413
crypto_max_sharpe,2022-12-04,0.004684256321695387
crypto_max_sharpe,2022-12-05,0.0025983800956778163
crypto_max_sharpe,2022-12-06,0.005236247329760122
crypto_max_sharpe,2022-12-07,-0.02608100472356141
crypto_max_sharpe,2022-12-08,0.025486671062334782
crypto_max_sharpe,2022-12-09,-0.006253962402435618
crypto_max_sharpe,2022-12-10,-0.0012350537952310779
crypto_max_sharpe,2022-12-11,-0.011581692348628778
crypto_max_sharpe,2022-12-12,-0.004432343916075671
crypto_max_sharpe,2022-12-13,0.024102106958633376
crypto_max_sharpe,2022-12-14,-0.009465798260077256
crypto_max_sharpe,2022-12-15,-0.020236549699337775
crypto_max_sharpe,2022-12-16,-0.08091663535548294
crypto_max_sharpe,2022-12-17,0.016195313439336945
crypto_max_sharpe,2022-12-18,-0.014553616615474111
crypto_max_sharpe,2022-12-19,-0.027629113187943012
crypto_max_sharpe,2022-12-20,0.03622985753165581
crypto_max_sharpe,2022-12-21,0.00846141077116458
crypto_max_sharpe,2022-12-22,0.005750560420244001
crypto_max_sharpe,2022-12-23,-0.005417135007272793
crypto_max_sharpe,2022-12-24,0.0022070638858658776
crypto_max_sharpe,2022-12-25,-0.004224934586479552
crypto_max_sharpe,2022-12-26,0.018718272147485848
crypto_max_sharpe,2022-12-27,-0.01082527854432909
crypto_max_sharpe,2022-12-28,-0.026567351164064328
crypto_max_sharpe,2022-12-29,0.0006786619587928547
crypto_max_sharpe,2022-12-30,0.002063575264386837
crypto_max_sharpe,2022-12-31,0.002182596657447783
crypto_max_sharpe,2023-01-01,0.006413578366231964
crypto_max_sharpe,2023-01-02,0.02836446006430657
crypto_max_sharpe,2023-01-03,-0.004235145552049524
crypto_max_sharpe,2023-01-04,0.06209086226568838
crypto_max_sharpe,2023-01-05,-0.02856736866907541
crypto_max_sharpe,2023-01-06,0.039112241190626174
crypto_max_sharpe,2023-01-07,-0.007285442696056665
crypto_max_sharpe,2023-01-08,0.020107981511734138
crypto_max_sharpe,2023-01-09,0.018866229949666913
crypto_max_sharpe,2023-01-10,-0.0003226650243136511
crypto_max_sharpe,2023-01-11,0.031711795984190466
crypto_max_sharpe,2023-01-12,0.016161015285483703
crypto_max_sharpe,2023-01-13,0.029306090078377874
crypto_max_sharpe,2023-01-14,0.029740945829147727
crypto_max_sharpe,2023-01-15,-0.0028611527771330485
crypto_max_sharpe,2023-01-16,-0.012421629783248223
crypto_max_sharpe,2023-01-17,0.0012315028827905145
crypto_max_sharpe,2023-01-18,-0.049914113368689256
crypto_max_sharpe,2023-01-19,0.019560775095150595
crypto_max_sharpe,2023-01-20,0.06614569474749896
crypto_max_sharpe,2023-01-21,-0.024051071129810794
crypto_max_sharpe,2023-01-22,0.006801454247146554
crypto_max_sharpe,2023-01-23,0.022752736781467827
crypto_max_sharpe,2023-01-24,-0.04655678597169929
crypto_max_sharpe,2023-01-25,0.027457352499328742
crypto_max_sharpe,2023-01-26,-0.006671455406666184
crypto_max_sharpe,2023-01-27,0.014085480432574913
crypto_max_sharpe,2023-01-28,-0.004633684633516998
crypto_max_sharpe,2023-01-29,0.03744193917992202
crypto_max_sharpe,2023-01-30,-0.04249430952573539
crypto_max_sharpe,2023-01-31,0.017741577867862745
crypto_max_sharpe,2023-02-01,0.03518427595305241
crypto_max_sharpe,2023-02-02,-0.003527718830997569
crypto_max_sharpe,2023-02-03,0.017186379165218296
crypto_max_sharpe,2023-02-04,0.0024017100671448535
crypto_max_sharpe,2023-02-05,-0.020091994833082282
crypto_max_sharpe,2023-02-06,-0.01660415062630001
crypto_max_sharpe,2023-02-07,0.04459501422391986
crypto_max_sharpe,2023-02-08,-0.009266063118026458
crypto_max_sharpe,2023-02-09,-0.06728023317402673
crypto_max_sharpe,2023-02-10,0.010095242817901537
crypto_max_sharpe,2023-02-11,0.012113582372546405
crypto_max_sharpe,2023-02-12,-0.014806617207300116
crypto_max_sharpe,2023-02-13,-0.0020431684003458807
crypto_max_sharpe,2023-02-14,0.031050747314958514
crypto_max_sharpe,2023-02-15,0.06285766389108333
crypto_max_sharpe,2023-02-16,-0.04622469286555485
crypto_max_sharpe,2023-02-17,0.03761370430495301
crypto_max_sharpe,2023-02-18,-0.00011278413517646198
crypto_max_sharpe,2023-02-19,-0.00997562945022755
crypto_max_sharpe,2023-02-20,0.013955458578650003
crypto_max_sharpe,2023-02-21,-0.023767215757420867
crypto_max_sharpe,2023-02-22,0.0013745206816263458
crypto_max_sharpe,2023-02-23,-0.0073217850813554934
crypto_max_sharpe,2023-02-24,-0.03397154849103699
crypto_max_sharpe,2023-02-25,0.0037884015085069916
crypto_max_sharpe,2023-02-26,0.019872156431218025
crypto_max_sharpe,2023-02-27,-0.005287502272168765
crypto_max_sharpe,2023-02-28,-0.011278782576646744
crypto_max_sharpe,2023-03-01,0.028653167469424555
crypto_max_sharpe,2023-03-02,-0.010547155078292915
crypto_max_sharpe,2023-03-03,-0.03456617505540774
crypto_max_sharpe,2023-03-04,-0.016529497853007617
crypto_max_sharpe,2023-03-05,0.0020889451363036975
crypto_max_sharpe,2023-03-06,-0.009867795444534604
crypto_max_sharpe,2023-03-07,-0.017095358569975103
crypto_max_sharpe,2023-03-08,-0.03536658397257287
crypto_max_sharpe,2023-03-09,-0.078757095250729
crypto_max_sharpe,2023-03-10,-0.018791040751266346
crypto_max_sharpe,2023-03-11,-0.0014766696771239141
crypto_max_sharpe,2023-03-12,0.08834289470947447
crypto_max_sharpe,2023-03-13,0.05021901564214028
crypto_max_sharpe,2023-03-14,0.020691140814382128
crypto_max_sharpe,2023-03-15,-0.0676747159214971
crypto_max_sharpe,2023-03-16,0.01866935527306327
crypto_max_sharpe,2023-03-17,0.06680910821220626
crypto_max_sharpe,2023-03-18,-0.01403962019998553
crypto_max_sharpe,2023-03-19,0.018420760452072967
crypto_max_sharpe,2023-03-20,-0.05268204160158867
crypto_max_sharpe,2023-03-21,0.051463754228730875
crypto_max_sharpe,2023-03-22,-0.03494123036397528
crypto_max_sharpe,2023-03-23,0.0650905041815516
crypto_max_sharpe,2023-03-24,-0.01886294073322462
crypto_max_sharpe,2023-03-25,-0.010396116257053386
crypto_max_sharpe,2023-03-26,0.015643337256739026
crypto_max_sharpe,2023-03-27,-0.03068922516527595
crypto_max_sharpe,2023-03-28,0.013121559355988445
crypto_max_sharpe,2023-03-29,0.01732860598514573
crypto_max_sharpe,2023-03-30,-0.009098712941778353
crypto_max_sharpe,2023-03-31,0.013753836092674892
crypto_max_sharpe,2023-04-01,0.004885312112519254
crypto_max_sharpe,2023-04-02,-0.007211059732323327
crypto_max_sharpe,2023-04-03,-0.00930873124618501
crypto_max_sharpe,2023-04-04,0.004687363636915011
crypto_max_sharpe,2023-04-05,0.0032399743278814386
crypto_max_sharpe,2023-04-06,-0.009372296617294738
crypto_max_sharpe,2023-04-07,0.004353877917124626
crypto_max_sharpe,2023-04-08,-0.007317373169986985
crypto_max_sharpe,2023-04-09,0.005675900584157928
crypto_max_sharpe,2023-04-10,0.022897981697552958
crypto_max_sharpe,2023-04-11,-0.00037863331325000397
crypto_max_sharpe,2023-04-12,-0.01692061016064578
crypto_max_sharpe,2023-04-13,0.013756383237974231
crypto_max_sharpe,2023-04-14,0.017588151787295055
crypto_max_sharpe,2023-04-15,-0.0033385243562886564
crypto_max_sharpe,2023-04-16,0.014258040333325322
crypto_max_sharpe,2023-04-17,-0.016683053821878676
crypto_max_sharpe,2023-04-18,0.027331777277038116
crypto_max_sharpe,2023-04-19,-0.06774001755616421
crypto_max_sharpe,2023-04-20,-0.014119412629045017
crypto_max_sharpe,2023-04-21,-0.03734098006699309
crypto_max_sharpe,2023-04-22,0.030572515874546013
crypto_max_sharpe,2023-04-23,-0.005265071163985308
crypto_max_sharpe,2023-04-24,-0.0010921804813221743
crypto_max_sharpe,2023-04-25,0.015517241917760431
crypto_max_sharpe,2023-04-26,-0.019857913163587995
crypto_max_sharpe,2023-04-27,0.013259278445852186
crypto_max_sharpe,2023-04-28,0.012693122039618717
crypto_max_sharpe,2023-04-29,0.009388966855628214
crypto_max_sharpe,2023-04-30,-0.016828558291727098
crypto_max_sharpe,2023-05-01,-0.006564867627407577
crypto_max_sharpe,2023-05-02,0.009479478401358765
crypto_max_sharpe,2023-05-03,0.006292598200779271
crypto_max_sharpe,2023-05-04,-0.0048958339601785535
crypto_max_sharpe,2023-05-05,0.014467583928026169
crypto_max_sharpe,2023-05-06,-0.03183251186624476
crypto_max_sharpe,2023-05-07,-0.010167391715823107
crypto_max_sharpe,2023-05-08,-0.03665268335475367
crypto_max_sharpe,2023-05-09,0.01882618633768513
crypto_max_sharpe,2023-05-10,0.007303628530395923
crypto_max_sharpe,2023-05-11,-0.0213117425910568
crypto_max_sharpe,2023-05-12,0.008027856994316067
crypto_max_sharpe,2023-05-13,-0.002532813562031709
crypto_max_sharpe,2023-05-14,0.012033647174349517
crypto_max_sharpe,2023-05-15,0.019885321754386998
crypto_max_sharpe,2023-05-16,0.013858867940306045
crypto_max_sharpe,2023-05-17,0.02191714041771918
crypto_max_sharpe,2023-05-18,-0.014894800811449081
crypto_max_sharpe,2023-05-19,0.006619652047304539
crypto_max_sharpe,2023-05-20,0.011212211717776423
crypto_max_sharpe,2023-05-21,0.0010386446652616626
crypto_max_sharpe,2023-05-22,0.013857759898167435
crypto_max_sharpe,2023-05-23,0.006260502205860812
crypto_max_sharpe,2023-05-24,-0.0364901292339079
crypto_max_sharpe,2023-05-25,0.0005441140294550907
crypto_max_sharpe,2023-05-26,0.0059721936519659645
crypto_max_sharpe,2023-05-27,0.014594785135522974
crypto_max_sharpe,2023-05-28,0.0191974380590836
crypto_max_sharpe,2023-05-29,-0.00744198732485001
crypto_max_sharpe,2023-05-30,0.009336714369555079
crypto_max_sharpe,2023-05-31,-0.015420556899115772
crypto_max_sharpe,2023-06-01,0.00295223116596443
crypto_max_sharpe,2023-06-02,0.03323200540891341
crypto_max_sharpe,2023-06-03,-0.005084155569098322
crypto_max_sharpe,2023-06-04,0.003506798888867399
crypto_max_sharpe,2023-06-05,-0.051152098410765214
crypto_max_sharpe,2023-06-06,0.0342252233383285
crypto_max_sharpe,2023-06-07,-0.023168224183098364
crypto_max_sharpe,2023-06-08,0.004809299688250381
crypto_max_sharpe,2023-06-09,0.002144175793070144
crypto_max_sharpe,2023-06-10,-0.07414638222932789
crypto_max_sharpe,2023-06-11,0.010037828577494416
crypto_max_sharpe,2023-06-12,0.0013648265841361166
crypto_max_sharpe,2023-06-13,-0.002972705988799029
crypto_max_sharpe,2023-06-14,-0.056174355586672914
crypto_max_sharpe,2023-06-15,0.008232523769911886
crypto_max_sharpe,2023-06-16,0.011994411391795464
crypto_max_sharpe,2023-06-17,0.009325984394774472
crypto_max_sharpe,2023-06-18,0.0026977302227484674
crypto_max_sharpe,2023-06-19,0.007291446997112747
crypto_max_sharpe,2023-06-20,0.0211583974183953
crypto_max_sharpe,2023-06-21,0.041932431479851796
crypto_max_sharpe,2023-06-22,-0.0036618090509550603
crypto_max_sharpe,2023-06-23,0.023758177081298244
crypto_max_sharpe,2023-06-24,-0.014310347738247943
crypto_max_sharpe,2023-06-25,0.0021483846053034694
crypto_max_sharpe,2023-06-26,-0.015800129891885555
crypto_max_sharpe,2023-06-27,0.011056538898305223
crypto_max_sharpe,2023-06-28,-0.039074669455492456
crypto_max_sharpe,2023-06-29,0.017253452896853122
crypto_max_sharpe,2023-06-30,0.09781093079177502
crypto_max_sharpe,2023-07-01,-0.017025102209657965
crypto_max_sharpe,2023-07-02,0.027210138376498053
crypto_max_sharpe,2023-07-03,-0.02173614328891594
crypto_max_sharpe,2023-07-04,-0.027296034553870793
crypto_max_sharpe,2023-07-05,-0.011070120876145957
crypto_max_sharpe,2023-07-06,-0.025581377218493833
crypto_max_sharpe,2023-07-07,0.014423321497127715
crypto_max_sharpe,2023-07-08,-0.008892353378109964
crypto_max_sharpe,2023-07-09,-0.01631444058509318
crypto_max_sharpe,2023-07-10,0.018886513419628943
crypto_max_sharpe,2023-07-11,0.0002669937931857146
crypto_max_sharpe,2023-07-12,0.005582164407819522
crypto_max_sharpe,2023-07-13,0.047113396419153956
crypto_max_sharpe,2023-07-14,-0.04652637017780452
crypto_max_sharpe,2023-07-15,-0.015118350004610225
crypto_max_sharpe,2023-07-16,-0.009937541081104456
crypto_max_sharpe,2023-07-17,-0.013191858931783445
crypto_max_sharpe,2023-07-18,-0.0019529881936849204
crypto_max_sharpe,2023-07-19,0.0026599845386604468
crypto_max_sharpe,2023-07-20,-0.0008081631988059537
crypto_max_sharpe,2023-07-21,0.008190502078750524
crypto_max_sharpe,2023-07-22,-0.019935156794893744
crypto_max_sharpe,2023-07-23,0.021676975321875402
crypto_max_sharpe,2023-07-24,-0.036880706488797134
crypto_max_sharpe,2023-07-25,0.0013140055831974084
crypto_max_sharpe,2023-07-26,0.011734793579051469
crypto_max_sharpe,2023-07-27,0.0008164242265432886
crypto_max_sharpe,2023-07-28,0.0021588811223573106
crypto_max_sharpe,2023-07-29,0.01135510407356934
crypto_max_sharpe,2023-07-30,0.008784682750380867
crypto_max_sharpe,2023-07-31,-0.01251640163862924
crypto_max_sharpe,2023-08-01,0.005951641353376961
crypto_max_sharpe,2023-08-02,-0.05113110559694629
crypto_max_sharpe,2023-08-03,-0.02985202776998039
crypto_max_sharpe,2023-08-04,-0.01325687266388849
crypto_max_sharpe,2023-08-05,6.826263950570569e-05
crypto_max_sharpe,2023-08-06,-0.010609724718935159
crypto_max_sharpe,2023-08-07,0.019661468292769158
crypto_max_sharpe,2023-08-08,0.019428752564105173
crypto_max_sharpe,2023-08-09,-0.00142846914303549
crypto_max_sharpe,2023-08-10,-0.016360704734996706
crypto_max_sharpe,2023-08-11,-0.002957530923578649
crypto_max_sharpe,2023-08-12,-0.002641333885164633
crypto_max_sharpe,2023-08-13,-0.006560634582574569
crypto_max_sharpe,2023-08-14,0.007018597340028399
crypto_max_sharpe,2023-08-15,-0.025045371215410395
crypto_max_sharpe,2023-08-16,-0.05749930069011218
crypto_max_sharpe,2023-08-17,-0.11833353007937744
crypto_max_sharpe,2023-08-18,-0.001846986106610808
crypto_max_sharpe,2023-08-19,0.00832197175052891
crypto_max_sharpe,2023-08-20,0.021229145719492658
crypto_max_sharpe,2023-08-21,-0.005580360825471564
crypto_max_sharpe,2023-08-22,-0.014066405939873771
crypto_max_sharpe,2023-08-23,0.02563650230564162
crypto_max_sharpe,2023-08-24,-0.009770040474735581
crypto_max_sharpe,2023-08-25,0.0019889743575916496
crypto_max_sharpe,2023-08-26,-0.0049841371409780994
crypto_max_sharpe,2023-08-27,0.014487089580173518
crypto_max_sharpe,2023-08-28,-0.011611991805741932
crypto_max_sharpe,2023-08-29,0.08233745265144234
crypto_max_sharpe,2023-08-30,-0.02481128953073903
crypto_max_sharpe,2023-08-31,-0.040412000488167794
crypto_max_sharpe,2023-09-01,-0.021183267015709766
crypto_max_sharpe,2023-09-02,-0.0029961971780273254
crypto_max_sharpe,2023-09-03,0.00601821114501485
crypto_max_sharpe,2023-09-04,-0.002400269781517984
crypto_max_sharpe,2023-09-05,-0.004329951363207043
crypto_max_sharpe,2023-09-06,0.0042863617951484885
crypto_max_sharpe,2023-09-07,0.005587364896562247
crypto_max_sharpe,2023-09-08,-0.002652391819535961
crypto_max_sharpe,2023-09-09,-0.0005642624302381965
crypto_max_sharpe,2023-09-10,-0.010083870430818154
crypto_max_sharpe,2023-09-11,-0.03125409243733459
crypto_max_sharpe,2023-09-12,0.04267564307005715
crypto_max_sharpe,2023-09-13,0.007473664317804569
crypto_max_sharpe,2023-09-14,0.02451415350677188
crypto_max_sharpe,2023-09-15,0.021492956190496886
crypto_max_sharpe,2023-09-16,-0.005083396477964954
crypto_max_sharpe,2023-09-17,-0.01202783493435979
crypto_max_sharpe,2023-09-18,0.020180048845258473
crypto_max_sharpe,2023-09-19,0.013241713755231482
crypto_max_sharpe,2023-09-20,-0.001725701054640723
crypto_max_sharpe,2023-09-21,-0.025042616992014412
crypto_max_sharpe,2023-09-22,0.0026485684438254547
crypto_max_sharpe,2023-09-23,-0.001298455488524507
crypto_max_sharpe,2023-09-24,-0.010487982126850069
crypto_max_sharpe,2023-09-25,0.012792137135880042
crypto_max_sharpe,2023-09-26,0.0029712977561211973
crypto_max_sharpe,2023-09-27,0.02226889850668001
crypto_max_sharpe,2023-09-28,0.027567605999127325
crypto_max_sharpe,2023-09-29,0.007214532986715678
crypto_max_sharpe,2023-09-30,-0.005345435864448451
crypto_max_sharpe,2023-10-01,0.028734486725037776
crypto_max_sharpe,2023-10-02,-0.0107781033434765
crypto_max_sharpe,2023-10-03,-0.007252924855163372
crypto_max_sharpe,2023-10-04,0.0013614569739900152
crypto_max_sharpe,2023-10-05,-0.011130869064247855
crypto_max_sharpe,2023-10-06,0.0031615872308708923
crypto_max_sharpe,2023-10-07,0.0015836931815403604
crypto_max_sharpe,2023-10-08,-0.0040945108304427024
crypto_max_sharpe,2023-10-09,-0.025717354935444584
crypto_max_sharpe,2023-10-10,-0.010925182944009513
crypto_max_sharpe,2023-10-11,-0.005531082689733123
crypto_max_sharpe,2023-10-12,-0.006768292850751755
crypto_max_sharpe,2023-10-13,0.008594759933017783
crypto_max_sharpe,2023-10-14,-0.004893043393627441
crypto_max_sharpe,2023-10-15,0.009983874692544352
crypto_max_sharpe,2023-10-16,0.0477729101598477
crypto_max_sharpe,2023-10-17,-0.009916769427585057
crypto_max_sharpe,2023-10-18,0.0012013060649546789
crypto_max_sharpe,2023-10-19,0.011071312281073225
crypto_max_sharpe,2023-10-20,0.030567485016427694
crypto_max_sharpe,2023-10-21,0.0101421220389263
crypto_max_sharpe,2023-10-22,-0.0024032413755614426
crypto_max_sharpe,2023-10-23,0.06345667320804764
crypto_max_sharpe,2023-10-24,-0.0008851709621743853
crypto_max_sharpe,2023-10-25,0.011626274831126398
crypto_max_sharpe,2023-10-26,-0.012718008452536868
crypto_max_sharpe,2023-10-27,-0.010750752271929802
crypto_max_sharpe,2023-10-28,0.010639544289516663
crypto_max_sharpe,2023-10-29,0.009012229482262065
crypto_max_sharpe,2023-10-30,0.004403807982827784
crypto_max_sharpe,2023-10-31,0.007104938307498259
crypto_max_sharpe,2023-11-01,0.017971246554174244
crypto_max_sharpe,2023-11-02,-0.01929693819903995
crypto_max_sharpe,2023-11-03,-0.00387953131971896
crypto_max_sharpe,2023-11-04,0.008274631570807482
crypto_max_sharpe,2023-11-05,0.005755414555108789
crypto_max_sharpe,2023-11-06,0.01243946270163239
crypto_max_sharpe,2023-11-07,-0.0023924876144334572
crypto_max_sharpe,2023-11-08,0.009484229359071226
crypto_max_sharpe,2023-11-09,-8.072541181868009e-07
crypto_max_sharpe,2023-11-10,0.02649683861446356
crypto_max_sharpe,2023-11-11,-0.0004425885998374734
crypto_max_sharpe,2023-11-12,0.0003383040316047956
crypto_max_sharpe,2023-11-13,-0.008721512309158796
crypto_max_sharpe,2023-11-14,-0.03171990726358911
crypto_max_sharpe,2023-11-15,0.03662510564746575
crypto_max_sharpe,2023-11-16,-0.029318441317632508
crypto_max_sharpe,2023-11-17,0.0014190395339689127
crypto_max_sharpe,2023-11-18,-0.00476113200835985
crypto_max_sharpe,2023-11-19,0.014621340704199463
crypto_max_sharpe,2023-11-20,-0.013686402215657692
crypto_max_sharpe,2023-11-21,-0.04550240552260945
crypto_max_sharpe,2023-11-22,0.04416989730579184
crypto_max_sharpe,2023-11-23,0.004340055801573048
crypto_max_sharpe,2023-11-24,0.013110674543302751
crypto_max_sharpe,2023-11-25,0.01390868416086957
crypto_max_sharpe,2023-11-26,-0.007018995880048838
crypto_max_sharpe,2023-11-27,-0.024515271196520017
crypto_max_sharpe,2023-11-28,0.008715548870653473
crypto_max_sharpe,2023-11-29,0.001115594102115157
crypto_max_sharpe,2023-11-30,-0.0040309560105560235
crypto_max_sharpe,2023-12-01,0.013041106404840474
crypto_max_sharpe,2023-12-02,0.014900653277022464
crypto_max_sharpe,2023-12-03,0.0071306152815064
crypto_max_sharpe,2023-12-04,0.038840781544725235
crypto_max_sharpe,2023-12-05,0.017314553550075128
crypto_max_sharpe,2023-12-06,-0.00622106960802127
crypto_max_sharpe,2023-12-07,0.005014663011208341
crypto_max_sharpe,2023-12-08,0.021738236165702796
crypto_max_sharpe,2023-12-09,-0.0061468908398287225
crypto_max_sharpe,2023-12-10,0.003039262812096798
crypto_max_sharpe,2023-12-11,-0.05642302848532741
crypto_max_sharpe,2023-12-12,0.001014150726679679
crypto_max_sharpe,2023-12-13,0.019806319089743493
crypto_max_sharpe,2023-12-14,0.011041201656820546
crypto_max_sharpe,2023-12-15,-0.03630774587408032
crypto_max_sharpe,2023-12-16,0.009048196454621054
crypto_max_sharpe,2023-12-17,-0.014140757378309277
crypto_max_sharpe,2023-12-18,0.008870626804009085
crypto_max_sharpe,2023-12-19,-0.009018953455535172
crypto_max_sharpe,2023-12-20,0.0228113110628199
crypto_max_sharpe,2023-12-21,0.013409797943392636
crypto_max_sharpe,2023-12-22,0.012288208745685196
crypto_max_sharpe,2023-12-23,-0.003281289528046431
crypto_max_sharpe,2023-12-24,-0.01273647276765064
crypto_max_sharpe,2023-12-25,0.011893647350487575
crypto_max_sharpe,2023-12-26,-0.025441693701518397
crypto_max_sharpe,2023-12-27,0.05433619020156297
crypto_max_sharpe,2023-12-28,-0.008015689938682615
crypto_max_sharpe,2023-12-29,-0.013472828125349145
crypto_max_sharpe,2023-12-30,0.013889193721156105
crypto_max_sharpe,2023-12-31,-0.004685502396800538
crypto_equal_weight,2021-01-01,0.011329133285298942
crypto_equal_weight,2021-01-02,0.02072716260525204
crypto_equal_weight,2021-01-03,0.11625440576667893
crypto_equal_weight,2021-01-04,0.04516079223322002
crypto_equal_weight,2021-01-05,0.04535021621589661
crypto_equal_weight,2021-01-06,0.17477270939392503
crypto_equal_weight,2021-01-07,0.01246324314431502
crypto_equal_weight,2021-01-08,-0.007003682538939726
crypto_equal_weight,2021-01-09,0.08814075491705675
crypto_equal_weight,2021-01-10,-0.02676059395587328
crypto_equal_weight,2021-01-11,-0.12870502230789244
crypto_equal_weight,2021-01-12,-0.01873015718865717
crypto_equal_weight,2021-01-13,0.0823859488799264
crypto_equal_weight,2021-01-14,0.01972143296946164
crypto_equal_weight,2021-01-15,-0.03879468771114989
crypto_equal_weight,2021-01-16,0.026781295053940557
crypto_equal_weight,2021-01-17,0.002929735952032664
crypto_equal_weight,2021-01-18,0.025718389419126575
crypto_equal_weight,2021-01-19,0.009387901143479227
crypto_equal_weight,2021-01-20,-0.00588969894780378
crypto_equal_weight,2021-01-21,-0.12997330223040066
crypto_equal_weight,2021-01-22,0.060561232008807364
crypto_equal_weight,2021-01-23,-0.002104304596237205
crypto_equal_weight,2021-01-24,0.02788878387300729
crypto_equal_weight,2021-01-25,-0.022128620741430138
crypto_equal_weight,2021-01-26,-0.002506439651979331
crypto_equal_weight,2021-01-27,-0.07433293275748028
crypto_equal_weight,2021-01-28,0.09385199353492835
crypto_equal_weight,2021-01-29,0.02826646477641599
crypto_equal_weight,2021-01-30,0.07294494996215131
crypto_equal_weight,2021-01-31,-0.016892319482285013
crypto_equal_weight,2021-02-01,0.018638160220836718
crypto_equal_weight,2021-02-02,0.04105192217355689
crypto_equal_weight,2021-02-03,0.0470529366919517
crypto_equal_weight,2021-02-04,-0.01763156392605623
crypto_equal_weight,2021-02-05,0.08420520824667656
crypto_equal_weight,2021-02-06,0.02224549467936311
crypto_equal_weight,2021-02-07,-0.0031776159818694078
crypto_equal_weight,2021-02-08,0.08091486208561834
crypto_equal_weight,2021-02-09,0.06552021148361524
crypto_equal_weight,2021-02-10,0.04281518400419214
crypto_equal_weight,2021-02-11,0.07786914577868172
crypto_equal_weight,2021-02-12,0.05428926109808539
crypto_equal_weight,2021-02-13,0.09582165507240964
crypto_equal_weight,2021-02-14,-0.029392275423807516
crypto_equal_weight,2021-02-15,-0.0442129748696292
crypto_equal_weight,2021-02-16,-0.0022474451004349414
crypto_equal_weight,2021-02-17,0.04211707838283616
crypto_equal_weight,2021-02-18,0.0029177062460999047
crypto_equal_weight,2021-02-19,0.04897981498578349
crypto_equal_weight,2021-02-20,-0.017299540561226037
crypto_equal_weight,2021-02-21,0.024297174916646205
crypto_equal_weight,2021-02-22,-0.0628095634120048
crypto_equal_weight,2021-02-23,-0.1578836306811806
crypto_equal_weight,2021-02-24,0.03967004054777338
crypto_equal_weight,2021-02-25,-0.05295585849293988
crypto_equal_weight,2021-02-26,0.0024429722756437833
crypto_equal_weight,2021-02-27,0.030875544497424058
crypto_equal_weight,2021-02-28,-0.04371588305482724
crypto_equal_weight,2021-03-01,0.06607202453353705
crypto_equal_weight,2021-03-02,-0.016013865689389763
crypto_equal_weight,2021-03-03,0.03318617359233237
crypto_equal_weight,2021-03-04,-0.015426510631809486
crypto_equal_weight,2021-03-05,-0.008545836651957895
crypto_equal_weight,2021-03-06,0.009728254619080622
crypto_equal_weight,2021-03-07,0.028383768233542828
crypto_equal_weight,2021-03-08,0.017667051426591484
crypto_equal_weight,2021-03-09,0.04293290972022339
crypto_equal_weight,2021-03-10,-0.028226124243624442
crypto_equal_weight,2021-03-11,0.0023940473055714564
crypto_equal_weight,2021-03-12,-0.020080210825309995
crypto_equal_weight,2021-03-13,0.07880501646479615
crypto_equal_weight,2021-03-14,-0.04799197369537732
crypto_equal_weight,2021-03-15,-0.03623773511569324
crypto_equal_weight,2021-03-16,0.04313253655506745
crypto_equal_weight,2021-03-17,0.03066081182372897
crypto_equal_weight,2021-03-18,-0.02291498038891239
crypto_equal_weight,2021-03-19,0.019194399500747632
crypto_equal_weight,2021-03-20,0.01827007279656291
crypto_equal_weight,2021-03-21,-0.016144502509962688
crypto_equal_weight,2021-03-22,-0.02999483570511283
crypto_equal_weight,2021-03-23,0.007114226187603334
crypto_equal_weight,2021-03-24,-0.0667762833825415
crypto_equal_weight,2021-03-25,-0.0010923526180134256
crypto_equal_weight,2021-03-26,0.08749287264445914
crypto_equal_weight,2021-03-27,-0.008717834840823146
crypto_equal_weight,2021-03-28,0.004100426246299149
crypto_equal_weight,2021-03-29,0.037739657887588596
crypto_equal_weight,2021-03-30,0.013383750136438468
crypto_equal_weight,2021-03-31,0.06639746310842415
crypto_equal_weight,2021-04-01,0.028439295434994006
crypto_equal_weight,2021-04-02,0.053509068979526064
crypto_equal_weight,2021-04-03,-0.050500959073344384
crypto_equal_weight,2021-04-04,0.08008234444670534
crypto_equal_weight,2021-04-05,0.1124723293949645
crypto_equal_weight,2021-04-06,0.034239733482870995
crypto_equal_weight,2021-04-07,-0.07683383516515306
crypto_equal_weight,2021-04-08,0.06650800161559935
crypto_equal_weight,2021-04-09,-0.026439087808186844
crypto_equal_weight,2021-04-10,0.1020844027159667
crypto_equal_weight,2021-04-11,0.01134172738606192
crypto_equal_weight,2021-04-12,0.0011626642882354276
crypto_equal_weight,2021-04-13,0.10969981126458485
crypto_equal_weight,2021-04-14,0.02628859256885361
crypto_equal_weight,2021-04-15,0.060911491093833904
crypto_equal_weight,2021-04-16,0.050656624114549645
crypto_equal_weight,2021-04-17,-0.03176555482050418
crypto_equal_weight,2021-04-18,-0.07403361917153414
crypto_equal_weight,2021-04-19,-0.06293211235912946
crypto_equal_weight,2021-04-20,0.03341952255413645
crypto_equal_weight,2021-04-21,-0.04142399100162268
crypto_equal_weight,2021-04-22,-0.04904992826934679
crypto_equal_weight,2021-04-23,-0.016415494666891482
crypto_equal_weight,2021-04-24,-0.06806209030471672
crypto_equal_weight,2021-04-25,-0.009028471809759443
crypto_equal_weight,2021-04-26,0.15086850243841626
crypto_equal_weight,2021-04-27,0.0428384009368606
crypto_equal_weight,2021-04-28,0.0015703408166000024
crypto_equal_weight,2021-04-29,-0.010431513593727104
crypto_equal_weight,2021-04-30,0.07615810292228212
crypto_equal_weight,2021-05-01,0.03980355255574375
crypto_equal_weight,2021-05-02,-0.014599904851997027
crypto_equal_weight,2021-05-03,0.05547610251981762
crypto_equal_weight,2021-05-04,-0.0223198060480419
crypto_equal_weight,2021-05-05,0.23237817771357977
crypto_equal_weight,2021-05-06,0.09504982199971372
crypto_equal_weight,2021-05-07,-0.03738328711875315
crypto_equal_weight,2021-05-08,0.01505247076056373
crypto_equal_weight,2021-05-09,0.016957994597490093
crypto_equal_weight,2021-05-10,-0.06333573003276818
crypto_equal_weight,2021-05-11,0.12326469466551512
crypto_equal_weight,2021-05-12,-0.17908713683757876
crypto_equal_weight,2021-05-13,0.062101834705833046
crypto_equal_weight,2021-05-14,0.05375639703224409
crypto_equal_weight,2021-05-15,-0.039831537137129135
crypto_equal_weight,2021-05-16,0.0028746940214076752
crypto_equal_weight,2021-05-17,-0.0662059129899039
crypto_equal_weight,2021-05-18,0.01708008379277666
crypto_equal_weight,2021-05-19,-0.30337348731353303
crypto_equal_weight,2021-05-20,0.14700206982203626
crypto_equal_weight,2021-05-21,-0.1408603473018848
crypto_equal_weight,2021-05-22,-0.06160251327788787
crypto_equal_weight,2021-05-23,-0.1129073822434224
crypto_equal_weight,2021-05-24,0.25292356727981136
crypto_equal_weight,2021-05-25,0.002828693352260959
crypto_equal_weight,2021-05-26,0.07066872279801245
crypto_equal_weight,2021-05-27,-0.03622452964270197
crypto_equal_weight,2021-05-28,-0.08364161267040388
crypto_equal_weight,2021-05-29,-0.05675666284012572
crypto_equal_weight,2021-05-30,0.04599013554369838
crypto_equal_weight,2021-05-31,0.09017948488864361
crypto_equal_weight,2021-06-01,-0.019186745025294893
crypto_equal_weight,2021-06-02,0.015686303567012755
crypto_equal_weight,2021-06-03,0.03417599714809401
crypto_equal_weight,2021-06-04,-0.07013513415978842
crypto_equal_weight,2021-06-05,-0.03151695830923769
crypto_equal_weight,2021-06-06,0.017874280878071483
crypto_equal_weight,2021-06-07,-0.08261493454301594
crypto_equal_weight,2021-06-08,-0.0010986656821033386
crypto_equal_weight,2021-06-09,0.05692371448042061
crypto_equal_weight,2021-06-10,-0.046790220968375595
crypto_equal_weight,2021-06-11,-0.034612165788076216
crypto_equal_weight,2021-06-12,-0.006108771207590479
crypto_equal_weight,2021-06-13,0.06060711073488845
crypto_equal_weight,2021-06-14,0.012104542324334043
crypto_equal_weight,2021-06-15,0.012503131044355522
crypto_equal_weight,2021-06-16,-0.06975206723694478
crypto_equal_weight,2021-06-17,0.009720760770419102
crypto_equal_weight,2021-06-18,-0.057720620884889655
crypto_equal_weight,2021-06-19,-0.020498713298390713
crypto_equal_weight,2021-06-20,0.011456111133318935
crypto_equal_weight,2021-06-21,-0.19019405150636529
crypto_equal_weight,2021-06-22,-0.034837352458124686
crypto_equal_weight,2021-06-23,0.08559700466060852
crypto_equal_weight,2021-06-24,0.06135694304332537
crypto_equal_weight,2021-06-25,-0.08057487382765757
crypto_equal_weight,2021-06-26,0.011936020786419112
crypto_equal_weight,2021-06-27,0.05340874980562807
crypto_equal_weight,2021-06-28,0.018891398769319227
crypto_equal_weight,2021-06-29,0.07656251270863891
crypto_equal_weight,2021-06-30,0.010229283835137904
crypto_equal_weight,2021-07-01,-0.05285788169081334
crypto_equal_weight,2021-07-02,0.006644821951439307
crypto_equal_weight,2021-07-03,0.022742221109748103
crypto_equal_weight,2021-07-04,0.021951839457896506
crypto_equal_weight,2021-07-05,-0.04758275314865554
crypto_equal_weight,2021-07-06,0.018173860759549767
crypto_equal_weight,2021-07-07,-0.01356780382657763
crypto_equal_weight,2021-07-08,-0.04999297514892138
crypto_equal_weight,2021-07-09,0.03256800205560832
crypto_equal_weight,2021-07-10,-0.01606017871014616
crypto_equal_weight,2021-07-11,0.01105089689578709
crypto_equal_weight,2021-07-12,-0.021458439480235236
crypto_equal_weight,2021-07-13,-0.0327299161905157
crypto_equal_weight,2021-07-14,0.005343652094854679
crypto_equal_weight,2021-07-15,-0.033657562374154494
crypto_equal_weight,2021-07-16,-0.02451103417517737
crypto_equal_weight,2021-07-17,-0.0020961608637220745
crypto_equal_weight,2021-07-18,0.0029498340208449774
crypto_equal_weight,2021-07-19,-0.048431026233618495
crypto_equal_weight,2021-07-20,-0.039675775806226554
crypto_equal_weight,2021-07-21,0.08404642491288189
crypto_equal_weight,2021-07-22,0.035105539490129026
crypto_equal_weight,2021-07-23,0.030230782391342626
crypto_equal_weight,2021-07-24,0.02087857317535161
crypto_equal_weight,2021-07-25,-0.0013191821921649024
crypto_equal_weight,2021-07-26,0.024043643109556537
crypto_equal_weight,2021-07-27,0.026644279596079668
crypto_equal_weight,2021-07-28,0.02586977610000846
crypto_equal_weight,2021-07-29,0.018439540828283675
crypto_equal_weight,2021-07-30,0.02907854641851262
crypto_equal_weight,2021-07-31,0.00498091412772671
crypto_equal_weight,2021-08-01,-0.02275880745195085
crypto_equal_weight,2021-08-02,0.010486102598031722
crypto_equal_weight,2021-08-03,-0.015388954950252165
crypto_equal_weight,2021-08-04,0.0358624309879367
crypto_equal_weight,2021-08-05,0.0162912139985419
crypto_equal_weight,2021-08-06,0.022413974415808856
crypto_equal_weight,2021-08-07,0.07056124046525346
crypto_equal_weight,2021-08-08,-0.044867926635484945
crypto_equal_weight,2021-08-09,0.053636190115404374
crypto_equal_weight,2021-08-10,0.019223181862006014
crypto_equal_weight,2021-08-11,0.06307775869864235
crypto_equal_weight,2021-08-12,-0.02182670386777582
crypto_equal_weight,2021-08-13,0.10036157544278566
crypto_equal_weight,2021-08-14,0.0461467226724572
crypto_equal_weight,2021-08-15,0.018995419510658647
crypto_equal_weight,2021-08-16,-0.04406572804376267
crypto_equal_weight,2021-08-17,-0.06500531543194384
crypto_equal_weight,2021-08-18,0.0130701500554424
crypto_equal_weight,2021-08-19,0.061922290088710884
crypto_equal_weight,2021-08-20,0.038683251853805764
crypto_equal_weight,2021-08-21,-0.02392748511978322
crypto_equal_weight,2021-08-22,0.018669111161964916
crypto_equal_weight,2021-08-23,0.02087886156926002
crypto_equal_weight,2021-08-24,-0.06750241932459834
crypto_equal_weight,2021-08-25,0.02174154514931408
crypto_equal_weight,2021-08-26,-0.06146006562904986
crypto_equal_weight,2021-08-27,0.07269710012304198
crypto_equal_weight,2021-08-28,-0.010523062092153713
crypto_equal_weight,2021-08-29,-4.2230907735907525e-05
crypto_equal_weight,2021-08-30,-0.03427301946401956
crypto_equal_weight,2021-08-31,0.03392646145784673
crypto_equal_weight,2021-09-01,0.055449157188527144
crypto_equal_weight,2021-09-02,0.011792504731032993
crypto_equal_weight,2021-09-03,0.04657082039539469
crypto_equal_weight,2021-09-04,-0.010212329589721382
crypto_equal_weight,2021-09-05,0.05662671470017477
crypto_equal_weight,2021-09-06,0.006357202425683395
crypto_equal_weight,2021-09-07,-0.16764027258755143
crypto_equal_weight,2021-09-08,0.00043078365749039645
crypto_equal_weight,2021-09-09,0.002673009912500279
crypto_equal_weight,2021-09-10,-0.042101786452271174
crypto_equal_weight,2021-09-11,0.0297849708151881
crypto_equal_weight,2021-09-12,0.03900898067552668
crypto_equal_weight,2021-09-13,-0.043186748837215544
crypto_equal_weight,2021-09-14,0.03937859648466578
crypto_equal_weight,2021-09-15,0.033761799679333064
crypto_equal_weight,2021-09-16,-0.02260339800954957
crypto_equal_weight,2021-09-17,-0.02821032375523107
crypto_equal_weight,2021-09-18,0.01464204485320872
crypto_equal_weight,2021-09-19,-0.03591036263566109
crypto_equal_weight,2021-09-20,-0.11422485591169482
crypto_equal_weight,2021-09-21,-0.053436343716621634
crypto_equal_weight,2021-09-22,0.10935609613773782
crypto_equal_weight,2021-09-23,0.01626576948492713
crypto_equal_weight,2021-09-24,-0.062483391070832464
crypto_equal_weight,2021-09-25,-0.004266625386774614
crypto_equal_weight,2021-09-26,-0.006350457317357295
crypto_equal_weight,2021-09-27,-0.031077363869180544
crypto_equal_weight,2021-09-28,-0.03298589471628974
crypto_equal_weight,2021-09-29,0.025201653417809958
crypto_equal_weight,2021-09-30,0.03985386657347911
crypto_equal_weight,2021-10-01,0.08583803887920276
crypto_equal_weight,2021-10-02,0.013146846189772719
crypto_equal_weight,2021-10-03,0.016058019141841507
crypto_equal_weight,2021-10-04,-0.0148396687445018
crypto_equal_weight,2021-10-05,0.03911206691222192
crypto_equal_weight,2021-10-06,0.026312077457067155
crypto_equal_weight,2021-10-07,-0.00638939697911447
crypto_equal_weight,2021-10-08,-0.00968783863579299
crypto_equal_weight,2021-10-09,0.039018902838405284
crypto_equal_weight,2021-10-10,-0.039372271971353526
crypto_equal_weight,2021-10-11,0.01616616745924252
crypto_equal_weight,2021-10-12,-0.024509927769433698
crypto_equal_weight,2021-10-13,0.03190285056564601
crypto_equal_weight,2021-10-14,0.008162714258494453
crypto_equal_weight,2021-10-15,0.021102700113018336
crypto_equal_weight,2021-10-16,0.002720576167623346
crypto_equal_weight,2021-10-17,-0.015497446977474582
crypto_equal_weight,2021-10-18,-0.005306693572157262
crypto_equal_weight,2021-10-19,0.01297720783032219
crypto_equal_weight,2021-10-20,0.051224364064108824
crypto_equal_weight,2021-10-21,-0.034430299987499836
crypto_equal_weight,2021-10-22,-0.009454713940141793
crypto_equal_weight,2021-10-23,0.019371535732781185
crypto_equal_weight,2021-10-24,-0.01474130699186601
crypto_equal_weight,2021-10-25,0.018419186895322202
crypto_equal_weight,2021-10-26,-0.012946919667983727
crypto_equal_weight,2021-10-27,-0.09185131642847817
crypto_equal_weight,2021-10-28,0.056729009743049105
crypto_equal_weight,2021-10-29,0.029088612824405093
crypto_equal_weight,2021-10-30,-0.010681812392085377
crypto_equal_weight,2021-10-31,0.014693243654273571
crypto_equal_weight,2021-11-01,-0.004326641926342823
crypto_equal_weight,2021-11-02,0.03306533584491416
crypto_equal_weight,2021-11-03,0.01674063604824131
crypto_equal_weight,2021-11-04,-0.025559105240697582
crypto_equal_weight,2021-11-05,-0.010200996638369953
crypto_equal_weight,2021-11-06,-0.004239194414665415
crypto_equal_weight,2021-11-07,0.023886360748030924
crypto_equal_weight,2021-11-08,0.060246401128590546
crypto_equal_weight,2021-11-09,0.05803352156635903
crypto_equal_weight,2021-11-10,-0.052120905365666895
crypto_equal_weight,2021-11-11,0.011579788077556885
crypto_equal_weight,2021-11-12,-0.0210453390297695
crypto_equal_weight,2021-11-13,0.012155992174102792
crypto_equal_weight,2021-11-14,0.011670347080749634
crypto_equal_weight,2021-11-15,-0.014913367152786261
crypto_equal_weight,2021-11-16,-0.08539536762425981
crypto_equal_weight,2021-11-17,0.005029029807759611
crypto_equal_weight,2021-11-18,-0.0665955079971689
crypto_equal_weight,2021-11-19,0.050189937841265554
crypto_equal_weight,2021-11-20,0.015769369693102133
crypto_equal_weight,2021-11-21,-0.01876418665940255
crypto_equal_weight,2021-11-22,-0.03659805229489672
crypto_equal_weight,2021-11-23,0.02241482154078316
crypto_equal_weight,2021-11-24,-0.02499458171002355
crypto_equal_weight,2021-11-25,0.009420096135543756
crypto_equal_weight,2021-11-26,-0.06649545894871833
crypto_equal_weight,2021-11-27,0.01136172499470266
crypto_equal_weight,2021-11-28,0.021529982658934313
crypto_equal_weight,2021-11-29,0.01799870615317625
crypto_equal_weight,2021-11-30,0.002987059510877521
crypto_equal_weight,2021-12-01,-0.004816033852340695
crypto_equal_weight,2021-12-02,0.0029771478098470127
crypto_equal_weight,2021-12-03,-0.054804135310390995
crypto_equal_weight,2021-12-04,-0.09966679308991833
crypto_equal_weight,2021-12-05,-0.025153555791845417
crypto_equal_weight,2021-12-06,0.040040442806494346
crypto_equal_weight,2021-12-07,-0.005612405331474191
crypto_equal_weight,2021-12-08,0.03731739189615066
crypto_equal_weight,2021-12-09,-0.06974011815598742
crypto_equal_weight,2021-12-10,-0.03764782144196946
crypto_equal_weight,2021-12-11,0.062185845911676044
crypto_equal_weight,2021-12-12,0.0005450006496776847
crypto_equal_weight,2021-12-13,-0.08065923921980625
crypto_equal_weight,2021-12-14,0.011911581619101387
crypto_equal_weight,2021-12-15,0.04872903431115065
crypto_equal_weight,2021-12-16,-0.03275391370957652
crypto_equal_weight,2021-12-17,-0.024771957522853383
crypto_equal_weight,2021-12-18,0.020225622720911683
crypto_equal_weight,2021-12-19,-0.0022465892681545643
crypto_equal_weight,2021-12-20,0.0027239347357453153
crypto_equal_weight,2021-12-21,0.03319664389737751
crypto_equal_weight,2021-12-22,0.005615825220858107
crypto_equal_weight,2021-12-23,0.052881521190734665
crypto_equal_weight,2021-12-24,-0.025854589725139758
crypto_equal_weight,2021-12-25,0.012088707351344341
crypto_equal_weight,2021-12-26,-0.0019257207082916453
crypto_equal_weight,2021-12-27,0.006955401909512827
crypto_equal_weight,2021-12-28,-0.06626174340482957
crypto_equal_weight,2021-12-29,-0.02867247058178535
crypto_equal_weight,2021-12-30,0.016974196767416672
crypto_equal_weight,2021-12-31,-0.015267470914003978
crypto_equal_weight,2022-01-01,0.02912269050477836
crypto_equal_weight,2022-01-02,0.015540556191764499
crypto_equal_weight,2022-01-03,-0.020728701930202716
crypto_equal_weight,2022-01-04,-0.011764087452726647
crypto_equal_weight,2022-01-05,-0.06206812715046752
crypto_equal_weight,2022-01-06,-0.0008726027668847446
crypto_equal_weight,2022-01-07,-0.040404478130600344
crypto_equal_weight,2022-01-08,-0.020935419274153235
crypto_equal_weight,2022-01-09,0.00938373839620118
crypto_equal_weight,2022-01-10,-0.03018341787231781
crypto_equal_weight,2022-01-11,0.03416218451646136
crypto_equal_weight,2022-01-12,0.05390506305509349
crypto_equal_weight,2022-01-13,-0.034351553179315694
crypto_equal_weight,2022-01-14,0.025946966258798363
crypto_equal_weight,2022-01-15,0.008994754628404667
crypto_equal_weight,2022-01-16,0.0065039051181924774
crypto_equal_weight,2022-01-17,0.00046937886742684943
crypto_equal_weight,2022-01-18,-0.015388287946141763
crypto_equal_weight,2022-01-19,-0.029012441761665654
crypto_equal_weight,2022-01-20,-0.04252286623358551
crypto_equal_weight,2022-01-21,-0.11571254110166601
crypto_equal_weight,2022-01-22,-0.05885921527965914
crypto_equal_weight,2022-01-23,0.03875242717376981
crypto_equal_weight,2022-01-24,-0.028662159065224815
crypto_equal_weight,2022-01-25,0.0004887591135445127
crypto_equal_weight,2022-01-26,0.005058996734153465
crypto_equal_weight,2022-01-27,-0.008704446363619856
crypto_equal_weight,2022-01-28,0.025426408633765198
crypto_equal_weight,2022-01-29,0.014763887792000531
crypto_equal_weight,2022-01-30,-0.01730228000829739
crypto_equal_weight,2022-01-31,0.014535726144460118
crypto_equal_weight,2022-02-01,0.023033684182255224
crypto_equal_weight,2022-02-02,-0.0392681340350189
crypto_equal_weight,2022-02-03,0.015430349548788727
crypto_equal_weight,2022-02-04,0.08722734863520698
crypto_equal_weight,2022-02-05,0.009422977778614994
crypto_equal_weight,2022-02-06,0.02460039905956177
crypto_equal_weight,2022-02-07,0.07049951598030699
crypto_equal_weight,2022-02-08,-0.0025026088809162687
crypto_equal_weight,2022-02-09,0.019764412626272824
crypto_equal_weight,2022-02-10,-0.026291180600430487
crypto_equal_weight,2022-02-11,-0.059878460105618043
crypto_equal_weight,2022-02-12,0.004881581624613972
crypto_equal_weight,2022-02-13,-0.0009595511905362898
crypto_equal_weight,2022-02-14,-0.004873680716226226
crypto_equal_weight,2022-02-15,0.055317919791162566
crypto_equal_weight,2022-02-16,-0.015403125009194408
crypto_equal_weight,2022-02-17,-0.07783500010761192
crypto_equal_weight,2022-02-18,-0.007808763498197357
crypto_equal_weight,2022-02-19,0.005728448292466137
crypto_equal_weight,2022-02-20,-0.04326270437002942
crypto_equal_weight,2022-02-21,-0.0626345494325867
crypto_equal_weight,2022-02-22,0.039267972983908536
crypto_equal_weight,2022-02-23,-0.020894244531552655
crypto_equal_weight,2022-02-24,0.0018385094903915378
crypto_equal_weight,2022-02-25,0.04265680231986539
crypto_equal_weight,2022-02-26,0.002904508069891176
crypto_equal_weight,2022-02-27,-0.04140870790385846
crypto_equal_weight,2022-02-28,0.10086406570540668
crypto_equal_weight,2022-03-01,0.0031196221938872945
crypto_equal_weight,2022-03-02,-0.018961438742063776
crypto_equal_weight,2022-03-03,-0.01945143008743081
crypto_equal_weight,2022-03-04,-0.0696371325993718
crypto_equal_weight,2022-03-05,0.0252353977196617
crypto_equal_weight,2022-03-06,-0.03685028874198392
crypto_equal_weight,2022-03-07,-0.01777702786344355
crypto_equal_weight,2022-03-08,0.019149664845266434
crypto_equal_weight,2022-03-09,0.06142501332371159
crypto_equal_weight,2022-03-10,-0.04529719373610162
crypto_equal_weight,2022-03-11,0.00725138935331222
crypto_equal_weight,2022-03-12,-0.0003131008534325579
crypto_equal_weight,2022-03-13,-0.026829848389654964
crypto_equal_weight,2022-03-14,0.025832757715324072
crypto_equal_weight,2022-03-15,0.002887432540878421
crypto_equal_weight,2022-03-16,0.041546730983816206
crypto_equal_weight,2022-03-17,-0.0021367286149943324
crypto_equal_weight,2022-03-18,0.022870714126966354
crypto_equal_weight,2022-03-19,0.04889256616829627
crypto_equal_weight,2022-03-20,-0.0008807548129557872
crypto_equal_weight,2022-03-21,0.023983811636451396
crypto_equal_weight,2022-03-22,0.06288462575961844
crypto_equal_weight,2022-03-23,0.012081167675711223
crypto_equal_weight,2022-03-24,0.02453322843609056
crypto_equal_weight,2022-03-25,-0.011489590412916785
crypto_equal_weight,2022-03-26,0.009594654493158005
crypto_equal_weight,2022-03-27,0.042547875454710636
crypto_equal_weight,2022-03-28,0.00445177065782223
crypto_equal_weight,2022-03-29,0.013999177555741139
crypto_equal_weight,2022-03-30,0.009501167971384695
crypto_equal_weight,2022-03-31,-0.03077250341725826
crypto_equal_weight,2022-04-01,0.01314246889255092
crypto_equal_weight,2022-04-02,-0.010246088629816429
crypto_equal_weight,2022-04-03,0.019144810628382403
crypto_equal_weight,2022-04-04,-0.006553388346854017
crypto_equal_weight,2022-04-05,-0.028460521862655356
crypto_equal_weight,2022-04-06,-0.09165544300198733
crypto_equal_weight,2022-04-07,0.0361365525133895
crypto_equal_weight,2022-04-08,-0.0418624787584597
crypto_equal_weight,2022-04-09,0.01842106310011493
crypto_equal_weight,2022-04-10,-0.017001828378892973
crypto_equal_weight,2022-04-11,-0.08038746598850147
crypto_equal_weight,2022-04-12,0.0283449435915488
crypto_equal_weight,2022-04-13,0.03716934184651202
crypto_equal_weight,2022-04-14,-0.02365856424583321
crypto_equal_weight,2022-04-15,0.031038335249899567
crypto_equal_weight,2022-04-16,0.014421413264668358
crypto_equal_weight,2022-04-17,-0.038583655169079335
crypto_equal_weight,2022-04-18,0.02228925033010376
crypto_equal_weight,2022-04-19,0.021499995707293638
crypto_equal_weight,2022-04-20,-0.012096637850906013
crypto_equal_weight,2022-04-21,-0.020877854849308073
crypto_equal_weight,2022-04-22,-0.011750225224195167
crypto_equal_weight,2022-04-23,-0.012860547675251912
crypto_equal_weight,2022-04-24,-0.013762498814561454
crypto_equal_weight,2022-04-25,0.01016629986165194
crypto_equal_weight,2022-04-26,-0.06831752801509475
crypto_equal_weight,2022-04-27,0.024420882858019202
crypto_equal_weight,2022-04-28,0.008911743483814662
crypto_equal_weight,2022-04-29,-0.03646867383836265
crypto_equal_weight,2022-04-30,-0.05335987681911827
crypto_equal_weight,2022-05-01,0.047335770451658335
crypto_equal_weight,2022-05-02,-0.003150579813704691
crypto_equal_weight,2022-05-03,-0.010712090547274924
crypto_equal_weight,2022-05-04,0.09768777207422856
crypto_equal_weight,2022-05-05,-0.08792760957755685
crypto_equal_weight,2022-05-06,0.009911536356464601
crypto_equal_weight,2022-05-07,-0.025861551667197512
crypto_equal_weight,2022-05-08,-0.01912325233741754
crypto_equal_weight,2022-05-09,-0.13858540201932165
crypto_equal_weight,2022-05-10,0.03548752611899278
crypto_equal_weight,2022-05-11,-0.14409244004091043
crypto_equal_weight,2022-05-12,-0.04872558742882797
crypto_equal_weight,2022-05-13,0.06680643620759522
crypto_equal_weight,2022-05-14,0.021150943771016485
crypto_equal_weight,2022-05-15,0.041672055707046005
crypto_equal_weight,2022-05-16,-0.05961559892154227
crypto_equal_weight,2022-05-17,0.04388035967930753
crypto_equal_weight,2022-05-18,-0.07934075845361611
crypto_equal_weight,2022-05-19,0.04750690560771123
crypto_equal_weight,2022-05-20,-0.03175963714668381
crypto_equal_weight,2022-05-21,0.01647804411295526
crypto_equal_weight,2022-05-22,0.03472782004763588
crypto_equal_weight,2022-05-23,-0.0328043162476431
crypto_equal_weight,2022-05-24,0.03203904359740626
crypto_equal_weight,2022-05-25,-0.009345323136245278
crypto_equal_weight,2022-05-26,-0.05070413016976659
crypto_equal_weight,2022-05-27,-0.02852164180232375
crypto_equal_weight,2022-05-28,0.01804435320543567
crypto_equal_weight,2022-05-29,0.02776182819934858
crypto_equal_weight,2022-05-30,0.08357793585561525
crypto_equal_weight,2022-05-31,0.011728387575256224
crypto_equal_weight,2022-06-01,-0.0710803050374161
crypto_equal_weight,2022-06-02,0.0241083992323192
crypto_equal_weight,2022-06-03,-0.02621997954174823
crypto_equal_weight,2022-06-04,0.00729477174064296
crypto_equal_weight,2022-06-05,-0.004211390828016737
crypto_equal_weight,2022-06-06,0.02920144611179571
crypto_equal_weight,2022-06-07,-0.011969793902402003
crypto_equal_weight,2022-06-08,-0.013612383477299806
crypto_equal_weight,2022-06-09,-0.006290799584613548
crypto_equal_weight,2022-06-10,-0.052389569676345525
crypto_equal_weight,2022-06-11,-0.05910299544008757
crypto_equal_weight,2022-06-12,-0.05806915079641411
crypto_equal_weight,2022-06-13,-0.12649945561716175
crypto_equal_weight,2022-06-14,0.011680498107776518
crypto_equal_weight,2022-06-15,0.06542525357596153
crypto_equal_weight,2022-06-16,-0.1071884006610222
crypto_equal_weight,2022-06-17,0.036461982033388525
crypto_equal_weight,2022-06-18,-0.04251541303837564
crypto_equal_weight,2022-06-19,0.07927452664115973
crypto_equal_weight,2022-06-20,0.0015757411640274664
crypto_equal_weight,2022-06-21,0.005971368768382866
crypto_equal_weight,2022-06-22,-0.03599036081922781
crypto_equal_weight,2022-06-23,0.047340504070337984
crypto_equal_weight,2022-06-24,0.03819140914105866
crypto_equal_weight,2022-06-25,0.007753439427377806
crypto_equal_weight,2022-06-26,-0.021408985862141752
crypto_equal_weight,2022-06-27,-0.006753675892738909
crypto_equal_weight,2022-06-28,-0.043163800565628886
crypto_equal_weight,2022-06-29,-0.014634249838758707
crypto_equal_weight,2022-06-30,-0.007364903002337223
crypto_equal_weight,2022-07-01,-0.022743101604300778
crypto_equal_weight,2022-07-02,0.010206534368909838
crypto_equal_weight,2022-07-03,0.006203747849250052
crypto_equal_weight,2022-07-04,0.03434928007958627
crypto_equal_weight,2022-07-05,-0.019035901264224744
crypto_equal_weight,2022-07-06,0.01714929107079264
crypto_equal_weight,2022-07-07,0.03818408898870451
crypto_equal_weight,2022-07-08,-0.009716256354324614
crypto_equal_weight,2022-07-09,0.014113331687002918
crypto_equal_weight,2022-07-10,-0.039914641433941585
crypto_equal_weight,2022-07-11,-0.055941769132582544
crypto_equal_weight,2022-07-12,-0.023506154582261483
crypto_equal_weight,2022-07-13,0.04427791375235155
crypto_equal_weight,2022-07-14,0.023188826061356818
crypto_equal_weight,2022-07-15,0.013295712298953434
crypto_equal_weight,2022-07-16,0.05154078995565464
crypto_equal_weight,2022-07-17,-0.0009481346380628367
crypto_equal_weight,2022-07-18,0.10792768941483928
crypto_equal_weight,2022-07-19,0.018286943077011588
crypto_equal_weight,2022-07-20,-0.03622962949559685
crypto_equal_weight,2022-07-21,0.024561258029602205
crypto_equal_weight,2022-07-22,-0.007789360004250423
crypto_equal_weight,2022-07-23,0.0075367209362238955
crypto_equal_weight,2022-07-24,0.019692387162963055
crypto_equal_weight,2022-07-25,-0.07276478282443086
crypto_equal_weight,2022-07-26,0.00427972286266034
crypto_equal_weight,2022-07-27,0.10911298957386757
crypto_equal_weight,2022-07-28,0.07791692582964407
crypto_equal_weight,2022-07-29,-0.005829183344439626
crypto_equal_weight,2022-07-30,-0.004675670221653649
crypto_equal_weight,2022-07-31,-0.016465189612308164
crypto_equal_weight,2022-08-01,-0.012699082640371008
crypto_equal_weight,2022-08-02,-0.018731547141342078
crypto_equal_weight,2022-08-03,-0.005898263614123967
crypto_equal_weight,2022-08-04,0.0014520885855312192
crypto_equal_weight,2022-08-05,0.04574473649123465
crypto_equal_weight,2022-08-06,-0.009351144158146453
crypto_equal_weight,2022-08-07,0.006392427307688353
crypto_equal_weight,2022-08-08,0.022944762116980797
crypto_equal_weight,2022-08-09,-0.04364255068394753
crypto_equal_weight,2022-08-10,0.05001775589284965
crypto_equal_weight,2022-08-11,0.013045285139439911
crypto_equal_weight,2022-08-12,0.014118240519318504
crypto_equal_weight,2022-08-13,0.007878268833164915
crypto_equal_weight,2022-08-14,-0.012942023802462376
crypto_equal_weight,2022-08-15,-0.01673484372583201
crypto_equal_weight,2022-08-16,0.00209126616210481
crypto_equal_weight,2022-08-17,-0.006078541612463406
crypto_equal_weight,2022-08-18,-0.017337879464370286
crypto_equal_weight,2022-08-19,-0.1080894597290833
crypto_equal_weight,2022-08-20,0.014368971101450911
crypto_equal_weight,2022-08-21,0.031694698941254096
crypto_equal_weight,2022-08-22,0.02147356950618195
crypto_equal_weight,2022-08-23,0.014107231905767195
crypto_equal_weight,2022-08-24,-0.007648736420349412
crypto_equal_weight,2022-08-25,0.01094257699168686
crypto_equal_weight,2022-08-26,-0.07803359417007812
crypto_equal_weight,2022-08-27,0.0021792845693798693
crypto_equal_weight,2022-08-28,-0.033573061151733086
crypto_equal_weight,2022-08-29,0.04925487420357117
crypto_equal_weight,2022-08-30,-0.026894195820249905
crypto_equal_weight,2022-08-31,0.0032082975179153817
crypto_equal_weight,2022-09-01,0.02437063798841811
crypto_equal_weight,2022-09-02,0.004941360554689911
crypto_equal_weight,2022-09-03,0.0021444066227914943
crypto_equal_weight,2022-09-04,0.009466664886264419
crypto_equal_weight,2022-09-05,0.031521784509391984
crypto_equal_weight,2022-09-06,-0.0711698190596358
crypto_equal_weight,2022-09-07,0.05776727663863668
crypto_equal_weight,2022-09-08,0.005849298003899806
crypto_equal_weight,2022-09-09,0.05861627705926811
crypto_equal_weight,2022-09-10,0.01834220726446272
crypto_equal_weight,2022-09-11,-0.011384277713285618
crypto_equal_weight,2022-09-12,-0.007453641423881051
crypto_equal_weight,2022-09-13,-0.07111080127953139
crypto_equal_weight,2022-09-14,0.021343579918086813
crypto_equal_weight,2022-09-15,-0.04826521767813676
crypto_equal_weight,2022-09-16,0.013050713012939598
crypto_equal_weight,2022-09-17,0.031041752444428392
crypto_equal_weight,2022-09-18,-0.07844006705083154
crypto_equal_weight,2022-09-19,0.02205062184171413
crypto_equal_weight,2022-09-20,0.00012092982397091546
crypto_equal_weight,2022-09-21,-0.039127276267486556
crypto_equal_weight,2022-09-22,0.06731721632356923
crypto_equal_weight,2022-09-23,0.011085161822327872
crypto_equal_weight,2022-09-24,-0.021096523709983692
crypto_equal_weight,2022-09-25,-0.013323073667573293
crypto_equal_weight,2022-09-26,0.002677652663144337
crypto_equal_weight,2022-09-27,-0.015303930453989192
crypto_equal_weight,2022-09-28,-0.0012962799289126913
crypto_equal_weight,2022-09-29,0.026085138651090946
crypto_equal_weight,2022-09-30,-0.004491731472247418
crypto_equal_weight,2022-10-01,0.0008534505682332936
crypto_equal_weight,2022-10-02,-0.025340823712240203
crypto_equal_weight,2022-10-03,0.02177381961999727
crypto_equal_weight,2022-10-04,0.024596952998144017
crypto_equal_weight,2022-10-05,-0.004256612742547317
crypto_equal_weight,2022-10-06,-0.006072386991168045
crypto_equal_weight,2022-10-07,-0.0041997237012902245
crypto_equal_weight,2022-10-08,-0.0031627007461755177
crypto_equal_weight,2022-10-09,0.010305532644744562
crypto_equal_weight,2022-10-10,-0.04378364997925048
crypto_equal_weight,2022-10-11,-0.01811325390537241
crypto_equal_weight,2022-10-12,0.0017588610791762658
crypto_equal_weight,2022-10-13,-0.016872170705753243
crypto_equal_weight,2022-10-14,0.0024026320207527047
crypto_equal_weight,2022-10-15,-0.007131151020167648
crypto_equal_weight,2022-10-16,0.011621146466186614
crypto_equal_weight,2022-10-17,0.011846976355508422
crypto_equal_weight,2022-10-18,-0.015818455509828577
crypto_equal_weight,2022-10-19,-0.024324659241497005
crypto_equal_weight,2022-10-20,-0.002619610516268811
crypto_equal_weight,2022-10-21,0.013255302797449077
crypto_equal_weight,2022-10-22,0.01085435584045934
crypto_equal_weight,2022-10-23,0.019051152137463643
crypto_equal_weight,2022-10-24,-0.0200393127323265
crypto_equal_weight,2022-10-25,0.053188844301937294
crypto_equal_weight,2022-10-26,0.023395554187381103
crypto_equal_weight,2022-10-27,-0.021055507328959756
crypto_equal_weight,2022-10-28,0.020022714690651536
crypto_equal_weight,2022-10-29,0.01645220704709567
crypto_equal_weight,2022-10-30,-0.02340182217984157
crypto_equal_weight,2022-10-31,0.0012976892075733605
crypto_equal_weight,2022-11-01,-0.004912792959008127
crypto_equal_weight,2022-11-02,-0.014486227815160457
crypto_equal_weight,2022-11-03,0.015883857574179074
crypto_equal_weight,2022-11-04,0.0685059505372958
crypto_equal_weight,2022-11-05,-0.00020999726714571263
crypto_equal_weight,2022-11-06,-0.03910438366190772
crypto_equal_weight,2022-11-07,0.00012663336940262862
crypto_equal_weight,2022-11-08,-0.1167796687963813
crypto_equal_weight,2022-11-09,-0.14533737478270545
crypto_equal_weight,2022-11-10,0.15718182435819014
crypto_equal_weight,2022-11-11,-0.017450224027057117
crypto_equal_weight,2022-11-12,-0.031724200843263994
crypto_equal_weight,2022-11-13,-0.03424062873727751
crypto_equal_weight,2022-11-14,0.023508344251123928
crypto_equal_weight,2022-11-15,0.014770586640126848
crypto_equal_weight,2022-11-16,-0.018455154464827005
crypto_equal_weight,2022-11-17,0.005198850055400295
crypto_equal_weight,2022-11-18,0.002262774809897816
crypto_equal_weight,2022-11-19,0.007957564572855102
crypto_equal_weight,2022-11-20,-0.04097185663900473
crypto_equal_weight,2022-11-21,-0.013766519939743082
crypto_equal_weight,2022-11-22,0.03818765204158874
crypto_equal_weight,2022-11-23,0.04600819648222201
crypto_equal_weight,2022-11-24,0.01047953732323903
crypto_equal_weight,2022-11-25,-0.006553732974283943
crypto_equal_weight,2022-11-26,-0.003913906244352327
crypto_equal_weight,2022-11-27,-0.0016151355296764704
crypto_equal_weight,2022-11-28,-0.017932822384435165
crypto_equal_weight,2022-11-29,0.016379010998877487
crypto_equal_weight,2022-11-30,0.034122282916634196
crypto_equal_weight,2022-12-01,-0.02010211654273666
crypto_equal_weight,2022-12-02,0.00869650707204106
crypto_equal_weight,2022-12-03,-0.019275456071140583
crypto_equal_weight,2022-12-04,0.011134860482354783
crypto_equal_weight,2022-12-05,-0.0018791591478292905
crypto_equal_weight,2022-12-06,0.006433327246687715
crypto_equal_weight,2022-12-07,-0.01939734123673914
crypto_equal_weight,2022-12-08,0.021648162393384764
crypto_equal_weight,2022-12-09,-0.005385923408072269
crypto_equal_weight,2022-12-10,-0.00041431654895387473
crypto_equal_weight,2022-12-11,-0.012363960479477366
crypto_equal_weight,2022-12-12,-0.0025423718663757033
crypto_equal_weight,2022-12-13,0.022912054945997577
crypto_equal_weight,2022-12-14,-0.010998918446365035
crypto_equal_weight,2022-12-15,-0.0234077154992274
crypto_equal_weight,2022-12-16,-0.08042107349128047
crypto_equal_weight,2022-12-17,0.014197022017520213
crypto_equal_weight,2022-12-18,-0.0065492284917213275
crypto_equal_weight,2022-12-19,-0.030900155037951897
crypto_equal_weight,2022-12-20,0.03630442386762824
crypto_equal_weight,2022-12-21,-0.003591498772828528
crypto_equal_weight,2022-12-22,0.006183164973579569
crypto_equal_weight,2022-12-23,-0.0010842824716702953
crypto_equal_weight,2022-12-24,-0.0009345266149806466
crypto_equal_weight,2022-12-25,0.0003434715730120659
crypto_equal_weight,2022-12-26,0.01605461149027626
crypto_equal_weight,2022-12-27,-0.011762568229070092
crypto_equal_weight,2022-12-28,-0.027080495320851314
crypto_equal_weight,2022-12-29,-0.0006051108231715056
crypto_equal_weight,2022-12-30,0.00041194725546174184
crypto_equal_weight,2022-12-31,0.0012423581931927934
crypto_equal_weight,2023-01-01,0.007755602914296445
crypto_equal_weight,2023-01-02,0.01900434961362503
crypto_equal_weight,2023-01-03,-0.0027050635667062563
crypto_equal_weight,2023-01-04,0.0370398709618052
crypto_equal_weight,2023-01-05,-0.014915270707060857
crypto_equal_weight,2023-01-06,0.02399224989900126
crypto_equal_weight,2023-01-07,-0.0033150493784421474
crypto_equal_weight,2023-01-08,0.02215294241808401
crypto_equal_weight,2023-01-09,0.0273397797884958
crypto_equal_weight,2023-01-10,0.006023627086972294
crypto_equal_weight,2023-01-11,0.0293627235624937
crypto_equal_weight,2023-01-12,0.025749110740923696
crypto_equal_weight,2023-01-13,0.03391595944645199
crypto_equal_weight,2023-01-14,0.034338832142037486
crypto_equal_weight,2023-01-15,-0.0026764894860901167
crypto_equal_weight,2023-01-16,-0.004590647914346924
crypto_equal_weight,2023-01-17,-0.004905501990651051
crypto_equal_weight,2023-01-18,-0.042835744481502354
crypto_equal_weight,2023-01-19,0.023740913258057026
crypto_equal_weight,2023-01-20,0.06451981663484795
crypto_equal_weight,2023-01-21,-0.009632871913905806
crypto_equal_weight,2023-01-22,0.009943629551392632
crypto_equal_weight,2023-01-23,0.020945304673450772
crypto_equal_weight,2023-01-24,-0.041702126622754424
crypto_equal_weight,2023-01-25,0.030705961642368048
crypto_equal_weight,2023-01-26,-0.0017370736202734988
crypto_equal_weight,2023-01-27,0.010663978155810239
crypto_equal_weight,2023-01-28,-0.008871756409081723
crypto_equal_weight,2023-01-29,0.03185076197963703
crypto_equal_weight,2023-01-30,-0.04704284596112843
crypto_equal_weight,2023-01-31,0.01970616656237656
crypto_equal_weight,2023-02-01,0.025797610005811867
crypto_equal_weight,2023-02-02,-0.004085517910096637
crypto_equal_weight,2023-02-03,0.013795338410564273
crypto_equal_weight,2023-02-04,0.0008217074966740401
crypto_equal_weight,2023-02-05,-0.021485676165057394
crypto_equal_weight,2023-02-06,-0.017506770629490034
crypto_equal_weight,2023-02-07,0.03869117832630642
crypto_equal_weight,2023-02-08,-0.015035624875278052
crypto_equal_weight,2023-02-09,-0.05771134865422327
crypto_equal_weight,2023-02-10,-0.0009264932442613174
crypto_equal_weight,2023-02-11,0.011119083825479525
crypto_equal_weight,2023-02-12,-0.014240155531741516
crypto_equal_weight,2023-02-13,-0.003184222497895306
crypto_equal_weight,2023-02-14,0.029872183904632737
crypto_equal_weight,2023-02-15,0.06536374685986238
crypto_equal_weight,2023-02-16,-0.0437863949888458
crypto_equal_weight,2023-02-17,0.04882788616562266
crypto_equal_weight,2023-02-18,0.007887810379065562
crypto_equal_weight,2023-02-19,-0.010708115017883579
crypto_equal_weight,2023-02-20,0.025052763815127686
crypto_equal_weight,2023-02-21,-0.01918195592707385
crypto_equal_weight,2023-02-22,-0.007432613906955421
crypto_equal_weight,2023-02-23,-0.011735816425103697
crypto_equal_weight,2023-02-24,-0.03497155614609792
crypto_equal_weight,2023-02-25,-0.00247534121806664
crypto_equal_weight,2023-02-26,0.017734774694643064
crypto_equal_weight,2023-02-27,-0.004616748672202599
crypto_equal_weight,2023-02-28,-0.012715198199124325
crypto_equal_weight,2023-03-01,0.02613632945537423
crypto_equal_weight,2023-03-02,-0.010070787872863439
crypto_equal_weight,2023-03-03,-0.022607444872867956
crypto_equal_weight,2023-03-04,-0.01880899563048919
crypto_equal_weight,2023-03-05,-0.001995698481330155
crypto_equal_weight,2023-03-06,-0.00392180502006011
crypto_equal_weight,2023-03-07,-0.008894546655637112
crypto_equal_weight,2023-03-08,-0.027210303066710507
crypto_equal_weight,2023-03-09,-0.06062363391736244
crypto_equal_weight,2023-03-10,-0.004351473976778364
crypto_equal_weight,2023-03-11,0.0018321938898936076
crypto_equal_weight,2023-03-12,0.0674362877377666
crypto_equal_weight,2023-03-13,0.043876827588640886
crypto_equal_weight,2023-03-14,0.020163527323838592
crypto_equal_weight,2023-03-15,-0.05192990719788017
crypto_equal_weight,2023-03-16,0.018210966972107202
crypto_equal_weight,2023-03-17,0.06565744021574993
crypto_equal_weight,2023-03-18,-0.022695728368747784
crypto_equal_weight,2023-03-19,0.02849706335215436
crypto_equal_weight,2023-03-20,-0.03439950547262127
crypto_equal_weight,2023-03-21,0.07619108897481006
crypto_equal_weight,2023-03-22,-0.04933245640002721
crypto_equal_weight,2023-03-23,0.04653891872498437
crypto_equal_weight,2023-03-24,-0.027248347242557584
crypto_equal_weight,2023-03-25,-0.0020463756958890474
crypto_equal_weight,2023-03-26,0.013712003864556753
crypto_equal_weight,2023-03-27,-0.01925061693997912
crypto_equal_weight,2023-03-28,0.029880537619454882
crypto_equal_weight,2023-03-29,0.02862273797752435
crypto_equal_weight,2023-03-30,-0.00176075907499288
crypto_equal_weight,2023-03-31,0.02249685501481828
crypto_equal_weight,2023-04-01,-0.004093416876705502
crypto_equal_weight,2023-04-02,-0.007162079471210981
crypto_equal_weight,2023-04-03,-0.0018588488543411666
crypto_equal_weight,2023-04-04,0.008769344303898264
crypto_equal_weight,2023-04-05,0.004589962586101925
crypto_equal_weight,2023-04-06,-0.008989619099706548
crypto_equal_weight,2023-04-07,-0.0007157523707202245
crypto_equal_weight,2023-04-08,-0.007581287504680156
crypto_equal_weight,2023-04-09,0.0085751661116362
crypto_equal_weight,2023-04-10,0.023579695263970035
crypto_equal_weight,2023-04-11,0.0038228605318978977
crypto_equal_weight,2023-04-12,-0.0047451783135010975
crypto_equal_weight,2023-04-13,0.02334972192127425
crypto_equal_weight,2023-04-14,0.015352888933841126
crypto_equal_weight,2023-04-15,-0.0004410469546381693
crypto_equal_weight,2023-04-16,0.007813593645352735
crypto_equal_weight,2023-04-17,-0.023954347127940975
crypto_equal_weight,2023-04-18,0.02048926563833755
crypto_equal_weight,2023-04-19,-0.0703063812395199
crypto_equal_weight,2023-04-20,-0.016593825169400268
crypto_equal_weight,2023-04-21,-0.036250648570689395
crypto_equal_weight,2023-04-22,0.027746816801226506
crypto_equal_weight,2023-04-23,-0.011357535930528783
crypto_equal_weight,2023-04-24,-0.006202409007347477
crypto_equal_weight,2023-04-25,0.016867220618823685
crypto_equal_weight,2023-04-26,-0.012759860883439278
crypto_equal_weight,2023-04-27,0.01493264831109805
crypto_equal_weight,2023-04-28,0.003736322462608444
crypto_equal_weight,2023-04-29,0.005886241885930077
crypto_equal_weight,2023-04-30,-0.013803832708956977
crypto_equal_weight,2023-05-01,-0.017095930932513506
crypto_equal_weight,2023-05-02,0.01303856664680343
crypto_equal_weight,2023-05-03,0.007033688642077719
crypto_equal_weight,2023-05-04,-0.010527365221955643
crypto_equal_weight,2023-05-05,0.0206916461158581
crypto_equal_weight,2023-05-06,-0.029721123498456306
crypto_equal_weight,2023-05-07,-0.011481109989431838
crypto_equal_weight,2023-05-08,-0.03585792627868483
crypto_equal_weight,2023-05-09,0.016064871833109975
crypto_equal_weight,2023-05-10,-0.0016382682780426983
crypto_equal_weight,2023-05-11,-0.02088555232312441
crypto_equal_weight,2023-05-12,0.006633145413243956
crypto_equal_weight,2023-05-13,-0.006690148368844428
crypto_equal_weight,2023-05-14,0.009488724033330365
crypto_equal_weight,2023-05-15,0.008324650956111014
crypto_equal_weight,2023-05-16,0.008422101567971952
crypto_equal_weight,2023-05-17,0.014914573072979954
crypto_equal_weight,2023-05-18,-0.01162563308424376
crypto_equal_weight,2023-05-19,0.003288349523594647
crypto_equal_weight,2023-05-20,0.004911939670877463
crypto_equal_weight,2023-05-21,-0.010665021585102118
crypto_equal_weight,2023-05-22,0.00852947908232017
crypto_equal_weight,2023-05-23,0.008546689643816751
crypto_equal_weight,2023-05-24,-0.029311627575694967
crypto_equal_weight,2023-05-25,0.0006137923240644661
crypto_equal_weight,2023-05-26,0.013862260516455062
crypto_equal_weight,2023-05-27,0.008685536718812826
crypto_equal_weight,2023-05-28,0.027256993493929828
crypto_equal_weight,2023-05-29,-0.006321640644553051
crypto_equal_weight,2023-05-30,0.009550061586042526
crypto_equal_weight,2023-05-31,-0.010968334133005764
crypto_equal_weight,2023-06-01,-0.0070050480359822205
crypto_equal_weight,2023-06-02,0.03047013415412552
crypto_equal_weight,2023-06-03,-0.0032645391579624763
crypto_equal_weight,2023-06-04,0.0019090477931811847
crypto_equal_weight,2023-06-05,-0.055567419705904994
crypto_equal_weight,2023-06-06,0.03446928333226702
crypto_equal_weight,2023-06-07,-0.033975661274086084
crypto_equal_weight,2023-06-08,0.007310911144695709
crypto_equal_weight,2023-06-09,-0.01150854034035888
crypto_equal_weight,2023-06-10,-0.08270980281888682
crypto_equal_weight,2023-06-11,0.0016502033140609273
crypto_equal_weight,2023-06-12,0.0004878984388572815
crypto_equal_weight,2023-06-13,0.0022993820597000175
crypto_equal_weight,2023-06-14,-0.04317234608044321
crypto_equal_weight,2023-06-15,0.0057891036915591046
crypto_equal_weight,2023-06-16,0.011168012818247086
crypto_equal_weight,2023-06-17,0.00953205851289305
crypto_equal_weight,2023-06-18,-0.005460914609440514
crypto_equal_weight,2023-06-19,0.006550246328475962
crypto_equal_weight,2023-06-20,0.027151896154307277
crypto_equal_weight,2023-06-21,0.06914386829461867
crypto_equal_weight,2023-06-22,-0.0036441032838237077
crypto_equal_weight,2023-06-23,0.07470161177942011
crypto_equal_weight,2023-06-24,0.011652634564868595
crypto_equal_weight,2023-06-25,-0.01086883664227928
crypto_equal_weight,2023-06-26,0.005978334015964882
crypto_equal_weight,2023-06-27,0.02263140143154352
crypto_equal_weight,2023-06-28,-0.03996466241134235
crypto_equal_weight,2023-06-29,0.029699728716752083
crypto_equal_weight,2023-06-30,0.09404904955033085
crypto_equal_weight,2023-07-01,-0.0018449409424392102
crypto_equal_weight,2023-07-02,0.005238620849933817
crypto_equal_weight,2023-07-03,-0.005122109370999129
crypto_equal_weight,2023-07-04,-0.019442579812504756
crypto_equal_weight,2023-07-05,-0.015160100684215772
crypto_equal_weight,2023-07-06,-0.025132335253464932
crypto_equal_weight,2023-07-07,0.01796298117539279
crypto_equal_weight,2023-07-08,0.001531650931283768
crypto_equal_weight,2023-07-09,-0.013726282828247383
crypto_equal_weight,2023-07-10,0.012686976892272453
crypto_equal_weight,2023-07-11,0.00029969873734785323
crypto_equal_weight,2023-07-12,-0.004325411937046786
crypto_equal_weight,2023-07-13,0.1954993284896968
crypto_equal_weight,2023-07-14,-0.06154752460039317
crypto_equal_weight,2023-07-15,-0.010010406055538589
crypto_equal_weight,2023-07-16,-0.005380767728361049
crypto_equal_weight,2023-07-17,-0.004097995284557188
crypto_equal_weight,2023-07-18,0.0006437713452430377
crypto_equal_weight,2023-07-19,0.029475186809692955
crypto_equal_weight,2023-07-20,-0.00025280173185267
crypto_equal_weight,2023-07-21,-0.0015039225025845096
crypto_equal_weight,2023-07-22,-0.012805089144875936
crypto_equal_weight,2023-07-23,0.013126348690180534
crypto_equal_weight,2023-07-24,-0.03911088820428194
crypto_equal_weight,2023-07-25,0.0004515707248740954
crypto_equal_weight,2023-07-26,0.01536213004313094
crypto_equal_weight,2023-07-27,0.0022443134630713455
crypto_equal_weight,2023-07-28,0.007462819176447866
crypto_equal_weight,2023-07-29,0.003363640436718895
crypto_equal_weight,2023-07-30,-0.0018887354070578294
crypto_equal_weight,2023-07-31,-0.017232735110357566
crypto_equal_weight,2023-08-01,0.008097901202082248
crypto_equal_weight,2023-08-02,-0.03714694707929564
crypto_equal_weight,2023-08-03,-0.01737553628357058
crypto_equal_weight,2023-08-04,-0.007302872222976842
crypto_equal_weight,2023-08-05,0.004349784985149952
crypto_equal_weight,2023-08-06,-0.005434122335717784
crypto_equal_weight,2023-08-07,0.00701631019083232
crypto_equal_weight,2023-08-08,0.014720931908673896
crypto_equal_weight,2023-08-09,-0.002395454912777484
crypto_equal_weight,2023-08-10,-0.010313452290058634
crypto_equal_weight,2023-08-11,-0.002505354091861368
crypto_equal_weight,2023-08-12,-3.937036608947508e-06
crypto_equal_weight,2023-08-13,-0.006202337709924488
crypto_equal_weight,2023-08-14,0.0019515992508783106
crypto_equal_weight,2023-08-15,-0.028483106955607816
crypto_equal_weight,2023-08-16,-0.03890073461971866
crypto_equal_weight,2023-08-17,-0.08842940887497387
crypto_equal_weight,2023-08-18,0.006166164594595425
crypto_equal_weight,2023-08-19,0.01446029421699644
crypto_equal_weight,2023-08-20,0.016883672615801638
crypto_equal_weight,2023-08-21,-0.009879608817271868
crypto_equal_weight,2023-08-22,-0.014368192690346893
crypto_equal_weight,2023-08-23,0.03150211746919023
crypto_equal_weight,2023-08-24,-0.012132670149970026
crypto_equal_weight,2023-08-25,-0.0010979540234162925
crypto_equal_weight,2023-08-26,-0.00558602193954032
crypto_equal_weight,2023-08-27,0.009236659750104226
crypto_equal_weight,2023-08-28,-0.005905699793415332
crypto_equal_weight,2023-08-29,0.055070350603778455
crypto_equal_weight,2023-08-30,-0.022248078588893397
crypto_equal_weight,2023-08-31,-0.03801269052597048
crypto_equal_weight,2023-09-01,-0.012928701106311181
crypto_equal_weight,2023-09-02,0.002151171943819353
crypto_equal_weight,2023-09-03,0.006164628955449203
crypto_equal_weight,2023-09-04,0.0031609911132003286
crypto_equal_weight,2023-09-05,-0.001604615569630974
crypto_equal_weight,2023-09-06,0.0014576500461318863
crypto_equal_weight,2023-09-07,0.007585107840102846
crypto_equal_weight,2023-09-08,-0.00505856760002702
crypto_equal_weight,2023-09-09,0.003653019516587175
crypto_equal_weight,2023-09-10,-0.01358203824648161
crypto_equal_weight,2023-09-11,-0.033173901462008853
crypto_equal_weight,2023-09-12,0.020236277370025098
crypto_equal_weight,2023-09-13,0.010910137712222902
crypto_equal_weight,2023-09-14,0.015075647116377934
crypto_equal_weight,2023-09-15,0.017594204754288655
crypto_equal_weight,2023-09-16,-0.003896207474792124
crypto_equal_weight,2023-09-17,-0.01639326751851299
crypto_equal_weight,2023-09-18,0.01968908084512331
crypto_equal_weight,2023-09-19,0.011995626949226115
crypto_equal_weight,2023-09-20,-0.010665434056974477
crypto_equal_weight,2023-09-21,-0.01980039929133834
crypto_equal_weight,2023-09-22,0.0012225372952483827
crypto_equal_weight,2023-09-23,0.0025781426251764274
crypto_equal_weight,2023-09-24,-0.013020335411775554
crypto_equal_weight,2023-09-25,0.00871039004850741
crypto_equal_weight,2023-09-26,-0.003099137163124954
crypto_equal_weight,2023-09-27,0.009322785106952891
crypto_equal_weight,2023-09-28,0.02507332442056951
crypto_equal_weight,2023-09-29,0.005434094670924462
crypto_equal_weight,2023-09-30,0.004049637744505442
crypto_equal_weight,2023-10-01,0.029508245626091827
crypto_equal_weight,2023-10-02,-0.02263630601154587
crypto_equal_weight,2023-10-03,0.00018829581268208113
crypto_equal_weight,2023-10-04,-0.006274930158273262
crypto_equal_weight,2023-10-05,-0.011059632702356846
crypto_equal_weight,2023-10-06,0.009812111022711314
crypto_equal_weight,2023-10-07,-0.004232898693495945
crypto_equal_weight,2023-10-08,-0.004816313761426894
crypto_equal_weight,2023-10-09,-0.03092759364739514
crypto_equal_weight,2023-10-10,-0.0074236072208691
crypto_equal_weight,2023-10-11,-0.008962957009541505
crypto_equal_weight,2023-10-12,-0.008336279694453464
crypto_equal_weight,2023-10-13,0.007031694669283151
crypto_equal_weight,2023-10-14,0.0015492963973016472
crypto_equal_weight,2023-10-15,0.006085723990029368
crypto_equal_weight,2023-10-16,0.029826719180017003
crypto_equal_weight,2023-10-17,-0.018865643579989565
crypto_equal_weight,2023-10-18,-0.006922478049449166
crypto_equal_weight,2023-10-19,0.017096205176686596
crypto_equal_weight,2023-10-20,0.02151512776330269
crypto_equal_weight,2023-10-21,0.018699108965846388
crypto_equal_weight,2023-10-22,0.00468562831336562
crypto_equal_weight,2023-10-23,0.05725437055352863
crypto_equal_weight,2023-10-24,-5.517032091718671e-05
crypto_equal_weight,2023-10-25,0.003641279162773314
crypto_equal_weight,2023-10-26,-0.0004957256077606446
crypto_equal_weight,2023-10-27,-0.01083655687974755
crypto_equal_weight,2023-10-28,0.012065201809833436
crypto_equal_weight,2023-10-29,0.012478492769189995
crypto_equal_weight,2023-10-30,0.012115615043815276
crypto_equal_weight,2023-10-31,0.009585151462079566
crypto_equal_weight,2023-11-01,0.020423321832506593
crypto_equal_weight,2023-11-02,-0.010673215464948316
crypto_equal_weight,2023-11-03,0.005687092970192599
crypto_equal_weight,2023-11-04,0.00926673148983166
crypto_equal_weight,2023-11-05,0.022180669055755532
crypto_equal_weight,2023-11-06,0.029873216562228903
crypto_equal_weight,2023-11-07,-0.015245608939161118
crypto_equal_weight,2023-11-08,0.00912336382899588
crypto_equal_weight,2023-11-09,0.01894252133707796
crypto_equal_weight,2023-11-10,0.016119127764091114
crypto_equal_weight,2023-11-11,0.0003847868334870935
crypto_equal_weight,2023-11-12,-0.0006957615929076178
crypto_equal_weight,2023-11-13,-0.015109750322123416
crypto_equal_weight,2023-11-14,-0.03211101876751308
crypto_equal_weight,2023-11-15,0.04185776999454001
crypto_equal_weight,2023-11-16,-0.0333948653714404
crypto_equal_weight,2023-11-17,-0.0013511061181286092
crypto_equal_weight,2023-11-18,0.001020008947624163
crypto_equal_weight,2023-11-19,0.01752721150821428
crypto_equal_weight,2023-11-20,-0.012497110479452678
crypto_equal_weight,2023-11-21,-0.05277398882146188
crypto_equal_weight,2023-11-22,0.04727342608349422
crypto_equal_weight,2023-11-23,0.0031977855030910773
crypto_equal_weight,2023-11-24,0.010683066717420787
crypto_equal_weight,2023-11-25,0.014944736662485992
crypto_equal_weight,2023-11-26,-0.01078953734576411
crypto_equal_weight,2023-11-27,-0.024229064196371886
crypto_equal_weight,2023-11-28,0.010875359748756308
crypto_equal_weight,2023-11-29,-0.0015633888162123303
crypto_equal_weight,2023-11-30,-0.003735138334125721
crypto_equal_weight,2023-12-01,0.016457826731079015
crypto_equal_weight,2023-12-02,0.01966302971088343
crypto_equal_weight,2023-12-03,0.00445921864006399
crypto_equal_weight,2023-12-04,0.02434106799439686
crypto_equal_weight,2023-12-05,0.018389489538105593
crypto_equal_weight,2023-12-06,0.0013237156875065548
crypto_equal_weight,2023-12-07,0.024234277982301666
crypto_equal_weight,2023-12-08,0.046945668764004966
crypto_equal_weight,2023-12-09,0.006388985528143444
crypto_equal_weight,2023-12-10,0.001943994632641011
crypto_equal_weight,2023-12-11,-0.06588507928304639
crypto_equal_weight,2023-12-12,0.006350064513168773
crypto_equal_weight,2023-12-13,0.03016846894188363
crypto_equal_weight,2023-12-14,0.0058804058603049054
crypto_equal_weight,2023-12-15,-0.040073893962666106
crypto_equal_weight,2023-12-16,0.018898953179226522
crypto_equal_weight,2023-12-17,-0.01908536977025386
crypto_equal_weight,2023-12-18,0.0026682168001951456
crypto_equal_weight,2023-12-19,-0.013889862746785242
crypto_equal_weight,2023-12-20,0.019194650398160328
crypto_equal_weight,2023-12-21,0.028038946398433563
crypto_equal_weight,2023-12-22,0.017659209009807143
crypto_equal_weight,2023-12-23,-0.009033084431587101
crypto_equal_weight,2023-12-24,-0.017737058550317878
crypto_equal_weight,2023-12-25,0.030472356480362447
crypto_equal_weight,2023-12-26,-0.022479580266228295
crypto_equal_weight,2023-12-27,0.052546355730807716
crypto_equal_weight,2023-12-28,-0.008408280584752969
crypto_equal_weight,2023-12-29,-0.018570001800694725
crypto_equal_weight,2023-12-30,0.00732226086147536
crypto_equal_weight,2023-12-31,-0.011748167139113263
combined_min_variance,2021-01-04,0.003660199328816713
combined_min_variance,2021-01-05,0.0011487662886764485
combined_min_variance,2021-01-06,0.006011910177539128
combined_min_variance,2021-01-07,0.0063672898539999315
combined_min_variance,2021-01-08,-0.002332050293116172
combined_min_variance,2021-01-11,0.00034485157563348903
combined_min_variance,2021-01-12,0.0014022341746121926
combined_min_variance,2021-01-13,-0.0016753347770849956
combined_min_variance,2021-01-14,0.003853034958458319
combined_min_variance,2021-01-15,-0.005258021762735815
combined_min_variance,2021-01-19,0.009677968729116611
combined_min_variance,2021-01-20,0.015184526111565426
combined_min_variance,2021-01-21,-0.009338149980977675
combined_min_variance,2021-01-22,-0.0004646025182247937
combined_min_variance,2021-01-25,0.0033272415666656912
combined_min_variance,2021-01-26,-0.001845036467104629
combined_min_variance,2021-01-27,-0.02170990231933796
combined_min_variance,2021-01-28,0.0010688432717798572
combined_min_variance,2021-01-29,-0.010429855268595562
combined_min_variance,2021-02-01,0.0007198365718859501
combined_min_variance,2021-02-02,0.006384039071357419
combined_min_variance,2021-02-03,-0.0022280479945712304
combined_min_variance,2021-02-04,0.0023423348617494255
combined_min_variance,2021-02-05,0.014655269220117164
combined_min_variance,2021-02-08,0.0030833807932633722
combined_min_variance,2021-02-09,-0.0009172056727843106
combined_min_variance,2021-02-10,-0.007104759762124956
combined_min_variance,2021-02-11,-0.004877881357271957
combined_min_variance,2021-02-12,0.004260545301921085
combined_min_variance,2021-02-16,-0.009078077046679916
combined_min_variance,2021-02-17,0.006812622145690235
combined_min_variance,2021-02-18,-0.01122584347951468
combined_min_variance,2021-02-19,-0.007246780759956765
combined_min_variance,2021-02-22,0.0016327475886892349
combined_min_variance,2021-02-23,-0.007128459802499105
combined_min_variance,2021-02-24,-0.0008608434017570072
combined_min_variance,2021-02-25,-0.00901807753957943
combined_min_variance,2021-02-26,-0.01744701930477658
combined_min_variance,2021-03-01,0.008960489496697276
combined_min_variance,2021-03-02,0.004958118436287832
combined_min_variance,2021-03-03,-0.013230004156035252
combined_min_variance,2021-03-04,-0.0027990835965265204
combined_min_variance,2021-03-05,0.01532034235307818
combined_min_variance,2021-03-08,-0.005215138238069444
combined_min_variance,2021-03-09,0.007218155776937798
combined_min_variance,2021-03-10,0.009548839756204578
combined_min_variance,2021-03-11,-0.0003471485979890559
combined_min_variance,2021-03-12,0.005158958791946889
combined_min_variance,2021-03-15,0.013654042166422178
combined_min_variance,2021-03-16,0.005141379403214197
combined_min_variance,2021-03-17,-0.010340963000170305
combined_min_variance,2021-03-18,-0.00789824035367862
combined_min_variance,2021-03-19,-0.002344049125635147
combined_min_variance,2021-03-22,0.009853616698639569
combined_min_variance,2021-03-23,0.00035971812954029334
combined_min_variance,2021-03-24,-0.006585446979633841
combined_min_variance,2021-03-25,0.002618570982363403
combined_min_variance,2021-03-26,0.017269192576855365
combined_min_variance,2021-03-29,0.010912803591313667
combined_min_variance,2021-03-30,-0.009054231226708839
combined_min_variance,2021-03-31,0.0015818255661542687
combined_min_variance,2021-04-01,0.006896757897525833
combined_min_variance,2021-04-05,0.012270151341491646
combined_min_variance,2021-04-06,-0.0007610731186571915
combined_min_variance,2021-04-07,-0.0021790326266718516
combined_min_variance,2021-04-08,0.0013232632775455454
combined_min_variance,2021-04-09,0.0029347164015590746
combined_min_variance,2021-04-12,0.002134487299422741
combined_min_variance,2021-04-13,0.0037488521865494755
combined_min_variance,2021-04-14,-0.0031280822707793077
combined_min_variance,2021-04-15,0.009154278676475978
combined_min_variance,2021-04-16,0.00158187663041907
combined_min_variance,2021-04-19,-0.002076547615728785
combined_min_variance,2021-04-20,0.005980842079446961
combined_min_variance,2021-04-21,0.003912958388964819
combined_min_variance,2021-04-22,-0.0007134644980280118
combined_min_variance,2021-04-23,0.0026113889645788834
combined_min_variance,2021-04-26,-0.004548703229874935
combined_min_variance,2021-04-27,-0.003852495387223169
combined_min_variance,2021-04-28,-0.0005282364673004482
combined_min_variance,2021-04-29,0.008291500058509151
combined_min_variance,2021-04-30,4.249900873747119e-05
combined_min_variance,2021-05-03,0.00837474708955976
combined_min_variance,2021-05-04,-0.005764677349360924
combined_min_variance,2021-05-05,0.004803204359856339
combined_min_variance,2021-05-06,0.007265722457377307
combined_min_variance,2021-05-07,0.0006364928885575855
combined_min_variance,2021-05-10,0.0036392790533507345
combined_min_variance,2021-05-11,-0.0077332773826230975
combined_min_variance,2021-05-12,-0.015750161059801305
combined_min_variance,2021-05-13,0.012249866949862702
combined_min_variance,2021-05-14,0.0031344465490280183
combined_min_variance,2021-05-17,-0.0025302440515215523
combined_min_variance,2021-05-18,-0.004026983302910577
combined_min_variance,2021-05-19,-0.00364000867474604
combined_min_variance,2021-05-20,0.011850039611451755
combined_min_variance,2021-05-21,-0.0031863816730055695
combined_min_variance,2021-05-24,0.001231793211666082
combined_min_variance,2021-05-25,-0.005369327245122645
combined_min_variance,2021-05-26,0.0016371399822642972
combined_min_variance,2021-05-27,-0.0049003288557258546
combined_min_variance,2021-05-28,0.00021186076430550202
combined_min_variance,2021-06-01,-0.004348854081206127
combined_min_variance,2021-06-02,0.0012926673598455108
combined_min_variance,2021-06-03,0.0042311663746789
combined_min_variance,2021-06-04,0.005879759795411605
combined_min_variance,2021-06-07,-0.004466281010330715
combined_min_variance,2021-06-08,-0.005409083034390479
combined_min_variance,2021-06-09,0.00514352591202253
combined_min_variance,2021-06-10,0.008233699803749205
combined_min_variance,2021-06-11,0.001758676632427991
combined_min_variance,2021-06-14,0.00037805458291401253
combined_min_variance,2021-06-15,-0.00444883666853239
combined_min_variance,2021-06-16,-0.01123303136658453
combined_min_variance,2021-06-17,-0.00014419084812614428
combined_min_variance,2021-06-18,-0.010944782899505161
combined_min_variance,2021-06-21,0.009491130927254314
combined_min_variance,2021-06-22,-0.0010441430291129846
combined_min_variance,2021-06-23,-0.007025220355975023
combined_min_variance,2021-06-24,0.005953364112593361
combined_min_variance,2021-06-25,0.01070047029075906
combined_min_variance,2021-06-28,0.002324263855473017
combined_min_variance,2021-06-29,-0.002942237338856989
combined_min_variance,2021-06-30,0.00756339122450886
combined_min_variance,2021-07-01,0.003381374368074723
combined_min_variance,2021-07-02,0.005130294941084489
combined_min_variance,2021-07-06,-0.002126026206364097
combined_min_variance,2021-07-07,0.0023450839582424307
combined_min_variance,2021-07-08,-0.005230088512884118
combined_min_variance,2021-07-09,0.006836611131566721
combined_min_variance,2021-07-12,0.0019048168450052348
combined_min_variance,2021-07-13,-0.0027100975311012336
combined_min_variance,2021-07-14,0.004205179638088976
combined_min_variance,2021-07-15,0.0012112440037408076
combined_min_variance,2021-07-16,-0.001525170805620722
combined_min_variance,2021-07-19,-0.01393324638817147
combined_min_variance,2021-07-20,0.004965096374476601
combined_min_variance,2021-07-21,-0.0012560690026416415
combined_min_variance,2021-07-22,8.112206219775527e-05
combined_min_variance,2021-07-23,0.01018465392042569
combined_min_variance,2021-07-26,0.0011383344715896542
combined_min_variance,2021-07-27,0.0013001831136651696
combined_min_variance,2021-07-28,-0.0010570857537001797
combined_min_variance,2021-07-29,-0.0005291321097005348
combined_min_variance,2021-07-30,-0.002515176608053595
combined_min_variance,2021-08-02,-0.0013663050923890608
combined_min_variance,2021-08-03,0.0003267792571857376
combined_min_variance,2021-08-04,-0.00785906383231127
combined_min_variance,2021-08-05,0.0046666914748021435
combined_min_variance,2021-08-06,-0.0009267768933000715
combined_min_variance,2021-08-09,0.0013299436815440186
combined_min_variance,2021-08-10,0.0044291562594251255
combined_min_variance,2021-08-11,0.004802398828516626
combined_min_variance,2021-08-12,0.0028657835928600182
combined_min_variance,2021-08-13,0.004306043735802922
combined_min_variance,2021-08-16,0.00648112605696239
combined_min_variance,2021-08-17,0.0025254139728401355
combined_min_variance,2021-08-18,-0.01083092271796627
combined_min_variance,2021-08-19,0.0017621809471565142
combined_min_variance,2021-08-20,0.003966159210599931
combined_min_variance,2021-08-23,-0.0013180297644382927
combined_min_variance,2021-08-24,-0.005550068971996159
combined_min_variance,2021-08-25,-0.0034064837247277974
combined_min_variance,2021-08-26,-0.006416458122059423
combined_min_variance,2021-08-27,0.002140583504189837
combined_min_variance,2021-08-30,0.0035851878440398936
combined_min_variance,2021-08-31,0.003936572906935959
combined_min_variance,2021-09-01,0.0011446461660218875
combined_min_variance,2021-09-02,0.00658974840191984
combined_min_variance,2021-09-03,-0.0011538753926944995
combined_min_variance,2021-09-07,-0.015213867500242754
combined_min_variance,2021-09-08,0.005106125779815975
combined_min_variance,2021-09-09,-0.011137105878552064
combined_min_variance,2021-09-10,-0.007771277088060944
combined_min_variance,2021-09-13,-0.0006918953894323456
combined_min_variance,2021-09-14,-0.004824741706432826
combined_min_variance,2021-09-15,0.003450955969284526
combined_min_variance,2021-09-16,-0.004939585524891095
combined_min_variance,2021-09-17,-0.008391691315524743
combined_min_variance,2021-09-20,-0.00973752365042722
combined_min_variance,2021-09-21,-0.004512901428428884
combined_min_variance,2021-09-22,0.0012898354163926181
combined_min_variance,2021-09-23,0.003215223535682873
combined_min_variance,2021-09-24,-0.003216400818461261
combined_min_variance,2021-09-27,-0.0033456986828120324
combined_min_variance,2021-09-28,-0.005469588162811355
combined_min_variance,2021-09-29,0.008954715773095413
combined_min_variance,2021-09-30,-0.009182293838659287
combined_min_variance,2021-10-01,0.014202101976753935
combined_min_variance,2021-10-04,0.0022514303032852004
combined_min_variance,2021-10-05,0.0011117282784292438
combined_min_variance,2021-10-06,0.0025692321047523906
combined_min_variance,2021-10-07,0.008645457687858347
combined_min_variance,2021-10-08,-0.005146527686884317
combined_min_variance,2021-10-11,-0.00867702404985423
combined_min_variance,2021-10-12,-0.0008250252903338139
combined_min_variance,2021-10-13,0.0006379751319804787
combined_min_variance,2021-10-14,0.008858735805090315
combined_min_variance,2021-10-15,-0.000661036476086882
combined_min_variance,2021-10-18,-0.001735682321521845
combined_min_variance,2021-10-19,0.013751182074130987
combined_min_variance,2021-10-20,0.01044313433376465
combined_min_variance,2021-10-21,0.005543368154181228
combined_min_variance,2021-10-22,0.002460052316012553
combined_min_variance,2021-10-25,0.004428383354832126
combined_min_variance,2021-10-26,-9.473507385100696e-06
combined_min_variance,2021-10-27,-0.010908557743673301
combined_min_variance,2021-10-28,0.01820071833978097
combined_min_variance,2021-10-29,-0.0011548479616643543
combined_min_variance,2021-11-01,0.005338819768056253
combined_min_variance,2021-11-02,0.004662490280077339
combined_min_variance,2021-11-03,6.616532013879807e-05
combined_min_variance,2021-11-04,0.0005863557633383812
combined_min_variance,2021-11-05,-0.012150227727586472
combined_min_variance,2021-11-08,0.001572121850742122
combined_min_variance,2021-11-09,0.0006119463719970993
combined_min_variance,2021-11-10,0.0008719664086108309
combined_min_variance,2021-11-11,0.0023939348117159743
combined_min_variance,2021-11-12,0.0022973302276297902
combined_min_variance,2021-11-15,-0.002468944176910177
combined_min_variance,2021-11-16,-0.00506011097682166
combined_min_variance,2021-11-17,-0.0029215392403954786
combined_min_variance,2021-11-18,-0.0020139475583612464
combined_min_variance,2021-11-19,-0.008045068893027293
combined_min_variance,2021-11-22,0.003811122246993092
combined_min_variance,2021-11-23,0.00666835855372967
combined_min_variance,2021-11-24,-0.0009041189040337862
combined_min_variance,2021-11-26,-0.01468530053200167
combined_min_variance,2021-11-29,-0.0006854865275778183
combined_min_variance,2021-11-30,-0.021628418587021445
combined_min_variance,2021-12-01,-0.011566474070167095
combined_min_variance,2021-12-02,0.014147931033377166
combined_min_variance,2021-12-03,0.00893411633521258
combined_min_variance,2021-12-06,0.0102939902324134
combined_min_variance,2021-12-07,0.0030707671426543925
combined_min_variance,2021-12-08,0.0009158772622122614
combined_min_variance,2021-12-09,-0.002924489973958233
combined_min_variance,2021-12-10,0.007637907607484044
combined_min_variance,2021-12-13,0.004925809740115096
combined_min_variance,2021-12-14,-0.0002626353488631437
combined_min_variance,2021-12-15,0.013109072995838593
combined_min_variance,2021-12-16,0.010391978465446898
combined_min_variance,2021-12-17,-0.01239770852911356
combined_min_variance,2021-12-20,0.001971944890436777
combined_min_variance,2021-12-21,0.0037419230732605503
combined_min_variance,2021-12-22,0.00638147006108946
combined_min_variance,2021-12-23,0.0017215804918604832
combined_min_variance,2021-12-27,0.010635074100874463
combined_min_variance,2021-12-28,0.00446460968265644
combined_min_variance,2021-12-29,0.001017290100794672
combined_min_variance,2021-12-30,0.0006217374341314145
combined_min_variance,2021-12-31,-0.001140840501224208
combined_min_variance,2022-01-03,0.00210080438193159
combined_min_variance,2022-01-04,-0.0005462596439050276
combined_min_variance,2022-01-05,-0.001748239032285277
combined_min_variance,2022-01-06,-0.003975380066424648
combined_min_variance,2022-01-07,0.0043198119636291745
combined_min_variance,2022-01-10,-0.0011022616663740065
combined_min_variance,2022-01-11,0.0038250470183302486
combined_min_variance,2022-01-12,0.0011935203142497727
combined_min_variance,2022-01-13,-0.002180178388742888
combined_min_variance,2022-01-14,-0.0025025215883880403
combined_min_variance,2022-01-18,-0.009148394453721256
combined_min_variance,2022-01-19,-0.0004565801089759977
combined_min_variance,2022-01-20,-0.011039440093651426
combined_min_variance,2022-01-21,-0.004515445276709556
combined_min_variance,2022-01-24,-0.005014133534272625
combined_min_variance,2022-01-25,-0.00498575952264521
combined_min_variance,2022-01-26,-0.01600021580817738
combined_min_variance,2022-01-27,0.000184951159852943
combined_min_variance,2022-01-28,0.016037568287803224
combined_min_variance,2022-01-31,0.010870727042696291
combined_min_variance,2022-02-01,-0.002634620699155287
combined_min_variance,2022-02-02,0.01143917150932979
combined_min_variance,2022-02-03,-0.005873434255241581
combined_min_variance,2022-02-04,-0.0037254647494457025
combined_min_variance,2022-02-07,-0.0010740191816052045
combined_min_variance,2022-02-08,-0.0012213925127737147
combined_min_variance,2022-02-09,0.006438525292697282
combined_min_variance,2022-02-10,-0.017329775181119642
combined_min_variance,2022-02-11,-0.002692798438134912
combined_min_variance,2022-02-14,-0.007925708307348539
combined_min_variance,2022-02-15,0.0021505101983614583
combined_min_variance,2022-02-16,-0.0018035048483809448
combined_min_variance,2022-02-17,-0.006726226899637872
combined_min_variance,2022-02-18,-0.005525398056525158
combined_min_variance,2022-02-22,-0.00395797420461019
combined_min_variance,2022-02-23,-0.002717507283413267
combined_min_variance,2022-02-24,-0.0010968795901283232
combined_min_variance,2022-02-25,0.026189437748038266
combined_min_variance,2022-02-28,-0.0050716152205414694
combined_min_variance,2022-03-01,-0.0017980800896576445
combined_min_variance,2022-03-02,0.012028545273033217
combined_min_variance,2022-03-03,0.008508560843107296
combined_min_variance,2022-03-04,0.0068310401023261805
combined_min_variance,2022-03-07,-0.008795704819857055
combined_min_variance,2022-03-08,-0.013669852566695418
combined_min_variance,2022-03-09,0.0043290154996484575
combined_min_variance,2022-03-10,0.0017450104373755335
combined_min_variance,2022-03-11,-0.005361436582831891
combined_min_variance,2022-03-14,-0.004676036600745591
combined_min_variance,2022-03-15,0.0073693367857811274
combined_min_variance,2022-03-16,0.005858682968535623
combined_min_variance,2022-03-17,0.011363577730573636
combined_min_variance,2022-03-18,0.003212586340099697
combined_min_variance,2022-03-21,0.002582951188783235
combined_min_variance,2022-03-22,0.004460125076038359
combined_min_variance,2022-03-23,-0.009393442452395517
combined_min_variance,2022-03-24,0.006460672850256475
combined_min_variance,2022-03-25,0.008604121672182998
combined_min_variance,2022-03-28,0.005532215735199115
combined_min_variance,2022-03-29,0.01277428401791381
combined_min_variance,2022-03-30,0.000535979126585852
combined_min_variance,2022-03-31,-0.008940130465184971
combined_min_variance,2022-04-01,0.009140237504336015
combined_min_variance,2022-04-04,0.0029128686818418923
combined_min_variance,2022-04-05,-0.004411424955900148
combined_min_variance,2022-04-06,0.011125928053223667
combined_min_variance,2022-04-07,0.0034552348412761765
combined_min_variance,2022-04-08,0.007182520010997165
combined_min_variance,2022-04-11,-0.01434652228307273
combined_min_variance,2022-04-12,0.0027686532750687437
combined_min_variance,2022-04-13,0.006214583699343082
combined_min_variance,2022-04-14,0.0017601936069023233
combined_min_variance,2022-04-18,-0.004507315282945201
combined_min_variance,2022-04-19,0.008676772704316988
combined_min_variance,2022-04-20,0.0025975555855341937
combined_min_variance,2022-04-21,-0.010471277108556193
combined_min_variance,2022-04-22,-0.015611374918524662
combined_min_variance,2022-04-25,-0.0014988926275684362
combined_min_variance,2022-04-26,-0.015996643998495333
combined_min_variance,2022-04-27,-0.0029538771155248372
combined_min_variance,2022-04-28,0.015512563991777185
combined_min_variance,2022-04-29,-0.03136598580348873
combined_min_variance,2022-05-02,0.0005944438165882809
combined_min_variance,2022-05-03,0.0026938339209949323
combined_min_variance,2022-05-04,0.024569652513315967
combined_min_variance,2022-05-05,-0.014931902200301288
combined_min_variance,2022-05-06,-0.005776661901864917
combined_min_variance,2022-05-09,-0.014216392412781675
combined_min_variance,2022-05-10,-0.007969120387293359
combined_min_variance,2022-05-11,0.007013600760063492
combined_min_variance,2022-05-12,0.007129404876130734
combined_min_variance,2022-05-13,0.009923018978080022
combined_min_variance,2022-05-16,0.006164318853876963
combined_min_variance,2022-05-17,-0.0028101218431780565
combined_min_variance,2022-05-18,-0.024505425884412256
combined_min_variance,2022-05-19,-0.005275328331635146
combined_min_variance,2022-05-20,0.002978610077503585
combined_min_variance,2022-05-23,0.017117893981636847
combined_min_variance,2022-05-24,0.009877976573000236
combined_min_variance,2022-05-25,0.005399353883748724
combined_min_variance,2022-05-26,0.005723473196694215
combined_min_variance,2022-05-27,0.010924298095399345
combined_min_variance,2022-05-31,-0.009319122472965928
combined_min_variance,2022-06-01,-0.006199281587563381
combined_min_variance,2022-06-02,0.002877612015503679
combined_min_variance,2022-06-03,-0.005330547309719373
combined_min_variance,2022-06-06,-0.004149279011213214
combined_min_variance,2022-06-07,0.007401400068453386
combined_min_variance,2022-06-08,-0.009887365840082263
combined_min_variance,2022-06-09,-0.022511770620363213
combined_min_variance,2022-06-10,-0.00923774250859483
combined_min_variance,2022-06-13,-0.033375517658799495
combined_min_variance,2022-06-14,-0.013771352495038797
combined_min_variance,2022-06-15,0.0029792003615904837
combined_min_variance,2022-06-16,-0.008535287830888668
combined_min_variance,2022-06-17,-0.003915656940996681
combined_min_variance,2022-06-21,0.02227437221847022
combined_min_variance,2022-06-22,0.003096366372968963
combined_min_variance,2022-06-23,0.013637791677106395
combined_min_variance,2022-06-24,0.013864768341079352
combined_min_variance,2022-06-27,-0.0031341700714795887
combined_min_variance,2022-06-28,-0.008803461989529967
combined_min_variance,2022-06-29,0.0005156857548785184
combined_min_variance,2022-06-30,-0.007470091438002098
combined_min_variance,2022-07-01,0.014859110923677737
combined_min_variance,2022-07-05,-0.003600736926458692
combined_min_variance,2022-07-06,0.0015236932741560516
combined_min_variance,2022-07-07,0.0023876985384635794
combined_min_variance,2022-07-08,-0.0028990481968959193
combined_min_variance,2022-07-11,4.1031699795399736e-05
combined_min_variance,2022-07-12,-0.005768179418614333
combined_min_variance,2022-07-13,-0.0012884695966682985
combined_min_variance,2022-07-14,-0.0048443547280126445
combined_min_variance,2022-07-15,0.010461612583093062
combined_min_variance,2022-07-18,-0.012050450786025999
combined_min_variance,2022-07-19,0.013744510337549688
combined_min_variance,2022-07-20,-0.006602065561680396
combined_min_variance,2022-07-21,0.004081043392308036
combined_min_variance,2022-07-22,-0.0001882961528676847
combined_min_variance,2022-07-25,-0.0034200395540811158
combined_min_variance,2022-07-26,-0.004915997299306452
combined_min_variance,2022-07-27,0.004904607412664751
combined_min_variance,2022-07-28,0.007843131023895653
combined_min_variance,2022-07-29,0.00291406186344027
combined_min_variance,2022-08-01,-0.0049109214158561
combined_min_variance,2022-08-02,-0.005112609876470095
combined_min_variance,2022-08-03,0.013574643874221413
combined_min_variance,2022-08-04,-0.007984855328239724
combined_min_variance,2022-08-05,-0.004357313388037306
combined_min_variance,2022-08-08,0.004206100943971649
combined_min_variance,2022-08-09,0.0020216216793643256
combined_min_variance,2022-08-10,0.01143591675962227
combined_min_variance,2022-08-11,-0.0013180158640811103
combined_min_variance,2022-08-12,0.014421213275936942
combined_min_variance,2022-08-15,0.011799562716511612
combined_min_variance,2022-08-16,0.012985796716461204
combined_min_variance,2022-08-17,-0.006255177495608783
combined_min_variance,2022-08-18,-0.002529577311059251
combined_min_variance,2022-08-19,-0.004583476279183748
combined_min_variance,2022-08-22,-0.014013608834190172
combined_min_variance,2022-08-23,-0.0050967431982296444
combined_min_variance,2022-08-24,0.0002522258475431104
combined_min_variance,2022-08-25,0.005763187094790806
combined_min_variance,2022-08-26,-0.01805419271232642
combined_min_variance,2022-08-29,-0.00408418841079728
combined_min_variance,2022-08-30,-0.008368503989240168
combined_min_variance,2022-08-31,-0.002173108572980871
combined_min_variance,2022-09-01,0.01172176300621905
combined_min_variance,2022-09-02,-0.009394316109103056
combined_min_variance,2022-09-06,-0.0025011701192758757
combined_min_variance,2022-09-07,0.01664212033995892
combined_min_variance,2022-09-08,0.0026633957111296047
combined_min_variance,2022-09-09,0.009120266895937252
combined_min_variance,2022-09-12,0.0085155344697212
combined_min_variance,2022-09-13,-0.030131374737130068
combined_min_variance,2022-09-14,0.006230528780136682
combined_min_variance,2022-09-15,-0.010519460853305625
combined_min_variance,2022-09-16,0.0007196333957915172
combined_min_variance,2022-09-19,0.0036915759225526067
combined_min_variance,2022-09-20,-0.013463926521876302
combined_min_variance,2022-09-21,-0.013006142143996502
combined_min_variance,2022-09-22,0.0033191997075662973
combined_min_variance,2022-09-23,-0.016589548834213888
combined_min_variance,2022-09-26,-0.010553169838918413
combined_min_variance,2022-09-27,-0.005761053155490574
combined_min_variance,2022-09-28,0.02221651344485098
combined_min_variance,2022-09-29,-0.016193623875346327
combined_min_variance,2022-09-30,-0.016788758247940957
combined_min_variance,2022-10-03,0.02584628704152072
combined_min_variance,2022-10-04,0.02111732514928402
combined_min_variance,2022-10-05,-0.003920696813566043
combined_min_variance,2022-10-06,-0.007702272225118623
combined_min_variance,2022-10-07,-0.014046112370949423
combined_min_variance,2022-10-10,0.0013906658799954321
combined_min_variance,2022-10-11,0.015650095925117753
combined_min_variance,2022-10-12,-0.00453581736079376
combined_min_variance,2022-10-13,0.019208655069458385
combined_min_variance,2022-10-14,-0.011580384944490856
combined_min_variance,2022-10-17,0.011906389829021187
combined_min_variance,2022-10-18,0.010584614351361597
combined_min_variance,2022-10-19,-0.0076656715862887135
combined_min_variance,2022-10-20,-0.002581515290218481
combined_min_variance,2022-10-21,0.020212508041885038
combined_min_variance,2022-10-24,0.01752562677362293
combined_min_variance,2022-10-25,0.008589362799179007
combined_min_variance,2022-10-26,0.012260390401670661
combined_min_variance,2022-10-27,0.001397814629968994
combined_min_variance,2022-10-28,0.022794551038132913
combined_min_variance,2022-10-31,-0.007496262011487023
combined_min_variance,2022-11-01,-0.0012573620393898886
combined_min_variance,2022-11-02,-0.011214138111686436
combined_min_variance,2022-11-03,-0.004856276441682545
combined_min_variance,2022-11-04,0.014599602770271575
combined_min_variance,2022-11-07,0.013644248345907523
combined_min_variance,2022-11-08,0.010465425346203937
combined_min_variance,2022-11-09,-0.012665642764077435
combined_min_variance,2022-11-10,0.02274597451967723
combined_min_variance,2022-11-11,-0.005079907995270893
combined_min_variance,2022-11-14,-0.0021289832332273308
combined_min_variance,2022-11-15,0.006986002080769796
combined_min_variance,2022-11-16,-0.0007152566112829916
combined_min_variance,2022-11-17,0.004510707472774839
combined_min_variance,2022-11-18,0.008385473707960963
combined_min_variance,2022-11-21,0.0036541692878372597
combined_min_variance,2022-11-22,0.009223106194364245
combined_min_variance,2022-11-23,-0.0009708059414023964
combined_min_variance,2022-11-25,0.000757145897280988
combined_min_variance,2022-11-28,-0.009831007006893187
combined_min_variance,2022-11-29,0.002977794075572324
combined_min_variance,2022-11-30,0.017140571099424257
combined_min_variance,2022-12-01,0.0009818931431390414
combined_min_variance,2022-12-02,0.0028781340963518584
combined_min_variance,2022-12-05,-0.00807698710219192
combined_min_variance,2022-12-06,-0.010911085581917801
combined_min_variance,2022-12-07,0.0032000303556357244
combined_min_variance,2022-12-08,0.004315380064975916
combined_min_variance,2022-12-09,-0.016553901349524246
combined_min_variance,2022-12-12,0.006175381393143437
combined_min_variance,2022-12-13,0.003734214943310209
combined_min_variance,2022-12-14,0.00020891270222915092
combined_min_variance,2022-12-15,-0.015615077803195493
combined_min_variance,2022-12-16,-0.005693956966790175
combined_min_variance,2022-12-19,-0.0012959744561656685
combined_min_variance,2022-12-20,0.001153796864961971
combined_min_variance,2022-12-21,0.011510225780338623
combined_min_variance,2022-12-22,-0.004721431174501648
combined_min_variance,2022-12-23,0.004631774030499615
combined_min_variance,2022-12-27,0.001345272417385252
combined_min_variance,2022-12-28,-0.010113196705132083
combined_min_variance,2022-12-29,0.006339994697959027
combined_min_variance,2022-12-30,0.00011972096293554429
combined_min_variance,2023-01-03,0.0005114631035858881
combined_min_variance,2023-01-04,0.00866509915400552
combined_min_variance,2023-01-05,0.0018496597229457953
combined_min_variance,2023-01-06,0.014885497452958578
combined_min_variance,2023-01-09,-0.01679098541128327
combined_min_variance,2023-01-10,0.0021456570659803146
combined_min_variance,2023-01-11,0.0028190303891162645
combined_min_variance,2023-01-12,-0.002436418828673041
combined_min_variance,2023-01-13,0.002592478835194225
combined_min_variance,2023-01-17,-0.006782899218101962
combined_min_variance,2023-01-18,-0.017330180271624356
combined_min_variance,2023-01-19,-0.0013369249353946092
combined_min_variance,2023-01-20,0.00874037651112931
combined_min_variance,2023-01-23,0.0027104927416861137
combined_min_variance,2023-01-24,-0.0029123074553790216
combined_min_variance,2023-01-25,-0.0016664055931420584
combined_min_variance,2023-01-26,-0.00031606905247602454
combined_min_variance,2023-01-27,-0.005992707723381276
combined_min_variance,2023-01-30,-0.0036017054325336796
combined_min_variance,2023-01-31,0.0076394794437205015
combined_min_variance,2023-02-01,-0.018709672296860415
combined_min_variance,2023-02-02,-0.01174529249176956
combined_min_variance,2023-02-03,-0.009377420654385632
combined_min_variance,2023-02-06,-0.001431425215826373
combined_min_variance,2023-02-07,0.008605072962046576
combined_min_variance,2023-02-08,-0.0072518243185559945
combined_min_variance,2023-02-09,-0.001822442789914292
combined_min_variance,2023-02-10,0.012076991462743299
combined_min_variance,2023-02-13,0.007999945867917526
combined_min_variance,2023-02-14,-0.0067987160075458795
combined_min_variance,2023-02-15,1.2912256939493297e-05
combined_min_variance,2023-02-16,-0.013238261397198072
combined_min_variance,2023-02-17,0.013985789861503894
combined_min_variance,2023-02-21,-0.0047581658386668755
combined_min_variance,2023-02-22,-0.004412790903035467
combined_min_variance,2023-02-23,0.002582608722091452
combined_min_variance,2023-02-24,-0.007105271587285111
combined_min_variance,2023-02-27,0.0002563148256156229
combined_min_variance,2023-02-28,-0.010381420104953255
combined_min_variance,2023-03-01,0.00033077476033553047
combined_min_variance,2023-03-02,0.005938545099662935
combined_min_variance,2023-03-03,0.003845947907467447
combined_min_variance,2023-03-06,0.00959029844675983
combined_min_variance,2023-03-07,-0.010763830930035722
combined_min_variance,2023-03-08,-0.006722517727690171
combined_min_variance,2023-03-09,-0.011486606097412663
combined_min_variance,2023-03-10,-0.0030281704991459457
combined_min_variance,2023-03-13,0.005915622650440409
combined_min_variance,2023-03-14,0.007071621476456335
combined_min_variance,2023-03-15,0.00437875392600969
combined_min_variance,2023-03-16,0.0015239011503363515
combined_min_variance,2023-03-17,-0.01345255485843854
combined_min_variance,2023-03-20,0.01339610518620135
combined_min_variance,2023-03-21,-0.0013208378058235202
combined_min_variance,2023-03-22,-0.014721650662034357
combined_min_variance,2023-03-23,0.005572297860695401
combined_min_variance,2023-03-24,0.01613687332580492
combined_min_variance,2023-03-27,0.005525539752274156
combined_min_variance,2023-03-28,-0.0011563741290147502
combined_min_variance,2023-03-29,0.006495955578232707
combined_min_variance,2023-03-30,0.00469924698881788
combined_min_variance,2023-03-31,0.006873885341342155
combined_min_variance,2023-04-03,0.010846943371130327
combined_min_variance,2023-04-04,0.0055356117778088765
combined_min_variance,2023-04-05,0.01527654779349109
combined_min_variance,2023-04-06,0.00023201701806077515
combined_min_variance,2023-04-10,-0.0013974483025715495
combined_min_variance,2023-04-11,-0.0005348374593177805
combined_min_variance,2023-04-12,0.0009915623200545693
combined_min_variance,2023-04-13,0.009266137515769088
combined_min_variance,2023-04-14,-0.004259897711893225
combined_min_variance,2023-04-17,0.00028163349339222366
combined_min_variance,2023-04-18,-0.0018933379678716788
combined_min_variance,2023-04-19,-0.0006529757891723249
combined_min_variance,2023-04-20,-0.005095068052945606
combined_min_variance,2023-04-21,0.005607563089211252
combined_min_variance,2023-04-24,0.0017375801128650585
combined_min_variance,2023-04-25,-0.00027527879664326573
combined_min_variance,2023-04-26,-0.01945058997109702
combined_min_variance,2023-04-27,0.005173166492505553
combined_min_variance,2023-04-28,0.0036489738682012164
combined_min_variance,2023-05-01,0.0012334424628933336
combined_min_variance,2023-05-02,-0.007305317519096596
combined_min_variance,2023-05-03,-0.009182739776912252
combined_min_variance,2023-05-04,0.0006052122796003763
combined_min_variance,2023-05-05,0.011006146439520071
combined_min_variance,2023-05-08,-0.0002969819761485724
combined_min_variance,2023-05-09,-0.004605536475824718
combined_min_variance,2023-05-10,-0.0005088525538936773
combined_min_variance,2023-05-11,-0.0016177306507002246
combined_min_variance,2023-05-12,0.0013986126308284821
combined_min_variance,2023-05-15,-0.0028860486835319767
combined_min_variance,2023-05-16,-0.01492986508175797
combined_min_variance,2023-05-17,-0.0013779909040344217
combined_min_variance,2023-05-18,0.0008603326140977798
combined_min_variance,2023-05-19,0.00031548449919115455
combined_min_variance,2023-05-22,-0.005844435421997217
combined_min_variance,2023-05-23,-0.0033006045985877384
combined_min_variance,2023-05-24,-0.00664063990230722
combined_min_variance,2023-05-25,-0.012647820602267826
combined_min_variance,2023-05-26,-0.0008770453316281994
combined_min_variance,2023-05-30,-0.003579154101889033
combined_min_variance,2023-05-31,0.00684208533387706
combined_min_variance,2023-06-01,-0.0011089147717712705
combined_min_variance,2023-06-02,0.012777832305581714
combined_min_variance,2023-06-05,0.001185063130565829
combined_min_variance,2023-06-06,-0.006498498474397612
combined_min_variance,2023-06-07,0.00042290193135397305
combined_min_variance,2023-06-08,0.00610558796369165
combined_min_variance,2023-06-09,6.994891578782741e-05
combined_min_variance,2023-06-12,-0.0026122182024183316
combined_min_variance,2023-06-13,0.006434394235817324
combined_min_variance,2023-06-14,0.0022024514792250774
combined_min_variance,2023-06-15,0.009668066082468748
combined_min_variance,2023-06-16,0.0009473698940470226
combined_min_variance,2023-06-20,-0.007588604059979594
combined_min_variance,2023-06-21,-0.0012537788024813905
combined_min_variance,2023-06-22,0.008030765740947436
combined_min_variance,2023-06-23,-0.005271067170035133
combined_min_variance,2023-06-26,0.0005169656271050042
combined_min_variance,2023-06-27,0.0026973072404851374
combined_min_variance,2023-06-28,-0.004026312275866474
combined_min_variance,2023-06-29,-0.001107525357852948
combined_min_variance,2023-06-30,0.0065404299506006906
combined_min_variance,2023-07-03,0.0038835189788149955
combined_min_variance,2023-07-05,0.002072923251931959
combined_min_variance,2023-07-06,-0.0079843124159139
combined_min_variance,2023-07-07,-0.01303405894877106
combined_min_variance,2023-07-10,0.000607410765092912
combined_min_variance,2023-07-11,0.008392529000560372
combined_min_variance,2023-07-12,-0.0023797890340682545
combined_min_variance,2023-07-13,0.002557655799957993
combined_min_variance,2023-07-14,0.002692168930919834
combined_min_variance,2023-07-17,-0.005448316033743067
combined_min_variance,2023-07-18,0.0006255348455397368
combined_min_variance,2023-07-19,0.008366346893003859
combined_min_variance,2023-07-20,0.01548492552574135
combined_min_variance,2023-07-21,0.005988185688805783
combined_min_variance,2023-07-24,0.0003845235847153705
combined_min_variance,2023-07-25,-0.0027364736975481726
combined_min_variance,2023-07-26,0.00343865564011683
combined_min_variance,2023-07-27,-0.006875401247395439
combined_min_variance,2023-07-28,0.003391049600860489
combined_min_variance,2023-07-31,-0.004466299052528364
combined_min_variance,2023-08-01,-0.005219253594346204
combined_min_variance,2023-08-02,-0.008927407697222231
combined_min_variance,2023-08-03,-0.0066214014126770296
combined_min_variance,2023-08-04,-0.006163485773617812
combined_min_variance,2023-08-07,0.011408397719547094
combined_min_variance,2023-08-08,-0.0036652557557650587
combined_min_variance,2023-08-09,0.002230716544962278
combined_min_variance,2023-08-10,-0.0018136323785895804
combined_min_variance,2023-08-11,0.005981615460747785
combined_min_variance,2023-08-14,-0.0005117616422155347
combined_min_variance,2023-08-15,-0.0066401864346108345
combined_min_variance,2023-08-16,-0.0031662956601149128
combined_min_variance,2023-08-17,-0.005835987118529498
combined_min_variance,2023-08-18,0.003755413948789172
combined_min_variance,2023-08-21,-0.0035037475670430134
combined_min_variance,2023-08-22,-0.005539214765104994
combined_min_variance,2023-08-23,0.011109669421751614
combined_min_variance,2023-08-24,-0.009296977107774728
combined_min_variance,2023-08-25,0.0026084970010680866
combined_min_variance,2023-08-28,0.002675971083745898
combined_min_variance,2023-08-29,0.005435112977812428
combined_min_variance,2023-08-30,0.001139330138931274
combined_min_variance,2023-08-31,-0.0048722296515088135
combined_min_variance,2023-09-01,-0.0002577920834525025
combined_min_variance,2023-09-05,-0.009150658652897046
combined_min_variance,2023-09-06,-0.001917331647865639
combined_min_variance,2023-09-07,0.005622934201499371
combined_min_variance,2023-09-08,0.0035791705239582253
combined_min_variance,2023-09-11,0.003471491113642159
combined_min_variance,2023-09-12,-0.0008731964623355363
combined_min_variance,2023-09-13,0.000418918710862026
combined_min_variance,2023-09-14,0.009679831565273246
combined_min_variance,2023-09-15,-0.008621346793036815
combined_min_variance,2023-09-18,0.0011942507985046528
combined_min_variance,2023-09-19,0.00033409885034752705
combined_min_variance,2023-09-20,0.0018571709771579414
combined_min_variance,2023-09-21,-0.013851213231838811
combined_min_variance,2023-09-22,-0.0013707239259538315
combined_min_variance,2023-09-25,-0.001307698985209066
combined_min_variance,2023-09-26,-0.006084652863353971
combined_min_variance,2023-09-27,-0.006207041498252766
combined_min_variance,2023-09-28,0.0021759744548986134
combined_min_variance,2023-09-29,-0.00375099902123179
combined_min_variance,2023-10-02,-0.007491745582050896
combined_min_variance,2023-10-03,-0.007109816332078029
combined_min_variance,2023-10-04,0.004751842554325812
combined_min_variance,2023-10-05,-0.013461478543818567
combined_min_variance,2023-10-06,0.004632892603149002
combined_min_variance,2023-10-09,0.003294100511428519
combined_min_variance,2023-10-10,0.010519418216396306
combined_min_variance,2023-10-11,0.0013620927574704341
combined_min_variance,2023-10-12,-0.005236220712520896
combined_min_variance,2023-10-13,0.002803920841544203
combined_min_variance,2023-10-16,0.006767434531196158
combined_min_variance,2023-10-17,0.005078495547813925
combined_min_variance,2023-10-18,-0.006050471578887373
combined_min_variance,2023-10-19,-0.004082216774629138
combined_min_variance,2023-10-20,0.0004326907093841988
combined_min_variance,2023-10-23,-0.003773735085160066
combined_min_variance,2023-10-24,0.015328371830819755
combined_min_variance,2023-10-25,-0.0007140073732281774
combined_min_variance,2023-10-26,-0.0024254993745669823
combined_min_variance,2023-10-27,-0.01625387338947527
combined_min_variance,2023-10-30,0.006508909481053029
combined_min_variance,2023-10-31,0.005737582651670502
combined_min_variance,2023-11-01,0.004163154803768561
combined_min_variance,2023-11-02,0.014496089742325996
combined_min_variance,2023-11-03,0.0015330846793116183
combined_min_variance,2023-11-06,0.0009681406781203107
combined_min_variance,2023-11-07,0.0013895089970120571
combined_min_variance,2023-11-08,-0.0008313230966434157
combined_min_variance,2023-11-09,-0.00980108528587547
combined_min_variance,2023-11-10,0.0051683656851275826
combined_min_variance,2023-11-13,0.003150440036874135
combined_min_variance,2023-11-14,0.007004491601623853
combined_min_variance,2023-11-15,0.003442929160350211
combined_min_variance,2023-11-16,-0.014570676912863123
combined_min_variance,2023-11-17,7.777484911792982e-05
combined_min_variance,2023-11-20,0.0038361272718170857
combined_min_variance,2023-11-21,0.002968530055315754
combined_min_variance,2023-11-22,-0.0005279231002475507
combined_min_variance,2023-11-24,0.004558810866721328
combined_min_variance,2023-11-27,0.00016809199364012996
combined_min_variance,2023-11-28,-0.00015814057180431278
combined_min_variance,2023-11-29,-0.001753024354798905
combined_min_variance,2023-11-30,0.008825225312348653
combined_min_variance,2023-12-01,0.0036876793793710456
combined_min_variance,2023-12-04,0.0021753456198971093
combined_min_variance,2023-12-05,0.003566390522647165
combined_min_variance,2023-12-06,-0.0027240807742017602
combined_min_variance,2023-12-07,8.048908412587352e-06
combined_min_variance,2023-12-08,-0.001466430322842439
combined_min_variance,2023-12-11,0.005140428118906207
combined_min_variance,2023-12-12,0.0037175383040423966
combined_min_variance,2023-12-13,0.015073560361100755
combined_min_variance,2023-12-14,-0.0027803960022831507
combined_min_variance,2023-12-15,-0.005009388622401884
combined_min_variance,2023-12-18,0.003948893510719883
combined_min_variance,2023-12-19,0.0036147065692872637
combined_min_variance,2023-12-20,-0.012077822541374855
combined_min_variance,2023-12-21,0.007653009135822615
combined_min_variance,2023-12-22,0.006434889653385567
combined_min_variance,2023-12-26,0.0025153453306898037
combined_min_variance,2023-12-27,0.0040926108691686554
combined_min_variance,2023-12-28,0.0016306114521831242
combined_min_variance,2023-12-29,-0.00029477167493752876
combined_max_sharpe,2021-01-04,0.01689914978927468
combined_max_sharpe,2021-01-05,0.042017868354022124
combined_max_sharpe,2021-01-06,0.09403509208352905
combined_max_sharpe,2021-01-07,0.02308330391522127
combined_max_sharpe,2021-01-08,0.002855529437543268
combined_max_sharpe,2021-01-11,-0.03987359558650117
combined_max_sharpe,2021-01-12,-0.018022698621879392
combined_max_sharpe,2021-01-13,0.04409986458217058
combined_max_sharpe,2021-01-14,0.021249122141327705
combined_max_sharpe,2021-01-15,-0.03592159112625355
combined_max_sharpe,2021-01-19,0.004426757664033842
combined_max_sharpe,2021-01-20,0.00981397774687019
combined_max_sharpe,2021-01-21,-0.07182320475211508
combined_max_sharpe,2021-01-22,0.033962530325567314
combined_max_sharpe,2021-01-25,-0.005557370697071183
combined_max_sharpe,2021-01-26,-0.0005011756917035044
combined_max_sharpe,2021-01-27,-0.050493683710402866
combined_max_sharpe,2021-01-28,0.060907379728526806
combined_max_sharpe,2021-01-29,0.009430358044888709
combined_max_sharpe,2021-02-01,0.019293541693686793
combined_max_sharpe,2021-02-02,0.0366977886698517
combined_max_sharpe,2021-02-03,0.01624590724556276
combined_max_sharpe,2021-02-04,-0.010170168640752852
combined_max_sharpe,2021-02-05,0.027748257143783754
combined_max_sharpe,2021-02-08,0.07871251602792051
combined_max_sharpe,2021-02-09,-0.0012422908033206197
combined_max_sharpe,2021-02-10,0.0034742266559255083
combined_max_sharpe,2021-02-11,0.03957495164370511
combined_max_sharpe,2021-02-12,0.024533832405468033
combined_max_sharpe,2021-02-16,0.006981384707466169
combined_max_sharpe,2021-02-17,0.013441640486386354
combined_max_sharpe,2021-02-18,-0.0021530912130730434
combined_max_sharpe,2021-02-19,0.029756851048370163
combined_max_sharpe,2021-02-22,-0.036968390989209565
combined_max_sharpe,2021-02-23,-0.06635780457652464
combined_max_sharpe,2021-02-24,0.020765130578699054
combined_max_sharpe,2021-02-25,-0.05080455152194766
combined_max_sharpe,2021-02-26,0.009190944488800465
combined_max_sharpe,2021-03-01,0.04220759757262447
combined_max_sharpe,2021-03-02,-0.01633418881293735
combined_max_sharpe,2021-03-03,0.0051592566539757235
combined_max_sharpe,2021-03-04,-0.030731153325705477
combined_max_sharpe,2021-03-05,0.018187729059218467
combined_max_sharpe,2021-03-08,-0.006785823639189778
combined_max_sharpe,2021-03-09,0.03293897677405742
combined_max_sharpe,2021-03-10,-5.604751836023742e-05
combined_max_sharpe,2021-03-11,0.015183794089662646
combined_max_sharpe,2021-03-12,-0.011412765009459216
combined_max_sharpe,2021-03-15,-0.02939563450609431
combined_max_sharpe,2021-03-16,0.03320956301467004
combined_max_sharpe,2021-03-17,0.02168804559424339
combined_max_sharpe,2021-03-18,-0.021319348493874544
combined_max_sharpe,2021-03-19,0.008335484717636295
combined_max_sharpe,2021-03-22,-0.01983221514532527
combined_max_sharpe,2021-03-23,-0.0011071730984223759
combined_max_sharpe,2021-03-24,-0.02223617426944784
combined_max_sharpe,2021-03-25,0.004177156093078112
combined_max_sharpe,2021-03-26,0.05023532058291672
combined_max_sharpe,2021-03-29,0.013588543230734587
combined_max_sharpe,2021-03-30,0.007832227626889291
combined_max_sharpe,2021-03-31,0.0004237969542978098
combined_max_sharpe,2021-04-01,0.0020013859172888283
combined_max_sharpe,2021-04-05,0.004597888904160026
combined_max_sharpe,2021-04-06,-0.00514942386262076
combined_max_sharpe,2021-04-07,-0.019642684916155694
combined_max_sharpe,2021-04-08,0.02068803406434005
combined_max_sharpe,2021-04-09,0.0010451685643379626
combined_max_sharpe,2021-04-12,0.006869309531020045
combined_max_sharpe,2021-04-13,0.02391450992066013
combined_max_sharpe,2021-04-14,-0.0023357460975062375
combined_max_sharpe,2021-04-15,0.01637155448308383
combined_max_sharpe,2021-04-16,-0.012533254373576524
combined_max_sharpe,2021-04-19,-0.008723460017643445
combined_max_sharpe,2021-04-20,0.0016068814631729652
combined_max_sharpe,2021-04-21,-0.007972078779947277
combined_max_sharpe,2021-04-22,-0.02314805075918851
combined_max_sharpe,2021-04-23,0.0072552753481041135
combined_max_sharpe,2021-04-26,0.03920732741917091
combined_max_sharpe,2021-04-27,0.02303561312617081
combined_max_sharpe,2021-04-28,0.004122672451993664
combined_max_sharpe,2021-04-29,-0.0005675815313289942
combined_max_sharpe,2021-04-30,0.019455593336434478
combined_max_sharpe,2021-05-03,0.012419609532970683
combined_max_sharpe,2021-05-04,-0.011072322466224896
combined_max_sharpe,2021-05-05,0.028346169764766466
combined_max_sharpe,2021-05-06,0.008736940351253875
combined_max_sharpe,2021-05-07,0.0084636393427216
combined_max_sharpe,2021-05-10,-0.01449803308550684
combined_max_sharpe,2021-05-11,-0.0005961827656776894
combined_max_sharpe,2021-05-12,-0.03948007117335962
combined_max_sharpe,2021-05-13,0.0260002120863269
combined_max_sharpe,2021-05-14,0.00892548061534814
combined_max_sharpe,2021-05-17,-0.012433838768906655
combined_max_sharpe,2021-05-18,-0.007772094584845848
combined_max_sharpe,2021-05-19,-0.04226328236119148
combined_max_sharpe,2021-05-20,0.03321214519032263
combined_max_sharpe,2021-05-21,-0.021567679498003204
combined_max_sharpe,2021-05-24,0.03591128966842835
combined_max_sharpe,2021-05-25,-0.005125331530971399
combined_max_sharpe,2021-05-26,0.015689933449362255
combined_max_sharpe,2021-05-27,-0.009089419896356246
combined_max_sharpe,2021-05-28,-0.011081017033173456
combined_max_sharpe,2021-06-01,0.0027272060889851992
combined_max_sharpe,2021-06-02,-0.0011375178804084514
combined_max_sharpe,2021-06-03,0.006716064321099682
combined_max_sharpe,2021-06-04,-0.002157578935359746
combined_max_sharpe,2021-06-07,-0.007398722709481854
combined_max_sharpe,2021-06-08,-0.0014811271052910292
combined_max_sharpe,2021-06-09,-0.007089312706837563
combined_max_sharpe,2021-06-10,-0.00830213178217768
combined_max_sharpe,2021-06-11,-0.0033046660206167157
combined_max_sharpe,2021-06-14,-0.0050760559813635055
combined_max_sharpe,2021-06-15,-0.0033063624653662835
combined_max_sharpe,2021-06-16,-0.015099770183749042
combined_max_sharpe,2021-06-17,-0.012864722752941735
combined_max_sharpe,2021-06-18,-0.011053572982404954
combined_max_sharpe,2021-06-21,0.0023746660403366877
combined_max_sharpe,2021-06-22,-0.0016607897975598632
combined_max_sharpe,2021-06-23,0.00629595326616776
combined_max_sharpe,2021-06-24,0.015465655002071432
combined_max_sharpe,2021-06-25,-0.007232354025011516
combined_max_sharpe,2021-06-28,0.0011020850160122163
combined_max_sharpe,2021-06-29,0.018367388990107127
combined_max_sharpe,2021-06-30,0.004498416518038506
combined_max_sharpe,2021-07-01,-0.001188772602124857
combined_max_sharpe,2021-07-02,0.005058940461603387
combined_max_sharpe,2021-07-06,-0.0013298652989321533
combined_max_sharpe,2021-07-07,-0.00035327636465226414
combined_max_sharpe,2021-07-08,-0.012639226607899215
combined_max_sharpe,2021-07-09,0.018194693188183904
combined_max_sharpe,2021-07-12,0.006199592777546162
combined_max_sharpe,2021-07-13,-0.012461895155614975
combined_max_sharpe,2021-07-14,-0.0006963595934534903
combined_max_sharpe,2021-07-15,-0.005662091645375968
combined_max_sharpe,2021-07-16,-0.014439445126078185
combined_max_sharpe,2021-07-19,-0.014672455431992791
combined_max_sharpe,2021-07-20,0.013639502607234339
combined_max_sharpe,2021-07-21,0.01334884680770796
combined_max_sharpe,2021-07-22,0.0020719177438629265
combined_max_sharpe,2021-07-23,0.008437208820573833
combined_max_sharpe,2021-07-26,0.0034370606867663534
combined_max_sharpe,2021-07-27,-0.004649011675793211
combined_max_sharpe,2021-07-28,0.003103913716612211
combined_max_sharpe,2021-07-29,0.00771318955804854
combined_max_sharpe,2021-07-30,-0.0003908198816741677
combined_max_sharpe,2021-08-02,-0.002456112188159653
combined_max_sharpe,2021-08-03,0.006705059321578589
combined_max_sharpe,2021-08-04,-0.0011243013720240139
combined_max_sharpe,2021-08-05,0.007027729503904631
combined_max_sharpe,2021-08-06,0.0033889519581902644
combined_max_sharpe,2021-08-09,0.008727926854962341
combined_max_sharpe,2021-08-10,0.013354781245987912
combined_max_sharpe,2021-08-11,0.007040144947439039
combined_max_sharpe,2021-08-12,0.005179847349460632
combined_max_sharpe,2021-08-13,0.003937017537672295
combined_max_sharpe,2021-08-16,-0.0009015656060762517
combined_max_sharpe,2021-08-17,-0.010695008701352461
combined_max_sharpe,2021-08-18,-0.004573592058040511
combined_max_sharpe,2021-08-19,-0.0017417610521580514
combined_max_sharpe,2021-08-20,0.01087722997648068
combined_max_sharpe,2021-08-23,0.008395015915062063
combined_max_sharpe,2021-08-24,0.0002795464005997506
combined_max_sharpe,2021-08-25,0.001549331357646727
combined_max_sharpe,2021-08-26,-0.008957737574020795
combined_max_sharpe,2021-08-27,0.01296308198414176
combined_max_sharpe,2021-08-30,0.0004288322965432318
combined_max_sharpe,2021-08-31,-0.001571720938319493
combined_max_sharpe,2021-09-01,0.005539865955646783
combined_max_sharpe,2021-09-02,0.00365994784693973
combined_max_sharpe,2021-09-03,-0.00273565903342259
combined_max_sharpe,2021-09-07,-0.01694732436720084
combined_max_sharpe,2021-09-08,-0.0006591189562686885
combined_max_sharpe,2021-09-09,-0.006007938310579933
combined_max_sharpe,2021-09-10,-0.006205430309601087
combined_max_sharpe,2021-09-13,-0.005473484838119694
combined_max_sharpe,2021-09-14,-0.009023961493528226
combined_max_sharpe,2021-09-15,0.007895742158251359
combined_max_sharpe,2021-09-16,-0.006976682536178476
combined_max_sharpe,2021-09-17,-0.017919248303651086
combined_max_sharpe,2021-09-20,-0.022002253545723917
combined_max_sharpe,2021-09-21,-0.006391687815665412
combined_max_sharpe,2021-09-22,0.013439367586132624
combined_max_sharpe,2021-09-23,0.008190139565566142
combined_max_sharpe,2021-09-24,-0.008914951809252652
combined_max_sharpe,2021-09-27,-0.00431319016299366
combined_max_sharpe,2021-09-28,-0.009481159948982344
combined_max_sharpe,2021-09-29,0.0014213320580299157
combined_max_sharpe,2021-09-30,-0.011053667214810698
combined_max_sharpe,2021-10-01,0.01508502018224866
combined_max_sharpe,2021-10-04,-0.008220654180015347
combined_max_sharpe,2021-10-05,0.008732269754214617
combined_max_sharpe,2021-10-06,0.005426242117134875
combined_max_sharpe,2021-10-07,0.005948619270748479
combined_max_sharpe,2021-10-08,-0.001457343994989305
combined_max_sharpe,2021-10-11,-0.004179853270863129
combined_max_sharpe,2021-10-12,0.006650411911713442
combined_max_sharpe,2021-10-13,0.008979988973364592
combined_max_sharpe,2021-10-14,0.01701226108257903
combined_max_sharpe,2021-10-15,0.002618618589337378
combined_max_sharpe,2021-10-18,0.004594366969380754
combined_max_sharpe,2021-10-19,0.002370038553428479
combined_max_sharpe,2021-10-20,0.005826541938564926
combined_max_sharpe,2021-10-21,-0.0033183013490922283
combined_max_sharpe,2021-10-22,0.00900220022708732
combined_max_sharpe,2021-10-25,0.009825886973427542
combined_max_sharpe,2021-10-26,0.01032207355971657
combined_max_sharpe,2021-10-27,-0.02265708646229142
combined_max_sharpe,2021-10-28,0.02064760919352994
combined_max_sharpe,2021-10-29,0.0037744370286597385
combined_max_sharpe,2021-11-01,0.004194395541544847
combined_max_sharpe,2021-11-02,0.01077422970111482
combined_max_sharpe,2021-11-03,-0.0024379535540782417
combined_max_sharpe,2021-11-04,0.0022750065900896503
combined_max_sharpe,2021-11-05,-0.015623789213106518
combined_max_sharpe,2021-11-08,0.010668717842538809
combined_max_sharpe,2021-11-09,-0.00028370479640667983
combined_max_sharpe,2021-11-10,-0.0069629585201552435
combined_max_sharpe,2021-11-11,0.006280951727383029
combined_max_sharpe,2021-11-12,0.0025670115169720157
combined_max_sharpe,2021-11-15,0.0021317744707876627
combined_max_sharpe,2021-11-16,-0.006341211839115277
combined_max_sharpe,2021-11-17,-0.006084804380722185
combined_max_sharpe,2021-11-18,0.005618163241611265
combined_max_sharpe,2021-11-19,-0.00770904299764537
combined_max_sharpe,2021-11-22,0.0017944195462762625
combined_max_sharpe,2021-11-23,0.012141174962452582
combined_max_sharpe,2021-11-24,0.003903092877694272
combined_max_sharpe,2021-11-26,-0.030491689330871194
combined_max_sharpe,2021-11-29,0.013161357785830337
combined_max_sharpe,2021-11-30,-0.016368873655624578
combined_max_sharpe,2021-12-01,-0.009033668806553655
combined_max_sharpe,2021-12-02,0.026972574330589034
combined_max_sharpe,2021-12-03,-0.010007561726035816
combined_max_sharpe,2021-12-06,0.007742808939519626
combined_max_sharpe,2021-12-07,0.021122472102403964
combined_max_sharpe,2021-12-08,-0.0018716961070100087
combined_max_sharpe,2021-12-09,-0.009620756322209673
combined_max_sharpe,2021-12-10,0.0036374793740850684
combined_max_sharpe,2021-12-13,-0.008734838917263005
combined_max_sharpe,2021-12-14,0.0011321296477697649
combined_max_sharpe,2021-12-15,0.020929740803133392
combined_max_sharpe,2021-12-16,-0.0005604299026467952
combined_max_sharpe,2021-12-17,-0.015418691981446651
combined_max_sharpe,2021-12-20,-0.004673307019435754
combined_max_sharpe,2021-12-21,0.009626441718487946
combined_max_sharpe,2021-12-22,0.009709575052131643
combined_max_sharpe,2021-12-23,0.0026354265099187008
combined_max_sharpe,2021-12-27,0.02019494816028704
combined_max_sharpe,2021-12-28,-0.004437881191898632
combined_max_sharpe,2021-12-29,0.000647533773421567
combined_max_sharpe,2021-12-30,-0.0032436494868725955
combined_max_sharpe,2021-12-31,-0.0012124712546506614
combined_max_sharpe,2022-01-03,-0.009064889871889996
combined_max_sharpe,2022-01-04,-0.0006546542356495723
combined_max_sharpe,2022-01-05,-0.009303778942244628
combined_max_sharpe,2022-01-06,0.0018438330291126097
combined_max_sharpe,2022-01-07,-0.014422269067104972
combined_max_sharpe,2022-01-10,0.0019143175444465775
combined_max_sharpe,2022-01-11,0.007747061984825142
combined_max_sharpe,2022-01-12,0.009064708047895166
combined_max_sharpe,2022-01-13,-0.01318858088421564
combined_max_sharpe,2022-01-14,0.0003322679883639565
combined_max_sharpe,2022-01-18,-0.011303529966222596
combined_max_sharpe,2022-01-19,-0.011740329233226945
combined_max_sharpe,2022-01-20,-0.01667134914634766
combined_max_sharpe,2022-01-21,-0.012055018348168493
combined_max_sharpe,2022-01-24,-0.0020613331712202748
combined_max_sharpe,2022-01-25,0.00023684451919828446
combined_max_sharpe,2022-01-26,-0.00941793976178476
combined_max_sharpe,2022-01-27,-0.003046754317638917
combined_max_sharpe,2022-01-28,0.03222036759580059
combined_max_sharpe,2022-01-31,0.007837603204684438
combined_max_sharpe,2022-02-01,0.005718114412721596
combined_max_sharpe,2022-02-02,0.023784438990311355
combined_max_sharpe,2022-02-03,-0.005474048909692656
combined_max_sharpe,2022-02-04,-0.002539705821775242
combined_max_sharpe,2022-02-07,0.00485090452696958
combined_max_sharpe,2022-02-08,0.001884657035497304
combined_max_sharpe,2022-02-09,0.019243167582757497
combined_max_sharpe,2022-02-10,-0.019099063499813378
combined_max_sharpe,2022-02-11,-0.006177545577899032
combined_max_sharpe,2022-02-14,-0.007512662767283044
combined_max_sharpe,2022-02-15,0.0030875254399371087
combined_max_sharpe,2022-02-16,0.0005280327768330552
combined_max_sharpe,2022-02-17,-0.013146183419288122
combined_max_sharpe,2022-02-18,-0.008280072303686343
combined_max_sharpe,2022-02-22,-0.005008522756703923
combined_max_sharpe,2022-02-23,0.004204988382136722
combined_max_sharpe,2022-02-24,0.0020239971024643235
combined_max_sharpe,2022-02-25,0.03582775955793153
combined_max_sharpe,2022-02-28,-0.0018872114551125034
combined_max_sharpe,2022-03-01,0.004656880055505406
combined_max_sharpe,2022-03-02,0.017387620848725274
combined_max_sharpe,2022-03-03,0.008122976846558164
combined_max_sharpe,2022-03-04,0.008395268038112146
combined_max_sharpe,2022-03-07,-0.010072009404075166
combined_max_sharpe,2022-03-08,-0.021618047910406772
combined_max_sharpe,2022-03-09,0.009028496669782839
combined_max_sharpe,2022-03-10,0.006612706792447733
combined_max_sharpe,2022-03-11,-0.006951726018893965
combined_max_sharpe,2022-03-14,-0.006726878483445383
combined_max_sharpe,2022-03-15,0.00901532491342772
combined_max_sharpe,2022-03-16,0.00639359191233309
combined_max_sharpe,2022-03-17,0.01855044115545389
combined_max_sharpe,2022-03-18,0.007835939504243125
combined_max_sharpe,2022-03-21,0.013394099366675953
combined_max_sharpe,2022-03-22,0.005596791465722094
combined_max_sharpe,2022-03-23,0.0002415371592457051
combined_max_sharpe,2022-03-24,0.017073039182489196
combined_max_sharpe,2022-03-25,0.010905868325830348
combined_max_sharpe,2022-03-28,0.0011872114249438204
combined_max_sharpe,2022-03-29,0.008573257643223267
combined_max_sharpe,2022-03-30,0.0013865536208164672
combined_max_sharpe,2022-03-31,-0.011383253054659691
combined_max_sharpe,2022-04-01,0.009663972240504599
combined_max_sharpe,2022-04-04,-0.003245409538015747
combined_max_sharpe,2022-04-05,-0.003153885336286698
combined_max_sharpe,2022-04-06,0.014708964936503801
combined_max_sharpe,2022-04-07,0.01540377894422668
combined_max_sharpe,2022-04-08,0.004184812040764918
combined_max_sharpe,2022-04-11,-0.02671655913738978
combined_max_sharpe,2022-04-12,0.004107198145690393
combined_max_sharpe,2022-04-13,-0.007260749755333337
combined_max_sharpe,2022-04-14,0.006106981751756649
combined_max_sharpe,2022-04-18,0.0016152298352795694
combined_max_sharpe,2022-04-19,-0.0037113413894471962
combined_max_sharpe,2022-04-20,0.0046739125141301505
combined_max_sharpe,2022-04-21,-0.017252008986335592
combined_max_sharpe,2022-04-22,-0.025496997937008235
combined_max_sharpe,2022-04-25,-0.006957683113563275
combined_max_sharpe,2022-04-26,-0.010937033305949187
combined_max_sharpe,2022-04-27,0.0022766082370911894
combined_max_sharpe,2022-04-28,0.017896374432350433
combined_max_sharpe,2022-04-29,-0.05368871135238226
combined_max_sharpe,2022-05-02,-0.013150698558269358
combined_max_sharpe,2022-05-03,0.00835325052696703
combined_max_sharpe,2022-05-04,0.01750271325903618
combined_max_sharpe,2022-05-05,-0.023693762482048016
combined_max_sharpe,2022-05-06,-0.0007478763022895377
combined_max_sharpe,2022-05-09,-0.05246155336744587
combined_max_sharpe,2022-05-10,-0.008560136406408932
combined_max_sharpe,2022-05-11,-0.0012800804941115987
combined_max_sharpe,2022-05-12,0.005839004541315263
combined_max_sharpe,2022-05-13,0.016178970161911745
combined_max_sharpe,2022-05-16,0.004204956923540417
combined_max_sharpe,2022-05-17,0.007651403578117884
combined_max_sharpe,2022-05-18,-0.0317058357299189
combined_max_sharpe,2022-05-19,0.0007696221226112072
combined_max_sharpe,2022-05-20,0.002104841864955681
combined_max_sharpe,2022-05-23,0.015291584159498082
combined_max_sharpe,2022-05-24,0.0030341894359063883
combined_max_sharpe,2022-05-25,0.010710640760949653
combined_max_sharpe,2022-05-26,0.009346023025476114
combined_max_sharpe,2022-05-27,0.01912196134410261
combined_max_sharpe,2022-05-31,-0.015377675337978033
combined_max_sharpe,2022-06-01,0.0003620293140857621
combined_max_sharpe,2022-06-02,0.0017264487103540872
combined_max_sharpe,2022-06-03,0.002231692003796017
combined_max_sharpe,2022-06-06,-0.002969663055194341
combined_max_sharpe,2022-06-07,0.013306560186916281
combined_max_sharpe,2022-06-08,-0.007528054087845008
combined_max_sharpe,2022-06-09,-0.024775929686415916
combined_max_sharpe,2022-06-10,-0.012623419939486949
combined_max_sharpe,2022-06-13,-0.041702720412876475
combined_max_sharpe,2022-06-14,-0.0076069524162408865
combined_max_sharpe,2022-06-15,-0.004792550427476147
combined_max_sharpe,2022-06-16,-0.020845737677141644
combined_max_sharpe,2022-06-17,-0.019650678922996483
combined_max_sharpe,2022-06-21,0.035659220528130975
combined_max_sharpe,2022-06-22,-0.003479718354059401
combined_max_sharpe,2022-06-23,0.003398756536712838
combined_max_sharpe,2022-06-24,0.018097826070136287
combined_max_sharpe,2022-06-27,0.012094898561791008
combined_max_sharpe,2022-06-28,0.0014321551737570774
combined_max_sharpe,2022-06-29,-0.005925620624176046
combined_max_sharpe,2022-06-30,-0.00642894147632244
combined_max_sharpe,2022-07-01,0.016366387277249976
combined_max_sharpe,2022-07-05,-0.01602547107506947
combined_max_sharpe,2022-07-06,-0.0014017525036632463
combined_max_sharpe,2022-07-07,0.003966037031635903
combined_max_sharpe,2022-07-08,-0.0004650369168932487
combined_max_sharpe,2022-07-11,0.0005053992306010473
combined_max_sharpe,2022-07-12,-0.00798311309111088
combined_max_sharpe,2022-07-13,-0.0036964485031112018
combined_max_sharpe,2022-07-14,-0.0018171468200240955
combined_max_sharpe,2022-07-15,0.013908505913668948
combined_max_sharpe,2022-07-18,-0.009636774840283423
combined_max_sharpe,2022-07-19,0.011988425808195823
combined_max_sharpe,2022-07-20,-0.008248259333133279
combined_max_sharpe,2022-07-21,-0.0036927543992433293
combined_max_sharpe,2022-07-22,0.003340924477429951
combined_max_sharpe,2022-07-25,0.017565909982540536
combined_max_sharpe,2022-07-26,0.0021234591543958198
combined_max_sharpe,2022-07-27,0.0021514062967858474
combined_max_sharpe,2022-07-28,0.008551930669555232
combined_max_sharpe,2022-07-29,0.008008608976785037
combined_max_sharpe,2022-08-01,-0.012578395925000813
combined_max_sharpe,2022-08-02,-0.00591126796505452
combined_max_sharpe,2022-08-03,-0.008949886590670236
combined_max_sharpe,2022-08-04,-0.016601194590819355
combined_max_sharpe,2022-08-05,0.004552146974187924
combined_max_sharpe,2022-08-08,0.007043444129053941
combined_max_sharpe,2022-08-09,0.014323567804387323
combined_max_sharpe,2022-08-10,0.003390889686909883
combined_max_sharpe,2022-08-11,0.013051008249547474
combined_max_sharpe,2022-08-12,0.006269221866209729
combined_max_sharpe,2022-08-15,-0.007528343006816249
combined_max_sharpe,2022-08-16,0.0005427718706298776
combined_max_sharpe,2022-08-17,-0.000988708034291355
combined_max_sharpe,2022-08-18,0.010850695338096876
combined_max_sharpe,2022-08-19,0.01718417418628205
combined_max_sharpe,2022-08-22,-0.013918302185092601
combined_max_sharpe,2022-08-23,0.014636572088064804
combined_max_sharpe,2022-08-24,0.002456735742136381
combined_max_sharpe,2022-08-25,0.0055039469500857315
combined_max_sharpe,2022-08-26,-0.013551494289871329
combined_max_sharpe,2022-08-29,0.004965090418858052
combined_max_sharpe,2022-08-30,-0.018012741664845747
combined_max_sharpe,2022-08-31,-0.010989975262490842
combined_max_sharpe,2022-09-01,-0.0010340314732559888
combined_max_sharpe,2022-09-02,-0.00011209852381733731
combined_max_sharpe,2022-09-06,-0.007699741438166044
combined_max_sharpe,2022-09-07,0.0010514517439619425
combined_max_sharpe,2022-09-08,-0.00027059675306073
combined_max_sharpe,2022-09-09,0.012376221716492868
combined_max_sharpe,2022-09-12,0.008477688101124477
combined_max_sharpe,2022-09-13,-0.02415295145951835
combined_max_sharpe,2022-09-14,0.020757502380176204
combined_max_sharpe,2022-09-15,-0.018954865571308384
combined_max_sharpe,2022-09-16,-0.005925505087629238
combined_max_sharpe,2022-09-19,0.0036628718719897697
combined_max_sharpe,2022-09-20,-0.008856228150482323
combined_max_sharpe,2022-09-21,-0.015351555328968444
combined_max_sharpe,2022-09-22,-0.00036898822103247525
combined_max_sharpe,2022-09-23,-0.03377074172791005
combined_max_sharpe,2022-09-26,-0.01793489584419979
combined_max_sharpe,2022-09-27,-0.0021989256795729656
combined_max_sharpe,2022-09-28,0.029172849719252894
combined_max_sharpe,2022-09-29,-0.013155283569748136
combined_max_sharpe,2022-09-30,-0.01780183772915843
combined_max_sharpe,2022-10-03,0.03494397079121491
combined_max_sharpe,2022-10-04,0.02558273262423567
combined_max_sharpe,2022-10-05,0.008040989985921948
combined_max_sharpe,2022-10-06,-0.0005259779947444643
combined_max_sharpe,2022-10-07,-0.010022809945027843
combined_max_sharpe,2022-10-10,-0.012357606393045647
combined_max_sharpe,2022-10-11,0.005888995101882901
combined_max_sharpe,2022-10-12,-0.0030999594294299124
combined_max_sharpe,2022-10-13,0.035938652952527406
combined_max_sharpe,2022-10-14,-0.011087602748255937
combined_max_sharpe,2022-10-17,0.01125734545602999
combined_max_sharpe,2022-10-18,0.005200676494436683
combined_max_sharpe,2022-10-19,0.00108989702496214
combined_max_sharpe,2022-10-20,-0.0009143316073640625
combined_max_sharpe,2022-10-21,0.02699307369215769
combined_max_sharpe,2022-10-24,0.011931255589561856
combined_max_sharpe,2022-10-25,0.0016090925848442276
combined_max_sharpe,2022-10-26,0.014592012474778556
combined_max_sharpe,2022-10-27,0.0019439824246408454
combined_max_sharpe,2022-10-28,-0.0035103204554748153
combined_max_sharpe,2022-10-31,-0.0012591176325255063
combined_max_sharpe,2022-11-01,0.007860105256512505
combined_max_sharpe,2022-11-02,-0.018103998664704576
combined_max_sharpe,2022-11-03,0.003220681635750027
combined_max_sharpe,2022-11-04,0.010587189370989602
combined_max_sharpe,2022-11-07,0.021482459163743865
combined_max_sharpe,2022-11-08,0.017169747934820272
combined_max_sharpe,2022-11-09,-0.025612261938014823
combined_max_sharpe,2022-11-10,0.013179671544312696
combined_max_sharpe,2022-11-11,0.007094528119138931
combined_max_sharpe,2022-11-14,0.002878936487857762
combined_max_sharpe,2022-11-15,0.0037037750659524374
combined_max_sharpe,2022-11-16,-0.006313343584105088
combined_max_sharpe,2022-11-17,0.0051032566697488116
combined_max_sharpe,2022-11-18,0.0017129442574712545
combined_max_sharpe,2022-11-21,-0.0002846506140892079
combined_max_sharpe,2022-11-22,0.016094950586641243
combined_max_sharpe,2022-11-23,-0.008284756045981072
combined_max_sharpe,2022-11-25,-0.0005125871629673331
combined_max_sharpe,2022-11-28,-0.015120529745653494
combined_max_sharpe,2022-11-29,0.0031855923089621086
combined_max_sharpe,2022-11-30,0.014108903020657839
combined_max_sharpe,2022-12-01,-0.0026883060479012447
combined_max_sharpe,2022-12-02,-0.0006503797085545247
combined_max_sharpe,2022-12-05,-0.008173699100820105
combined_max_sharpe,2022-12-06,-0.012894049438694327
combined_max_sharpe,2022-12-07,0.006108326635093863
combined_max_sharpe,2022-12-08,0.0023787485518851803
combined_max_sharpe,2022-12-09,-0.017953101886427663
combined_max_sharpe,2022-12-12,0.00655881983862511
combined_max_sharpe,2022-12-13,0.0021089992074440874
combined_max_sharpe,2022-12-14,0.0007770388847088003
combined_max_sharpe,2022-12-15,-0.014683449504724902
combined_max_sharpe,2022-12-16,-0.003068436636746293
combined_max_sharpe,2022-12-19,-5.816264709118232e-05
combined_max_sharpe,2022-12-20,0.0015025823490462209
combined_max_sharpe,2022-12-21,0.010956347878891685
combined_max_sharpe,2022-12-22,-0.006674536072597026
combined_max_sharpe,2022-12-23,0.00786562678088873
combined_max_sharpe,2022-12-27,0.0033175715303873947
combined_max_sharpe,2022-12-28,-0.011760330199075887
combined_max_sharpe,2022-12-29,0.003275656550437272
combined_max_sharpe,2022-12-30,0.0020723732335567215
combined_max_sharpe,2023-01-03,-0.012887084891987623
combined_max_sharpe,2023-01-04,0.0059703854096990715
combined_max_sharpe,2023-01-05,0.014043101912949135
combined_max_sharpe,2023-01-06,0.01723632970778239
combined_max_sharpe,2023-01-09,-0.024678322200085465
combined_max_sharpe,2023-01-10,0.008399465305430539
combined_max_sharpe,2023-01-11,0.0021766397438637754
combined_max_sharpe,2023-01-12,0.004704936826747312
combined_max_sharpe,2023-01-13,0.002288048920040574
combined_max_sharpe,2023-01-17,-0.00861790330953128
combined_max_sharpe,2023-01-18,-0.01749096918550837
combined_max_sharpe,2023-01-19,0.004803475545235689
combined_max_sharpe,2023-01-20,0.007940257483715964
combined_max_sharpe,2023-01-23,-0.004057389129219049
combined_max_sharpe,2023-01-24,-0.004184035172057476
combined_max_sharpe,2023-01-25,-0.0030896357431337276
combined_max_sharpe,2023-01-26,0.009014184694644269
combined_max_sharpe,2023-01-27,-0.011714472166958272
combined_max_sharpe,2023-01-30,-0.008306579040815368
combined_max_sharpe,2023-01-31,0.013368120088425951
combined_max_sharpe,2023-02-01,0.00199697597014435
combined_max_sharpe,2023-02-02,-0.02433658089343434
combined_max_sharpe,2023-02-03,0.0021474136577778963
combined_max_sharpe,2023-02-06,-0.0023196335873639892
combined_max_sharpe,2023-02-07,0.012094104103966235
combined_max_sharpe,2023-02-08,-0.0001467361605812537
combined_max_sharpe,2023-02-09,-0.0033448557080667718
combined_max_sharpe,2023-02-10,0.01935846498618996
combined_max_sharpe,2023-02-13,0.008405174955460223
combined_max_sharpe,2023-02-14,-0.0018667505230252261
combined_max_sharpe,2023-02-15,-0.0090027044303059
combined_max_sharpe,2023-02-16,-0.008162581996697187
combined_max_sharpe,2023-02-17,0.0027899106239518716
combined_max_sharpe,2023-02-21,-0.008707779053294288
combined_max_sharpe,2023-02-22,-0.005627958819108756
combined_max_sharpe,2023-02-23,0.002109492540345795
combined_max_sharpe,2023-02-24,-0.0064447415690711395
combined_max_sharpe,2023-02-27,-0.00022148937998694646
combined_max_sharpe,2023-02-28,-0.01022811699712933
combined_max_sharpe,2023-03-01,0.002416909287805725
combined_max_sharpe,2023-03-02,0.004878906749661683
combined_max_sharpe,2023-03-03,0.010305057169757638
combined_max_sharpe,2023-03-06,0.0134567902629259
combined_max_sharpe,2023-03-07,-0.010318099627945419
combined_max_sharpe,2023-03-08,-0.010203438966494094
combined_max_sharpe,2023-03-09,-0.012310135223042768
combined_max_sharpe,2023-03-10,-0.005584508796771182
combined_max_sharpe,2023-03-13,-0.010487122623035913
combined_max_sharpe,2023-03-14,0.011809226578754035
combined_max_sharpe,2023-03-15,-0.019117044688991915
combined_max_sharpe,2023-03-16,0.0007584353267842337
combined_max_sharpe,2023-03-17,-0.022897359941065527
combined_max_sharpe,2023-03-20,0.022730655885659434
combined_max_sharpe,2023-03-21,0.012404057446861225
combined_max_sharpe,2023-03-22,-0.017717134349861812
combined_max_sharpe,2023-03-23,0.00044304242487275427
combined_max_sharpe,2023-03-24,0.006690837126213094
combined_max_sharpe,2023-03-27,0.011948598060494814
combined_max_sharpe,2023-03-28,0.006136289467159813
combined_max_sharpe,2023-03-29,0.004790667206600083
combined_max_sharpe,2023-03-30,0.005944352304368763
combined_max_sharpe,2023-03-31,0.009218168089203064
combined_max_sharpe,2023-04-03,0.024630001522436842
combined_max_sharpe,2023-04-04,-0.009464949172955294
combined_max_sharpe,2023-04-05,0.0170082059881919
combined_max_sharpe,2023-04-06,-0.005023982006815508
combined_max_sharpe,2023-04-10,-0.0018686003550280447
combined_max_sharpe,2023-04-11,0.00047285418994996665
combined_max_sharpe,2023-04-12,0.002033481751004364
combined_max_sharpe,2023-04-13,0.010360680169782505
combined_max_sharpe,2023-04-14,0.0007788471487658072
combined_max_sharpe,2023-04-17,0.0007695655547433164
combined_max_sharpe,2023-04-18,0.007579049984142073
combined_max_sharpe,2023-04-19,-0.0005536444826933758
combined_max_sharpe,2023-04-20,0.0013395945684187924
combined_max_sharpe,2023-04-21,0.010216507301032376
combined_max_sharpe,2023-04-24,0.007572596254452317
combined_max_sharpe,2023-04-25,-0.00843886832288112
combined_max_sharpe,2023-04-26,-0.02020675070745045
combined_max_sharpe,2023-04-27,0.009793419331264337
combined_max_sharpe,2023-04-28,0.0006062619968850367
combined_max_sharpe,2023-05-01,0.0034513916796795794
combined_max_sharpe,2023-05-02,-0.001532736256654959
combined_max_sharpe,2023-05-03,-0.017956617594900835
combined_max_sharpe,2023-05-04,-0.010928929995293688
combined_max_sharpe,2023-05-05,0.012424299947911057
combined_max_sharpe,2023-05-08,0.001276219790382593
combined_max_sharpe,2023-05-09,-0.002417990431095996
combined_max_sharpe,2023-05-10,-0.00493412524923569
combined_max_sharpe,2023-05-11,-0.0027481513419861203
combined_max_sharpe,2023-05-12,-0.003291643038198485
combined_max_sharpe,2023-05-15,0.007747921019129465
combined_max_sharpe,2023-05-16,-0.007657455755865555
combined_max_sharpe,2023-05-17,0.0065245165469064925
combined_max_sharpe,2023-05-18,0.0011218074293779545
combined_max_sharpe,2023-05-19,0.004003415745280282
combined_max_sharpe,2023-05-22,-0.007762526649862139
combined_max_sharpe,2023-05-23,-0.012957263361935508
combined_max_sharpe,2023-05-24,6.964692312708934e-05
combined_max_sharpe,2023-05-25,-0.009000086895070012
combined_max_sharpe,2023-05-26,-0.002025083032062929
combined_max_sharpe,2023-05-30,-0.009942649226751513
combined_max_sharpe,2023-05-31,0.0006448408288722914
combined_max_sharpe,2023-06-01,0.014521927034449798
combined_max_sharpe,2023-06-02,0.013691857482226726
combined_max_sharpe,2023-06-05,-0.009667798659593378
combined_max_sharpe,2023-06-06,-0.003756904144609572
combined_max_sharpe,2023-06-07,-0.006072276089677904
combined_max_sharpe,2023-06-08,0.013586082380937078
combined_max_sharpe,2023-06-09,0.004807991241581781
combined_max_sharpe,2023-06-12,0.0017058197312471751
combined_max_sharpe,2023-06-13,0.005632292971730879
combined_max_sharpe,2023-06-14,-0.010050973931024417
combined_max_sharpe,2023-06-15,0.005212726324984252
combined_max_sharpe,2023-06-16,0.0008143152015122196
combined_max_sharpe,2023-06-20,-0.004897586511551666
combined_max_sharpe,2023-06-21,0.00509219063829839
combined_max_sharpe,2023-06-22,0.004011923791013487
combined_max_sharpe,2023-06-23,-0.0031978030703246584
combined_max_sharpe,2023-06-26,-0.00937037974134411
combined_max_sharpe,2023-06-27,0.006767223307997648
combined_max_sharpe,2023-06-28,-0.0012689007701756367
combined_max_sharpe,2023-06-29,0.005963373852065272
combined_max_sharpe,2023-06-30,0.016397945837360817
combined_max_sharpe,2023-07-03,-0.007300667022091509
combined_max_sharpe,2023-07-05,-0.0015205086757291665
combined_max_sharpe,2023-07-06,-0.010473336169023082
combined_max_sharpe,2023-07-07,-0.007880331971515704
combined_max_sharpe,2023-07-10,0.012793065200491036
combined_max_sharpe,2023-07-11,-0.0013340574302400125
combined_max_sharpe,2023-07-12,0.002510486578827664
combined_max_sharpe,2023-07-13,0.021839727617308253
combined_max_sharpe,2023-07-14,-0.005922566765162026
combined_max_sharpe,2023-07-17,-0.0018686487386912717
combined_max_sharpe,2023-07-18,0.0053863650470672274
combined_max_sharpe,2023-07-19,-0.0022777578150775654
combined_max_sharpe,2023-07-20,0.009584952521874628
combined_max_sharpe,2023-07-21,0.0007741673461924272
combined_max_sharpe,2023-07-24,-0.007586071479792834
combined_max_sharpe,2023-07-25,0.017782024777737517
combined_max_sharpe,2023-07-26,-0.005971945606655265
combined_max_sharpe,2023-07-27,-0.00257957124160694
combined_max_sharpe,2023-07-28,0.002685439238106635
combined_max_sharpe,2023-07-31,-0.0011675069145755197
combined_max_sharpe,2023-08-01,-0.008160516803928692
combined_max_sharpe,2023-08-02,-0.012434586035730135
combined_max_sharpe,2023-08-03,0.00019664597877806235
combined_max_sharpe,2023-08-04,4.745603371524628e-05
combined_max_sharpe,2023-08-07,0.014602088425126853
combined_max_sharpe,2023-08-08,-0.0020697712248756803
combined_max_sharpe,2023-08-09,-0.009217558555564918
combined_max_sharpe,2023-08-10,-0.0007192635283822445
combined_max_sharpe,2023-08-11,0.0036015024060143614
combined_max_sharpe,2023-08-14,0.015310300976383006
combined_max_sharpe,2023-08-15,-0.008799546223894405
combined_max_sharpe,2023-08-16,-0.008679344480742653
combined_max_sharpe,2023-08-17,-0.021051999495626243
combined_max_sharpe,2023-08-18,0.0041756184646024475
combined_max_sharpe,2023-08-21,0.009709568171126262
combined_max_sharpe,2023-08-22,-0.012207743592531156
combined_max_sharpe,2023-08-23,0.024595836329968486
combined_max_sharpe,2023-08-24,-0.014286087639140823
combined_max_sharpe,2023-08-25,0.002138072692545862
combined_max_sharpe,2023-08-28,0.0055129324411484545
combined_max_sharpe,2023-08-29,0.021435287149061937
combined_max_sharpe,2023-08-30,-0.002117014215549168
combined_max_sharpe,2023-08-31,-0.00559431840656988
combined_max_sharpe,2023-09-01,-0.0034037050150652758
combined_max_sharpe,2023-09-05,-0.011149655655330638
combined_max_sharpe,2023-09-06,-0.00744252850936365
combined_max_sharpe,2023-09-07,0.00018257451933384044
combined_max_sharpe,2023-09-08,0.0002114914446258499
combined_max_sharpe,2023-09-11,0.002085333949706513
combined_max_sharpe,2023-09-12,0.005728715280925538
combined_max_sharpe,2023-09-13,-0.004951739358052696
combined_max_sharpe,2023-09-14,0.011842599479207414
combined_max_sharpe,2023-09-15,-0.007745038329974902
combined_max_sharpe,2023-09-18,0.0051986550340634334
combined_max_sharpe,2023-09-19,-0.003474940153967632
combined_max_sharpe,2023-09-20,-0.008882292985305299
combined_max_sharpe,2023-09-21,-0.015625853210661397
combined_max_sharpe,2023-09-22,-0.0024795888625362655
combined_max_sharpe,2023-09-25,0.004727923699839595
combined_max_sharpe,2023-09-26,-0.007901307972819141
combined_max_sharpe,2023-09-27,0.0032252379174328777
combined_max_sharpe,2023-09-28,0.01043352406549821
combined_max_sharpe,2023-09-29,-0.010016440203926799
combined_max_sharpe,2023-10-02,-0.0012695589639828938
combined_max_sharpe,2023-10-03,-0.015491296183132733
combined_max_sharpe,2023-10-04,0.005748494989419504
combined_max_sharpe,2023-10-05,0.0028290548661896835
combined_max_sharpe,2023-10-06,0.014391211243190583
combined_max_sharpe,2023-10-09,-0.0008046931400120939
combined_max_sharpe,2023-10-10,0.0028702190811566316
combined_max_sharpe,2023-10-11,0.01477652001619826
combined_max_sharpe,2023-10-12,-0.004595346077355675
combined_max_sharpe,2023-10-13,-0.009079649087556176
combined_max_sharpe,2023-10-16,0.008779110243947308
combined_max_sharpe,2023-10-17,-0.006780187564146927
combined_max_sharpe,2023-10-18,-0.02035011007463156
combined_max_sharpe,2023-10-19,-0.008300352310015443
combined_max_sharpe,2023-10-20,-0.0008677208944349524
combined_max_sharpe,2023-10-23,0.011657636037818244
combined_max_sharpe,2023-10-24,0.020238248189987932
combined_max_sharpe,2023-10-25,-0.01541842443297048
combined_max_sharpe,2023-10-26,-0.01273631108377957
combined_max_sharpe,2023-10-27,-0.01807926364659653
combined_max_sharpe,2023-10-30,0.014803577830957385
combined_max_sharpe,2023-10-31,-0.012748325973628011
combined_max_sharpe,2023-11-01,0.007599169111732552
combined_max_sharpe,2023-11-02,0.006112563158660095
combined_max_sharpe,2023-11-03,0.011974155771419314
combined_max_sharpe,2023-11-06,0.01481834988479908
combined_max_sharpe,2023-11-07,0.001213731513075471
combined_max_sharpe,2023-11-08,0.007327283792959165
combined_max_sharpe,2023-11-09,-0.006005681302300548
combined_max_sharpe,2023-11-10,0.015178514825684952
combined_max_sharpe,2023-11-13,0.004415680269482524
combined_max_sharpe,2023-11-14,0.007566253250344081
combined_max_sharpe,2023-11-15,-0.0009918936410751784
combined_max_sharpe,2023-11-16,-0.009242176439122262
combined_max_sharpe,2023-11-17,-0.0012203256843728513
combined_max_sharpe,2023-11-20,0.005388852519540794
combined_max_sharpe,2023-11-21,-0.006520782900285054
combined_max_sharpe,2023-11-22,-0.005556943980366462
combined_max_sharpe,2023-11-24,-0.0006772691136571208
combined_max_sharpe,2023-11-27,0.0007140887629993471
combined_max_sharpe,2023-11-28,-0.0038058382634479303
combined_max_sharpe,2023-11-29,-0.0010948133826242485
combined_max_sharpe,2023-11-30,0.0017441682275254214
combined_max_sharpe,2023-12-01,0.005236212563645964
combined_max_sharpe,2023-12-04,-0.0014877489159594824
combined_max_sharpe,2023-12-05,0.004553939504990342
combined_max_sharpe,2023-12-06,-0.006536156394960155
combined_max_sharpe,2023-12-07,0.004328933038905872
combined_max_sharpe,2023-12-08,0.010951190456824893
combined_max_sharpe,2023-12-11,-0.010700727616597249
combined_max_sharpe,2023-12-12,0.010511822939496008
combined_max_sharpe,2023-12-13,0.009969535758339122
combined_max_sharpe,2023-12-14,-0.0062071629692927975
combined_max_sharpe,2023-12-15,0.0007896939732597258
combined_max_sharpe,2023-12-18,0.011776790976387085
combined_max_sharpe,2023-12-19,0.004307474780104014
combined_max_sharpe,2023-12-20,-0.013872045047069482
combined_max_sharpe,2023-12-21,0.015946442894185283
combined_max_sharpe,2023-12-22,0.0016988126376043138
combined_max_sharpe,2023-12-26,0.002607328514420234
combined_max_sharpe,2023-12-27,0.01190415229689852
combined_max_sharpe,2023-12-28,-0.0002552868345069152
combined_max_sharpe,2023-12-29,-0.004625036486771528
combined_equal_weight,2021-01-04,-0.003890754794180156
combined_equal_weight,2021-01-05,0.018120376539992038
combined_equal_weight,2021-01-06,0.040182477161079845
combined_equal_weight,2021-01-07,0.010143704534638191
combined_equal_weight,2021-01-08,0.0012208607118854053
combined_equal_weight,2021-01-11,-0.02152422578249631
combined_equal_weight,2021-01-12,-0.0006109898860971216
combined_equal_weight,2021-01-13,0.013803567861465397
combined_equal_weight,2021-01-14,0.005860779073975744
combined_equal_weight,2021-01-15,-0.015495323336940946
combined_equal_weight,2021-01-19,0.007634480717274238
combined_equal_weight,2021-01-20,0.00566190192199096
combined_equal_weight,2021-01-21,-0.027791277934350513
combined_equal_weight,2021-01-22,0.007759507727108147
combined_equal_weight,2021-01-25,-0.002077719675077335
combined_equal_weight,2021-01-26,-0.004617090510871492
combined_equal_weight,2021-01-27,-0.033901970796431244
combined_equal_weight,2021-01-28,0.024511344724528244
combined_equal_weight,2021-01-29,-0.0076170751428229
combined_equal_weight,2021-02-01,0.010204431715737181
combined_equal_weight,2021-02-02,0.02140356178405361
combined_equal_weight,2021-02-03,0.009427809957152509
combined_equal_weight,2021-02-04,0.004677017929212065
combined_equal_weight,2021-02-05,0.019298369448650807
combined_equal_weight,2021-02-08,0.024349974909302272
combined_equal_weight,2021-02-09,0.008633479616969735
combined_equal_weight,2021-02-10,0.008348949512855613
combined_equal_weight,2021-02-11,0.012119537999230363
combined_equal_weight,2021-02-12,0.012771234706878482
combined_equal_weight,2021-02-16,8.878331594455735e-05
combined_equal_weight,2021-02-17,0.009077872795865008
combined_equal_weight,2021-02-18,-0.0044465121074210336
combined_equal_weight,2021-02-19,0.009084852155601876
combined_equal_weight,2021-02-22,-0.00868332831267409
combined_equal_weight,2021-02-23,-0.02610771316507361
combined_equal_weight,2021-02-24,0.01875870301090632
combined_equal_weight,2021-02-25,-0.024130059591711488
combined_equal_weight,2021-02-26,-0.010366431104046593
combined_equal_weight,2021-03-01,0.027648109503017656
combined_equal_weight,2021-03-02,-0.004995095667853328
combined_equal_weight,2021-03-03,-0.00033320893871828473
combined_equal_weight,2021-03-04,-0.009153766461762136
combined_equal_weight,2021-03-05,0.01322633472198179
combined_equal_weight,2021-03-08,0.0044615570870611574
combined_equal_weight,2021-03-09,0.013254338704809366
combined_equal_weight,2021-03-10,0.0034800257662523444
combined_equal_weight,2021-03-11,0.004812708500153618
combined_equal_weight,2021-03-12,0.002555291877315302
combined_equal_weight,2021-03-15,-0.0011713058424096992
combined_equal_weight,2021-03-16,0.007015489487125953
combined_equal_weight,2021-03-17,0.006925596336963362
combined_equal_weight,2021-03-18,-0.015048507897716848
combined_equal_weight,2021-03-19,-0.0007063611481626293
combined_equal_weight,2021-03-22,-0.00010487066879600628
combined_equal_weight,2021-03-23,-0.005565115183487839
combined_equal_weight,2021-03-24,-0.013883901971090516
combined_equal_weight,2021-03-25,0.005753612949812869
combined_equal_weight,2021-03-26,0.03094468102817685
combined_equal_weight,2021-03-29,0.00720851876096163
combined_equal_weight,2021-03-30,-0.0005418116981099119
combined_equal_weight,2021-03-31,0.010304119991946515
combined_equal_weight,2021-04-01,0.014672578757863942
combined_equal_weight,2021-04-05,0.023081966962157616
combined_equal_weight,2021-04-06,0.005966440099026121
combined_equal_weight,2021-04-07,-0.013625912450554611
combined_equal_weight,2021-04-08,0.010035511307399434
combined_equal_weight,2021-04-09,-0.002264637608147718
combined_equal_weight,2021-04-12,-0.00014566428523633715
combined_equal_weight,2021-04-13,0.0197269451628339
combined_equal_weight,2021-04-14,0.00717985817728976
combined_equal_weight,2021-04-15,0.01802641009725522
combined_equal_weight,2021-04-16,0.010810640530123875
combined_equal_weight,2021-04-19,-0.013429808386374404
combined_equal_weight,2021-04-20,-0.0017194123355581915
combined_equal_weight,2021-04-21,0.002052752340624871
combined_equal_weight,2021-04-22,-0.01619857718772049
combined_equal_weight,2021-04-23,0.004644271415590371
combined_equal_weight,2021-04-26,0.026003937241607527
combined_equal_weight,2021-04-27,0.007995005006577837
combined_equal_weight,2021-04-28,0.0006928192729146098
combined_equal_weight,2021-04-29,0.005640496360681097
combined_equal_weight,2021-04-30,0.007084977550949065
combined_equal_weight,2021-05-03,0.01544405454342334
combined_equal_weight,2021-05-04,-0.005648499007211002
combined_equal_weight,2021-05-05,0.043723330868181844
combined_equal_weight,2021-05-06,0.022550097273660655
combined_equal_weight,2021-05-07,0.001800001640671186
combined_equal_weight,2021-05-10,-0.014161891036241459
combined_equal_weight,2021-05-11,0.012826295389902967
combined_equal_weight,2021-05-12,-0.043128516631349416
combined_equal_weight,2021-05-13,0.017429437963871506
combined_equal_weight,2021-05-14,0.020617598770978452
combined_equal_weight,2021-05-17,-0.00844274429178517
combined_equal_weight,2021-05-18,-0.004358603510738577
combined_equal_weight,2021-05-19,-0.05502496853780313
combined_equal_weight,2021-05-20,0.031663435606871106
combined_equal_weight,2021-05-21,-0.021497824737603276
combined_equal_weight,2021-05-24,0.047287331314570705
combined_equal_weight,2021-05-25,-0.004097105160568201
combined_equal_weight,2021-05-26,0.014872081029443264
combined_equal_weight,2021-05-27,-0.003959701442402558
combined_equal_weight,2021-05-28,-0.011492925379301376
combined_equal_weight,2021-06-01,0.001932099105039456
combined_equal_weight,2021-06-02,0.005887695082374622
combined_equal_weight,2021-06-03,0.006975701709594548
combined_equal_weight,2021-06-04,-0.006163965303206659
combined_equal_weight,2021-06-07,-0.015368342643534448
combined_equal_weight,2021-06-08,-0.002371154567070978
combined_equal_weight,2021-06-09,0.0073027072576986665
combined_equal_weight,2021-06-10,-0.004799715458690141
combined_equal_weight,2021-06-11,-0.005929566468440189
combined_equal_weight,2021-06-14,0.0007492351693836755
combined_equal_weight,2021-06-15,0.0008401618357091983
combined_equal_weight,2021-06-16,-0.01824447264472362
combined_equal_weight,2021-06-17,-0.005570700136612286
combined_equal_weight,2021-06-18,-0.02218297042893265
combined_equal_weight,2021-06-21,-0.017547477815348336
combined_equal_weight,2021-06-22,-0.004652135019746895
combined_equal_weight,2021-06-23,0.0114251516164361
combined_equal_weight,2021-06-24,0.01693102791334944
combined_equal_weight,2021-06-25,-0.006932437710560354
combined_equal_weight,2021-06-28,0.0017426400271460013
combined_equal_weight,2021-06-29,0.012414481983307891
combined_equal_weight,2021-06-30,0.005368765226058119
combined_equal_weight,2021-07-01,-0.003319276751580385
combined_equal_weight,2021-07-02,0.004263327713458632
combined_equal_weight,2021-07-06,-0.0042125750698470835
combined_equal_weight,2021-07-07,-0.002181279266246696
combined_equal_weight,2021-07-08,-0.014100931368607789
combined_equal_weight,2021-07-09,0.015525252970304144
combined_equal_weight,2021-07-12,6.666012125695827e-06
combined_equal_weight,2021-07-13,-0.009426809800300116
combined_equal_weight,2021-07-14,-0.0002584936544460197
combined_equal_weight,2021-07-15,-0.006653536534465437
combined_equal_weight,2021-07-16,-0.011967131418521895
combined_equal_weight,2021-07-19,-0.022459570395439412
combined_equal_weight,2021-07-20,0.0028586259219501335
combined_equal_weight,2021-07-21,0.022601742030328026
combined_equal_weight,2021-07-22,0.004775657305063478
combined_equal_weight,2021-07-23,0.009348842887017789
combined_equal_weight,2021-07-26,0.008748477236540467
combined_equal_weight,2021-07-27,0.0027178679878509734
combined_equal_weight,2021-07-28,0.00635380484284413
combined_equal_weight,2021-07-29,0.008348407885710783
combined_equal_weight,2021-07-30,0.0002823173721804373
combined_equal_weight,2021-08-02,-0.00041449549998878624
combined_equal_weight,2021-08-03,0.0028984554738739295
combined_equal_weight,2021-08-04,-0.0006855822474707844
combined_equal_weight,2021-08-05,0.00676387665507502
combined_equal_weight,2021-08-06,0.0065574618304001945
combined_equal_weight,2021-08-09,0.006843418909327442
combined_equal_weight,2021-08-10,0.00839153195052591
combined_equal_weight,2021-08-11,0.01764108417771884
combined_equal_weight,2021-08-12,-0.002135655200135237
combined_equal_weight,2021-08-13,0.017674559383084754
combined_equal_weight,2021-08-16,-0.008433254654068604
combined_equal_weight,2021-08-17,-0.015290825753124777
combined_equal_weight,2021-08-18,-0.00850641283921421
combined_equal_weight,2021-08-19,0.0064703088836362815
combined_equal_weight,2021-08-20,0.010881405382754462
combined_equal_weight,2021-08-23,0.012042506748717808
combined_equal_weight,2021-08-24,-0.00947256705076925
combined_equal_weight,2021-08-25,0.0038713081381516177
combined_equal_weight,2021-08-26,-0.016122481497608716
combined_equal_weight,2021-08-27,0.021511232266741977
combined_equal_weight,2021-08-30,-0.006425248361791525
combined_equal_weight,2021-08-31,0.005361457888820467
combined_equal_weight,2021-09-01,0.007531067699489176
combined_equal_weight,2021-09-02,0.007735529282360306
combined_equal_weight,2021-09-03,0.004866835916925921
combined_equal_weight,2021-09-07,-0.03628095981293478
combined_equal_weight,2021-09-08,-0.0015716560248669777
combined_equal_weight,2021-09-09,-0.004756211936891713
combined_equal_weight,2021-09-10,-0.010110524390361903
combined_equal_weight,2021-09-13,-0.00258041630675682
combined_equal_weight,2021-09-14,-0.0014324195158687495
combined_equal_weight,2021-09-15,0.012875051537632583
combined_equal_weight,2021-09-16,-0.00780368734541298
combined_equal_weight,2021-09-17,-0.014286215712741262
combined_equal_weight,2021-09-20,-0.03329331545513273
combined_equal_weight,2021-09-21,-0.010663478479630055
combined_equal_weight,2021-09-22,0.025647581307518146
combined_equal_weight,2021-09-23,0.012260223908901547
combined_equal_weight,2021-09-24,-0.012367511550657528
combined_equal_weight,2021-09-27,-0.0024383260660474316
combined_equal_weight,2021-09-28,-0.014791132484124888
combined_equal_weight,2021-09-29,0.00746668734471468
combined_equal_weight,2021-09-30,-0.0017850033793431175
combined_equal_weight,2021-10-01,0.024591481632230426
combined_equal_weight,2021-10-04,-0.004760865119006869
combined_equal_weight,2021-10-05,0.011263409404533145
combined_equal_weight,2021-10-06,0.005299640659841376
combined_equal_weight,2021-10-07,0.005638156018019544
combined_equal_weight,2021-10-08,-0.002315084894826297
combined_equal_weight,2021-10-11,-0.004783810819609663
combined_equal_weight,2021-10-12,-0.004723113417267521
combined_equal_weight,2021-10-13,0.008046235807029638
combined_equal_weight,2021-10-14,0.012013720336223653
combined_equal_weight,2021-10-15,0.007506264442978244
combined_equal_weight,2021-10-18,-0.0006564281322926673
combined_equal_weight,2021-10-19,0.010334411223166513
combined_equal_weight,2021-10-20,0.01591946702170439
combined_equal_weight,2021-10-21,-0.005106919703657935
combined_equal_weight,2021-10-22,-0.0005606793506842658
combined_equal_weight,2021-10-25,0.00820131279086554
combined_equal_weight,2021-10-26,0.0020380461203450533
combined_equal_weight,2021-10-27,-0.02865986108789275
combined_equal_weight,2021-10-28,0.016269624424211402
combined_equal_weight,2021-10-29,0.002378028928441148
combined_equal_weight,2021-11-01,0.005496539455518861
combined_equal_weight,2021-11-02,0.009294275797061704
combined_equal_weight,2021-11-03,0.006961779327564757
combined_equal_weight,2021-11-04,-0.0004541795884501549
combined_equal_weight,2021-11-05,0.00189779066858788
combined_equal_weight,2021-11-08,0.013160514517736172
combined_equal_weight,2021-11-09,0.009076821272139917
combined_equal_weight,2021-11-10,-0.014626270437855951
combined_equal_weight,2021-11-11,0.002818263951857184
combined_equal_weight,2021-11-12,-0.0017091093745052728
combined_equal_weight,2021-11-15,-0.0031997942733268006
combined_equal_weight,2021-11-16,-0.014269076752689023
combined_equal_weight,2021-11-17,-0.004503910391576134
combined_equal_weight,2021-11-18,-0.012178625840402222
combined_equal_weight,2021-11-19,0.0016083130038162283
combined_equal_weight,2021-11-22,-0.004325466852728887
combined_equal_weight,2021-11-23,0.010080833081749266
combined_equal_weight,2021-11-24,-0.002837992481822486
combined_equal_weight,2021-11-26,-0.02933847670788176
combined_equal_weight,2021-11-29,0.008916650891831265
combined_equal_weight,2021-11-30,-0.018449366912494745
combined_equal_weight,2021-12-01,-0.011750985011291234
combined_equal_weight,2021-12-02,0.018424546320772138
combined_equal_weight,2021-12-03,-0.00989665005268462
combined_equal_weight,2021-12-06,0.017967098671794034
combined_equal_weight,2021-12-07,0.011524713550818216
combined_equal_weight,2021-12-08,0.005738811185586794
combined_equal_weight,2021-12-09,-0.017306547344091625
combined_equal_weight,2021-12-10,-0.0017509506946767062
combined_equal_weight,2021-12-13,-0.01847500062645433
combined_equal_weight,2021-12-14,0.0003731772543874324
combined_equal_weight,2021-12-15,0.01533648303075982
combined_equal_weight,2021-12-16,-0.001455775154937346
combined_equal_weight,2021-12-17,-0.014493090540587996
combined_equal_weight,2021-12-20,-0.006322349334487457
combined_equal_weight,2021-12-21,0.017718322151441344
combined_equal_weight,2021-12-22,0.005884459350951685
combined_equal_weight,2021-12-23,0.01298087177425178
combined_equal_weight,2021-12-27,0.011695336888605875
combined_equal_weight,2021-12-28,-0.009558348712256833
combined_equal_weight,2021-12-29,-0.004461703030257021
combined_equal_weight,2021-12-30,0.0015601369410051654
combined_equal_weight,2021-12-31,-0.003464394306561567
combined_equal_weight,2022-01-03,0.003123160162046699
combined_equal_weight,2022-01-04,0.00494542447656564
combined_equal_weight,2022-01-05,-0.018520541664949267
combined_equal_weight,2022-01-06,0.00035154698139848743
combined_equal_weight,2022-01-07,-0.005573185878732739
combined_equal_weight,2022-01-10,-0.010468008645634555
combined_equal_weight,2022-01-11,0.014117589837793543
combined_equal_weight,2022-01-12,0.011324891190994092
combined_equal_weight,2022-01-13,-0.009911573013603523
combined_equal_weight,2022-01-14,0.005830496410168117
combined_equal_weight,2022-01-18,-0.01153302363533437
combined_equal_weight,2022-01-19,-0.010489090579142503
combined_equal_weight,2022-01-20,-0.01697219514854896
combined_equal_weight,2022-01-21,-0.030061223982015495
combined_equal_weight,2022-01-24,-0.0028541466834678063
combined_equal_weight,2022-01-25,-0.0027430716109983653
combined_equal_weight,2022-01-26,-0.006530534848476084
combined_equal_weight,2022-01-27,-0.004293893754328956
combined_equal_weight,2022-01-28,0.0183096178597727
combined_equal_weight,2022-01-31,0.014107319571363013
combined_equal_weight,2022-02-01,0.012964162723813271
combined_equal_weight,2022-02-02,0.0017817301239004546
combined_equal_weight,2022-02-03,-0.005356465536997568
combined_equal_weight,2022-02-04,0.013733646897065199
combined_equal_weight,2022-02-07,0.013688791888446367
combined_equal_weight,2022-02-08,0.0029371659880817287
combined_equal_weight,2022-02-09,0.013799729865727303
combined_equal_weight,2022-02-10,-0.018483629148971906
combined_equal_weight,2022-02-11,-0.01848541179562176
combined_equal_weight,2022-02-14,-0.006096454332451165
combined_equal_weight,2022-02-15,0.017944771341906925
combined_equal_weight,2022-02-16,-0.0029439425950380242
combined_equal_weight,2022-02-17,-0.025669044392356868
combined_equal_weight,2022-02-18,-0.008308974284683532
combined_equal_weight,2022-02-22,0.0010145262277304029
combined_equal_weight,2022-02-23,-0.013019673685019413
combined_equal_weight,2022-02-24,0.005844886592826034
combined_equal_weight,2022-02-25,0.02829906828882836
combined_equal_weight,2022-02-28,0.014981012301147338
combined_equal_weight,2022-03-01,-0.010226922298809874
combined_equal_weight,2022-03-02,0.013323609703012586
combined_equal_weight,2022-03-03,-0.003943445898772509
combined_equal_weight,2022-03-04,-0.010092048189367153
combined_equal_weight,2022-03-07,-0.017769087077544526
combined_equal_weight,2022-03-08,-0.0005181088985887561
combined_equal_weight,2022-03-09,0.022753857325534494
combined_equal_weight,2022-03-10,-0.00828375011728297
combined_equal_weight,2022-03-11,-0.005725738540850365
combined_equal_weight,2022-03-14,-0.003629062472281808
combined_equal_weight,2022-03-15,0.008665417098065821
combined_equal_weight,2022-03-16,0.020116243438739852
combined_equal_weight,2022-03-17,0.011785017412108271
combined_equal_weight,2022-03-18,0.007895695606537636
combined_equal_weight,2022-03-21,0.007010971569600104
combined_equal_weight,2022-03-22,0.015103216163539684
combined_equal_weight,2022-03-23,-0.006049250070386996
combined_equal_weight,2022-03-24,0.013068632416285832
combined_equal_weight,2022-03-25,0.005595401879406857
combined_equal_weight,2022-03-28,0.0014474188611262038
combined_equal_weight,2022-03-29,0.012684810195777252
combined_equal_weight,2022-03-30,-0.001983026304214804
combined_equal_weight,2022-03-31,-0.017306133656382425
combined_equal_weight,2022-04-01,0.007345515668125022
combined_equal_weight,2022-04-04,0.0008953739066797098
combined_equal_weight,2022-04-05,-0.013658704065118673
combined_equal_weight,2022-04-06,-0.016328677696710422
combined_equal_weight,2022-04-07,0.007364622930832038
combined_equal_weight,2022-04-08,-0.004348636173546209
combined_equal_weight,2022-04-11,-0.023264955744011717
combined_equal_weight,2022-04-12,0.004007312985704972
combined_equal_weight,2022-04-13,0.013787966587576845
combined_equal_weight,2022-04-14,-0.005741101907638509
combined_equal_weight,2022-04-18,0.004428319975481326
combined_equal_weight,2022-04-19,0.014011769138049192
combined_equal_weight,2022-04-20,-0.0007653785091205787
combined_equal_weight,2022-04-21,-0.013784294691622687
combined_equal_weight,2022-04-22,-0.021214101715744397
combined_equal_weight,2022-04-25,-0.00044088502730586316
combined_equal_weight,2022-04-26,-0.028544543537566
combined_equal_weight,2022-04-27,0.004447883171157322
combined_equal_weight,2022-04-28,0.016149437880903197
combined_equal_weight,2022-04-29,-0.035359140373519345
combined_equal_weight,2022-05-02,0.003043863419666624
combined_equal_weight,2022-05-03,0.0035640299123010435
combined_equal_weight,2022-05-04,0.041779191869066076
combined_equal_weight,2022-05-05,-0.03567404621053815
combined_equal_weight,2022-05-06,-0.0014604223199472912
combined_equal_weight,2022-05-09,-0.052310159372261376
combined_equal_weight,2022-05-10,0.002289456630839913
combined_equal_weight,2022-05-11,-0.026863850658016598
combined_equal_weight,2022-05-12,-0.00628483657694093
combined_equal_weight,2022-05-13,0.02971034348845338
combined_equal_weight,2022-05-16,-0.008837458817569869
combined_equal_weight,2022-05-17,0.023522176558263535
combined_equal_weight,2022-05-18,-0.036568352952385266
combined_equal_weight,2022-05-19,0.006398791311356195
combined_equal_weight,2022-05-20,-0.00472162270689022
combined_equal_weight,2022-05-23,0.0106081092658785
combined_equal_weight,2022-05-24,0.005686548913250512
combined_equal_weight,2022-05-25,0.005888223167806835
combined_equal_weight,2022-05-26,0.0042446690341475385
combined_equal_weight,2022-05-27,0.011565068511086301
combined_equal_weight,2022-05-31,-0.004450962361167222
combined_equal_weight,2022-06-01,-0.016220122078898155
combined_equal_weight,2022-06-02,0.01624013380735481
combined_equal_weight,2022-06-03,-0.011271403291995524
combined_equal_weight,2022-06-06,0.004473021448710696
combined_equal_weight,2022-06-07,0.006515504781820812
combined_equal_weight,2022-06-08,-0.013009352302863542
combined_equal_weight,2022-06-09,-0.020680984995779597
combined_equal_weight,2022-06-10,-0.030169260382236565
combined_equal_weight,2022-06-13,-0.054737652165409836
combined_equal_weight,2022-06-14,-0.0034627853951064965
combined_equal_weight,2022-06-15,0.019983917419261737
combined_equal_weight,2022-06-16,-0.04189225555299424
combined_equal_weight,2022-06-17,0.0027328718837826144
combined_equal_weight,2022-06-21,0.018731182956851
combined_equal_weight,2022-06-22,-0.008861850562642583
combined_equal_weight,2022-06-23,0.0100016140490976
combined_equal_weight,2022-06-24,0.03030095545634023
combined_equal_weight,2022-06-27,-0.0037082095460848007
combined_equal_weight,2022-06-28,-0.01511942493604518
combined_equal_weight,2022-06-29,-0.006696225000566496
combined_equal_weight,2022-06-30,-0.007535848717859894
combined_equal_weight,2022-07-01,0.005155360012899511
combined_equal_weight,2022-07-05,-0.008417589662965286
combined_equal_weight,2022-07-06,0.0027449040675721625
combined_equal_weight,2022-07-07,0.018122510900338784
combined_equal_weight,2022-07-08,-0.004392454474492608
combined_equal_weight,2022-07-11,-0.015641645535133215
combined_equal_weight,2022-07-12,-0.007135968983798229
combined_equal_weight,2022-07-13,0.004273844927175245
combined_equal_weight,2022-07-14,0.0003954618362371789
combined_equal_weight,2022-07-15,0.017723298169292714
combined_equal_weight,2022-07-18,0.0153131147321425
combined_equal_weight,2022-07-19,0.02586875775096274
combined_equal_weight,2022-07-20,-0.003828157409285748
combined_equal_weight,2022-07-21,0.00855275720091389
combined_equal_weight,2022-07-22,-0.005418183269914843
combined_equal_weight,2022-07-25,-0.009139212362314906
combined_equal_weight,2022-07-26,-0.003336425903804736
combined_equal_weight,2022-07-27,0.02792847365268602
combined_equal_weight,2022-07-28,0.021607122134156626
combined_equal_weight,2022-07-29,0.007116952121869639
combined_equal_weight,2022-08-01,-0.0034638165145915484
combined_equal_weight,2022-08-02,-0.011258405527666888
combined_equal_weight,2022-08-03,0.0043077639733036166
combined_equal_weight,2022-08-04,-0.0011084059539739493
combined_equal_weight,2022-08-05,0.008947954951706028
combined_equal_weight,2022-08-08,0.0037225810330289637
combined_equal_weight,2022-08-09,-0.007945398147576593
combined_equal_weight,2022-08-10,0.022285586386157935
combined_equal_weight,2022-08-11,0.007112773058763379
combined_equal_weight,2022-08-12,0.014744085826509507
combined_equal_weight,2022-08-15,0.0008230034027234425
combined_equal_weight,2022-08-16,0.002814440189481566
combined_equal_weight,2022-08-17,-0.00779858988911779
combined_equal_weight,2022-08-18,0.00043693173708676884
combined_equal_weight,2022-08-19,-0.025355329437994716
combined_equal_weight,2022-08-22,-0.012537475399785884
combined_equal_weight,2022-08-23,0.004000658103116927
combined_equal_weight,2022-08-24,0.0006884568862047296
combined_equal_weight,2022-08-25,0.013369768680934336
combined_equal_weight,2022-08-26,-0.03608088845540071
combined_equal_weight,2022-08-29,0.005030206035969886
combined_equal_weight,2022-08-30,-0.015619484591487917
combined_equal_weight,2022-08-31,-0.005587489685243131
combined_equal_weight,2022-09-01,0.0034886436672656863
combined_equal_weight,2022-09-02,-0.007112650662027255
combined_equal_weight,2022-09-06,-0.015162334278139821
combined_equal_weight,2022-09-07,0.022888356862568345
combined_equal_weight,2022-09-08,0.006030335202376025
combined_equal_weight,2022-09-09,0.02197192647032312
combined_equal_weight,2022-09-12,0.005828411314179709
combined_equal_weight,2022-09-13,-0.04522622520134939
combined_equal_weight,2022-09-14,0.006167148570890121
combined_equal_weight,2022-09-15,-0.021520483858726538
combined_equal_weight,2022-09-16,-0.0038641686411954724
combined_equal_weight,2022-09-19,0.008872265784185429
combined_equal_weight,2022-09-20,-0.012956882717406143
combined_equal_weight,2022-09-21,-0.02065051287760757
combined_equal_weight,2022-09-22,0.0034980863449201515
combined_equal_weight,2022-09-23,-0.01666781993710253
combined_equal_weight,2022-09-26,-0.01293929840562053
combined_equal_weight,2022-09-27,-0.005605479284624965
combined_equal_weight,2022-09-28,0.017534552039938055
combined_equal_weight,2022-09-29,-0.012207247581198724
combined_equal_weight,2022-09-30,-0.013137197439580917
combined_equal_weight,2022-10-03,0.030449618306372543
combined_equal_weight,2022-10-04,0.02880958335717737
combined_equal_weight,2022-10-05,-0.0034065901150966233
combined_equal_weight,2022-10-06,-0.010554134887437125
combined_equal_weight,2022-10-07,-0.020280218445497645
combined_equal_weight,2022-10-10,-0.012045546445742966
combined_equal_weight,2022-10-11,-0.005794294732439905
combined_equal_weight,2022-10-12,-0.004392407956616383
combined_equal_weight,2022-10-13,0.021919988104568855
combined_equal_weight,2022-10-14,-0.014943014408953998
combined_equal_weight,2022-10-17,0.018691664879151734
combined_equal_weight,2022-10-18,0.007318470900009654
combined_equal_weight,2022-10-19,-0.010522088707603131
combined_equal_weight,2022-10-20,-0.003903969660213536
combined_equal_weight,2022-10-21,0.02200682486592608
combined_equal_weight,2022-10-24,0.003431330492379288
combined_equal_weight,2022-10-25,0.022866863952870096
combined_equal_weight,2022-10-26,0.008034988239200652
combined_equal_weight,2022-10-27,-0.003632952115667947
combined_equal_weight,2022-10-28,0.023573826986520472
combined_equal_weight,2022-10-31,-0.006095718685837176
combined_equal_weight,2022-11-01,0.0011665474279613675
combined_equal_weight,2022-11-02,-0.016734417076221923
combined_equal_weight,2022-11-03,0.0006162937564336262
combined_equal_weight,2022-11-04,0.0269031608428341
combined_equal_weight,2022-11-07,0.0063916100364624
combined_equal_weight,2022-11-08,-0.013701324476817447
combined_equal_weight,2022-11-09,-0.04206236722983267
combined_equal_weight,2022-11-10,0.0675006791956451
combined_equal_weight,2022-11-11,0.006815255597190179
combined_equal_weight,2022-11-14,-0.0034026310492899113
combined_equal_weight,2022-11-15,0.010602315236801463
combined_equal_weight,2022-11-16,-0.011701976878377256
combined_equal_weight,2022-11-17,-0.0010528206157177623
combined_equal_weight,2022-11-18,0.004579782972334324
combined_equal_weight,2022-11-21,-0.001608971703776883
combined_equal_weight,2022-11-22,0.018700329196249955
combined_equal_weight,2022-11-23,0.010489829245412906
combined_equal_weight,2022-11-25,-0.0004737967332436475
combined_equal_weight,2022-11-28,-0.018339494590531837
combined_equal_weight,2022-11-29,0.006229594226936348
combined_equal_weight,2022-11-30,0.025515568887532696
combined_equal_weight,2022-12-01,-0.0035729309016658923
combined_equal_weight,2022-12-02,0.002700736387861955
combined_equal_weight,2022-12-05,-0.01466587036262013
combined_equal_weight,2022-12-06,-0.009217703200675513
combined_equal_weight,2022-12-07,-0.004218368396410738
combined_equal_weight,2022-12-08,0.009516938329560378
combined_equal_weight,2022-12-09,-0.00942279328702782
combined_equal_weight,2022-12-12,0.013429631001319251
combined_equal_weight,2022-12-13,0.01112670271869061
combined_equal_weight,2022-12-14,-0.009161190736121408
combined_equal_weight,2022-12-15,-0.021888844095310084
combined_equal_weight,2022-12-16,-0.021319753226927002
combined_equal_weight,2022-12-19,-0.010728852442311063
combined_equal_weight,2022-12-20,0.00870012313657669
combined_equal_weight,2022-12-21,0.014259856269343464
combined_equal_weight,2022-12-22,-0.008621359750384586
combined_equal_weight,2022-12-23,0.006277644466821743
combined_equal_weight,2022-12-27,-0.0017391378059759658
combined_equal_weight,2022-12-28,-0.015186776727050936
combined_equal_weight,2022-12-29,0.011231947956177222
combined_equal_weight,2022-12-30,-0.0014994889775808388
combined_equal_weight,2023-01-03,0.0014249108631881689
combined_equal_weight,2023-01-04,0.02153012742654666
combined_equal_weight,2023-01-05,-0.008150576794457378
combined_equal_weight,2023-01-06,0.02337325761487568
combined_equal_weight,2023-01-09,0.004700037490849591
combined_equal_weight,2023-01-10,0.007351108659663848
combined_equal_weight,2023-01-11,0.013105328625998683
combined_equal_weight,2023-01-12,0.010156315980829734
combined_equal_weight,2023-01-13,0.00851194859562675
combined_equal_weight,2023-01-17,-0.00419443766987623
combined_equal_weight,2023-01-18,-0.02044387826217308
combined_equal_weight,2023-01-19,-0.002273349482211665
combined_equal_weight,2023-01-20,0.02351405930305075
combined_equal_weight,2023-01-23,0.013020643241290347
combined_equal_weight,2023-01-24,-0.009353205795021241
combined_equal_weight,2023-01-25,0.0066582357232981525
combined_equal_weight,2023-01-26,0.006728874633475803
combined_equal_weight,2023-01-27,0.0007719281474348106
combined_equal_weight,2023-01-30,-0.016294006955992344
combined_equal_weight,2023-01-31,0.013220029608013514
combined_equal_weight,2023-02-01,0.00973150505698297
combined_equal_weight,2023-02-02,-0.0005500485124867098
combined_equal_weight,2023-02-03,-0.0083410692489316
combined_equal_weight,2023-02-06,-0.006746947547876076
combined_equal_weight,2023-02-07,0.015576413927813289
combined_equal_weight,2023-02-08,-0.010476762630954598
combined_equal_weight,2023-02-09,-0.017697535698175303
combined_equal_weight,2023-02-10,0.006180523038854832
combined_equal_weight,2023-02-13,0.006761791597266651
combined_equal_weight,2023-02-14,0.004442089540639553
combined_equal_weight,2023-02-15,0.011134968990990214
combined_equal_weight,2023-02-16,-0.01891393728273206
combined_equal_weight,2023-02-17,0.005827864390259856
combined_equal_weight,2023-02-21,-0.01778263938310214
combined_equal_weight,2023-02-22,-0.0058648178549140844
combined_equal_weight,2023-02-23,0.0026098348420776876
combined_equal_weight,2023-02-24,-0.013726279036938729
combined_equal_weight,2023-02-27,0.0007106336017079122
combined_equal_weight,2023-02-28,-0.005696637618743372
combined_equal_weight,2023-03-01,0.0034743615811126615
combined_equal_weight,2023-03-02,0.008291230851856674
combined_equal_weight,2023-03-03,0.007100174740261895
combined_equal_weight,2023-03-06,-0.0021608539506573357
combined_equal_weight,2023-03-07,-0.015787497184841456
combined_equal_weight,2023-03-08,-0.0018752779680403218
combined_equal_weight,2023-03-09,-0.0245362038404097
combined_equal_weight,2023-03-10,-0.011593807963097256
combined_equal_weight,2023-03-13,0.004382789544936423
combined_equal_weight,2023-03-14,0.015481833902104157
combined_equal_weight,2023-03-15,-0.016728436592273455
combined_equal_weight,2023-03-16,0.014869035327806143
combined_equal_weight,2023-03-17,0.0007420631691404397
combined_equal_weight,2023-03-20,0.00375146243901129
combined_equal_weight,2023-03-21,0.019658805021547755
combined_equal_weight,2023-03-22,-0.024846038452477917
combined_equal_weight,2023-03-23,0.009246312215876318
combined_equal_weight,2023-03-24,0.0018179527117647104
combined_equal_weight,2023-03-27,0.0003726837953280834
combined_equal_weight,2023-03-28,0.00631299467802165
combined_equal_weight,2023-03-29,0.0177458448313086
combined_equal_weight,2023-03-30,0.003797618035491046
combined_equal_weight,2023-03-31,0.014129093881529388
combined_equal_weight,2023-04-03,0.005473537217209085
combined_equal_weight,2023-04-04,-0.0027585180853188025
combined_equal_weight,2023-04-05,0.003848383184211968
combined_equal_weight,2023-04-06,-0.001632453040931714
combined_equal_weight,2023-04-10,0.0068584890585663754
combined_equal_weight,2023-04-11,0.0027781488234734177
combined_equal_weight,2023-04-12,-0.0026424747146835148
combined_equal_weight,2023-04-13,0.009702366753600436
combined_equal_weight,2023-04-14,-0.0022719367063586083
combined_equal_weight,2023-04-17,0.00018522706613807055
combined_equal_weight,2023-04-18,0.0036803527513123322
combined_equal_weight,2023-04-19,-0.009925908423353688
combined_equal_weight,2023-04-20,-0.008568364002944074
combined_equal_weight,2023-04-21,-0.00688944540075023
combined_equal_weight,2023-04-24,0.00043050629007484705
combined_equal_weight,2023-04-25,-0.009650637567961992
combined_equal_weight,2023-04-26,-0.01252399632443319
combined_equal_weight,2023-04-27,0.014707035570013054
combined_equal_weight,2023-04-28,0.008524585878158259
combined_equal_weight,2023-05-01,-0.00570146063816566
combined_equal_weight,2023-05-02,-0.011728617620718737
combined_equal_weight,2023-05-03,-0.009008965374414552
combined_equal_weight,2023-05-04,-0.006213969164150282
combined_equal_weight,2023-05-05,0.018044649030289916
combined_equal_weight,2023-05-08,-0.006554959489218449
combined_equal_weight,2023-05-09,-0.0008714536635478385
combined_equal_weight,2023-05-10,-0.0017549888693666974
combined_equal_weight,2023-05-11,-0.010958382402106734
combined_equal_weight,2023-05-12,0.0004064625232982086
combined_equal_weight,2023-05-15,0.0051931715604700895
combined_equal_weight,2023-05-16,-0.01190408038703456
combined_equal_weight,2023-05-17,0.012751658329153513
combined_equal_weight,2023-05-18,0.0029668728035717913
combined_equal_weight,2023-05-19,-0.0015144502784157742
combined_equal_weight,2023-05-22,0.0019826777328277086
combined_equal_weight,2023-05-23,-0.004541268641508334
combined_equal_weight,2023-05-24,-0.012587796060454322
combined_equal_weight,2023-05-25,0.0001796215698891933
combined_equal_weight,2023-05-26,0.009530105655791187
combined_equal_weight,2023-05-30,7.578433379529465e-05
combined_equal_weight,2023-05-31,-0.005713966401747791
combined_equal_weight,2023-06-01,0.003122756880351519
combined_equal_weight,2023-06-02,0.021328520412707667
combined_equal_weight,2023-06-05,-0.01417536110529351
combined_equal_weight,2023-06-06,0.009414201121807917
combined_equal_weight,2023-06-07,0.0012151655515494283
combined_equal_weight,2023-06-08,0.004640053398329463
combined_equal_weight,2023-06-09,-0.004253699654141783
combined_equal_weight,2023-06-12,0.004438536941679719
combined_equal_weight,2023-06-13,0.00648216286749041
combined_equal_weight,2023-06-14,-0.0070893547692674475
combined_equal_weight,2023-06-15,0.00930111078204043
combined_equal_weight,2023-06-16,0.002319840849433655
combined_equal_weight,2023-06-20,-0.005993356231431429
combined_equal_weight,2023-06-21,0.00888656915466569
combined_equal_weight,2023-06-22,-0.005267702939070903
combined_equal_weight,2023-06-23,0.006400617430051085
combined_equal_weight,2023-06-26,0.006565141694990468
combined_equal_weight,2023-06-27,0.009790980390278446
combined_equal_weight,2023-06-28,-0.00808080814049297
combined_equal_weight,2023-06-29,0.010228184796819901
combined_equal_weight,2023-06-30,0.022603202991231905
combined_equal_weight,2023-07-03,0.003877257598172459
combined_equal_weight,2023-07-05,-0.006060561334685034
combined_equal_weight,2023-07-06,-0.014258838320504312
combined_equal_weight,2023-07-07,0.0035620926596644227
combined_equal_weight,2023-07-10,0.006097554230657367
combined_equal_weight,2023-07-11,0.011893023138107533
combined_equal_weight,2023-07-12,0.00614355714412082
combined_equal_weight,2023-07-13,0.037260963080475606
combined_equal_weight,2023-07-14,-0.015765993628187005
combined_equal_weight,2023-07-17,-0.0036493398954162448
combined_equal_weight,2023-07-18,0.005054130851559698
combined_equal_weight,2023-07-19,0.009944158028720694
combined_equal_weight,2023-07-20,0.0014145962126503103
combined_equal_weight,2023-07-21,0.003490923216112246
combined_equal_weight,2023-07-24,-0.0019643631749951666
combined_equal_weight,2023-07-25,0.002921939450274057
combined_equal_weight,2023-07-26,0.004385740905184213
combined_equal_weight,2023-07-27,-0.0034876241260207164
combined_equal_weight,2023-07-28,0.004778237695945108
combined_equal_weight,2023-07-31,0.0007234954733570971
combined_equal_weight,2023-08-01,-0.001676767319656945
combined_equal_weight,2023-08-02,-0.01760722554543934
combined_equal_weight,2023-08-03,-0.00700557656514281
combined_equal_weight,2023-08-04,-0.003047998051579566
combined_equal_weight,2023-08-07,0.007853063301314755
combined_equal_weight,2023-08-08,-0.00041396196849816796
combined_equal_weight,2023-08-09,-0.0020039056710249004
combined_equal_weight,2023-08-10,-0.0009152087186206452
combined_equal_weight,2023-08-11,0.0009789535037611967
combined_equal_weight,2023-08-14,0.0017471645415393208
combined_equal_weight,2023-08-15,-0.015768398061357256
combined_equal_weight,2023-08-16,-0.013305220169425744
combined_equal_weight,2023-08-17,-0.018618058375637507
combined_equal_weight,2023-08-18,0.0024718852413691387
combined_equal_weight,2023-08-21,-0.0020742084303499277
combined_equal_weight,2023-08-22,-0.0064817016705362865
combined_equal_weight,2023-08-23,0.011351836612056928
combined_equal_weight,2023-08-24,-0.012212596412256194
combined_equal_weight,2023-08-25,0.003910768741890751
combined_equal_weight,2023-08-28,0.005986453806978165
combined_equal_weight,2023-08-29,0.019163789948962447
combined_equal_weight,2023-08-30,-0.002387208164079165
combined_equal_weight,2023-08-31,-0.008881755663568981
combined_equal_weight,2023-09-01,0.0012194401811214356
combined_equal_weight,2023-09-05,-0.007538113444384512
combined_equal_weight,2023-09-06,-0.003237180952029944
combined_equal_weight,2023-09-07,0.0011196778357605059
combined_equal_weight,2023-09-08,0.001355175013367869
combined_equal_weight,2023-09-11,-0.0031409107050021806
combined_equal_weight,2023-09-12,0.005296249437674423
combined_equal_weight,2023-09-13,0.0010123337048559907
combined_equal_weight,2023-09-14,0.01281333344121205
combined_equal_weight,2023-09-15,-0.005808530218916478
combined_equal_weight,2023-09-18,0.0030732217754222795
combined_equal_weight,2023-09-19,-0.0015119805208430718
combined_equal_weight,2023-09-20,-0.006164775560719364
combined_equal_weight,2023-09-21,-0.018790123872734137
combined_equal_weight,2023-09-22,-0.0025746824554939395
combined_equal_weight,2023-09-25,0.003190848654452438
combined_equal_weight,2023-09-26,-0.010548755017963487
combined_equal_weight,2023-09-27,0.0003782404796926361
combined_equal_weight,2023-09-28,0.0075548927291206
combined_equal_weight,2023-09-29,1.8517727138480245e-05
combined_equal_weight,2023-10-02,-0.015670879792627778
combined_equal_weight,2023-10-03,-0.007155150739297569
combined_equal_weight,2023-10-04,0.00016981327522040064
combined_equal_weight,2023-10-05,-0.003383397491625158
combined_equal_weight,2023-10-06,0.010446034496043382
combined_equal_weight,2023-10-09,0.0021486729784539536
combined_equal_weight,2023-10-10,0.005664866368411877
combined_equal_weight,2023-10-11,0.001310471855917437
combined_equal_weight,2023-10-12,-0.008315333978963658
combined_equal_weight,2023-10-13,0.0021009296326924038
combined_equal_weight,2023-10-16,0.013352363471423597
combined_equal_weight,2023-10-17,-0.0008165491795922443
combined_equal_weight,2023-10-18,-0.013069182735187828
combined_equal_weight,2023-10-19,-0.004911795990365635
combined_equal_weight,2023-10-20,-0.0038914319414627674
combined_equal_weight,2023-10-23,0.004044908075954011
combined_equal_weight,2023-10-24,0.00904516866436769
combined_equal_weight,2023-10-25,-0.009453075722180182
combined_equal_weight,2023-10-26,-0.0018253131376461283
combined_equal_weight,2023-10-27,-0.010215886757690746
combined_equal_weight,2023-10-30,0.01035294554855504
combined_equal_weight,2023-10-31,0.006494664734265533
combined_equal_weight,2023-11-01,0.0074731466890766395
combined_equal_weight,2023-11-02,0.01971693089542779
combined_equal_weight,2023-11-03,0.011609533501200538
combined_equal_weight,2023-11-06,0.0012650560466206796
combined_equal_weight,2023-11-07,-0.005656820637751129
combined_equal_weight,2023-11-08,0.0005373236373398133
combined_equal_weight,2023-11-09,-0.004262813716021548
combined_equal_weight,2023-11-10,0.011558798455876488
combined_equal_weight,2023-11-13,-0.0034629506400296493
combined_equal_weight,2023-11-14,0.015143199718425288
combined_equal_weight,2023-11-15,0.011433957330833112
combined_equal_weight,2023-11-16,-0.0049298375794798255
combined_equal_weight,2023-11-17,0.0024150821575656557
combined_equal_weight,2023-11-20,0.0016107362148039147
combined_equal_weight,2023-11-21,-0.010749734228255233
combined_equal_weight,2023-11-22,0.009313950446122763
combined_equal_weight,2023-11-24,0.003816234040107991
combined_equal_weight,2023-11-27,-0.003595268554405201
combined_equal_weight,2023-11-28,0.0035147730414762245
combined_equal_weight,2023-11-29,0.0036377976713231905
combined_equal_weight,2023-11-30,0.004697903801838477
combined_equal_weight,2023-12-01,0.010431243938583393
combined_equal_weight,2023-12-04,0.0025456703170938823
combined_equal_weight,2023-12-05,-0.0013196565186203
combined_equal_weight,2023-12-06,-0.0003760526717829987
combined_equal_weight,2023-12-07,0.008122624623117195
combined_equal_weight,2023-12-08,0.010514856207447796
combined_equal_weight,2023-12-11,-0.0053279500923371255
combined_equal_weight,2023-12-12,0.001723179573799259
combined_equal_weight,2023-12-13,0.02244675437246317
combined_equal_weight,2023-12-14,0.01305790702241953
combined_equal_weight,2023-12-15,-0.009188801625396455
combined_equal_weight,2023-12-18,-0.0007028288814304657
combined_equal_weight,2023-12-19,0.00448205315423663
combined_equal_weight,2023-12-20,-0.009095040046854578
combined_equal_weight,2023-12-21,0.011473601741572399
combined_equal_weight,2023-12-22,0.004576504945732433
combined_equal_weight,2023-12-26,0.0016754512805441288
combined_equal_weight,2023-12-27,0.009970524194693391
combined_equal_weight,2023-12-28,-0.000381196456502031
combined_equal_weight,2023-12-29,-0.005624265916081817
