trading_date,sector,sentiment
2020-01-02,Comm,0.08718
2020-01-02,Consumer,-0.06894547619047618
2020-01-02,Energy,0.19246166666666667
2020-01-02,Financials,0.10718533333333333
2020-01-02,Healthcare,0.21549047619047618
2020-01-02,Industrials,0.111195
2020-01-02,Materials,0.10974999999999999
2020-01-02,RealEstate,0.007240000000000002
2020-01-02,Tech,0.0645171282051282
2020-01-02,Utilities,0.12738
2020-01-03,Comm,0.08605
2020-01-03,Consumer,-0.17355666666666664
2020-01-03,Energy,-0.046189727272727285
2020-01-03,Financials,0.05045500000000001
2020-01-03,Healthcare,0.19344714285714287
2020-01-03,Industrials,-0.12104999999999999
2020-01-03,Materials,0.024259999999999993
2020-01-03,RealEstate,-0.03842000000000001
2020-01-03,Tech,0.0784682142857143
2020-01-03,Utilities,0.05634
2020-01-06,Comm,0.1560858333333333
2020-01-06,Consumer,0.11356806372549019
2020-01-06,Energy,0.08543969696969697
2020-01-06,Financials,0.284306
2020-01-06,Healthcare,0.32718
2020-01-06,Industrials,-0.00014500000000000068
2020-01-06,Materials,-0.055811999999999994
2020-01-06,RealEstate,0.054819999999999994
2020-01-06,Tech,-0.013116666666666676
2020-01-06,Utilities,0.009050000000000002
2020-01-07,Comm,0.21376
2020-01-07,Consumer,0.1472385
2020-01-07,Energy,0.08608
2020-01-07,Financials,0.112896
2020-01-07,Healthcare,0.10863733333333334
2020-01-07,Industrials,-0.021834285714285716
2020-01-07,Materials,0.07636
2020-01-07,RealEstate,0.08879999999999999
2020-01-07,Tech,-0.07656785714285715
2020-01-07,Utilities,0.19107000000000002
2020-01-08,Comm,0.154382
2020-01-08,Consumer,0.13377
2020-01-08,Energy,-0.018874999999999986
2020-01-08,Financials,0.293586
2020-01-08,Healthcare,0.22562222222222222
2020-01-08,Industrials,0.029828571428571427
2020-01-08,Materials,0.036520000000000004
2020-01-08,RealEstate,0.04848
2020-01-08,Tech,0.0699545
2020-01-08,Utilities,0.23153
2020-01-09,Comm,0.16018
2020-01-09,Consumer,0.29895055555555555
2020-01-09,Energy,0.08153300000000001
2020-01-09,Financials,0.2852693333333333
2020-01-09,Healthcare,0.21403333333333335
2020-01-09,Industrials,0.033716666666666666
2020-01-09,Materials,0.10181333333333334
2020-01-09,RealEstate,0.014479999999999998
2020-01-09,Tech,0.11323533333333333
2020-01-09,Utilities,0.059199999999999996
2020-01-10,Comm,0.028676666666666673
2020-01-10,Consumer,0.004144000000000004
2020-01-10,Energy,0.07396200000000001
2020-01-10,Financials,0.31458833333333336
2020-01-10,Healthcare,0.24778000000000003
2020-01-10,Industrials,0.06901666666666666
2020-01-10,Materials,-0.009360000000000012
2020-01-10,RealEstate,-0.08412
2020-01-10,Tech,0.265226
2020-01-10,Utilities,0.18409666666666666
2020-01-13,Comm,0.07480916666666668
2020-01-13,Consumer,0.08908528571428571
2020-01-13,Energy,0.13454349999999998
2020-01-13,Financials,0.19619
2020-01-13,Healthcare,0.13385750000000002
2020-01-13,Industrials,0.059236666666666674
2020-01-13,Materials,0.16784
2020-01-13,RealEstate,0.03601333333333334
2020-01-13,Tech,0.201397
2020-01-13,Utilities,0.06448
2020-01-14,Comm,0.12403249999999999
2020-01-14,Consumer,0.10432999999999999
2020-01-14,Energy,0.2138183333333333
2020-01-14,Financials,0.05659880952380952
2020-01-14,Healthcare,0.31071
2020-01-14,Industrials,0.089663
2020-01-14,Materials,0.22509999999999994
2020-01-14,RealEstate,0.017720000000000003
2020-01-14,Tech,0.241154
2020-01-14,Utilities,0.23483
2020-01-15,Comm,0.07460833333333333
2020-01-15,Consumer,0.12617038095238095
2020-01-15,Energy,0.08600666666666665
2020-01-15,Financials,0.06089596825396826
2020-01-15,Healthcare,0.27131
2020-01-15,Industrials,-0.07338499999999998
2020-01-15,Materials,0.23073333333333332
2020-01-15,RealEstate,0.025555
2020-01-15,Tech,0.018463666666666666
2020-01-15,Utilities,0.15177000000000002
2020-01-16,Comm,0.18807999999999997
2020-01-16,Consumer,0.20792542857142857
2020-01-16,Energy,0.1408009523809524
2020-01-16,Financials,0.15008511111111114
2020-01-16,Healthcare,0.151955
2020-01-16,Industrials,0.13836666666666667
2020-01-16,Materials,0.08808
2020-01-16,RealEstate,0.158715
2020-01-16,Tech,0.14956755555555556
2020-01-16,Utilities,0.18164833333333333
2020-01-17,Comm,0.11223000000000001
2020-01-17,Consumer,0.08010533333333332
2020-01-17,Energy,0.1130791111111111
2020-01-17,Financials,0.11717999999999999
2020-01-17,Healthcare,0.23293499999999998
2020-01-17,Industrials,0.22019000000000002
2020-01-17,Materials,0.18836
2020-01-17,RealEstate,0.15122
2020-01-17,Tech,0.07141555777555778
2020-01-17,Utilities,0.15105022222222222
2020-01-21,Comm,-0.021673333333333333
2020-01-21,Consumer,0.07337977272727272
2020-01-21,Energy,0.13708871428571429
2020-01-21,Financials,0.19930555555555557
2020-01-21,Healthcare,0.09174071428571427
2020-01-21,Industrials,0.1046862857142857
2020-01-21,Materials,0.010085999999999998
2020-01-21,RealEstate,0.12666666666666665
2020-01-21,Tech,0.013667333333333342
2020-01-21,Utilities,0.17614000000000002
2020-01-22,Comm,0.0912
2020-01-22,Consumer,0.15228990476190477
2020-01-22,Energy,0.23478666666666664
2020-01-22,Financials,0.07742222222222224
2020-01-22,Healthcare,0.06784916666666667
2020-01-22,Industrials,-0.01411142857142857
2020-01-22,Materials,-0.059199999999999996
2020-01-22,RealEstate,0.11821
2020-01-22,Tech,0.083456
2020-01-22,Utilities,0.10610250000000002
2020-01-23,Comm,0.19333114285714287
2020-01-23,Consumer,0.12958566666666668
2020-01-23,Energy,0.06157333333333333
2020-01-23,Financials,0.032470000000000006
2020-01-23,Healthcare,0.020309999999999998
2020-01-23,Industrials,0.046720952380952384
2020-01-23,Materials,0.09407
2020-01-23,RealEstate,0.21995
2020-01-23,Tech,0.04322259259259259
2020-01-23,Utilities,-0.028099999999999997
2020-01-24,Comm,0.11109024242424241
2020-01-24,Consumer,0.07866423076923076
2020-01-24,Energy,0.18136166666666667
2020-01-24,Financials,-0.02652
2020-01-24,Healthcare,0.2246453333333333
2020-01-24,Industrials,0.07103733333333333
2020-01-24,Materials,0.11928799999999999
2020-01-24,RealEstate,0.11171
2020-01-24,Tech,0.07616107526881721
2020-01-24,Utilities,0.19892800000000002
2020-01-27,Comm,0.02225727272727272
2020-01-27,Consumer,0.029636666666666672
2020-01-27,Energy,0.04191166666666666
2020-01-27,Financials,-0.04764
2020-01-27,Healthcare,0.2427027777777778
2020-01-27,Industrials,0.06335666666666666
2020-01-27,Materials,-0.0014733333333333347
2020-01-27,RealEstate,0.08261
2020-01-27,Tech,-0.15692566666666666
2020-01-27,Utilities,0.06823174603174605
2020-01-28,Comm,0.036708000000000005
2020-01-28,Consumer,0.04492314285714286
2020-01-28,Energy,0.15636333333333333
2020-01-28,Financials,0.08901857142857143
2020-01-28,Healthcare,0.18641166666666664
2020-01-28,Industrials,-0.008816666666666667
2020-01-28,Materials,0.167525
2020-01-28,RealEstate,0.10733999999999999
2020-01-28,Tech,-0.0009938461538461564
2020-01-28,Utilities,0.08364000000000002
2020-01-29,Comm,0.25270099999999995
2020-01-29,Consumer,0.009240761904761906
2020-01-29,Energy,-0.002303333333333332
2020-01-29,Financials,0.152345
2020-01-29,Healthcare,0.16403
2020-01-29,Industrials,0.0019259999999999993
2020-01-29,Materials,0.12668428571428572
2020-01-29,RealEstate,0.20612
2020-01-29,Tech,0.07918079365079365
2020-01-29,Utilities,0.20021500000000003
2020-01-30,Comm,-0.010649999999999998
2020-01-30,Consumer,0.05215771428571429
2020-01-30,Energy,0.09489714285714286
2020-01-30,Financials,0.1730816666666667
2020-01-30,Healthcare,0.20239545454545455
2020-01-30,Industrials,0.13193666666666667
2020-01-30,Materials,-0.026406410256410263
2020-01-30,RealEstate,0.02408
2020-01-30,Tech,0.009163333333333334
2020-01-30,Utilities,0.299284
2020-01-31,Comm,-0.18866727272727274
2020-01-31,Consumer,-0.027444040404040405
2020-01-31,Energy,0.07983380952380953
2020-01-31,Financials,0.09165809523809523
2020-01-31,Healthcare,0.278198
2020-01-31,Industrials,0.089619
2020-01-31,Materials,0.01835733333333333
2020-01-31,RealEstate,0.16884000000000002
2020-01-31,Tech,0.17766555555555558
2020-01-31,Utilities,0.18102000000000001
2020-02-03,Comm,0.1387975
2020-02-03,Consumer,0.1508483116883117
2020-02-03,Energy,0.05148243589743588
2020-02-03,Financials,0.07509666666666667
2020-02-03,Healthcare,0.1304074039938556
2020-02-03,Industrials,0.10557666666666665
2020-02-03,Materials,0.14187
2020-02-03,RealEstate,0.11956
2020-02-03,Tech,0.11900666666666666
2020-02-03,Utilities,0.23138500000000004
2020-02-04,Comm,0.11257899999999998
2020-02-04,Consumer,0.15033015151515153
2020-02-04,Energy,0.1017411111111111
2020-02-04,Financials,0.23612000000000002
2020-02-04,Healthcare,0.19089761904761904
2020-02-04,Industrials,0.1832683333333333
2020-02-04,Materials,0.054110000000000005
2020-02-04,RealEstate,0.05198333333333334
2020-02-04,Tech,0.06864177777777777
2020-02-04,Utilities,0.11915
2020-02-05,Comm,0.01718566666666667
2020-02-05,Consumer,0.06797759259259259
2020-02-05,Energy,0.5332495238095237
2020-02-05,Financials,-0.020840000000000015
2020-02-05,Healthcare,0.17137785714285714
2020-02-05,Industrials,0.08954866666666665
2020-02-05,Materials,0.06436
2020-02-05,RealEstate,0.026530000000000005
2020-02-05,Tech,0.11279275
2020-02-05,Utilities,0.03190333333333333
2020-02-06,Comm,0.06914000000000001
2020-02-06,Consumer,0.17624
2020-02-06,Energy,0.3560966666666666
2020-02-06,Financials,0.2713986666666667
2020-02-06,Healthcare,0.2908116153846154
2020-02-06,Industrials,0.120362
2020-02-06,Materials,0.05132111111111111
2020-02-06,RealEstate,0.27351000000000003
2020-02-06,Tech,0.29193
2020-02-06,Utilities,0.12708
2020-02-07,Comm,0.098301
2020-02-07,Consumer,0.19616375
2020-02-07,Energy,0.22275299999999998
2020-02-07,Financials,0.15102200000000002
2020-02-07,Healthcare,0.2835757575757576
2020-02-07,Industrials,0.085116
2020-02-07,Materials,0.03672333333333333
2020-02-07,RealEstate,0.14371
2020-02-07,Tech,0.1875942857142857
2020-02-07,Utilities,0.164845
2020-02-10,Comm,0.1062
2020-02-10,Consumer,-0.006942857142857142
2020-02-10,Energy,0.05099333333333335
2020-02-10,Financials,0.19224666666666665
2020-02-10,Healthcare,0.11869
2020-02-10,Industrials,0.08063666666666666
2020-02-10,Materials,0.23231333333333332
2020-02-10,RealEstate,0.10304666666666666
2020-02-10,Tech,0.15818833333333335
2020-02-10,Utilities,0.09078499999999999
2020-02-11,Comm,0.01528847058823531
2020-02-11,Consumer,0.04936366666666667
2020-02-11,Energy,0.09527314285714285
2020-02-11,Financials,0.29606714285714286
2020-02-11,Healthcare,0.09143500000000002
2020-02-11,Industrials,0.08279666666666667
2020-02-11,Materials,0.11732800000000002
2020-02-11,RealEstate,0.06997333333333335
2020-02-11,Tech,0.07612491774891775
2020-02-11,Utilities,0.15673142857142858
2020-02-12,Comm,0.15365222222222222
2020-02-12,Consumer,0.05834264705882353
2020-02-12,Energy,0.017602499999999997
2020-02-12,Financials,0.2787533333333333
2020-02-12,Healthcare,0.18137416666666664
2020-02-12,Industrials,0.07436000000000001
2020-02-12,Materials,0.059199999999999996
2020-02-12,RealEstate,0.15045333333333333
2020-02-12,Tech,0.04767133333333333
2020-02-12,Utilities,0.25366555555555553
2020-02-13,Comm,0.1266802380952381
2020-02-13,Consumer,-0.013982245098039225
2020-02-13,Energy,0.012992500000000008
2020-02-13,Financials,0.08528
2020-02-13,Healthcare,0.24945
2020-02-13,Industrials,0.0430925
2020-02-13,Materials,0.08668285714285714
2020-02-13,RealEstate,0.110812
2020-02-13,Tech,-0.007948363636363634
2020-02-13,Utilities,0.166638
2020-02-14,Comm,0.21767166666666665
2020-02-14,Consumer,-0.05277816666666666
2020-02-14,Energy,0.0062
2020-02-14,Financials,0.18730666666666668
2020-02-14,Healthcare,0.25895
2020-02-14,Industrials,0.19194499999999998
2020-02-14,Materials,0.042804999999999996
2020-02-14,RealEstate,0.09492
2020-02-14,Tech,0.07340660215053764
2020-02-14,Utilities,0.1582035
2020-02-18,Comm,0.04021809523809524
2020-02-18,Consumer,0.19439710317460318
2020-02-18,Energy,0.12351166666666666
2020-02-18,Financials,-0.005482857142857142
2020-02-18,Healthcare,0.09015181372549019
2020-02-18,Industrials,0.14644
2020-02-18,Materials,0.09880444444444444
2020-02-18,RealEstate,0.17823666666666665
2020-02-18,Tech,-0.03828214285714286
2020-02-18,Utilities,0.2387802777777778
2020-02-19,Comm,0.03470309523809523
2020-02-19,Consumer,0.17613
2020-02-19,Energy,0.20256333333333335
2020-02-19,Financials,0.028644999999999997
2020-02-19,Healthcare,0.24066722222222223
2020-02-19,Industrials,0.22219333333333333
2020-02-19,Materials,0.0318
2020-02-19,RealEstate,0.0
2020-02-19,Tech,0.0025160317460317418
2020-02-19,Utilities,0.17785159090909092
2020-02-20,Comm,0.0010064285714285691
2020-02-20,Consumer,0.06387014285714285
2020-02-20,Energy,0.24186666666666667
2020-02-20,Financials,0.20071388888888891
2020-02-20,Healthcare,0.215124
2020-02-20,Industrials,0.11305666666666667
2020-02-20,Materials,0.07228545454545454
2020-02-20,RealEstate,0.04649366666666667
2020-02-20,Tech,0.03176704761904762
2020-02-20,Utilities,0.14785302564102562
2020-02-21,Comm,-0.07756190476190476
2020-02-21,Consumer,0.09441577777777779
2020-02-21,Energy,0.04392833333333333
2020-02-21,Financials,0.2830435
2020-02-21,Healthcare,0.013755000000000007
2020-02-21,Industrials,0.11362999999999998
2020-02-21,Materials,0.0993
2020-02-21,RealEstate,0.03327666666666666
2020-02-21,Tech,-0.2589611428571429
2020-02-21,Utilities,0.30628235897435896
2020-02-24,Comm,-0.03137666666666667
2020-02-24,Consumer,-0.0021578571428571445
2020-02-24,Energy,-0.14663821428571427
2020-02-24,Financials,0.09375866666666667
2020-02-24,Healthcare,0.10563495798319326
2020-02-24,Industrials,0.05972500000000001
2020-02-24,Materials,0.10167583333333334
2020-02-24,RealEstate,0.048205
2020-02-24,Tech,0.018460151515151506
2020-02-24,Utilities,0.056410666666666665
2020-02-25,Comm,0.07111666666666668
2020-02-25,Consumer,0.16376858974358974
2020-02-25,Energy,-0.033855
2020-02-25,Financials,0.27985333333333334
2020-02-25,Healthcare,0.2336955555555556
2020-02-25,Industrials,0.08763499999999999
2020-02-25,Materials,0.08260999999999999
2020-02-25,RealEstate,0.0430675
2020-02-25,Tech,0.05605833333333334
2020-02-25,Utilities,0.21803333333333336
2020-02-26,Comm,0.11724000000000001
2020-02-26,Consumer,0.09536047619047619
2020-02-26,Energy,0.17132885714285714
2020-02-26,Financials,0.16362933333333335
2020-02-26,Healthcare,0.0448771568627451
2020-02-26,Industrials,0.13861166666666666
2020-02-26,Materials,0.10737666666666668
2020-02-26,RealEstate,0.023012999999999995
2020-02-26,Tech,0.2120025
2020-02-26,Utilities,0.25956999999999997
2020-02-27,Comm,0.13194
2020-02-27,Consumer,0.05420333333333334
2020-02-27,Energy,0.08371033333333333
2020-02-27,Financials,0.07106000000000001
2020-02-27,Healthcare,0.03854799999999999
2020-02-27,Industrials,0.15213666666666667
2020-02-27,Materials,0.1075742857142857
2020-02-27,RealEstate,0.10351466666666667
2020-02-27,Tech,-0.119316
2020-02-27,Utilities,0.32079916666666664
2020-02-28,Comm,-0.0935
2020-02-28,Consumer,-0.15448547619047617
2020-02-28,Energy,0.07372916666666667
2020-02-28,Financials,0.061543333333333325
2020-02-28,Healthcare,0.083652
2020-02-28,Industrials,0.10406833333333332
2020-02-28,Materials,0.15504166666666666
2020-02-28,RealEstate,-0.04146111111111112
2020-02-28,Tech,0.101376
2020-02-28,Utilities,-0.0703
2020-03-02,Comm,0.07409333333333332
2020-03-02,Consumer,0.08901970085470086
2020-03-02,Energy,0.039005
2020-03-02,Financials,0.22466333333333335
2020-03-02,Healthcare,0.19155964285714286
2020-03-02,Industrials,-0.0002866666666666684
2020-03-02,Materials,0.031938333333333326
2020-03-02,RealEstate,0.036068
2020-03-02,Tech,0.06786600000000001
2020-03-02,Utilities,0.22934666666666664
2020-03-03,Comm,0.040232
2020-03-03,Consumer,0.18419
2020-03-03,Energy,0.05448088888888889
2020-03-03,Financials,-0.060088333333333334
2020-03-03,Healthcare,0.37418615384615384
2020-03-03,Industrials,0.05197999999999999
2020-03-03,Materials,0.323693
2020-03-03,RealEstate,0.08283499999999999
2020-03-03,Tech,0.002538000000000001
2020-03-03,Utilities,0.00575
2020-03-04,Comm,0.10109666666666665
2020-03-04,Consumer,0.14867555555555553
2020-03-04,Energy,0.22001666666666667
2020-03-04,Financials,0.10631766666666667
2020-03-04,Healthcare,0.42545099999999997
2020-03-04,Industrials,0.14631361904761903
2020-03-04,Materials,0.30308999999999997
2020-03-04,RealEstate,0.17656500000000003
2020-03-04,Tech,0.44743357142857143
2020-03-04,Utilities,0.4725693333333333
2020-03-05,Comm,0.181035
2020-03-05,Consumer,0.06707594805194805
2020-03-05,Energy,0.07480500000000001
2020-03-05,Financials,0.0829725
2020-03-05,Healthcare,0.17941728205128205
2020-03-05,Industrials,0.10869495238095239
2020-03-05,Materials,0.20778
2020-03-05,RealEstate,0.28724
2020-03-05,Tech,0.16483233333333333
2020-03-05,Utilities,0.07459333333333333
2020-03-06,Comm,0.21805500000000003
2020-03-06,Consumer,0.03931335164835166
2020-03-06,Energy,0.00038761904761904913
2020-03-06,Financials,-0.00039099999999999693
2020-03-06,Healthcare,0.22134054545454546
2020-03-06,Industrials,0.12483
2020-03-06,Materials,0.01011999999999999
2020-03-06,RealEstate,0.24365
2020-03-06,Tech,0.04415753846153846
2020-03-06,Utilities,0.13833
2020-03-09,Comm,-0.010929999999999999
2020-03-09,Consumer,0.0644624358974359
2020-03-09,Energy,-0.10987651243493349
2020-03-09,Financials,0.20983133333333334
2020-03-09,Healthcare,0.11973799999999998
2020-03-09,Industrials,-0.11005699999999999
2020-03-09,Materials,0.11394333333333333
2020-03-09,RealEstate,0.09015333333333334
2020-03-09,Tech,-0.13399333333333333
2020-03-09,Utilities,-0.17196333333333333
2020-03-10,Comm,-0.044323999999999995
2020-03-10,Consumer,-0.016730343434343434
2020-03-10,Energy,0.0038811690821256004
2020-03-10,Financials,0.1264422222222222
2020-03-10,Healthcare,0.19743875
2020-03-10,Industrials,-0.053349999999999995
2020-03-10,Materials,0.05930833333333333
2020-03-10,RealEstate,0.22803
2020-03-10,Tech,0.272895
2020-03-10,Utilities,0.15145
2020-03-11,Comm,0.04243
2020-03-11,Consumer,-0.06373419047619047
2020-03-11,Energy,0.0270947619047619
2020-03-11,Financials,0.18409
2020-03-11,Healthcare,0.24613083333333333
2020-03-11,Industrials,0.15478476190476192
2020-03-11,Materials,0.058496666666666676
2020-03-11,RealEstate,0.30446
2020-03-11,Tech,0.07748833333333334
2020-03-11,Utilities,0.03367333333333334
2020-03-12,Comm,0.025448
2020-03-12,Consumer,0.024476422222222217
2020-03-12,Energy,0.05624184210526315
2020-03-12,Financials,-0.006483809523809536
2020-03-12,Healthcare,-0.11055400000000001
2020-03-12,Industrials,-0.1981433333333333
2020-03-12,Materials,-0.06551599999999999
2020-03-12,RealEstate,0.10360999999999998
2020-03-12,Tech,-0.04570857142857144
2020-03-12,Utilities,0.001628095238095234
2020-03-13,Comm,0.038423
2020-03-13,Consumer,0.05320222222222222
2020-03-13,Energy,0.2084266106442577
2020-03-13,Financials,-0.09828999999999999
2020-03-13,Healthcare,-0.050904166666666674
2020-03-13,Industrials,0.04446
2020-03-13,Materials,0.07144666666666666
2020-03-13,RealEstate,0.14221
2020-03-13,Tech,-0.011568928571428577
2020-03-13,Utilities,0.25301999999999997
2020-03-16,Comm,-0.01231133333333333
2020-03-16,Consumer,-0.13602125724637681
2020-03-16,Energy,0.0011073137254901972
2020-03-16,Financials,0.028953809523809538
2020-03-16,Healthcare,0.04045066666666667
2020-03-16,Industrials,0.060704999999999995
2020-03-16,Materials,-0.016040000000000016
2020-03-16,RealEstate,0.014265833333333333
2020-03-16,Tech,-0.10528666666666667
2020-03-16,Utilities,0.30680438095238094
2020-03-17,Comm,0.05186599999999999
2020-03-17,Consumer,0.051671619047619056
2020-03-17,Energy,0.0021479999999999945
2020-03-17,Financials,-0.11708
2020-03-17,Healthcare,0.31710000000000005
2020-03-17,Industrials,0.03314888888888889
2020-03-17,Materials,0.035615
2020-03-17,RealEstate,0.06605333333333333
2020-03-17,Tech,0.13737583333333334
2020-03-17,Utilities,0.2929466666666667
2020-03-18,Comm,-0.02648399999999999
2020-03-18,Consumer,0.03006417027417029
2020-03-18,Energy,0.009212857142857144
2020-03-18,Financials,0.033416666666666664
2020-03-18,Healthcare,0.20724458333333332
2020-03-18,Industrials,0.017506190476190474
2020-03-18,Materials,0.015944999999999997
2020-03-18,RealEstate,-0.12036666666666666
2020-03-18,Tech,-0.10072952380952382
2020-03-18,Utilities,0.35757000000000005
2020-03-19,Comm,0.03651833333333333
2020-03-19,Consumer,0.0335795
2020-03-19,Energy,-0.008904
2020-03-19,Financials,-0.15799333333333332
2020-03-19,Healthcare,0.21280833333333335
2020-03-19,Industrials,0.07644
2020-03-19,Materials,0.03073466666666666
2020-03-19,RealEstate,0.017213333333333348
2020-03-19,Tech,-0.15716000000000002
2020-03-19,Utilities,0.35098666666666667
2020-03-20,Comm,0.01478833333333333
2020-03-20,Consumer,0.04061539610389611
2020-03-20,Energy,-0.12867107692307692
2020-03-20,Financials,-0.05972666666666667
2020-03-20,Healthcare,0.11065666666666667
2020-03-20,Industrials,0.13690904761904762
2020-03-20,Materials,0.045237999999999993
2020-03-20,RealEstate,-0.06330499999999999
2020-03-20,Tech,0.15686
2020-03-20,Utilities,0.17613166666666666
2020-03-23,Comm,0.16331284415584416
2020-03-23,Consumer,0.06385405045934457
2020-03-23,Energy,-0.13435555555555556
2020-03-23,Financials,-0.02157
2020-03-23,Healthcare,0.044644329004329006
2020-03-23,Industrials,0.012568333333333325
2020-03-23,Materials,0.17433285714285712
2020-03-23,RealEstate,0.04302999999999999
2020-03-23,Tech,0.18370166666666665
2020-03-23,Utilities,0.012434714285714276
2020-03-24,Comm,0.1925727619047619
2020-03-24,Consumer,0.1969140659340659
2020-03-24,Energy,0.10874600000000001
2020-03-24,Financials,0.34885
2020-03-24,Healthcare,0.27379619047619047
2020-03-24,Industrials,0.22992377777777778
2020-03-24,Materials,0.31854
2020-03-24,RealEstate,-0.011124999999999996
2020-03-24,Tech,0.4179056666666667
2020-03-24,Utilities,0.16380971428571428
2020-03-25,Comm,0.17759866666666665
2020-03-25,Consumer,0.17013257142857144
2020-03-25,Energy,0.16184666666666667
2020-03-25,Financials,0.22334
2020-03-25,Healthcare,0.18096380952380953
2020-03-25,Industrials,0.19890499999999997
2020-03-25,Materials,0.22616
2020-03-25,RealEstate,0.029035
2020-03-25,Tech,0.221238
2020-03-25,Utilities,0.29345
2020-03-26,Comm,0.12920166666666666
2020-03-26,Consumer,0.08194247619047619
2020-03-26,Energy,0.175266
2020-03-26,Financials,0.192143
2020-03-26,Healthcare,0.26740909090909093
2020-03-26,Industrials,0.17127619047619047
2020-03-26,Materials,0.19537066666666666
2020-03-26,RealEstate,0.3093933333333333
2020-03-26,Tech,0.24754733333333334
2020-03-26,Utilities,0.12445000000000002
2020-03-27,Comm,0.19410933333333333
2020-03-27,Consumer,0.0648673076923077
2020-03-27,Energy,0.3228875714285714
2020-03-27,Financials,0.16277266666666668
2020-03-27,Healthcare,0.30992600000000003
2020-03-27,Industrials,0.22539848484848482
2020-03-27,Materials,0.3154366666666667
2020-03-27,RealEstate,0.33029000000000003
2020-03-27,Tech,0.25776
2020-03-27,Utilities,0.30733466666666664
2020-03-30,Comm,0.23328900000000002
2020-03-30,Consumer,0.08186422807017543
2020-03-30,Energy,0.12272133333333332
2020-03-30,Financials,-0.20401333333333332
2020-03-30,Healthcare,0.14428057142857142
2020-03-30,Industrials,0.046408952380952384
2020-03-30,Materials,0.11406966666666667
2020-03-30,RealEstate,0.265285
2020-03-30,Tech,0.07616666666666666
2020-03-30,Utilities,0.13573785714285716
2020-03-31,Comm,0.27355333333333337
2020-03-31,Consumer,-0.023837333333333356
2020-03-31,Energy,0.006620833333333331
2020-03-31,Financials,0.03533666666666666
2020-03-31,Healthcare,0.08664428571428572
2020-03-31,Industrials,0.04034666666666666
2020-03-31,Materials,0.28025500000000003
2020-03-31,RealEstate,-0.138415
2020-03-31,Tech,0.018877333333333322
2020-03-31,Utilities,-0.140875
2020-04-01,Comm,0.17062666666666665
2020-04-01,Consumer,0.20610766666666666
2020-04-01,Energy,-0.06239904761904761
2020-04-01,Financials,0.07426980952380952
2020-04-01,Healthcare,0.10086333333333335
2020-04-01,Industrials,0.133948
2020-04-01,Materials,0.04751466666666666
2020-04-01,RealEstate,-0.20592666666666665
2020-04-01,Tech,0.44659000000000004
2020-04-01,Utilities,-0.05755833333333332
2020-04-02,Comm,-0.09556
2020-04-02,Consumer,0.052764642857142864
2020-04-02,Energy,-0.05018084615384616
2020-04-02,Financials,0.03681633333333334
2020-04-02,Healthcare,0.10794738095238095
2020-04-02,Industrials,0.02650783333333333
2020-04-02,Materials,0.11831666666666667
2020-04-02,RealEstate,-0.031219999999999998
2020-04-02,Tech,0.213375
2020-04-02,Utilities,0.05787500000000001
2020-04-03,Comm,0.2131947619047619
2020-04-03,Consumer,-0.018479583333333334
2020-04-03,Energy,-0.02700380952380953
2020-04-03,Financials,0.086585
2020-04-03,Healthcare,0.1582940476190476
2020-04-03,Industrials,-0.19852718253968252
2020-04-03,Materials,0.051539999999999996
2020-04-03,RealEstate,0.08399000000000001
2020-04-03,Tech,-0.1759466666666667
2020-04-03,Utilities,0.21839999999999998
2020-04-06,Comm,0.3963433333333334
2020-04-06,Consumer,0.20045835497835496
2020-04-06,Energy,0.11251055555555556
2020-04-06,Financials,0.17170227272727273
2020-04-06,Healthcare,0.3310406896551724
2020-04-06,Industrials,0.108152
2020-04-06,Materials,0.074848
2020-04-06,RealEstate,0.15676333333333334
2020-04-06,Tech,0.30138560606060605
2020-04-06,Utilities,0.35653166666666664
2020-04-07,Comm,0.26644636363636365
2020-04-07,Consumer,0.23533789898989896
2020-04-07,Energy,0.327325
2020-04-07,Financials,0.12538366666666667
2020-04-07,Healthcare,0.05464561403508772
2020-04-07,Industrials,0.308372
2020-04-07,Materials,0.4134300000000001
2020-04-07,RealEstate,0.07574333333333334
2020-04-07,Tech,0.213034
2020-04-07,Utilities,0.18673266666666666
2020-04-08,Comm,0.11384399999999999
2020-04-08,Consumer,0.011891168421052622
2020-04-08,Energy,0.3099441428571429
2020-04-08,Financials,0.09422012987012987
2020-04-08,Healthcare,0.12525555555555554
2020-04-08,Industrials,0.15223619047619047
2020-04-08,Materials,0.22084133333333336
2020-04-08,RealEstate,0.43206
2020-04-08,Tech,0.23468
2020-04-08,Utilities,0.19756666666666667
2020-04-09,Comm,-0.02296333333333333
2020-04-09,Consumer,0.1749945238095238
2020-04-09,Energy,0.1310592380952381
2020-04-09,Financials,0.16522466666666666
2020-04-09,Healthcare,0.03140166666666667
2020-04-09,Industrials,0.025403452380952363
2020-04-09,Materials,0.10714825396825396
2020-04-09,RealEstate,0.2803585714285714
2020-04-09,Tech,0.13129666666666667
2020-04-09,Utilities,0.39142
2020-04-13,Comm,0.07171666666666666
2020-04-13,Consumer,-0.01077625407925408
2020-04-13,Energy,0.12478956043956044
2020-04-13,Financials,0.07874942424242423
2020-04-13,Healthcare,0.002399333333333353
2020-04-13,Industrials,0.029997474747474752
2020-04-13,Materials,0.17380738095238096
2020-04-13,RealEstate,-0.078205
2020-04-13,Tech,0.1767486274509804
2020-04-13,Utilities,-0.0022397619047619054
2020-04-14,Comm,0.23008628571428572
2020-04-14,Consumer,0.2220395
2020-04-14,Energy,0.05688333333333334
2020-04-14,Financials,0.1580634498834499
2020-04-14,Healthcare,0.1798114285714286
2020-04-14,Industrials,0.2206103888888889
2020-04-14,Materials,0.17662666666666665
2020-04-14,RealEstate,0.30794166666666667
2020-04-14,Tech,0.570381619047619
2020-04-14,Utilities,0.18238399999999996
2020-04-15,Comm,0.13729
2020-04-15,Consumer,0.09083093939393941
2020-04-15,Energy,0.07682551282051282
2020-04-15,Financials,0.10647035256410257
2020-04-15,Healthcare,-0.06797642857142858
2020-04-15,Industrials,0.040069999999999995
2020-04-15,Materials,0.12793404761904761
2020-04-15,RealEstate,-0.009069999999999957
2020-04-15,Tech,0.135274
2020-04-15,Utilities,0.043357
2020-04-16,Comm,0.242231
2020-04-16,Consumer,0.11577376811594202
2020-04-16,Energy,-0.01728035064935064
2020-04-16,Financials,0.061365666666666666
2020-04-16,Healthcare,0.3136113408521303
2020-04-16,Industrials,0.20795775757575757
2020-04-16,Materials,0.10595000000000002
2020-04-16,RealEstate,0.15558
2020-04-16,Tech,0.30889855555555557
2020-04-16,Utilities,0.20834000000000003
2020-04-17,Comm,0.07748599999999999
2020-04-17,Consumer,0.22157200000000002
2020-04-17,Energy,-0.11770859259259259
2020-04-17,Financials,0.07220504545454545
2020-04-17,Healthcare,0.3005011799276673
2020-04-17,Industrials,0.17713454545454543
2020-04-17,Materials,0.27202000000000004
2020-04-17,RealEstate,0.32406666666666667
2020-04-17,Tech,0.09648407142857143
2020-04-17,Utilities,0.30659642857142855
2020-04-20,Comm,0.057234999999999994
2020-04-20,Consumer,0.06787425396825397
2020-04-20,Energy,-0.20561366597653552
2020-04-20,Financials,0.18399761904761905
2020-04-20,Healthcare,-0.04468953191489361
2020-04-20,Industrials,0.07066666666666667
2020-04-20,Materials,0.18618666666666667
2020-04-20,RealEstate,-0.011276666666666662
2020-04-20,Tech,0.24110916666666665
2020-04-20,Utilities,-0.02623933333333333
2020-04-21,Comm,0.13890333333333332
2020-04-21,Consumer,0.01229185585585586
2020-04-21,Energy,-0.24987019047619047
2020-04-21,Financials,-0.06903000000000001
2020-04-21,Healthcare,-0.05568247619047617
2020-04-21,Industrials,-0.008876999999999996
2020-04-21,Materials,0.11338666666666666
2020-04-21,RealEstate,-0.022964999999999992
2020-04-21,Tech,-0.31461
2020-04-21,Utilities,-0.07370000000000002
2020-04-22,Comm,0.19776409523809524
2020-04-22,Consumer,0.08905684967320263
2020-04-22,Energy,-0.062018
2020-04-22,Financials,0.15474533333333335
2020-04-22,Healthcare,0.23577243589743588
2020-04-22,Industrials,0.12066666666666667
2020-04-22,Materials,0.219495
2020-04-22,RealEstate,0.192355
2020-04-22,Tech,0.3158923809523809
2020-04-22,Utilities,0.01836794117647059
2020-04-23,Comm,0.14377722222222222
2020-04-23,Consumer,0.08177963636363636
2020-04-23,Energy,0.17230186363636363
2020-04-23,Financials,0.16949
2020-04-23,Healthcare,0.14855541666666666
2020-04-23,Industrials,0.283292
2020-04-23,Materials,0.14747485714285716
2020-04-23,RealEstate,0.2669
2020-04-23,Tech,0.23240428571428576
2020-04-23,Utilities,0.14091
2020-04-24,Comm,0.015129090909090911
2020-04-24,Consumer,-0.003549333333333335
2020-04-24,Energy,0.07427607142857143
2020-04-24,Financials,-0.06211833333333335
2020-04-24,Healthcare,0.06546185714285715
2020-04-24,Industrials,0.1543635294117647
2020-04-24,Materials,0.12188000000000002
2020-04-24,RealEstate,0.18323499999999998
2020-04-24,Tech,0.13191
2020-04-24,Utilities,-0.0029299999999999994
2020-04-27,Comm,0.08147666666666667
2020-04-27,Consumer,0.11290066666666668
2020-04-27,Energy,-0.027092916666666668
2020-04-27,Financials,0.09725249999999999
2020-04-27,Healthcare,-0.013337523809523796
2020-04-27,Industrials,0.1357871313131313
2020-04-27,Materials,0.2466066666666667
2020-04-27,RealEstate,0.05312333333333334
2020-04-27,Tech,0.15546553246753247
2020-04-27,Utilities,0.26681611111111114
2020-04-28,Comm,0.18246494949494949
2020-04-28,Consumer,0.055410335664335654
2020-04-28,Energy,-0.013607222222222225
2020-04-28,Financials,0.176105
2020-04-28,Healthcare,0.1653504153846154
2020-04-28,Industrials,0.0996332105263158
2020-04-28,Materials,0.08538100000000001
2020-04-28,RealEstate,0.08616499999999999
2020-04-28,Tech,0.11405460317460317
2020-04-28,Utilities,0.257855
2020-04-29,Comm,0.22081333333333336
2020-04-29,Consumer,0.10627027106227108
2020-04-29,Energy,0.18862075396825395
2020-04-29,Financials,0.11755166666666668
2020-04-29,Healthcare,0.029015999999999997
2020-04-29,Industrials,0.10122797883597882
2020-04-29,Materials,0.3022527272727273
2020-04-29,RealEstate,0.07313757575757576
2020-04-29,Tech,0.1664277142857143
2020-04-29,Utilities,0.04045000000000001
2020-04-30,Comm,0.14758291666666667
2020-04-30,Consumer,0.004515166666666665
2020-04-30,Energy,0.038650784992785
2020-04-30,Financials,0.07254076190476191
2020-04-30,Healthcare,0.16417697435897435
2020-04-30,Industrials,-0.039327948717948716
2020-04-30,Materials,0.088055
2020-04-30,RealEstate,0.04722333333333334
2020-04-30,Tech,0.089232
2020-04-30,Utilities,0.11464
2020-05-01,Comm,-0.04317166666666666
2020-05-01,Consumer,0.21504383333333332
2020-05-01,Energy,-0.129067
2020-05-01,Financials,-0.049598333333333335
2020-05-01,Healthcare,0.04734829990069513
2020-05-01,Industrials,-0.07810254761904763
2020-05-01,Materials,0.132345
2020-05-01,RealEstate,0.051234999999999996
2020-05-01,Tech,-0.15798900000000002
2020-05-01,Utilities,0.1153775
2020-05-04,Comm,0.07946711111111111
2020-05-04,Consumer,0.13878474725274725
2020-05-04,Energy,-0.006829685314685313
2020-05-04,Financials,0.127824
2020-05-04,Healthcare,0.05156384615384615
2020-05-04,Industrials,0.06736285714285714
2020-05-04,Materials,0.029556666666666665
2020-05-04,RealEstate,0.06266000000000001
2020-05-04,Tech,0.3556464705882353
2020-05-04,Utilities,0.18414
2020-05-05,Comm,0.11926785714285715
2020-05-05,Consumer,0.15195166666666665
2020-05-05,Energy,0.13748646464646463
2020-05-05,Financials,0.01735933333333333
2020-05-05,Healthcare,0.20934745098039215
2020-05-05,Industrials,0.2982255555555556
2020-05-05,Materials,0.1736090980392157
2020-05-05,RealEstate,0.09609333333333334
2020-05-05,Tech,0.3007825
2020-05-05,Utilities,0.21390363636363635
2020-05-06,Comm,-0.01832600000000002
2020-05-06,Consumer,0.10978172549019609
2020-05-06,Energy,0.1519522857142857
2020-05-06,Financials,0.04762500000000001
2020-05-06,Healthcare,0.16397444444444442
2020-05-06,Industrials,0.150252
2020-05-06,Materials,-0.009658571428571433
2020-05-06,RealEstate,0.050906666666666656
2020-05-06,Tech,0.24205133333333334
2020-05-06,Utilities,0.24555733333333332
2020-05-07,Comm,0.17449466666666666
2020-05-07,Consumer,0.07215166666666666
2020-05-07,Energy,0.20700000000000002
2020-05-07,Financials,-0.09306333333333335
2020-05-07,Healthcare,0.17602833333333331
2020-05-07,Industrials,0.026170000000000006
2020-05-07,Materials,0.118964
2020-05-07,RealEstate,0.26164533333333334
2020-05-07,Tech,0.285702
2020-05-07,Utilities,0.14364333333333335
2020-05-08,Comm,0.20372466666666664
2020-05-08,Consumer,0.0726467922077922
2020-05-08,Energy,0.20570499999999997
2020-05-08,Financials,0.05417266666666665
2020-05-08,Healthcare,-0.024708472222222222
2020-05-08,Industrials,0.030977500000000012
2020-05-08,Materials,0.07945416666666667
2020-05-08,RealEstate,0.21756666666666669
2020-05-08,Tech,0.4422091428571429
2020-05-08,Utilities,0.09435078787878788
2020-05-11,Comm,0.12930285714285716
2020-05-11,Consumer,0.04118454166666665
2020-05-11,Energy,-0.05607011111111111
2020-05-11,Financials,0.161149
2020-05-11,Healthcare,0.08210004830917875
2020-05-11,Industrials,0.2866916666666667
2020-05-11,Materials,0.05690200000000001
2020-05-11,RealEstate,0.11045666666666668
2020-05-11,Tech,0.12826677777777779
2020-05-11,Utilities,0.19041166666666667
2020-05-12,Comm,0.090637
2020-05-12,Consumer,0.053512733333333326
2020-05-12,Energy,0.16097
2020-05-12,Financials,-0.17161714285714286
2020-05-12,Healthcare,-0.037289238095238084
2020-05-12,Industrials,0.02477818181818182
2020-05-12,Materials,0.05597266666666667
2020-05-12,RealEstate,-0.29967
2020-05-12,Tech,-0.04530033333333333
2020-05-12,Utilities,0.159517
2020-05-13,Comm,0.04106
2020-05-13,Consumer,0.08428638095238096
2020-05-13,Energy,-0.06230467532467532
2020-05-13,Financials,0.15864920779220779
2020-05-13,Healthcare,0.11921718259518259
2020-05-13,Industrials,-0.007611111111111112
2020-05-13,Materials,0.15843666666666667
2020-05-13,RealEstate,0.21844000000000002
2020-05-13,Tech,0.09257022222222222
2020-05-13,Utilities,0.304695
2020-05-14,Comm,0.17980833333333332
2020-05-14,Consumer,0.129311931372549
2020-05-14,Energy,-0.04588
2020-05-14,Financials,0.09045
2020-05-14,Healthcare,0.12298833333333332
2020-05-14,Industrials,0.04379055555555556
2020-05-14,Materials,0.16846500000000003
2020-05-14,RealEstate,0.15836666666666668
2020-05-14,Tech,0.15429166666666666
2020-05-14,Utilities,0.172935
2020-05-15,Comm,0.09845666666666666
2020-05-15,Consumer,0.05899251851851852
2020-05-15,Energy,0.1758016666666667
2020-05-15,Financials,0.20552214285714285
2020-05-15,Healthcare,-0.007057727272727276
2020-05-15,Industrials,-0.03289466666666667
2020-05-15,Materials,0.27364222222222223
2020-05-15,RealEstate,0.0057900000000000035
2020-05-15,Tech,-0.016444090225563902
2020-05-15,Utilities,0.1668552380952381
2020-05-18,Comm,0.14646866666666666
2020-05-18,Consumer,0.20182033333333335
2020-05-18,Energy,0.15761585714285714
2020-05-18,Financials,0.07014379365079365
2020-05-18,Healthcare,0.11098933333333334
2020-05-18,Industrials,0.3855335454545455
2020-05-18,Materials,0.16926000000000002
2020-05-18,RealEstate,0.4961666666666667
2020-05-18,Tech,0.015536666666666667
2020-05-18,Utilities,0.3198533333333333
2020-05-19,Comm,0.12955733333333336
2020-05-19,Consumer,-0.05894466666666669
2020-05-19,Energy,0.1490726666666667
2020-05-19,Financials,0.05999728571428572
2020-05-19,Healthcare,0.24256566666666668
2020-05-19,Industrials,-0.0002099999999999991
2020-05-19,Materials,0.13566666666666669
2020-05-19,RealEstate,0.26400999999999997
2020-05-19,Tech,0.052261999999999996
2020-05-19,Utilities,0.3152933333333333
2020-05-20,Comm,-0.005675333333333333
2020-05-20,Consumer,-0.014057920168067228
2020-05-20,Energy,-0.022844285714285713
2020-05-20,Financials,0.37486
2020-05-20,Healthcare,0.14987197802197802
2020-05-20,Industrials,0.11932666666666665
2020-05-20,Materials,0.22462666666666667
2020-05-20,RealEstate,0.11792
2020-05-20,Tech,0.2370016666666667
2020-05-20,Utilities,0.15344333333333332
2020-05-21,Comm,0.10847199999999999
2020-05-21,Consumer,0.033835303030303035
2020-05-21,Energy,-0.04973999999999999
2020-05-21,Financials,0.08162500000000002
2020-05-21,Healthcare,0.11157866666666667
2020-05-21,Industrials,0.07319666666666666
2020-05-21,Materials,0.15098333333333333
2020-05-21,RealEstate,0.06369
2020-05-21,Tech,0.05327333333333334
2020-05-21,Utilities,0.320362
2020-05-22,Comm,-0.05059
2020-05-22,Consumer,0.028552969696969695
2020-05-22,Energy,-0.04422533333333334
2020-05-22,Financials,0.19980333333333336
2020-05-22,Healthcare,0.127765
2020-05-22,Industrials,0.13516999999999998
2020-05-22,Materials,0.09679
2020-05-22,RealEstate,0.11059250000000001
2020-05-22,Tech,-0.17001400000000003
2020-05-22,Utilities,0.26755
2020-05-26,Comm,0.13780466666666666
2020-05-26,Consumer,0.2046864523809524
2020-05-26,Energy,0.10784057142857142
2020-05-26,Financials,0.1617402380952381
2020-05-26,Healthcare,0.04115952380952381
2020-05-26,Industrials,0.318215
2020-05-26,Materials,0.17871166666666666
2020-05-26,RealEstate,0.08996083333333332
2020-05-26,Tech,0.1069057857142857
2020-05-26,Utilities,0.31604
2020-05-27,Comm,0.18631666666666669
2020-05-27,Consumer,0.14635045454545456
2020-05-27,Energy,0.007132000000000002
2020-05-27,Financials,0.2774827142857143
2020-05-27,Healthcare,-0.0005053333333333243
2020-05-27,Industrials,0.3354857142857143
2020-05-27,Materials,0.05464
2020-05-27,RealEstate,0.07976749999999999
2020-05-27,Tech,0.15682333333333334
2020-05-27,Utilities,0.20811000000000002
2020-05-28,Comm,0.1015661818181818
2020-05-28,Consumer,0.07931416666666666
2020-05-28,Energy,0.14675000000000002
2020-05-28,Financials,0.0135845
2020-05-28,Healthcare,-0.06203166666666667
2020-05-28,Industrials,0.14618490476190477
2020-05-28,Materials,0.127
2020-05-28,RealEstate,0.1872475
2020-05-28,Tech,0.10204952380952381
2020-05-28,Utilities,0.14816000000000001
2020-05-29,Comm,0.10081000000000002
2020-05-29,Consumer,0.08072742857142859
2020-05-29,Energy,0.13157999999999997
2020-05-29,Financials,0.042076
2020-05-29,Healthcare,0.15832388888888888
2020-05-29,Industrials,0.18922933333333333
2020-05-29,Materials,0.11579999999999999
2020-05-29,RealEstate,0.05134000000000001
2020-05-29,Tech,0.135827
2020-05-29,Utilities,0.17097333333333334
2020-06-01,Comm,0.16505485714285714
2020-06-01,Consumer,0.11737753748006381
2020-06-01,Energy,-0.013547121212121205
2020-06-01,Financials,0.06342099999999999
2020-06-01,Healthcare,0.18343555555555555
2020-06-01,Industrials,0.12275333333333331
2020-06-01,Materials,0.05464
2020-06-01,RealEstate,-0.08438000000000001
2020-06-01,Tech,0.14087666666666665
2020-06-01,Utilities,0.05445333333333333
2020-06-02,Comm,0.17357666666666666
2020-06-02,Consumer,-0.09505333333333334
2020-06-02,Energy,0.07529142857142856
2020-06-02,Financials,0.0899891111111111
2020-06-02,Healthcare,0.021175151515151515
2020-06-02,Industrials,0.3874716666666667
2020-06-02,Materials,0.219765
2020-06-02,RealEstate,-0.018140000000000007
2020-06-02,Tech,0.22965866666666668
2020-06-02,Utilities,0.131285
2020-06-03,Comm,-0.03481666666666666
2020-06-03,Consumer,0.1979542857142857
2020-06-03,Energy,0.48536999999999997
2020-06-03,Financials,0.20330142857142858
2020-06-03,Healthcare,0.2505422222222222
2020-06-03,Industrials,0.3352823188405797
2020-06-03,Materials,0.12638
2020-06-03,RealEstate,0.0872
2020-06-03,Tech,0.272044
2020-06-03,Utilities,0.07664499999999999
2020-06-04,Comm,0.160185
2020-06-04,Consumer,0.2916166666666667
2020-06-04,Energy,0.10762266666666669
2020-06-04,Financials,0.18136333333333335
2020-06-04,Healthcare,0.11217095238095239
2020-06-04,Industrials,0.22812619047619048
2020-06-04,Materials,-0.0256
2020-06-04,RealEstate,0.059199999999999996
2020-06-04,Tech,0.13592500000000002
2020-06-04,Utilities,-0.036432
2020-06-05,Comm,0.1760533333333333
2020-06-05,Consumer,0.36441533333333337
2020-06-05,Energy,0.25553666666666663
2020-06-05,Financials,0.3865996666666667
2020-06-05,Healthcare,0.13224166666666665
2020-06-05,Industrials,0.35077
2020-06-05,Materials,0.15984500000000001
2020-06-05,RealEstate,0.0
2020-06-05,Tech,0.21589555555555556
2020-06-05,Utilities,-0.014644999999999997
2020-06-08,Comm,-0.1130925
2020-06-08,Consumer,0.16375333333333333
2020-06-08,Energy,0.12971057142857145
2020-06-08,Financials,0.27031571428571427
2020-06-08,Healthcare,0.06601815789473685
2020-06-08,Industrials,0.12730235294117645
2020-06-08,Materials,0.018120000000000004
2020-06-08,RealEstate,0.10444
2020-06-08,Tech,0.09585333333333333
2020-06-08,Utilities,0.301595
2020-06-09,Comm,-0.06391999999999999
2020-06-09,Consumer,0.06830704761904763
2020-06-09,Energy,0.44888933333333336
2020-06-09,Financials,0.20427999999999996
2020-06-09,Healthcare,0.03741
2020-06-09,Industrials,0.23151107692307696
2020-06-09,Materials,0.11076
2020-06-09,RealEstate,0.13014
2020-06-09,Tech,0.29664238095238094
2020-06-09,Utilities,0.2808583333333333
2020-06-10,Comm,0.009570000000000013
2020-06-10,Consumer,0.04907830909090909
2020-06-10,Energy,-0.15578888888888887
2020-06-10,Financials,0.1761804761904762
2020-06-10,Healthcare,0.10565777777777778
2020-06-10,Industrials,0.16333333333333333
2020-06-10,Materials,0.11076
2020-06-10,RealEstate,0.135055
2020-06-10,Tech,0.007861666666666666
2020-06-10,Utilities,0.24795333333333333
2020-06-11,Comm,0.006903809523809526
2020-06-11,Consumer,0.056900432900432896
2020-06-11,Energy,-0.098045
2020-06-11,Financials,0.08133977777777776
2020-06-11,Healthcare,0.21064
2020-06-11,Industrials,0.10371095238095238
2020-06-11,Materials,0.07664
2020-06-11,RealEstate,0.15267
2020-06-11,Tech,0.21909166666666668
2020-06-11,Utilities,0.21711333333333335
2020-06-12,Comm,0.05869333333333333
2020-06-12,Consumer,0.18111361904761905
2020-06-12,Energy,0.027370000000000016
2020-06-12,Financials,0.065652
2020-06-12,Healthcare,0.12720800000000002
2020-06-12,Industrials,-0.025042
2020-06-12,Materials,0.11499000000000001
2020-06-12,RealEstate,0.14823
2020-06-12,Tech,0.12537666666666666
2020-06-12,Utilities,0.20811333333333332
2020-06-15,Comm,0.023173333333333324
2020-06-15,Consumer,0.00854649350649351
2020-06-15,Energy,-0.1468188888888889
2020-06-15,Financials,0.059582
2020-06-15,Healthcare,0.17032571428571427
2020-06-15,Industrials,0.005926571428571425
2020-06-15,Materials,0.16963
2020-06-15,RealEstate,0.18841999999999998
2020-06-15,Tech,0.19600666666666666
2020-06-15,Utilities,0.3343
2020-06-16,Comm,0.09305
2020-06-16,Consumer,0.19475
2020-06-16,Energy,0.1422275
2020-06-16,Financials,0.041265333333333334
2020-06-16,Healthcare,0.08222166666666665
2020-06-16,Industrials,0.131533
2020-06-16,Materials,0.11499000000000001
2020-06-16,RealEstate,0.19426000000000002
2020-06-16,Tech,0.19455
2020-06-16,Utilities,0.33887
2020-06-17,Comm,0.11137166666666667
2020-06-17,Consumer,0.17689083333333333
2020-06-17,Energy,0.026904
2020-06-17,Financials,-0.025888
2020-06-17,Healthcare,-0.13012
2020-06-17,Industrials,0.04976666666666667
2020-06-17,Materials,0.045179999999999984
2020-06-17,RealEstate,0.07899999999999999
2020-06-17,Tech,0.09115
2020-06-17,Utilities,0.05574
2020-06-18,Comm,0.0063556666666666674
2020-06-18,Consumer,0.04641585714285714
2020-06-18,Energy,0.04320266666666666
2020-06-18,Financials,-0.08270999999999999
2020-06-18,Healthcare,0.20376333333333335
2020-06-18,Industrials,-0.0010143333333333282
2020-06-18,Materials,0.0
2020-06-18,RealEstate,0.22799
2020-06-18,Tech,0.16786
2020-06-18,Utilities,0.08632
2020-06-19,Comm,0.1214
2020-06-19,Consumer,0.00780155555555555
2020-06-19,Energy,0.2169090476190476
2020-06-19,Financials,-0.12393000000000001
2020-06-19,Healthcare,0.21704333333333334
2020-06-19,Industrials,0.11308
2020-06-19,Materials,-0.04526
2020-06-19,RealEstate,0.20776
2020-06-19,Tech,-0.008600000000000007
2020-06-19,Utilities,0.12854000000000002
2020-06-22,Comm,0.14001666666666665
2020-06-22,Consumer,0.05441533333333333
2020-06-22,Energy,0.2095390476190476
2020-06-22,Financials,-0.1109
2020-06-22,Healthcare,0.2720066666666666
2020-06-22,Industrials,0.10251333333333332
2020-06-22,Materials,-0.003320000000000001
2020-06-22,RealEstate,0.20776
2020-06-22,Tech,0.17910114285714288
2020-06-22,Utilities,0.041476666666666676
2020-06-23,Comm,0.12569333333333332
2020-06-23,Consumer,0.18532200000000001
2020-06-23,Energy,0.19058999999999998
2020-06-23,Financials,0.03487
2020-06-23,Healthcare,0.1305725
2020-06-23,Industrials,0.17159799999999997
2020-06-23,Materials,0.04588
2020-06-23,RealEstate,0.20776
2020-06-23,Tech,0.059653333333333336
2020-06-23,Utilities,0.05464
2020-06-24,Comm,0.10274121212121212
2020-06-24,Consumer,-0.015941666666666666
2020-06-24,Energy,-0.1348507142857143
2020-06-24,Financials,0.058322000000000006
2020-06-24,Healthcare,0.14664666666666668
2020-06-24,Industrials,-0.04432
2020-06-24,Materials,0.04588
2020-06-24,RealEstate,0.05514
2020-06-24,Tech,-0.2646366666666667
2020-06-24,Utilities,0.0341
2020-06-25,Comm,0.08696533333333334
2020-06-25,Consumer,0.07852553333333334
2020-06-25,Energy,0.16620714285714286
2020-06-25,Financials,-0.01028685714285715
2020-06-25,Healthcare,0.09918249999999999
2020-06-25,Industrials,-0.07830647058823528
2020-06-25,Materials,0.12625999999999998
2020-06-25,RealEstate,0.05514
2020-06-25,Tech,-0.29334
2020-06-25,Utilities,0.05464
2020-06-26,Comm,0.24067333333333335
2020-06-26,Consumer,0.18130411764705884
2020-06-26,Energy,0.1580433333333333
2020-06-26,Financials,0.010400476190476193
2020-06-26,Healthcare,-0.007250999999999999
2020-06-26,Industrials,-0.14709111111111112
2020-06-26,Materials,0.14838
2020-06-26,RealEstate,-0.06842000000000001
2020-06-26,Tech,-0.20956000000000002
2020-06-26,Utilities,0.068
2020-06-29,Comm,0.020961025641025643
2020-06-29,Consumer,0.04655276923076923
2020-06-29,Energy,0.05054000000000001
2020-06-29,Financials,0.13596133333333332
2020-06-29,Healthcare,0.167875
2020-06-29,Industrials,-0.06606928571428569
2020-06-29,Materials,0.04526
2020-06-29,RealEstate,-0.07224
2020-06-29,Tech,0.060903333333333344
2020-06-29,Utilities,0.068
2020-06-30,Comm,0.10585047619047619
2020-06-30,Consumer,0.07584666666666666
2020-06-30,Energy,0.08941133333333334
2020-06-30,Financials,0.021312619047619052
2020-06-30,Healthcare,0.13929000000000002
2020-06-30,Industrials,0.005774000000000013
2020-06-30,Materials,0.04046
2020-06-30,RealEstate,0.14436
2020-06-30,Tech,0.143846
2020-06-30,Utilities,0.034
2020-07-01,Comm,-0.005466666666666664
2020-07-01,Consumer,-0.1007424025974026
2020-07-01,Energy,0.10210333333333332
2020-07-01,Financials,-0.1254
2020-07-01,Healthcare,0.2557188888888889
2020-07-01,Industrials,0.07701666666666666
2020-07-01,Materials,0.04046
2020-07-01,RealEstate,0.14436
2020-07-01,Tech,0.07222999999999999
2020-07-01,Utilities,0.14079999999999998
2020-07-02,Comm,0.013078333333333334
2020-07-02,Consumer,0.17275200000000002
2020-07-02,Energy,0.17867757575757576
2020-07-02,Financials,0.07885
2020-07-02,Healthcare,0.15533055555555558
2020-07-02,Industrials,-0.1247175
2020-07-02,Materials,0.04046
2020-07-02,RealEstate,-0.0256
2020-07-02,Tech,0.20164999999999997
2020-07-02,Utilities,0.34319
2020-07-06,Comm,0.04434400000000001
2020-07-06,Consumer,0.060188857142857134
2020-07-06,Energy,0.12836380952380952
2020-07-06,Financials,0.04379
2020-07-06,Healthcare,0.10360457142857142
2020-07-06,Industrials,0.008782727272727272
2020-07-06,Materials,-0.005310000000000004
2020-07-06,RealEstate,-0.06364
2020-07-06,Tech,0.05821532467532468
2020-07-06,Utilities,0.14551942028985507
2020-07-07,Comm,0.08076000000000001
2020-07-07,Consumer,0.14144254545454546
2020-07-07,Energy,0.076835
2020-07-07,Financials,0.09994
2020-07-07,Healthcare,0.11636333333333333
2020-07-07,Industrials,0.03800285714285714
2020-07-07,Materials,-0.005310000000000004
2020-07-07,RealEstate,0.03313000000000001
2020-07-07,Tech,0.20445714285714284
2020-07-07,Utilities,0.005579999999999996
2020-07-08,Comm,-0.10773999999999999
2020-07-08,Consumer,0.16919444444444445
2020-07-08,Energy,0.17551999999999998
2020-07-08,Financials,0.20814000000000005
2020-07-08,Healthcare,0.1696019047619048
2020-07-08,Industrials,0.134395
2020-07-08,Materials,0.17263
2020-07-08,RealEstate,-0.02311000000000001
2020-07-08,Tech,0.08254114285714285
2020-07-08,Utilities,-0.05780166666666666
2020-07-09,Comm,0.034595
2020-07-09,Consumer,0.08616750000000001
2020-07-09,Energy,0.20516
2020-07-09,Financials,0.04541055555555555
2020-07-09,Healthcare,0.08916333333333334
2020-07-09,Industrials,0.07370833333333336
2020-07-09,Materials,0.05825
2020-07-09,RealEstate,-0.11988000000000001
2020-07-09,Tech,0.10877428571428571
2020-07-09,Utilities,0.10533999999999999
2020-07-10,Comm,-0.011450000000000005
2020-07-10,Consumer,0.007357142857142847
2020-07-10,Energy,0.17794666666666667
2020-07-10,Financials,0.1533377777777778
2020-07-10,Healthcare,0.23087636363636363
2020-07-10,Industrials,-0.05522285714285713
2020-07-10,Materials,0.0
2020-07-10,RealEstate,-0.10444
2020-07-10,Tech,0.0
2020-07-10,Utilities,0.14728
2020-07-13,Comm,0.06248
2020-07-13,Consumer,0.16700771428571426
2020-07-13,Energy,0.28731333333333336
2020-07-13,Financials,0.10348600000000001
2020-07-13,Healthcare,0.05238
2020-07-13,Industrials,0.29148666666666667
2020-07-13,Materials,0.0
2020-07-13,RealEstate,-0.10444
2020-07-13,Tech,0.26386000000000004
2020-07-13,Utilities,0.0162
2020-07-14,Comm,0.03231714285714286
2020-07-14,Consumer,0.08158119047619047
2020-07-14,Energy,0.26394
2020-07-14,Financials,0.009453597222222217
2020-07-14,Healthcare,0.22698999999999997
2020-07-14,Industrials,0.09359300000000001
2020-07-14,Materials,0.0
2020-07-14,RealEstate,0.01544
2020-07-14,Tech,0.086656
2020-07-14,Utilities,0.09741999999999999
2020-07-15,Comm,0.05775333333333332
2020-07-15,Consumer,0.12762828571428572
2020-07-15,Energy,-0.047365
2020-07-15,Financials,0.30965
2020-07-15,Healthcare,0.20084999999999997
2020-07-15,Industrials,0.22271999999999997
2020-07-15,Materials,0.0
2020-07-15,RealEstate,0.00857
2020-07-15,Tech,0.11677000000000001
2020-07-15,Utilities,0.3174
2020-07-16,Comm,0.16680666666666666
2020-07-16,Consumer,0.17396198412698413
2020-07-16,Energy,0.14535499999999998
2020-07-16,Financials,0.1212908484848485
2020-07-16,Healthcare,0.153354
2020-07-16,Industrials,0.03852
2020-07-16,Materials,0.01032
2020-07-16,RealEstate,0.00857
2020-07-16,Tech,-0.0067773333333333245
2020-07-16,Utilities,0.11438
2020-07-17,Comm,0.09305
2020-07-17,Consumer,0.12434722222222223
2020-07-17,Energy,0.08854333333333334
2020-07-17,Financials,0.0019076190476190525
2020-07-17,Healthcare,-0.12045333333333334
2020-07-17,Industrials,0.047925
2020-07-17,Materials,0.01032
2020-07-17,RealEstate,0.00857
2020-07-17,Tech,-0.011736
2020-07-17,Utilities,0.30619999999999997
2020-07-20,Comm,0.13273
2020-07-20,Consumer,0.106904329004329
2020-07-20,Energy,0.013168333333333348
2020-07-20,Financials,0.09827999999999999
2020-07-20,Healthcare,0.07155500000000001
2020-07-20,Industrials,0.16608545454545456
2020-07-20,Materials,0.01032
2020-07-20,RealEstate,0.00857
2020-07-20,Tech,0.10221384615384617
2020-07-20,Utilities,0.12514
2020-07-21,Comm,0.17599666666666666
2020-07-21,Consumer,0.22511925465838512
2020-07-21,Energy,0.275005347985348
2020-07-21,Financials,0.1515055238095238
2020-07-21,Healthcare,0.19736
2020-07-21,Industrials,0.10240285714285716
2020-07-21,Materials,0.01032
2020-07-21,RealEstate,0.051426000000000006
2020-07-21,Tech,0.19012800000000002
2020-07-21,Utilities,0.14964
2020-07-22,Comm,0.15954
2020-07-22,Consumer,0.091004
2020-07-22,Energy,0.13685166666666665
2020-07-22,Financials,0.05301433333333333
2020-07-22,Healthcare,0.44521
2020-07-22,Industrials,-0.018389999999999997
2020-07-22,Materials,0.15814
2020-07-22,RealEstate,0.08129600000000001
2020-07-22,Tech,0.13414333333333334
2020-07-22,Utilities,0.14964
2020-07-23,Comm,-0.10305499999999998
2020-07-23,Consumer,0.0621473717948718
2020-07-23,Energy,0.01755
2020-07-23,Financials,0.010518333333333334
2020-07-23,Healthcare,-0.06659999999999998
2020-07-23,Industrials,0.2657075
2020-07-23,Materials,0.032694000000000015
2020-07-23,RealEstate,0.10205600000000001
2020-07-23,Tech,0.2105
2020-07-23,Utilities,0.15117
2020-07-24,Comm,0.013132500000000014
2020-07-24,Consumer,-0.008540833333333333
2020-07-24,Energy,0.13362923076923078
2020-07-24,Financials,-0.010969999999999997
2020-07-24,Healthcare,0.164015
2020-07-24,Industrials,0.26293
2020-07-24,Materials,0.15825
2020-07-24,RealEstate,0.059199999999999996
2020-07-24,Tech,0.21408428571428573
2020-07-24,Utilities,0.17441
2020-07-27,Comm,0.06592
2020-07-27,Consumer,0.09007888888888889
2020-07-27,Energy,0.026238
2020-07-27,Financials,0.13691166666666668
2020-07-27,Healthcare,-0.0036657142857142847
2020-07-27,Industrials,0.2572566666666667
2020-07-27,Materials,0.019756000000000003
2020-07-27,RealEstate,0.1637
2020-07-27,Tech,0.15975666666666666
2020-07-27,Utilities,-0.010634999999999995
2020-07-28,Comm,0.06313000000000002
2020-07-28,Consumer,0.12841276190476192
2020-07-28,Energy,0.07622999999999999
2020-07-28,Financials,0.061988571428571435
2020-07-28,Healthcare,0.05913333333333335
2020-07-28,Industrials,0.14129836842105264
2020-07-28,Materials,0.12907
2020-07-28,RealEstate,0.1637
2020-07-28,Tech,0.05361214285714285
2020-07-28,Utilities,0.07555500000000001
2020-07-29,Comm,-0.094745
2020-07-29,Consumer,0.04226472222222223
2020-07-29,Energy,0.24017
2020-07-29,Financials,0.06968380952380952
2020-07-29,Healthcare,0.138288
2020-07-29,Industrials,0.1501652564102564
2020-07-29,Materials,0.06191
2020-07-29,RealEstate,0.10452999999999998
2020-07-29,Tech,0.1914776976284585
2020-07-29,Utilities,0.16524
2020-07-30,Comm,0.10309833333333333
2020-07-30,Consumer,0.09192133333333334
2020-07-30,Energy,0.03605377777777778
2020-07-30,Financials,0.164128
2020-07-30,Healthcare,0.0971075
2020-07-30,Industrials,0.06479291819291819
2020-07-30,Materials,0.10078499999999999
2020-07-30,RealEstate,-0.032240000000000005
2020-07-30,Tech,0.020708888888888895
2020-07-30,Utilities,0.22239
2020-07-31,Comm,0.09729
2020-07-31,Consumer,0.038911714285714286
2020-07-31,Energy,-0.02567536507936507
2020-07-31,Financials,0.11552
2020-07-31,Healthcare,0.18833589743589743
2020-07-31,Industrials,-0.010027999999999999
2020-07-31,Materials,0.128105
2020-07-31,RealEstate,0.02183999999999999
2020-07-31,Tech,0.08772333333333333
2020-07-31,Utilities,0.17617
2020-08-03,Comm,0.24238400000000002
2020-08-03,Consumer,0.050337607843137254
2020-08-03,Energy,0.10191750000000002
2020-08-03,Financials,0.05421
2020-08-03,Healthcare,0.05058619047619047
2020-08-03,Industrials,-0.11562018181818183
2020-08-03,Materials,0.33858
2020-08-03,RealEstate,0.11588000000000001
2020-08-03,Tech,0.11536866666666667
2020-08-03,Utilities,0.24440666666666666
2020-08-04,Comm,0.08877538461538462
2020-08-04,Consumer,0.21111252525252527
2020-08-04,Energy,0.11009833333333334
2020-08-04,Financials,0.028711666666666656
2020-08-04,Healthcare,0.017150000000000002
2020-08-04,Industrials,-0.084692
2020-08-04,Materials,0.20648
2020-08-04,RealEstate,-0.07026
2020-08-04,Tech,0.11216169696969698
2020-08-04,Utilities,0.23578000000000002
2020-08-05,Comm,0.3268783333333333
2020-08-05,Consumer,0.024829411764705885
2020-08-05,Energy,0.21675499999999998
2020-08-05,Financials,0.070348
2020-08-05,Healthcare,-0.058089999999999996
2020-08-05,Industrials,0.13374
2020-08-05,Materials,0.048929999999999994
2020-08-05,RealEstate,0.08238000000000001
2020-08-05,Tech,0.06801928571428573
2020-08-05,Utilities,0.025939999999999998
2020-08-06,Comm,0.19744642857142858
2020-08-06,Consumer,0.077976
2020-08-06,Energy,0.2162916666666667
2020-08-06,Financials,0.002500000000000005
2020-08-06,Healthcare,0.222255
2020-08-06,Industrials,0.18303999999999998
2020-08-06,Materials,0.19749
2020-08-06,RealEstate,0.0
2020-08-06,Tech,0.15156
2020-08-06,Utilities,0.07365
2020-08-07,Comm,0.17871346153846152
2020-08-07,Consumer,0.11740533333333332
2020-08-07,Energy,0.029141333333333335
2020-08-07,Financials,-0.061325000000000005
2020-08-07,Healthcare,0.2503357142857143
2020-08-07,Industrials,0.08215666666666667
2020-08-07,Materials,0.19749
2020-08-07,RealEstate,0.27158
2020-08-07,Tech,0.20335
2020-08-07,Utilities,0.02717
2020-08-10,Comm,0.27246333333333334
2020-08-10,Consumer,0.11037670995670994
2020-08-10,Energy,0.179652
2020-08-10,Financials,0.26968333333333333
2020-08-10,Healthcare,0.16553333333333334
2020-08-10,Industrials,-0.04358
2020-08-10,Materials,0.21772666666666668
2020-08-10,RealEstate,0.24198
2020-08-10,Tech,0.13323333333333334
2020-08-10,Utilities,0.02195666666666667
2020-08-11,Comm,0.24441000000000002
2020-08-11,Consumer,0.09588111904761905
2020-08-11,Energy,0.18519928571428573
2020-08-11,Financials,0.17205
2020-08-11,Healthcare,0.10846
2020-08-11,Industrials,0.013562222222222229
2020-08-11,Materials,0.09034666666666666
2020-08-11,RealEstate,0.22024
2020-08-11,Tech,0.155051
2020-08-11,Utilities,0.17334
2020-08-12,Comm,0.13660333333333333
2020-08-12,Consumer,0.04102516666666667
2020-08-12,Energy,0.16271333333333332
2020-08-12,Financials,0.09184111111111112
2020-08-12,Healthcare,0.04046
2020-08-12,Industrials,0.012624999999999997
2020-08-12,Materials,0.09034666666666666
2020-08-12,RealEstate,0.13986
2020-08-12,Tech,-0.05931095238095239
2020-08-12,Utilities,0.13578
2020-08-13,Comm,0.11237333333333335
2020-08-13,Consumer,0.053421666666666645
2020-08-13,Energy,0.1587633333333333
2020-08-13,Financials,-0.09380333333333332
2020-08-13,Healthcare,-0.13394
2020-08-13,Industrials,-0.10216
2020-08-13,Materials,0.09034666666666666
2020-08-13,RealEstate,0.13986
2020-08-13,Tech,0.04298857142857142
2020-08-13,Utilities,0.02732
2020-08-14,Comm,-0.06364
2020-08-14,Consumer,0.11046749999999998
2020-08-14,Energy,0.177065
2020-08-14,Financials,0.02332333333333332
2020-08-14,Healthcare,0.04046
2020-08-14,Industrials,-0.023745000000000006
2020-08-14,Materials,0.14892
2020-08-14,RealEstate,0.07636
2020-08-14,Tech,0.2233566666666667
2020-08-14,Utilities,0.25476
2020-08-17,Comm,0.12658666666666668
2020-08-17,Consumer,0.1964655555555556
2020-08-17,Energy,-0.04828666666666666
2020-08-17,Financials,0.16392
2020-08-17,Healthcare,0.28033
2020-08-17,Industrials,-0.011269999999999997
2020-08-17,Materials,0.27564500000000003
2020-08-17,RealEstate,0.12738
2020-08-17,Tech,-0.0008940000000000059
2020-08-17,Utilities,0.31689
2020-08-18,Comm,0.12132666666666667
2020-08-18,Consumer,0.09197035714285715
2020-08-18,Energy,0.01127333333333333
2020-08-18,Financials,0.12776166666666666
2020-08-18,Healthcare,0.03578
2020-08-18,Industrials,0.14839
2020-08-18,Materials,0.15453999999999998
2020-08-18,RealEstate,0.23925999999999997
2020-08-18,Tech,0.03285666666666667
2020-08-18,Utilities,0.40841000000000005
2020-08-19,Comm,0.12132666666666667
2020-08-19,Consumer,0.15142939393939395
2020-08-19,Energy,0.053013333333333336
2020-08-19,Financials,0.089782
2020-08-19,Healthcare,0.22278166666666666
2020-08-19,Industrials,0.050946000000000005
2020-08-19,Materials,0.15453999999999998
2020-08-19,RealEstate,0.0
2020-08-19,Tech,0.012120000000000006
2020-08-19,Utilities,0.40841000000000005
2020-08-20,Comm,0.0932
2020-08-20,Consumer,0.072577
2020-08-20,Energy,0.047895999999999994
2020-08-20,Financials,0.1723692857142857
2020-08-20,Healthcare,0.044259999999999994
2020-08-20,Industrials,0.04315
2020-08-20,Materials,0.15453999999999998
2020-08-20,RealEstate,0.0
2020-08-20,Tech,-0.06445444444444445
2020-08-20,Utilities,0.18508
2020-08-21,Comm,0.12368666666666668
2020-08-21,Consumer,0.25687800000000005
2020-08-21,Energy,0.045533333333333335
2020-08-21,Financials,0.18494833333333333
2020-08-21,Healthcare,0.04069
2020-08-21,Industrials,-0.03522
2020-08-21,Materials,0.12894
2020-08-21,RealEstate,0.03374666666666666
2020-08-21,Tech,0.05089866666666667
2020-08-21,Utilities,0.24791
2020-08-24,Comm,0.011139999999999994
2020-08-24,Consumer,0.07899285714285714
2020-08-24,Energy,0.07997555555555556
2020-08-24,Financials,0.36158666666666667
2020-08-24,Healthcare,0.18137
2020-08-24,Industrials,0.24386499999999994
2020-08-24,Materials,0.1102
2020-08-24,RealEstate,-0.02054
2020-08-24,Tech,0.14712166666666665
2020-08-24,Utilities,0.04411999999999998
2020-08-25,Comm,0.007576666666666665
2020-08-25,Consumer,0.040056666666666664
2020-08-25,Energy,0.07238
2020-08-25,Financials,0.1758
2020-08-25,Healthcare,0.20036777777777778
2020-08-25,Industrials,0.1547
2020-08-25,Materials,0.004880000000000001
2020-08-25,RealEstate,0.05
2020-08-25,Tech,0.041188999999999996
2020-08-25,Utilities,0.011889999999999989
2020-08-26,Comm,0.098772
2020-08-26,Consumer,0.11432857142857145
2020-08-26,Energy,0.11475142857142857
2020-08-26,Financials,0.18224
2020-08-26,Healthcare,0.117564
2020-08-26,Industrials,-0.049295
2020-08-26,Materials,0.09966
2020-08-26,RealEstate,0.09176
2020-08-26,Tech,0.11217666666666666
2020-08-26,Utilities,0.272808
2020-08-27,Comm,0.11682
2020-08-27,Consumer,-0.017859999999999994
2020-08-27,Energy,0.02362514285714285
2020-08-27,Financials,0.07358
2020-08-27,Healthcare,0.19360066666666667
2020-08-27,Industrials,0.079205
2020-08-27,Materials,0.04046
2020-08-27,RealEstate,0.19455
2020-08-27,Tech,0.09166833333333334
2020-08-27,Utilities,0.242778
2020-08-28,Comm,0.22283333333333336
2020-08-28,Consumer,0.03272102564102565
2020-08-28,Energy,0.08272499999999999
2020-08-28,Financials,-0.17085500000000003
2020-08-28,Healthcare,0.004034000000000005
2020-08-28,Industrials,0.111222
2020-08-28,Materials,-0.015086666666666668
2020-08-28,RealEstate,0.11839999999999999
2020-08-28,Tech,0.2096283333333333
2020-08-28,Utilities,0.242778
2020-08-31,Comm,0.17816666666666667
2020-08-31,Consumer,0.03242941176470589
2020-08-31,Energy,-0.007902857142857139
2020-08-31,Financials,0.08676999999999999
2020-08-31,Healthcare,0.20283111111111113
2020-08-31,Industrials,0.319384
2020-08-31,Materials,0.0
2020-08-31,RealEstate,0.30096
2020-08-31,Tech,0.09978190476190477
2020-08-31,Utilities,0.03904333333333333
2020-09-01,Comm,0.16207
2020-09-01,Consumer,0.08162
2020-09-01,Energy,0.036559999999999995
2020-09-01,Financials,0.13754666666666665
2020-09-01,Healthcare,0.1095352380952381
2020-09-01,Industrials,0.19709000000000002
2020-09-01,Materials,0.0
2020-09-01,RealEstate,0.14527
2020-09-01,Tech,0.015585000000000005
2020-09-01,Utilities,0.00258
2020-09-02,Comm,0.2752833333333333
2020-09-02,Consumer,0.2
2020-09-02,Energy,0.0024499999999999925
2020-09-02,Financials,0.18320133333333333
2020-09-02,Healthcare,-0.164755
2020-09-02,Industrials,0.2462133333333333
2020-09-02,Materials,0.0
2020-09-02,RealEstate,0.18286
2020-09-02,Tech,0.14442166666666667
2020-09-02,Utilities,0.35608
2020-09-03,Comm,0.15649857142857143
2020-09-03,Consumer,0.20869285714285715
2020-09-03,Energy,0.09323600000000001
2020-09-03,Financials,0.13491666666666666
2020-09-03,Healthcare,0.027005
2020-09-03,Industrials,0.08002333333333334
2020-09-03,Materials,-0.0317
2020-09-03,RealEstate,0.18286
2020-09-03,Tech,0.162065
2020-09-03,Utilities,0.38211
2020-09-04,Comm,0.10863666666666667
2020-09-04,Consumer,0.052898
2020-09-04,Energy,0.015275
2020-09-04,Financials,-0.06926
2020-09-04,Healthcare,0.02828142857142858
2020-09-04,Industrials,0.030233333333333327
2020-09-04,Materials,0.029599999999999998
2020-09-04,RealEstate,0.09341333333333332
2020-09-04,Tech,0.22383000000000003
2020-09-04,Utilities,0.28064999999999996
2020-09-08,Comm,0.13778800000000002
2020-09-08,Consumer,0.12156690909090909
2020-09-08,Energy,-0.11940685714285715
2020-09-08,Financials,0.09639499999999998
2020-09-08,Healthcare,0.047805
2020-09-08,Industrials,-0.028496
2020-09-08,Materials,0.05
2020-09-08,RealEstate,0.12136333333333334
2020-09-08,Tech,0.122785
2020-09-08,Utilities,-0.16006857142857142
2020-09-09,Comm,0.18718
2020-09-09,Consumer,0.12460545454545455
2020-09-09,Energy,-0.12430400000000001
2020-09-09,Financials,-0.10632
2020-09-09,Healthcare,0.133745
2020-09-09,Industrials,0.07667333333333333
2020-09-09,Materials,0.05
2020-09-09,RealEstate,-0.003616666666666668
2020-09-09,Tech,0.077465
2020-09-09,Utilities,-0.06996
2020-09-10,Comm,0.15996000000000002
2020-09-10,Consumer,0.1711475
2020-09-10,Energy,-0.03436
2020-09-10,Financials,0.0035333333333333328
2020-09-10,Healthcare,0.245695
2020-09-10,Industrials,0.055479999999999995
2020-09-10,Materials,0.11581999999999999
2020-09-10,RealEstate,-0.003616666666666668
2020-09-10,Tech,0.09523333333333334
2020-09-10,Utilities,0.03932
2020-09-11,Comm,0.06782
2020-09-11,Consumer,0.14713166666666666
2020-09-11,Energy,0.1524666666666667
2020-09-11,Financials,-0.05328000000000001
2020-09-11,Healthcare,-0.05620666666666667
2020-09-11,Industrials,0.090952
2020-09-11,Materials,0.0066200000000000035
2020-09-11,RealEstate,-0.05656999999999999
2020-09-11,Tech,0.21037666666666666
2020-09-11,Utilities,0.14778
2020-09-14,Comm,0.01885166666666667
2020-09-14,Consumer,0.06580914285714287
2020-09-14,Energy,0.08470642857142857
2020-09-14,Financials,0.0014000000000000013
2020-09-14,Healthcare,0.12028834782608695
2020-09-14,Industrials,0.06732
2020-09-14,Materials,-0.024095
2020-09-14,RealEstate,0.13210000000000002
2020-09-14,Tech,0.061204999999999996
2020-09-14,Utilities,0.099715
2020-09-15,Comm,0.028493333333333332
2020-09-15,Consumer,0.1365338095238095
2020-09-15,Energy,0.006593333333333321
2020-09-15,Financials,0.14755333333333334
2020-09-15,Healthcare,0.16348666666666667
2020-09-15,Industrials,0.07529333333333334
2020-09-15,Materials,-0.024095
2020-09-15,RealEstate,0.09661666666666666
2020-09-15,Tech,-0.08362266666666665
2020-09-15,Utilities,0.06822333333333333
2020-09-16,Comm,0.04826999999999999
2020-09-16,Consumer,0.14413499999999999
2020-09-16,Energy,0.16382166666666667
2020-09-16,Financials,-0.003960000000000003
2020-09-16,Healthcare,-0.05527
2020-09-16,Industrials,0.3153833333333333
2020-09-16,Materials,-0.04517
2020-09-16,RealEstate,0.06369
2020-09-16,Tech,0.20246399999999998
2020-09-16,Utilities,0.156145
2020-09-17,Comm,0.15084666666666666
2020-09-17,Consumer,0.2760896666666667
2020-09-17,Energy,0.24977
2020-09-17,Financials,0.07329
2020-09-17,Healthcare,0.11793833333333333
2020-09-17,Industrials,0.15977113636363635
2020-09-17,Materials,0.097435
2020-09-17,RealEstate,-0.12248
2020-09-17,Tech,0.3153128571428571
2020-09-17,Utilities,0.156145
2020-09-18,Comm,0.027525
2020-09-18,Consumer,0.002136298701298711
2020-09-18,Energy,0.14979666666666666
2020-09-18,Financials,0.23392999999999997
2020-09-18,Healthcare,-0.018558999999999992
2020-09-18,Industrials,0.20768666666666666
2020-09-18,Materials,0.097435
2020-09-18,RealEstate,0.08808
2020-09-18,Tech,0.19272
2020-09-18,Utilities,0.10846
2020-09-21,Comm,0.0836375
2020-09-21,Consumer,0.054947866666666664
2020-09-21,Energy,-0.04809333333333334
2020-09-21,Financials,-0.041182
2020-09-21,Healthcare,-0.097186
2020-09-21,Industrials,0.018131333333333343
2020-09-21,Materials,0.1626
2020-09-21,RealEstate,0.08808
2020-09-21,Tech,0.06363333333333333
2020-09-21,Utilities,0.11148
2020-09-22,Comm,0.18247
2020-09-22,Consumer,0.18445739316239315
2020-09-22,Energy,0.29728999999999994
2020-09-22,Financials,0.10332000000000001
2020-09-22,Healthcare,0.348794
2020-09-22,Industrials,0.10240333333333333
2020-09-22,Materials,0.1626
2020-09-22,RealEstate,0.0
2020-09-22,Tech,0.09086666666666668
2020-09-22,Utilities,0.08808
2020-09-23,Comm,0.15525
2020-09-23,Consumer,0.10215933333333334
2020-09-23,Energy,0.260855
2020-09-23,Financials,0.134876
2020-09-23,Healthcare,0.2439373333333333
2020-09-23,Industrials,0.16777999999999998
2020-09-23,Materials,0.08624000000000001
2020-09-23,RealEstate,0.0
2020-09-23,Tech,0.09299333333333334
2020-09-23,Utilities,0.0
2020-09-24,Comm,0.131078
2020-09-24,Consumer,0.04279476190476191
2020-09-24,Energy,0.22007666666666664
2020-09-24,Financials,0.1426225
2020-09-24,Healthcare,9.399999999999409e-05
2020-09-24,Industrials,-0.04377666666666667
2020-09-24,Materials,0.17750000000000002
2020-09-24,RealEstate,0.0
2020-09-24,Tech,0.123915
2020-09-24,Utilities,0.0
2020-09-25,Comm,-0.04554199999999999
2020-09-25,Consumer,0.025839999999999995
2020-09-25,Energy,0.007350000000000001
2020-09-25,Financials,0.11752
2020-09-25,Healthcare,0.13239733333333334
2020-09-25,Industrials,0.14441555555555557
2020-09-25,Materials,0.16784000000000002
2020-09-25,RealEstate,0.0
2020-09-25,Tech,-0.042460000000000005
2020-09-25,Utilities,0.0
2020-09-28,Comm,0.1542255
2020-09-28,Consumer,0.06900727272727272
2020-09-28,Energy,0.10381
2020-09-28,Financials,0.23084
2020-09-28,Healthcare,0.09614200000000002
2020-09-28,Industrials,0.028386862745098045
2020-09-28,Materials,-0.01996
2020-09-28,RealEstate,0.04046
2020-09-28,Tech,0.19356833333333331
2020-09-28,Utilities,0.065564
2020-09-29,Comm,0.1110975
2020-09-29,Consumer,0.21098349206349204
2020-09-29,Energy,0.25221
2020-09-29,Financials,-0.05424
2020-09-29,Healthcare,0.23325
2020-09-29,Industrials,0.11299999999999999
2020-09-29,Materials,-0.01996
2020-09-29,RealEstate,0.0
2020-09-29,Tech,0.23461666666666664
2020-09-29,Utilities,0.0598
2020-09-30,Comm,0.17758
2020-09-30,Consumer,0.22516666666666665
2020-09-30,Energy,0.04142333333333334
2020-09-30,Financials,-0.0040694285714285685
2020-09-30,Healthcare,0.344285
2020-09-30,Industrials,0.21342566666666665
2020-09-30,Materials,-0.04019
2020-09-30,RealEstate,0.07636
2020-09-30,Tech,0.07522000000000001
2020-09-30,Utilities,0.225732
2020-10-01,Comm,0.06265666666666667
2020-10-01,Consumer,0.1727206666666667
2020-10-01,Energy,0.06487111111111112
2020-10-01,Financials,0.082084
2020-10-01,Healthcare,0.2188556666666667
2020-10-01,Industrials,0.37104875000000004
2020-10-01,Materials,-0.04019
2020-10-01,RealEstate,0.07636
2020-10-01,Tech,0.06664
2020-10-01,Utilities,0.27494
2020-10-02,Comm,-0.12972
2020-10-02,Consumer,0.16435261904761905
2020-10-02,Energy,0.2222254761904762
2020-10-02,Financials,0.28202222222222223
2020-10-02,Healthcare,0.009844999999999993
2020-10-02,Industrials,0.27636
2020-10-02,Materials,-0.04019
2020-10-02,RealEstate,0.07636
2020-10-02,Tech,0.06639466666666667
2020-10-02,Utilities,0.40514
2020-10-05,Comm,0.07788750000000001
2020-10-05,Consumer,0.12436752380952383
2020-10-05,Energy,0.12921316666666666
2020-10-05,Financials,0.20830666666666664
2020-10-05,Healthcare,0.10245222222222224
2020-10-05,Industrials,0.1825749523809524
2020-10-05,Materials,0.01767
2020-10-05,RealEstate,0.11438
2020-10-05,Tech,0.10325200000000001
2020-10-05,Utilities,0.44755500000000004
2020-10-06,Comm,0.09578
2020-10-06,Consumer,0.17313444444444442
2020-10-06,Energy,0.0167
2020-10-06,Financials,0.2608566666666666
2020-10-06,Healthcare,0.12832333333333332
2020-10-06,Industrials,0.04873
2020-10-06,Materials,0.05786
2020-10-06,RealEstate,0.20246
2020-10-06,Tech,-0.041666666666666664
2020-10-06,Utilities,0.40896
2020-10-07,Comm,0.22238000000000002
2020-10-07,Consumer,0.11839885714285717
2020-10-07,Energy,0.059264000000000004
2020-10-07,Financials,0.18901066666666666
2020-10-07,Healthcare,0.2478697619047619
2020-10-07,Industrials,0.07102555555555554
2020-10-07,Materials,0.0
2020-10-07,RealEstate,0.20246
2020-10-07,Tech,0.26556
2020-10-07,Utilities,0.3375
2020-10-08,Comm,-0.016493999999999995
2020-10-08,Consumer,0.10740821428571427
2020-10-08,Energy,0.19468190476190475
2020-10-08,Financials,0.2021370833333333
2020-10-08,Healthcare,0.06936611111111111
2020-10-08,Industrials,0.09301999999999999
2020-10-08,Materials,0.0
2020-10-08,RealEstate,0.20246
2020-10-08,Tech,0.15804190476190477
2020-10-08,Utilities,0.15676
2020-10-09,Comm,0.13680785714285715
2020-10-09,Consumer,0.04635571428571428
2020-10-09,Energy,0.19468190476190475
2020-10-09,Financials,0.26661666666666667
2020-10-09,Healthcare,-0.060580999999999996
2020-10-09,Industrials,0.19955799999999999
2020-10-09,Materials,0.0
2020-10-09,RealEstate,0.20246
2020-10-09,Tech,0.19690533333333335
2020-10-09,Utilities,0.23768000000000003
2020-10-12,Comm,0.001497878787878787
2020-10-12,Consumer,0.27188425641025643
2020-10-12,Energy,0.1787275
2020-10-12,Financials,0.2535767765567766
2020-10-12,Healthcare,0.027217500000000006
2020-10-12,Industrials,0.1533261904761905
2020-10-12,Materials,0.04046
2020-10-12,RealEstate,0.11438
2020-10-12,Tech,0.14646333333333333
2020-10-12,Utilities,0.28578000000000003
2020-10-13,Comm,-0.06806142857142858
2020-10-13,Consumer,-0.08431622807017544
2020-10-13,Energy,-0.09545999999999999
2020-10-13,Financials,0.06127583333333334
2020-10-13,Healthcare,-0.073055
2020-10-13,Industrials,0.2563386666666666
2020-10-13,Materials,0.04046
2020-10-13,RealEstate,0.0
2020-10-13,Tech,0.017176666666666673
2020-10-13,Utilities,0.0861
2020-10-14,Comm,0.22808200000000003
2020-10-14,Consumer,0.0131125
2020-10-14,Energy,0.02732
2020-10-14,Financials,0.17450739130434784
2020-10-14,Healthcare,0.05168400000000001
2020-10-14,Industrials,0.24006
2020-10-14,Materials,0.13740999999999998
2020-10-14,RealEstate,0.052669999999999995
2020-10-14,Tech,0.05197
2020-10-14,Utilities,0.21856
2020-10-15,Comm,0.29738333333333333
2020-10-15,Consumer,0.22008509090909092
2020-10-15,Energy,0.26669
2020-10-15,Financials,0.16293033333333334
2020-10-15,Healthcare,0.23650333333333334
2020-10-15,Industrials,0.25744
2020-10-15,Materials,0.14011
2020-10-15,RealEstate,0.052669999999999995
2020-10-15,Tech,0.14579666666666666
2020-10-15,Utilities,0.2783
2020-10-16,Comm,0.20124499999999998
2020-10-16,Consumer,0.23147333333333334
2020-10-16,Energy,0.10097875
2020-10-16,Financials,0.56552
2020-10-16,Healthcare,0.06095461538461537
2020-10-16,Industrials,0.2836102564102564
2020-10-16,Materials,0.25135
2020-10-16,RealEstate,0.052669999999999995
2020-10-16,Tech,0.11413333333333334
2020-10-16,Utilities,0.2783
2020-10-19,Comm,0.2748366666666667
2020-10-19,Consumer,0.24128
2020-10-19,Energy,0.0239189696969697
2020-10-19,Financials,0.17970666666666665
2020-10-19,Healthcare,0.17096166666666665
2020-10-19,Industrials,0.32280499999999995
2020-10-19,Materials,0.47354
2020-10-19,RealEstate,0.052669999999999995
2020-10-19,Tech,0.020802499999999995
2020-10-19,Utilities,0.24313
2020-10-20,Comm,0.21497000000000002
2020-10-20,Consumer,0.29303
2020-10-20,Energy,0.06860533333333334
2020-10-20,Financials,0.2647316666666667
2020-10-20,Healthcare,0.30983
2020-10-20,Industrials,0.2383
2020-10-20,Materials,0.47354
2020-10-20,RealEstate,0.24011666666666667
2020-10-20,Tech,0.03482500000000001
2020-10-20,Utilities,0.10928
2020-10-21,Comm,0.2305133333333333
2020-10-21,Consumer,0.2694498095238095
2020-10-21,Energy,-0.030614999999999983
2020-10-21,Financials,0.13103800000000002
2020-10-21,Healthcare,0.329156
2020-10-21,Industrials,0.21378
2020-10-21,Materials,0.34222
2020-10-21,RealEstate,0.26971666666666666
2020-10-21,Tech,0.14243
2020-10-21,Utilities,0.12994
2020-10-22,Comm,0.09438333333333333
2020-10-22,Consumer,0.026531832535885168
2020-10-22,Energy,-0.009681666666666654
2020-10-22,Financials,0.22907333333333332
2020-10-22,Healthcare,0.19340600000000002
2020-10-22,Industrials,0.038388571428571425
2020-10-22,Materials,0.24653333333333335
2020-10-22,RealEstate,0.06756666666666666
2020-10-22,Tech,0.28046249999999995
2020-10-22,Utilities,0.10132
2020-10-23,Comm,0.22809249999999998
2020-10-23,Consumer,0.3134
2020-10-23,Energy,0.025655000000000004
2020-10-23,Financials,0.42074
2020-10-23,Healthcare,0.02636600000000001
2020-10-23,Industrials,0.32852
2020-10-23,Materials,0.15152333333333332
2020-10-23,RealEstate,0.06756666666666666
2020-10-23,Tech,0.18452181818181818
2020-10-23,Utilities,0.05105
2020-10-26,Comm,0.11345657142857143
2020-10-26,Consumer,0.06980955555555556
2020-10-26,Energy,0.06980433333333333
2020-10-26,Financials,0.129016
2020-10-26,Healthcare,0.08909777777777779
2020-10-26,Industrials,0.25072555555555553
2020-10-26,Materials,0.15152333333333332
2020-10-26,RealEstate,0.04009999999999998
2020-10-26,Tech,0.045264285714285715
2020-10-26,Utilities,-0.004865000000000008
2020-10-27,Comm,0.021348000000000006
2020-10-27,Consumer,0.06558499999999999
2020-10-27,Energy,0.009468333333333334
2020-10-27,Financials,-0.011059999999999997
2020-10-27,Healthcare,0.06143714285714286
2020-10-27,Industrials,0.02604910256410256
2020-10-27,Materials,0.12884333333333334
2020-10-27,RealEstate,0.04009999999999998
2020-10-27,Tech,0.14720908571428573
2020-10-27,Utilities,0.029240000000000006
2020-10-28,Comm,0.055782
2020-10-28,Consumer,0.13834266666666667
2020-10-28,Energy,0.07741142857142856
2020-10-28,Financials,0.02951761904761905
2020-10-28,Healthcare,0.03441066666666667
2020-10-28,Industrials,0.16739004545454547
2020-10-28,Materials,0.12884333333333334
2020-10-28,RealEstate,0.14616
2020-10-28,Tech,0.06031142857142856
2020-10-28,Utilities,0.029240000000000006
2020-10-29,Comm,0.18563
2020-10-29,Consumer,0.14986723809523808
2020-10-29,Energy,-0.08975857142857142
2020-10-29,Financials,0.10489000000000001
2020-10-29,Healthcare,0.20504466666666668
2020-10-29,Industrials,-0.063477
2020-10-29,Materials,0.10124533333333334
2020-10-29,RealEstate,0.05464
2020-10-29,Tech,0.12096
2020-10-29,Utilities,0.13532
2020-10-30,Comm,0.22374
2020-10-30,Consumer,0.1505148888888889
2020-10-30,Energy,0.027061499999999995
2020-10-30,Financials,0.08553200000000001
2020-10-30,Healthcare,0.16835618181818185
2020-10-30,Industrials,0.04795685714285714
2020-10-30,Materials,0.071952
2020-10-30,RealEstate,0.05464
2020-10-30,Tech,0.05574
2020-10-30,Utilities,0.11120000000000001
2020-11-02,Comm,0.06575833333333334
2020-11-02,Consumer,0.09203722222222223
2020-11-02,Energy,-0.08184083333333333
2020-11-02,Financials,0.09402999999999999
2020-11-02,Healthcare,0.12505666666666668
2020-11-02,Industrials,0.1615075
2020-11-02,Materials,0.1644
2020-11-02,RealEstate,0.11774
2020-11-02,Tech,0.031911499999999995
2020-11-02,Utilities,-0.0005300000000000082
2020-11-03,Comm,-0.06955933333333333
2020-11-03,Consumer,0.10828066666666666
2020-11-03,Energy,-0.0017549999999999955
2020-11-03,Financials,0.08199309523809524
2020-11-03,Healthcare,0.16307733333333332
2020-11-03,Industrials,0.16295866666666664
2020-11-03,Materials,0.21545999999999998
2020-11-03,RealEstate,0.0
2020-11-03,Tech,0.07976000000000001
2020-11-03,Utilities,0.041489999999999985
2020-11-04,Comm,0.08431599999999999
2020-11-04,Consumer,0.11511780952380953
2020-11-04,Energy,0.146974
2020-11-04,Financials,0.17431999999999997
2020-11-04,Healthcare,0.19557777777777777
2020-11-04,Industrials,0.20880166666666664
2020-11-04,Materials,0.21545999999999998
2020-11-04,RealEstate,0.0
2020-11-04,Tech,0.06485333333333335
2020-11-04,Utilities,-0.11505499999999999
2020-11-05,Comm,-0.031197000000000003
2020-11-05,Consumer,0.15840928571428572
2020-11-05,Energy,0.05346666666666666
2020-11-05,Financials,0.12442
2020-11-05,Healthcare,0.047150000000000004
2020-11-05,Industrials,0.09215666666666666
2020-11-05,Materials,0.21545999999999998
2020-11-05,RealEstate,0.02679333333333333
2020-11-05,Tech,0.12065076923076923
2020-11-05,Utilities,0.22905999999999999
2020-11-06,Comm,0.09503093137254902
2020-11-06,Consumer,0.05510857142857143
2020-11-06,Energy,0.05362833333333333
2020-11-06,Financials,0.16045
2020-11-06,Healthcare,0.05647
2020-11-06,Industrials,-0.009405714285714285
2020-11-06,Materials,0.14196
2020-11-06,RealEstate,0.09966
2020-11-06,Tech,0.12655
2020-11-06,Utilities,0.14980000000000002
2020-11-09,Comm,0.2057085714285714
2020-11-09,Consumer,0.039029999999999995
2020-11-09,Energy,0.1724426666666667
2020-11-09,Financials,0.09103571428571429
2020-11-09,Healthcare,0.20935333333333334
2020-11-09,Industrials,0.21320566666666668
2020-11-09,Materials,0.14196
2020-11-09,RealEstate,0.20396
2020-11-09,Tech,-0.01575333333333333
2020-11-09,Utilities,0.08789142857142858
2020-11-10,Comm,0.02692500000000001
2020-11-10,Consumer,0.09780488888888889
2020-11-10,Energy,0.104691
2020-11-10,Financials,0.1362
2020-11-10,Healthcare,0.234288
2020-11-10,Industrials,0.18589733333333336
2020-11-10,Materials,-0.068
2020-11-10,RealEstate,0.20396
2020-11-10,Tech,-0.022237333333333338
2020-11-10,Utilities,0.1366
2020-11-11,Comm,-0.023634999999999996
2020-11-11,Consumer,0.08898266666666668
2020-11-11,Energy,0.14663
2020-11-11,Financials,0.1478335238095238
2020-11-11,Healthcare,0.12934
2020-11-11,Industrials,0.039290000000000005
2020-11-11,Materials,0.049333333333333326
2020-11-11,RealEstate,0.20600000000000002
2020-11-11,Tech,0.11465619047619047
2020-11-11,Utilities,0.08646
2020-11-12,Comm,0.15018
2020-11-12,Consumer,0.17731891774891775
2020-11-12,Energy,0.3424666666666667
2020-11-12,Financials,0.1692842564102564
2020-11-12,Healthcare,0.018690000000000002
2020-11-12,Industrials,0.10985666666666667
2020-11-12,Materials,0.04404
2020-11-12,RealEstate,0.20600000000000002
2020-11-12,Tech,0.18486666666666668
2020-11-12,Utilities,0.24905
2020-11-13,Comm,0.223765
2020-11-13,Consumer,0.2233748447204969
2020-11-13,Energy,0.29847333333333337
2020-11-13,Financials,0.08612333333333333
2020-11-13,Healthcare,0.17160000000000003
2020-11-13,Industrials,0.09176
2020-11-13,Materials,0.30088
2020-11-13,RealEstate,0.16454
2020-11-13,Tech,0.08130533333333334
2020-11-13,Utilities,0.24905
2020-11-16,Comm,0.125346
2020-11-16,Consumer,0.1943308888888889
2020-11-16,Energy,0.3639675
2020-11-16,Financials,0.12498400000000001
2020-11-16,Healthcare,0.036619
2020-11-16,Industrials,0.1950157142857143
2020-11-16,Materials,0.30067
2020-11-16,RealEstate,0.10533999999999999
2020-11-16,Tech,0.28620666666666666
2020-11-16,Utilities,0.031710000000000016
2020-11-17,Comm,0.115872
2020-11-17,Consumer,0.3155278947368421
2020-11-17,Energy,0.293585
2020-11-17,Financials,-0.013095999999999997
2020-11-17,Healthcare,-0.021674999999999993
2020-11-17,Industrials,0.11739000000000002
2020-11-17,Materials,0.30139
2020-11-17,RealEstate,0.10533999999999999
2020-11-17,Tech,0.30962999999999996
2020-11-17,Utilities,0.031710000000000016
2020-11-18,Comm,0.008979999999999998
2020-11-18,Consumer,0.26361666666666667
2020-11-18,Energy,0.26348333333333335
2020-11-18,Financials,0.1473583333333333
2020-11-18,Healthcare,0.10273333333333334
2020-11-18,Industrials,-0.02584111111111111
2020-11-18,Materials,0.30139
2020-11-18,RealEstate,0.19341999999999998
2020-11-18,Tech,0.200415
2020-11-18,Utilities,0.04068000000000001
2020-11-19,Comm,0.15144714285714284
2020-11-19,Consumer,-0.03740416666666666
2020-11-19,Energy,0.25194
2020-11-19,Financials,0.26571866666666666
2020-11-19,Healthcare,0.12472333333333334
2020-11-19,Industrials,-0.04005142857142857
2020-11-19,Materials,0.1706
2020-11-19,RealEstate,0.19341999999999998
2020-11-19,Tech,-0.021269999999999994
2020-11-19,Utilities,-0.06189
2020-11-20,Comm,-0.0864725
2020-11-20,Consumer,-0.040867738095238096
2020-11-20,Energy,0.07665
2020-11-20,Financials,0.13290666666666667
2020-11-20,Healthcare,0.0351975
2020-11-20,Industrials,0.030329333333333337
2020-11-20,Materials,0.1706
2020-11-20,RealEstate,0.19341999999999998
2020-11-20,Tech,0.13120333333333334
2020-11-20,Utilities,-0.04067666666666667
2020-11-23,Comm,0.03452666666666667
2020-11-23,Consumer,0.16711290109890112
2020-11-23,Energy,-0.02423785714285715
2020-11-23,Financials,0.037531999999999996
2020-11-23,Healthcare,0.1924425238095238
2020-11-23,Industrials,0.12892571428571428
2020-11-23,Materials,0.04046
2020-11-23,RealEstate,0.0
2020-11-23,Tech,0.07102
2020-11-23,Utilities,0.060996666666666664
2020-11-24,Comm,0.14435333333333333
2020-11-24,Consumer,0.070819
2020-11-24,Energy,-0.14315
2020-11-24,Financials,0.135245
2020-11-24,Healthcare,0.24948466666666666
2020-11-24,Industrials,0.049757857142857145
2020-11-24,Materials,0.12854000000000002
2020-11-24,RealEstate,0.06427000000000001
2020-11-24,Tech,0.04964
2020-11-24,Utilities,0.18575666666666665
2020-11-25,Comm,0.16753200000000001
2020-11-25,Consumer,0.17553666666666667
2020-11-25,Energy,0.12261249999999999
2020-11-25,Financials,-0.01279266666666667
2020-11-25,Healthcare,0.16638999999999998
2020-11-25,Industrials,0.2579666666666666
2020-11-25,Materials,0.14763333333333334
2020-11-25,RealEstate,0.06427000000000001
2020-11-25,Tech,0.07454666666666668
2020-11-25,Utilities,0.23753000000000002
2020-11-27,Comm,0.30104
2020-11-27,Consumer,0.060412
2020-11-27,Energy,0.1803125
2020-11-27,Financials,0.2263633333333333
2020-11-27,Healthcare,-0.03129333333333334
2020-11-27,Industrials,0.18269238095238094
2020-11-27,Materials,0.25609333333333334
2020-11-27,RealEstate,0.00506
2020-11-27,Tech,0.16755
2020-11-27,Utilities,0.25478999999999996
2020-11-30,Comm,0.27708666666666665
2020-11-30,Consumer,0.14838400000000002
2020-11-30,Energy,0.22859214285714285
2020-11-30,Financials,0.022825000000000012
2020-11-30,Healthcare,0.16828333333333334
2020-11-30,Industrials,0.15484457142857144
2020-11-30,Materials,0.21617333333333333
2020-11-30,RealEstate,0.1343
2020-11-30,Tech,0.031301666666666665
2020-11-30,Utilities,0.10889
2020-12-01,Comm,0.21306000000000003
2020-12-01,Consumer,0.18097400000000002
2020-12-01,Energy,0.09145
2020-12-01,Financials,0.33335499999999996
2020-12-01,Healthcare,0.04019
2020-12-01,Industrials,0.09652600000000001
2020-12-01,Materials,0.2714
2020-12-01,RealEstate,0.16183999999999998
2020-12-01,Tech,0.044853333333333335
2020-12-01,Utilities,0.16353
2020-12-02,Comm,0.07024
2020-12-02,Consumer,0.037976222222222224
2020-12-02,Energy,0.14893133333333333
2020-12-02,Financials,0.11765
2020-12-02,Healthcare,0.147225
2020-12-02,Industrials,0.02554833333333333
2020-12-02,Materials,0.32246
2020-12-02,RealEstate,0.22056
2020-12-02,Tech,0.160195
2020-12-02,Utilities,0.27591
2020-12-03,Comm,0.07187428571428571
2020-12-03,Consumer,0.09779
2020-12-03,Energy,0.012890000000000002
2020-12-03,Financials,0.11369
2020-12-03,Healthcare,0.217335
2020-12-03,Industrials,0.11885193277310924
2020-12-03,Materials,0.21400000000000002
2020-12-03,RealEstate,0.31794
2020-12-03,Tech,0.11124333333333333
2020-12-03,Utilities,0.27591
2020-12-04,Comm,0.14455
2020-12-04,Consumer,0.10308333333333333
2020-12-04,Energy,0.02297075036075035
2020-12-04,Financials,-0.021160000000000005
2020-12-04,Healthcare,0.17184333333333332
2020-12-04,Industrials,0.0867175
2020-12-04,Materials,0.21400000000000002
2020-12-04,RealEstate,0.24158
2020-12-04,Tech,0.17426333333333335
2020-12-04,Utilities,0.2794
2020-12-07,Comm,0.039542222222222215
2020-12-07,Consumer,0.09896714285714285
2020-12-07,Energy,0.05261599999999998
2020-12-07,Financials,0.07677566666666666
2020-12-07,Healthcare,-0.013460000000000005
2020-12-07,Industrials,0.07255666666666667
2020-12-07,Materials,0.21400000000000002
2020-12-07,RealEstate,0.33692
2020-12-07,Tech,0.07000777777777778
2020-12-07,Utilities,0.28403999999999996
2020-12-08,Comm,0.07142909090909091
2020-12-08,Consumer,0.061465833333333345
2020-12-08,Energy,0.064805
2020-12-08,Financials,0.058485333333333334
2020-12-08,Healthcare,0.16099333333333332
2020-12-08,Industrials,-0.0021111111111111135
2020-12-08,Materials,0.24636
2020-12-08,RealEstate,0.16333999999999999
2020-12-08,Tech,0.10758999999999999
2020-12-08,Utilities,0.24369999999999997
2020-12-09,Comm,0.2235125
2020-12-09,Consumer,0.029407151515151515
2020-12-09,Energy,0.047018000000000004
2020-12-09,Financials,0.08054333333333333
2020-12-09,Healthcare,0.013816666666666666
2020-12-09,Industrials,-0.04326555555555555
2020-12-09,Materials,0.14189333333333334
2020-12-09,RealEstate,0.15108000000000002
2020-12-09,Tech,0.21740733333333334
2020-12-09,Utilities,0.41856
2020-12-10,Comm,0.2286975
2020-12-10,Consumer,0.21859968253968254
2020-12-10,Energy,0.267262
2020-12-10,Financials,0.140775
2020-12-10,Healthcare,0.06313500000000001
2020-12-10,Industrials,0.00019066666666667578
2020-12-10,Materials,0.059199999999999996
2020-12-10,RealEstate,0.15108000000000002
2020-12-10,Tech,0.2675883333333333
2020-12-10,Utilities,0.2564533333333333
2020-12-11,Comm,0.13661142857142855
2020-12-11,Consumer,0.14347326315789474
2020-12-11,Energy,-0.17512999999999998
2020-12-11,Financials,0.05049499999999999
2020-12-11,Healthcare,0.301453
2020-12-11,Industrials,-0.08404066666666668
2020-12-11,Materials,0.059199999999999996
2020-12-11,RealEstate,0.05574
2020-12-11,Tech,0.045279
2020-12-11,Utilities,0.21715999999999996
2020-12-14,Comm,0.0482675
2020-12-14,Consumer,0.048289166666666675
2020-12-14,Energy,0.13949
2020-12-14,Financials,0.15351666666666666
2020-12-14,Healthcare,0.14211500000000002
2020-12-14,Industrials,0.10689047619047617
2020-12-14,Materials,0.059199999999999996
2020-12-14,RealEstate,0.07101199999999999
2020-12-14,Tech,0.07591600000000001
2020-12-14,Utilities,0.07998999999999999
2020-12-15,Comm,0.1282575
2020-12-15,Consumer,0.16245857142857142
2020-12-15,Energy,0.20113333333333333
2020-12-15,Financials,0.261165
2020-12-15,Healthcare,0.25432166666666667
2020-12-15,Industrials,0.252
2020-12-15,Materials,0.0
2020-12-15,RealEstate,0.08424000000000001
2020-12-15,Tech,0.064346
2020-12-15,Utilities,0.07998999999999999
2020-12-16,Comm,0.07403178571428572
2020-12-16,Consumer,0.27887399999999996
2020-12-16,Energy,0.06356666666666667
2020-12-16,Financials,0.3079866666666667
2020-12-16,Healthcare,0.332135
2020-12-16,Industrials,0.17599
2020-12-16,Materials,0.10846
2020-12-16,RealEstate,0.18118
2020-12-16,Tech,0.04046
2020-12-16,Utilities,0.07998999999999999
2020-12-17,Comm,0.09116428571428573
2020-12-17,Consumer,0.306372
2020-12-17,Energy,0.11717999999999999
2020-12-17,Financials,0.38241933333333333
2020-12-17,Healthcare,0.05570533333333333
2020-12-17,Industrials,0.2022475
2020-12-17,Materials,0.08808
2020-12-17,RealEstate,0.0
2020-12-17,Tech,0.2327142857142857
2020-12-17,Utilities,0.12379
2020-12-18,Comm,0.025975499999999995
2020-12-18,Consumer,0.287638
2020-12-18,Energy,0.02034666666666667
2020-12-18,Financials,0.25858
2020-12-18,Healthcare,0.17989000000000002
2020-12-18,Industrials,0.1065845
2020-12-18,Materials,0.09069999999999999
2020-12-18,RealEstate,0.03637
2020-12-18,Tech,0.19258000000000003
2020-12-18,Utilities,0.12963
2020-12-21,Comm,0.062107333333333334
2020-12-21,Consumer,0.12752141125541125
2020-12-21,Energy,0.13405733333333333
2020-12-21,Financials,-0.0067701315789473766
2020-12-21,Healthcare,0.27162
2020-12-21,Industrials,0.22394550000000005
2020-12-21,Materials,0.23371
2020-12-21,RealEstate,0.06369
2020-12-21,Tech,0.17675542857142856
2020-12-21,Utilities,0.36381
2020-12-22,Comm,0.0025566666666666698
2020-12-22,Consumer,0.086088
2020-12-22,Energy,-0.018831999999999995
2020-12-22,Financials,0.09659500000000001
2020-12-22,Healthcare,0.040535999999999996
2020-12-22,Industrials,0.23307333333333333
2020-12-22,Materials,0.12138
2020-12-22,RealEstate,0.06369
2020-12-22,Tech,0.16148
2020-12-22,Utilities,0.30484999999999995
2020-12-23,Comm,0.03396166666666667
2020-12-23,Consumer,0.13125683333333332
2020-12-23,Energy,0.13622
2020-12-23,Financials,0.22974
2020-12-23,Healthcare,0.10367222222222221
2020-12-23,Industrials,0.40626666666666666
2020-12-23,Materials,0.12138
2020-12-23,RealEstate,0.06369
2020-12-23,Tech,0.15230000000000002
2020-12-23,Utilities,0.21000999999999997
2020-12-24,Comm,0.023236666666666666
2020-12-24,Consumer,0.19487114285714285
2020-12-24,Energy,0.18150666666666668
2020-12-24,Financials,0.35818
2020-12-24,Healthcare,0.24567
2020-12-24,Industrials,0.48685
2020-12-24,Materials,0.12138
2020-12-24,RealEstate,0.11539999999999999
2020-12-24,Tech,0.13464333333333334
2020-12-24,Utilities,0.21000999999999997
2020-12-28,Comm,0.18002249999999997
2020-12-28,Consumer,0.24526172727272727
2020-12-28,Energy,0.09058
2020-12-28,Financials,0.10080111111111112
2020-12-28,Healthcare,0.14919
2020-12-28,Industrials,0.3131285714285714
2020-12-28,Materials,0.04046
2020-12-28,RealEstate,0.00678
2020-12-28,Tech,0.14590916666666667
2020-12-28,Utilities,0.27189
2020-12-29,Comm,0.21598
2020-12-29,Consumer,0.18179777777777778
2020-12-29,Energy,0.09786999999999998
2020-12-29,Financials,-0.33083999999999997
2020-12-29,Healthcare,0.12786666666666666
2020-12-29,Industrials,0.199215
2020-12-29,Materials,0.1358
2020-12-29,RealEstate,0.02732
2020-12-29,Tech,-0.019561999999999996
2020-12-29,Utilities,0.27189
2020-12-30,Comm,0.26442
2020-12-30,Consumer,0.35562
2020-12-30,Energy,0.007450000000000001
2020-12-30,Financials,0.03512
2020-12-30,Healthcare,0.13432666666666665
2020-12-30,Industrials,0.072314
2020-12-30,Materials,0.15897999999999998
2020-12-30,RealEstate,0.0
2020-12-30,Tech,0.169955
2020-12-30,Utilities,0.18381
2020-12-31,Comm,0.2359990476190476
2020-12-31,Consumer,0.3254826666666667
2020-12-31,Energy,0.04178333333333334
2020-12-31,Financials,0.30639066666666664
2020-12-31,Healthcare,0.21127666666666664
2020-12-31,Industrials,0.14057866666666666
2020-12-31,Materials,0.17572000000000002
2020-12-31,RealEstate,0.04074
2020-12-31,Tech,0.19521000000000002
2020-12-31,Utilities,0.14272
2021-01-04,Comm,0.19355333333333333
2021-01-04,Consumer,0.10702622222222222
2021-01-04,Energy,0.06635833333333332
2021-01-04,Financials,0.23525000000000001
2021-01-04,Healthcare,0.16366
2021-01-04,Industrials,0.19823055555555555
2021-01-04,Materials,0.04404
2021-01-04,RealEstate,0.0
2021-01-04,Tech,0.10636999999999999
2021-01-04,Utilities,0.093865
2021-01-05,Comm,0.06041166666666666
2021-01-05,Consumer,0.09015666666666668
2021-01-05,Energy,0.12317666666666667
2021-01-05,Financials,0.24566999999999997
2021-01-05,Healthcare,0.27824499999999996
2021-01-05,Industrials,0.1389266666666667
2021-01-05,Materials,0.12264
2021-01-05,RealEstate,0.0
2021-01-05,Tech,0.05659499999999999
2021-01-05,Utilities,0.12738
2021-01-06,Comm,0.11120171428571428
2021-01-06,Consumer,0.12805
2021-01-06,Energy,-0.019253333333333334
2021-01-06,Financials,0.27716916666666663
2021-01-06,Healthcare,0.04191
2021-01-06,Industrials,0.07606466666666667
2021-01-06,Materials,0.20693999999999999
2021-01-06,RealEstate,0.029599999999999998
2021-01-06,Tech,0.11454566666666666
2021-01-06,Utilities,0.12738
2021-01-07,Comm,0.16188
2021-01-07,Consumer,0.107911
2021-01-07,Energy,0.05487333333333333
2021-01-07,Financials,0.14353714285714286
2021-01-07,Healthcare,-0.047700000000000006
2021-01-07,Industrials,0.034986666666666666
2021-01-07,Materials,0.0707
2021-01-07,RealEstate,0.029599999999999998
2021-01-07,Tech,0.010460666666666663
2021-01-07,Utilities,0.05464
2021-01-08,Comm,0.06883
2021-01-08,Consumer,0.208589
2021-01-08,Energy,0.09342071428571429
2021-01-08,Financials,0.19118
2021-01-08,Healthcare,-0.012906666666666669
2021-01-08,Industrials,-0.012040000000000006
2021-01-08,Materials,0.149868
2021-01-08,RealEstate,0.08424000000000001
2021-01-08,Tech,0.03439333333333333
2021-01-08,Utilities,0.10117000000000001
2021-01-11,Comm,0.21936999999999998
2021-01-11,Consumer,0.14755666666666667
2021-01-11,Energy,0.12099
2021-01-11,Financials,0.15477594202898548
2021-01-11,Healthcare,-0.10957285714285714
2021-01-11,Industrials,0.06807250000000001
2021-01-11,Materials,0.143248
2021-01-11,RealEstate,0.17246
2021-01-11,Tech,0.05332138888888889
2021-01-11,Utilities,0.16032
2021-01-12,Comm,0.075815
2021-01-12,Consumer,0.14030083333333335
2021-01-12,Energy,0.017490666666666665
2021-01-12,Financials,0.02675283333333333
2021-01-12,Healthcare,0.09381500000000001
2021-01-12,Industrials,0.1738888888888889
2021-01-12,Materials,0.15342
2021-01-12,RealEstate,0.06051333333333333
2021-01-12,Tech,0.06903000000000001
2021-01-12,Utilities,0.38197
2021-01-13,Comm,-0.04492999999999999
2021-01-13,Consumer,0.15792666666666666
2021-01-13,Energy,0.10149666666666668
2021-01-13,Financials,0.132255
2021-01-13,Healthcare,0.159065
2021-01-13,Industrials,0.31360363636363636
2021-01-13,Materials,0.09878
2021-01-13,RealEstate,0.14032666666666666
2021-01-13,Tech,0.07591801242236025
2021-01-13,Utilities,0.1972066666666667
2021-01-14,Comm,0.032802
2021-01-14,Consumer,0.06798000000000001
2021-01-14,Energy,0.07271166666666666
2021-01-14,Financials,-0.013831428571428573
2021-01-14,Healthcare,0.1252
2021-01-14,Industrials,0.37122666666666665
2021-01-14,Materials,0.09878
2021-01-14,RealEstate,0.12059333333333333
2021-01-14,Tech,0.12327999999999999
2021-01-14,Utilities,0.04860666666666667
2021-01-15,Comm,0.03881333333333333
2021-01-15,Consumer,0.15279666666666666
2021-01-15,Energy,0.18232974358974358
2021-01-15,Financials,0.23002883116883116
2021-01-15,Healthcare,0.12534499999999998
2021-01-15,Industrials,0.08051
2021-01-15,Materials,0.09878
2021-01-15,RealEstate,0.18456999999999998
2021-01-15,Tech,0.072098
2021-01-15,Utilities,0.2130466666666667
2021-01-19,Comm,0.082846
2021-01-19,Consumer,0.0890369696969697
2021-01-19,Energy,0.21166666666666667
2021-01-19,Financials,0.17653755555555556
2021-01-19,Healthcare,0.10955
2021-01-19,Industrials,0.029585882352941174
2021-01-19,Materials,-0.07134000000000003
2021-01-19,RealEstate,0.12738
2021-01-19,Tech,0.06367784615384615
2021-01-19,Utilities,0.11539999999999999
2021-01-20,Comm,-0.2
2021-01-20,Consumer,-0.070288
2021-01-20,Energy,0.16994666666666666
2021-01-20,Financials,0.10022005602240898
2021-01-20,Healthcare,0.366
2021-01-20,Industrials,0.105522
2021-01-20,Materials,0.040459999999999996
2021-01-20,RealEstate,0.12993000000000002
2021-01-20,Tech,0.10948666666666666
2021-01-20,Utilities,0.16254
2021-01-21,Comm,-0.1837146666666667
2021-01-21,Consumer,-0.050777
2021-01-21,Energy,-0.23058499999999998
2021-01-21,Financials,0.12560833333333335
2021-01-21,Healthcare,0.16784
2021-01-21,Industrials,0.092
2021-01-21,Materials,-0.017220000000000003
2021-01-21,RealEstate,0.12993000000000002
2021-01-21,Tech,0.18805833333333336
2021-01-21,Utilities,0.16254
2021-01-22,Comm,-0.06190500000000001
2021-01-22,Consumer,0.016847499999999998
2021-01-22,Energy,0.055732500000000004
2021-01-22,Financials,0.047206
2021-01-22,Healthcare,0.12738
2021-01-22,Industrials,0.15018
2021-01-22,Materials,0.05502
2021-01-22,RealEstate,0.12993000000000002
2021-01-22,Tech,0.12467533333333333
2021-01-22,Utilities,0.09966
2021-01-25,Comm,0.0754752380952381
2021-01-25,Consumer,0.08554
2021-01-25,Energy,0.14127499999999998
2021-01-25,Financials,0.18912833333333331
2021-01-25,Healthcare,0.174201
2021-01-25,Industrials,0.22293500000000002
2021-01-25,Materials,0.0679
2021-01-25,RealEstate,0.21038666666666667
2021-01-25,Tech,0.11713538461538461
2021-01-25,Utilities,0.11417000000000002
2021-01-26,Comm,0.001291428571428574
2021-01-26,Consumer,0.13311027777777779
2021-01-26,Energy,0.37005999999999994
2021-01-26,Financials,0.20941277777777775
2021-01-26,Healthcare,0.05627333333333333
2021-01-26,Industrials,0.25433468215994537
2021-01-26,Materials,-0.012873333333333325
2021-01-26,RealEstate,0.10274000000000001
2021-01-26,Tech,0.1299553333333333
2021-01-26,Utilities,0.10713750000000002
2021-01-27,Comm,0.011548
2021-01-27,Consumer,0.024555357142857143
2021-01-27,Energy,0.3212533333333333
2021-01-27,Financials,0.0007266666666666643
2021-01-27,Healthcare,0.10676571428571427
2021-01-27,Industrials,0.05550057971014492
2021-01-27,Materials,-0.022713333333333335
2021-01-27,RealEstate,0.20978000000000002
2021-01-27,Tech,0.25855100000000003
2021-01-27,Utilities,0.29238
2021-01-28,Comm,0.20334
2021-01-28,Consumer,0.1124907619047619
2021-01-28,Energy,0.17101833333333333
2021-01-28,Financials,0.08810722222222223
2021-01-28,Healthcare,0.18121199999999998
2021-01-28,Industrials,0.1171835
2021-01-28,Materials,0.12384166666666667
2021-01-28,RealEstate,0.053733333333333334
2021-01-28,Tech,-0.10645111111111112
2021-01-28,Utilities,0.27714
2021-01-29,Comm,0.058776666666666665
2021-01-29,Consumer,0.14155833333333334
2021-01-29,Energy,-0.10678166666666664
2021-01-29,Financials,0.101871
2021-01-29,Healthcare,-0.028199999999999996
2021-01-29,Industrials,0.10917833333333334
2021-01-29,Materials,0.08937166666666667
2021-01-29,RealEstate,0.014533333333333343
2021-01-29,Tech,0.105405
2021-01-29,Utilities,0.15839999999999999
2021-02-01,Comm,0.5294333333333333
2021-02-01,Consumer,0.07755583333333334
2021-02-01,Energy,0.09943151515151516
2021-02-01,Financials,0.041838999999999994
2021-02-01,Healthcare,0.23296999999999998
2021-02-01,Industrials,-0.05813142857142857
2021-02-01,Materials,0.016076
2021-02-01,RealEstate,0.14471333333333333
2021-02-01,Tech,0.2274197142857143
2021-02-01,Utilities,0.12591999999999998
2021-02-02,Comm,0.12638333333333335
2021-02-02,Consumer,0.19279333333333332
2021-02-02,Energy,0.020317719298245617
2021-02-02,Financials,0.24018333333333333
2021-02-02,Healthcare,0.21344000000000002
2021-02-02,Industrials,0.048043461538461535
2021-02-02,Materials,0.016076
2021-02-02,RealEstate,0.060193333333333335
2021-02-02,Tech,0.32508
2021-02-02,Utilities,0.18572
2021-02-03,Comm,0.13604666666666668
2021-02-03,Consumer,0.07844000000000001
2021-02-03,Energy,0.033872999999999986
2021-02-03,Financials,0.20355600000000001
2021-02-03,Healthcare,0.13243566666666667
2021-02-03,Industrials,0.09140846153846152
2021-02-03,Materials,0.02064
2021-02-03,RealEstate,0.15488
2021-02-03,Tech,0.19202750000000002
2021-02-03,Utilities,0.11614333333333333
2021-02-04,Comm,-0.00992333333333334
2021-02-04,Consumer,0.2259453333333333
2021-02-04,Energy,0.12944
2021-02-04,Financials,-0.033207999999999994
2021-02-04,Healthcare,0.10124318181818182
2021-02-04,Industrials,0.10418846153846154
2021-02-04,Materials,0.02064
2021-02-04,RealEstate,0.12084000000000002
2021-02-04,Tech,0.12600891774891776
2021-02-04,Utilities,0.21251333333333333
2021-02-05,Comm,0.068705
2021-02-05,Consumer,-0.21217833333333336
2021-02-05,Energy,0.03696133333333333
2021-02-05,Financials,0.08035666666666666
2021-02-05,Healthcare,0.3976346666666667
2021-02-05,Industrials,-0.024900000000000005
2021-02-05,Materials,0.01032
2021-02-05,RealEstate,0.13757
2021-02-05,Tech,0.17195333333333335
2021-02-05,Utilities,0.23529999999999998
2021-02-08,Comm,-0.007988333333333333
2021-02-08,Consumer,0.09790980952380952
2021-02-08,Energy,0.11955750000000001
2021-02-08,Financials,-0.007614095238095234
2021-02-08,Healthcare,-0.027191999999999994
2021-02-08,Industrials,0.20295904761904762
2021-02-08,Materials,0.08928
2021-02-08,RealEstate,0.2386
2021-02-08,Tech,0.11529
2021-02-08,Utilities,0.26638
2021-02-09,Comm,0.03059095238095238
2021-02-09,Consumer,0.05041428571428571
2021-02-09,Energy,0.14195
2021-02-09,Financials,0.010079999999999995
2021-02-09,Healthcare,0.22651
2021-02-09,Industrials,0.08408666666666667
2021-02-09,Materials,0.12024666666666665
2021-02-09,RealEstate,0.22214
2021-02-09,Tech,0.11127000000000001
2021-02-09,Utilities,0.32101999999999997
2021-02-10,Comm,-0.002589047619047608
2021-02-10,Consumer,0.1972404761904762
2021-02-10,Energy,-0.018936666666666668
2021-02-10,Financials,-0.017513333333333332
2021-02-10,Healthcare,0.19983599999999999
2021-02-10,Industrials,0.11515142857142857
2021-02-10,Materials,0.16612666666666667
2021-02-10,RealEstate,0.22214
2021-02-10,Tech,0.06581999999999999
2021-02-10,Utilities,0.26375000000000004
2021-02-11,Comm,0.120215
2021-02-11,Consumer,0.10096666666666669
2021-02-11,Energy,0.043355000000000005
2021-02-11,Financials,0.14275833333333332
2021-02-11,Healthcare,0.11471
2021-02-11,Industrials,-0.027669999999999993
2021-02-11,Materials,0.16612666666666667
2021-02-11,RealEstate,0.08808
2021-02-11,Tech,0.08913599999999999
2021-02-11,Utilities,-0.009659999999999998
2021-02-12,Comm,0.19704000000000002
2021-02-12,Consumer,0.043276999999999996
2021-02-12,Energy,0.026828000000000008
2021-02-12,Financials,0.053059999999999996
2021-02-12,Healthcare,0.07707000000000001
2021-02-12,Industrials,0.22464666666666666
2021-02-12,Materials,0.16612666666666667
2021-02-12,RealEstate,0.5176999999999999
2021-02-12,Tech,0.09473333333333335
2021-02-12,Utilities,0.13408
2021-02-16,Comm,0.10841757575757578
2021-02-16,Consumer,0.06202557142857144
2021-02-16,Energy,0.09949250000000001
2021-02-16,Financials,0.1003685
2021-02-16,Healthcare,0.0019100000000000117
2021-02-16,Industrials,-0.18483285714285713
2021-02-16,Materials,0.13835000000000003
2021-02-16,RealEstate,0.50265
2021-02-16,Tech,0.03869
2021-02-16,Utilities,0.33837
2021-02-17,Comm,0.07452666666666667
2021-02-17,Consumer,0.10958166666666666
2021-02-17,Energy,0.01710481818181818
2021-02-17,Financials,0.265158
2021-02-17,Healthcare,0.03251333333333334
2021-02-17,Industrials,-0.06665285714285714
2021-02-17,Materials,0.11623999999999998
2021-02-17,RealEstate,0.28719
2021-02-17,Tech,0.1284013333333333
2021-02-17,Utilities,0.2889
2021-02-18,Comm,0.1707
2021-02-18,Consumer,0.23381980952380949
2021-02-18,Energy,0.15594166666666667
2021-02-18,Financials,0.12531
2021-02-18,Healthcare,0.11442000000000001
2021-02-18,Industrials,0.08548428571428571
2021-02-18,Materials,0.10447666666666666
2021-02-18,RealEstate,0.28719
2021-02-18,Tech,0.07062
2021-02-18,Utilities,0.32077666666666665
2021-02-19,Comm,0.18639999999999998
2021-02-19,Consumer,0.15069380952380954
2021-02-19,Energy,0.30261499999999997
2021-02-19,Financials,0.16882000000000003
2021-02-19,Healthcare,0.13655333333333336
2021-02-19,Industrials,0.16968133333333335
2021-02-19,Materials,0.11130999999999999
2021-02-19,RealEstate,0.034
2021-02-19,Tech,0.15548
2021-02-19,Utilities,0.42367
2021-02-22,Comm,0.147552
2021-02-22,Consumer,0.07563647619047618
2021-02-22,Energy,0.1703438888888889
2021-02-22,Financials,0.035070000000000004
2021-02-22,Healthcare,0.191966
2021-02-22,Industrials,0.10063333333333332
2021-02-22,Materials,0.09136666666666667
2021-02-22,RealEstate,0.1262
2021-02-22,Tech,0.18841999999999998
2021-02-22,Utilities,0.40422
2021-02-23,Comm,0.26206666666666667
2021-02-23,Consumer,0.10680333333333333
2021-02-23,Energy,0.2876333333333333
2021-02-23,Financials,0.009557777777777776
2021-02-23,Healthcare,-0.010640000000000005
2021-02-23,Industrials,0.09949333333333334
2021-02-23,Materials,0.0638
2021-02-23,RealEstate,0.16666
2021-02-23,Tech,0.17875833333333332
2021-02-23,Utilities,0.35266000000000003
2021-02-24,Comm,-0.019178571428571423
2021-02-24,Consumer,0.05384797619047619
2021-02-24,Energy,-0.025846333333333325
2021-02-24,Financials,0.101365
2021-02-24,Healthcare,0.11243
2021-02-24,Industrials,-0.08522166666666668
2021-02-24,Materials,-0.03062
2021-02-24,RealEstate,0.14886666666666665
2021-02-24,Tech,0.12608666666666668
2021-02-24,Utilities,0.13122
2021-02-25,Comm,0.0044977777777777785
2021-02-25,Consumer,0.13842916666666666
2021-02-25,Energy,0.10586999999999999
2021-02-25,Financials,0.20924133333333333
2021-02-25,Healthcare,0.2481325
2021-02-25,Industrials,0.11347888888888888
2021-02-25,Materials,0.0
2021-02-25,RealEstate,0.031408000000000005
2021-02-25,Tech,-0.006279999999999999
2021-02-25,Utilities,0.1631
2021-02-26,Comm,0.028349999999999997
2021-02-26,Consumer,0.1821105
2021-02-26,Energy,0.10174000000000001
2021-02-26,Financials,0.11745333333333334
2021-02-26,Healthcare,0.016120000000000002
2021-02-26,Industrials,0.09814166666666667
2021-02-26,Materials,0.029599999999999998
2021-02-26,RealEstate,0.07034
2021-02-26,Tech,0.08162166666666668
2021-02-26,Utilities,0.049260000000000005
2021-03-01,Comm,0.016930000000000004
2021-03-01,Consumer,0.20921833333333334
2021-03-01,Energy,0.2517376666666667
2021-03-01,Financials,0.001716000000000001
2021-03-01,Healthcare,0.25453000000000003
2021-03-01,Industrials,-0.04041875
2021-03-01,Materials,0.0026699999999999944
2021-03-01,RealEstate,0.4231
2021-03-01,Tech,0.056983333333333344
2021-03-01,Utilities,0.14584000000000003
2021-03-02,Comm,0.16122
2021-03-02,Consumer,0.06511
2021-03-02,Energy,0.08687933333333334
2021-03-02,Financials,0.2848293333333333
2021-03-02,Healthcare,0.28883000000000003
2021-03-02,Industrials,-0.09616
2021-03-02,Materials,0.11112999999999999
2021-03-02,RealEstate,0.29572000000000004
2021-03-02,Tech,-0.04197333333333332
2021-03-02,Utilities,-0.05671999999999999
2021-03-03,Comm,0.056625999999999996
2021-03-03,Consumer,0.04031428571428571
2021-03-03,Energy,0.15134454545454545
2021-03-03,Financials,0.011080476190476191
2021-03-03,Healthcare,0.32574000000000003
2021-03-03,Industrials,0.03332714285714286
2021-03-03,Materials,0.11112999999999999
2021-03-03,RealEstate,0.00172
2021-03-03,Tech,0.13616
2021-03-03,Utilities,0.00939000000000001
2021-03-04,Comm,0.154
2021-03-04,Consumer,-0.08179681818181818
2021-03-04,Energy,0.10244500000000001
2021-03-04,Financials,0.13841199999999998
2021-03-04,Healthcare,0.031912499999999996
2021-03-04,Industrials,0.055515
2021-03-04,Materials,0.22033
2021-03-04,RealEstate,0.11148
2021-03-04,Tech,0.05234
2021-03-04,Utilities,0.21241
2021-03-05,Comm,0.10985733333333333
2021-03-05,Consumer,0.1252625
2021-03-05,Energy,0.24810833333333332
2021-03-05,Financials,0.128544
2021-03-05,Healthcare,-0.01999
2021-03-05,Industrials,0.03994285714285715
2021-03-05,Materials,0.17646
2021-03-05,RealEstate,0.0
2021-03-05,Tech,0.01319333333333333
2021-03-05,Utilities,0.14009
2021-03-08,Comm,-0.068966
2021-03-08,Consumer,0.10533833333333334
2021-03-08,Energy,0.10406866666666667
2021-03-08,Financials,0.125455
2021-03-08,Healthcare,0.09863999999999999
2021-03-08,Industrials,0.141075
2021-03-08,Materials,0.18049333333333334
2021-03-08,RealEstate,0.22386
2021-03-08,Tech,0.19778199999999999
2021-03-08,Utilities,0.05944000000000001
2021-03-09,Comm,0.195184
2021-03-09,Consumer,0.09810533333333335
2021-03-09,Energy,-0.04901238095238096
2021-03-09,Financials,-0.013512000000000001
2021-03-09,Healthcare,0.059199999999999996
2021-03-09,Industrials,0.16402333333333333
2021-03-09,Materials,0.16076000000000001
2021-03-09,RealEstate,0.22386
2021-03-09,Tech,-0.010104999999999998
2021-03-09,Utilities,0.026570000000000003
2021-03-10,Comm,0.1099375
2021-03-10,Consumer,0.15128748051948052
2021-03-10,Energy,0.12839499999999998
2021-03-10,Financials,0.23363
2021-03-10,Healthcare,0.14432
2021-03-10,Industrials,0.06894615384615385
2021-03-10,Materials,0.09508000000000001
2021-03-10,RealEstate,0.25944
2021-03-10,Tech,0.12498000000000001
2021-03-10,Utilities,0.15676
2021-03-11,Comm,0.13156600000000002
2021-03-11,Consumer,0.08439571428571428
2021-03-11,Energy,0.2688483333333333
2021-03-11,Financials,0.20915333333333336
2021-03-11,Healthcare,0.028587999999999995
2021-03-11,Industrials,0.24921733333333335
2021-03-11,Materials,0.17105
2021-03-11,RealEstate,0.32308
2021-03-11,Tech,0.054968571428571436
2021-03-11,Utilities,0.15676
2021-03-12,Comm,0.15660857142857143
2021-03-12,Consumer,0.14918285714285714
2021-03-12,Energy,0.31001500000000004
2021-03-12,Financials,0.07102333333333335
2021-03-12,Healthcare,0.007826666666666666
2021-03-12,Industrials,0.31282333333333334
2021-03-12,Materials,0.14217
2021-03-12,RealEstate,0.08768000000000001
2021-03-12,Tech,0.19107000000000002
2021-03-12,Utilities,0.26946000000000003
2021-03-15,Comm,0.08673833333333333
2021-03-15,Consumer,0.2340242857142857
2021-03-15,Energy,0.16270833333333332
2021-03-15,Financials,0.17318499999999998
2021-03-15,Healthcare,0.20649314285714288
2021-03-15,Industrials,0.24321333333333334
2021-03-15,Materials,0.08297
2021-03-15,RealEstate,0.28554666666666667
2021-03-15,Tech,0.06636800000000001
2021-03-15,Utilities,0.3238
2021-03-16,Comm,0.10238133333333335
2021-03-16,Consumer,0.1937245
2021-03-16,Energy,0.032255000000000006
2021-03-16,Financials,0.07153499999999999
2021-03-16,Healthcare,0.19187714285714286
2021-03-16,Industrials,0.14379
2021-03-16,Materials,0.04278
2021-03-16,RealEstate,0.02163333333333333
2021-03-16,Tech,-0.013428
2021-03-16,Utilities,0.18091333333333334
2021-03-17,Comm,0.1295
2021-03-17,Consumer,0.09070249999999999
2021-03-17,Energy,0.099025
2021-03-17,Financials,0.15256999999999998
2021-03-17,Healthcare,0.15264714285714284
2021-03-17,Industrials,0.046985
2021-03-17,Materials,0.07010000000000001
2021-03-17,RealEstate,-0.02571
2021-03-17,Tech,0.1967
2021-03-17,Utilities,0.18091333333333334
2021-03-18,Comm,-0.007813333333333328
2021-03-18,Consumer,0.16189933333333334
2021-03-18,Energy,-0.03853333333333335
2021-03-18,Financials,0.1635325
2021-03-18,Healthcare,0.11881333333333333
2021-03-18,Industrials,-0.09712999999999998
2021-03-18,Materials,0.02732
2021-03-18,RealEstate,0.17936000000000002
2021-03-18,Tech,0.17273333333333335
2021-03-18,Utilities,0.10633333333333335
2021-03-19,Comm,0.11760666666666668
2021-03-19,Consumer,0.05442238095238096
2021-03-19,Energy,0.20394666666666666
2021-03-19,Financials,0.014035999999999993
2021-03-19,Healthcare,0.20043333333333332
2021-03-19,Industrials,-0.11494999999999997
2021-03-19,Materials,0.09532
2021-03-19,RealEstate,0.17936000000000002
2021-03-19,Tech,0.14728
2021-03-19,Utilities,0.10633333333333335
2021-03-22,Comm,0.056714999999999995
2021-03-22,Consumer,0.087212
2021-03-22,Energy,0.021706666666666673
2021-03-22,Financials,0.262805
2021-03-22,Healthcare,0.11120400000000004
2021-03-22,Industrials,0.07047
2021-03-22,Materials,0.06777999999999999
2021-03-22,RealEstate,0.17936000000000002
2021-03-22,Tech,0.07941099999999998
2021-03-22,Utilities,0.10633333333333335
2021-03-23,Comm,0.08136399999999999
2021-03-23,Consumer,0.164563
2021-03-23,Energy,-0.12369277777777779
2021-03-23,Financials,0.279235
2021-03-23,Healthcare,0.08232999999999999
2021-03-23,Industrials,0.11825000000000001
2021-03-23,Materials,-0.05
2021-03-23,RealEstate,0.025019999999999997
2021-03-23,Tech,0.23546666666666666
2021-03-23,Utilities,0.07988
2021-03-24,Comm,0.18495
2021-03-24,Consumer,0.2874051515151515
2021-03-24,Energy,-0.04711066666666667
2021-03-24,Financials,0.18848
2021-03-24,Healthcare,0.17994000000000002
2021-03-24,Industrials,0.10061333333333333
2021-03-24,Materials,0.05464
2021-03-24,RealEstate,0.04046
2021-03-24,Tech,-0.025705000000000006
2021-03-24,Utilities,0.09532
2021-03-25,Comm,-0.002475999999999998
2021-03-25,Consumer,0.12782685714285716
2021-03-25,Energy,0.16826833333333333
2021-03-25,Financials,0.074788
2021-03-25,Healthcare,0.14908000000000002
2021-03-25,Industrials,0.055279999999999996
2021-03-25,Materials,0.10568999999999999
2021-03-25,RealEstate,0.11968000000000001
2021-03-25,Tech,0.03176666666666668
2021-03-25,Utilities,0.17795999999999998
2021-03-26,Comm,0.034595
2021-03-26,Consumer,0.015152619047619048
2021-03-26,Energy,0.2526423333333333
2021-03-26,Financials,0.210324
2021-03-26,Healthcare,0.03299833333333333
2021-03-26,Industrials,-0.018038571428571442
2021-03-26,Materials,-0.040029999999999996
2021-03-26,RealEstate,0.11968000000000001
2021-03-26,Tech,0.020125000000000007
2021-03-26,Utilities,0.23715999999999998
2021-03-29,Comm,0.11353444444444442
2021-03-29,Consumer,0.2614518831168831
2021-03-29,Energy,0.1914
2021-03-29,Financials,0.018072444444444443
2021-03-29,Healthcare,0.28385666666666665
2021-03-29,Industrials,0.2786803333333333
2021-03-29,Materials,-0.040029999999999996
2021-03-29,RealEstate,0.06455
2021-03-29,Tech,0.21088
2021-03-29,Utilities,0.248635
2021-03-30,Comm,0.12869000000000003
2021-03-30,Consumer,0.105048
2021-03-30,Energy,0.2677733333333333
2021-03-30,Financials,0.02265807692307693
2021-03-30,Healthcare,0.05071000000000001
2021-03-30,Industrials,0.26120666666666664
2021-03-30,Materials,-0.040029999999999996
2021-03-30,RealEstate,0.08668
2021-03-30,Tech,0.22842333333333334
2021-03-30,Utilities,0.248635
2021-03-31,Comm,0.02023
2021-03-31,Consumer,0.125685
2021-03-31,Energy,0.15067333333333335
2021-03-31,Financials,0.14960500000000002
2021-03-31,Healthcare,0.050409999999999996
2021-03-31,Industrials,0.2589133333333334
2021-03-31,Materials,0.07837
2021-03-31,RealEstate,0.08668
2021-03-31,Tech,0.10668666666666667
2021-03-31,Utilities,0.13502
2021-04-01,Comm,0.06819
2021-04-01,Consumer,0.023636666666666667
2021-04-01,Energy,-0.2929
2021-04-01,Financials,0.162252
2021-04-01,Healthcare,0.02037000000000001
2021-04-01,Industrials,0.23219333333333333
2021-04-01,Materials,0.0
2021-04-01,RealEstate,0.027839999999999993
2021-04-01,Tech,0.002878000000000014
2021-04-01,Utilities,0.17731333333333335
2021-04-05,Comm,0.344484
2021-04-05,Consumer,0.2092433333333333
2021-04-05,Energy,-0.0076959999999999945
2021-04-05,Financials,0.22790264069264068
2021-04-05,Healthcare,0.16691533333333336
2021-04-05,Industrials,0.261592
2021-04-05,Materials,0.061890000000000014
2021-04-05,RealEstate,-0.015433333333333344
2021-04-05,Tech,0.09194307692307693
2021-04-05,Utilities,0.10788
2021-04-06,Comm,0.2324809523809524
2021-04-06,Consumer,0.23800933333333335
2021-04-06,Energy,0.088964
2021-04-06,Financials,-0.02278800000000001
2021-04-06,Healthcare,0.15532200000000002
2021-04-06,Industrials,-0.007865
2021-04-06,Materials,0.15667
2021-04-06,RealEstate,0.13874666666666666
2021-04-06,Tech,-0.00928066666666667
2021-04-06,Utilities,0.08196
2021-04-07,Comm,0.15944000000000003
2021-04-07,Consumer,-0.07609066666666667
2021-04-07,Energy,-0.05763
2021-04-07,Financials,0.118085
2021-04-07,Healthcare,0.24366000000000004
2021-04-07,Industrials,0.06357333333333333
2021-04-07,Materials,-0.028059999999999995
2021-04-07,RealEstate,0.25207999999999997
2021-04-07,Tech,0.11566000000000001
2021-04-07,Utilities,0.08196
2021-04-08,Comm,0.2307666666666667
2021-04-08,Consumer,0.29276928571428573
2021-04-08,Energy,0.07392
2021-04-08,Financials,0.013633333333333334
2021-04-08,Healthcare,0.18567799999999998
2021-04-08,Industrials,0.08981333333333333
2021-04-08,Materials,0.16572
2021-04-08,RealEstate,0.08038
2021-04-08,Tech,0.0522
2021-04-08,Utilities,0.26708000000000004
2021-04-09,Comm,0.14468199999999998
2021-04-09,Consumer,0.19055714285714284
2021-04-09,Energy,-0.15111
2021-04-09,Financials,0.02396190476190476
2021-04-09,Healthcare,0.16857
2021-04-09,Industrials,0.18125761904761906
2021-04-09,Materials,0.16572
2021-04-09,RealEstate,0.08038
2021-04-09,Tech,0.12228166666666666
2021-04-09,Utilities,0.2944
2021-04-12,Comm,-0.02026000000000001
2021-04-12,Consumer,0.17996428571428572
2021-04-12,Energy,0.01261000000000001
2021-04-12,Financials,0.19945612698412699
2021-04-12,Healthcare,0.11801500000000001
2021-04-12,Industrials,0.16821999999999998
2021-04-12,Materials,0.15642
2021-04-12,RealEstate,0.19771999999999998
2021-04-12,Tech,0.07679499999999999
2021-04-12,Utilities,0.32344
2021-04-13,Comm,0.277324
2021-04-13,Consumer,0.14032833333333333
2021-04-13,Energy,0.24666666666666667
2021-04-13,Financials,0.24116333333333334
2021-04-13,Healthcare,-0.02839666666666667
2021-04-13,Industrials,0.29537500000000005
2021-04-13,Materials,0.15642
2021-04-13,RealEstate,0.19771999999999998
2021-04-13,Tech,0.08186333333333333
2021-04-13,Utilities,0.10017333333333334
2021-04-14,Comm,0.16172
2021-04-14,Consumer,-0.004880833333333329
2021-04-14,Energy,0.11983333333333332
2021-04-14,Financials,0.12247200586510262
2021-04-14,Healthcare,-0.01144666666666666
2021-04-14,Industrials,0.17314166666666667
2021-04-14,Materials,0.14701999999999998
2021-04-14,RealEstate,0.12972
2021-04-14,Tech,0.07398666666666667
2021-04-14,Utilities,0.34237
2021-04-15,Comm,0.17407999999999998
2021-04-15,Consumer,-0.011556571428571432
2021-04-15,Energy,0.0017400000000000083
2021-04-15,Financials,0.11613422222222222
2021-04-15,Healthcare,0.10661000000000001
2021-04-15,Industrials,0.340515
2021-04-15,Materials,0.14701999999999998
2021-04-15,RealEstate,0.09176
2021-04-15,Tech,0.14659
2021-04-15,Utilities,0.30904
2021-04-16,Comm,0.17172
2021-04-16,Consumer,0.1554375
2021-04-16,Energy,0.08471333333333333
2021-04-16,Financials,0.2467104761904762
2021-04-16,Healthcare,-0.007079999999999999
2021-04-16,Industrials,0.09418666666666667
2021-04-16,Materials,0.10655999999999999
2021-04-16,RealEstate,0.09176
2021-04-16,Tech,0.012846000000000002
2021-04-16,Utilities,0.30904
2021-04-19,Comm,0.0013050000000000006
2021-04-19,Consumer,0.06775395424836601
2021-04-19,Energy,0.0023583333333333347
2021-04-19,Financials,0.18921535714285714
2021-04-19,Healthcare,0.044012857142857145
2021-04-19,Industrials,0.20363100000000003
2021-04-19,Materials,0.3538
2021-04-19,RealEstate,0.13921999999999998
2021-04-19,Tech,0.04011695238095238
2021-04-19,Utilities,0.19418
2021-04-20,Comm,-0.007145714285714288
2021-04-20,Consumer,0.010285952380952387
2021-04-20,Energy,0.12890000000000001
2021-04-20,Financials,0.26226
2021-04-20,Healthcare,0.08759333333333333
2021-04-20,Industrials,0.007821818181818197
2021-04-20,Materials,0.34863999999999995
2021-04-20,RealEstate,0.13921999999999998
2021-04-20,Tech,0.0656235
2021-04-20,Utilities,0.23341000000000003
2021-04-21,Comm,0.0497688888888889
2021-04-21,Consumer,0.08473666666666667
2021-04-21,Energy,0.028654999999999996
2021-04-21,Financials,0.19099333333333335
2021-04-21,Healthcare,0.3535233333333333
2021-04-21,Industrials,0.03623666666666666
2021-04-21,Materials,0.27968000000000004
2021-04-21,RealEstate,0.20232
2021-04-21,Tech,0.04796000000000001
2021-04-21,Utilities,0.1774157142857143
2021-04-22,Comm,0.09440848484848484
2021-04-22,Consumer,0.22545833333333337
2021-04-22,Energy,0.011080000000000001
2021-04-22,Financials,0.17380333333333337
2021-04-22,Healthcare,0.048555
2021-04-22,Industrials,0.09017
2021-04-22,Materials,0.1684557142857143
2021-04-22,RealEstate,0.12784
2021-04-22,Tech,0.13453299999999999
2021-04-22,Utilities,0.093495
2021-04-23,Comm,0.20769433333333334
2021-04-23,Consumer,0.11434333333333332
2021-04-23,Energy,-0.031525
2021-04-23,Financials,0.23498333333333338
2021-04-23,Healthcare,0.04348
2021-04-23,Industrials,0.08455
2021-04-23,Materials,0.19658571428571428
2021-04-23,RealEstate,0.2835
2021-04-23,Tech,0.0910428205128205
2021-04-23,Utilities,0.016309999999999998
2021-04-26,Comm,0.04635666666666668
2021-04-26,Consumer,0.15865480392156864
2021-04-26,Energy,-0.015539999999999993
2021-04-26,Financials,0.22928833333333337
2021-04-26,Healthcare,0.242455
2021-04-26,Industrials,0.008293333333333323
2021-04-26,Materials,0.19658571428571428
2021-04-26,RealEstate,0.0636
2021-04-26,Tech,0.08852666666666667
2021-04-26,Utilities,0.0655
2021-04-27,Comm,0.031104444444444445
2021-04-27,Consumer,0.09312128571428571
2021-04-27,Energy,0.03794666666666666
2021-04-27,Financials,0.23048085714285715
2021-04-27,Healthcare,0.22128166666666668
2021-04-27,Industrials,0.11038704365079366
2021-04-27,Materials,0.26498571428571427
2021-04-27,RealEstate,0.0636
2021-04-27,Tech,0.147788
2021-04-27,Utilities,0.04525
2021-04-28,Comm,0.21570666666666666
2021-04-28,Consumer,0.15206150000000002
2021-04-28,Energy,0.247226
2021-04-28,Financials,0.08387999999999998
2021-04-28,Healthcare,0.1388272380952381
2021-04-28,Industrials,-0.015243368421052627
2021-04-28,Materials,0.33242571428571427
2021-04-28,RealEstate,0.21775333333333333
2021-04-28,Tech,0.0656496103896104
2021-04-28,Utilities,0.10695999999999999
2021-04-29,Comm,0.24272100000000002
2021-04-29,Consumer,0.11794466666666667
2021-04-29,Energy,0.27493333333333336
2021-04-29,Financials,0.1488
2021-04-29,Healthcare,0.19730885714285712
2021-04-29,Industrials,0.005193461538461541
2021-04-29,Materials,0.19961333333333334
2021-04-29,RealEstate,0.188106
2021-04-29,Tech,0.12592571428571428
2021-04-29,Utilities,0.17006000000000002
2021-04-30,Comm,0.2264266666666667
2021-04-30,Consumer,0.20978666666666665
2021-04-30,Energy,0.21298928571428571
2021-04-30,Financials,0.150719
2021-04-30,Healthcare,0.16269753846153848
2021-04-30,Industrials,0.04303600000000001
2021-04-30,Materials,0.13462000000000002
2021-04-30,RealEstate,0.25803000000000004
2021-04-30,Tech,0.12110238095238095
2021-04-30,Utilities,0.197405
2021-05-03,Comm,0.15644666666666668
2021-05-03,Consumer,0.07941866666666667
2021-05-03,Energy,0.09553500000000001
2021-05-03,Financials,0.22597499999999998
2021-05-03,Healthcare,0.20693433333333333
2021-05-03,Industrials,0.029850476190476188
2021-05-03,Materials,0.023880000000000002
2021-05-03,RealEstate,0.44266000000000005
2021-05-03,Tech,0.11773416666666667
2021-05-03,Utilities,0.40988500000000005
2021-05-04,Comm,0.319456
2021-05-04,Consumer,0.07958849999999999
2021-05-04,Energy,0.05966328571428571
2021-05-04,Financials,0.15434142857142857
2021-05-04,Healthcare,0.23051
2021-05-04,Industrials,0.104168
2021-05-04,Materials,-0.012937500000000001
2021-05-04,RealEstate,0.44266000000000005
2021-05-04,Tech,-0.021805
2021-05-04,Utilities,0.33708499999999997
2021-05-05,Comm,0.232668
2021-05-05,Consumer,0.06440083333333332
2021-05-05,Energy,0.10358333333333332
2021-05-05,Financials,0.05547799999999999
2021-05-05,Healthcare,0.22193000000000002
2021-05-05,Industrials,0.19239699999999998
2021-05-05,Materials,0.15888249999999998
2021-05-05,RealEstate,0.07194
2021-05-05,Tech,0.12877666666666668
2021-05-05,Utilities,0.090295
2021-05-06,Comm,0.22630133333333333
2021-05-06,Consumer,0.13727833333333334
2021-05-06,Energy,0.25497000000000003
2021-05-06,Financials,0.083508
2021-05-06,Healthcare,0.03660999999999999
2021-05-06,Industrials,0.25837
2021-05-06,Materials,0.21586
2021-05-06,RealEstate,0.059840000000000004
2021-05-06,Tech,0.22243
2021-05-06,Utilities,0.090295
2021-05-07,Comm,0.25273333333333337
2021-05-07,Consumer,0.007150000000000001
2021-05-07,Energy,0.09751499999999999
2021-05-07,Financials,0.03286333333333333
2021-05-07,Healthcare,0.03864
2021-05-07,Industrials,0.09914857142857143
2021-05-07,Materials,0.21586
2021-05-07,RealEstate,0.059840000000000004
2021-05-07,Tech,0.15118666666666666
2021-05-07,Utilities,0.16848000000000002
2021-05-10,Comm,-0.11144033333333334
2021-05-10,Consumer,0.15019666666666667
2021-05-10,Energy,0.11302133333333333
2021-05-10,Financials,0.043842000000000006
2021-05-10,Healthcare,0.08046266666666667
2021-05-10,Industrials,0.23698999999999998
2021-05-10,Materials,0.15298
2021-05-10,RealEstate,0.059840000000000004
2021-05-10,Tech,0.17268
2021-05-10,Utilities,0.3546714285714286
2021-05-11,Comm,0.21622666666666665
2021-05-11,Consumer,0.03266299999999999
2021-05-11,Energy,-0.015452000000000004
2021-05-11,Financials,0.04690999999999999
2021-05-11,Healthcare,0.11195333333333332
2021-05-11,Industrials,0.14259750000000002
2021-05-11,Materials,0.22105999999999998
2021-05-11,RealEstate,0.047099999999999996
2021-05-11,Tech,0.03799333333333333
2021-05-11,Utilities,0.3546714285714286
2021-05-12,Comm,0.08715
2021-05-12,Consumer,-0.004383333333333331
2021-05-12,Energy,0.11560666666666668
2021-05-12,Financials,0.12284333333333333
2021-05-12,Healthcare,0.4131600000000001
2021-05-12,Industrials,0.08220857142857144
2021-05-12,Materials,0.25176
2021-05-12,RealEstate,0.12747999999999998
2021-05-12,Tech,0.16827333333333333
2021-05-12,Utilities,0.48084000000000005
2021-05-13,Comm,0.08715
2021-05-13,Consumer,0.276874
2021-05-13,Energy,0.08052000000000001
2021-05-13,Financials,0.12655333333333332
2021-05-13,Healthcare,0.26453333333333334
2021-05-13,Industrials,0.03765
2021-05-13,Materials,0.15298
2021-05-13,RealEstate,0.059199999999999996
2021-05-13,Tech,-0.02023
2021-05-13,Utilities,0.34944000000000003
2021-05-14,Comm,0.025
2021-05-14,Consumer,0.11845789855072467
2021-05-14,Energy,0.010286666666666666
2021-05-14,Financials,0.15668833333333335
2021-05-14,Healthcare,0.13678
2021-05-14,Industrials,0.05924999999999999
2021-05-14,Materials,0.21217999999999998
2021-05-14,RealEstate,0.059199999999999996
2021-05-14,Tech,0.097
2021-05-14,Utilities,0.34158
2021-05-17,Comm,0.00817589743589744
2021-05-17,Consumer,0.06819395252837979
2021-05-17,Energy,0.21077533333333331
2021-05-17,Financials,0.3186757142857143
2021-05-17,Healthcare,0.123194
2021-05-17,Industrials,0.15174142857142858
2021-05-17,Materials,0.20003600000000002
2021-05-17,RealEstate,0.059199999999999996
2021-05-17,Tech,0.10749666666666666
2021-05-17,Utilities,0.26522
2021-05-18,Comm,0.0013776666666666631
2021-05-18,Consumer,0.1112917857142857
2021-05-18,Energy,0.070185
2021-05-18,Financials,0.3380666666666666
2021-05-18,Healthcare,0.17913
2021-05-18,Industrials,0.007116
2021-05-18,Materials,0.15309999999999999
2021-05-18,RealEstate,0.0
2021-05-18,Tech,0.16133
2021-05-18,Utilities,0.1807
2021-05-19,Comm,0.11404
2021-05-19,Consumer,0.088979
2021-05-19,Energy,0.034275
2021-05-19,Financials,0.37431000000000003
2021-05-19,Healthcare,0.09308
2021-05-19,Industrials,0.029969999999999997
2021-05-19,Materials,-0.00766
2021-05-19,RealEstate,0.0
2021-05-19,Tech,-0.11640857142857144
2021-05-19,Utilities,0.31886000000000003
2021-05-20,Comm,0.131433
2021-05-20,Consumer,0.21421916666666668
2021-05-20,Energy,0.0951
2021-05-20,Financials,0.26456666666666667
2021-05-20,Healthcare,0.15234666666666669
2021-05-20,Industrials,0.13894
2021-05-20,Materials,0.07271999999999999
2021-05-20,RealEstate,0.0
2021-05-20,Tech,0.13196466666666667
2021-05-20,Utilities,0.19334999999999997
2021-05-21,Comm,0.21222285714285713
2021-05-21,Consumer,0.03559619047619048
2021-05-21,Energy,0.02989
2021-05-21,Financials,0.01351
2021-05-21,Healthcare,0.24296
2021-05-21,Industrials,0.24493
2021-05-21,Materials,0.10454
2021-05-21,RealEstate,0.0
2021-05-21,Tech,0.22671999999999998
2021-05-21,Utilities,0.18456999999999998
2021-05-24,Comm,-0.015649999999999997
2021-05-24,Consumer,0.1941418888888889
2021-05-24,Energy,0.11589333333333333
2021-05-24,Financials,0.031190000000000002
2021-05-24,Healthcare,0.3450126666666667
2021-05-24,Industrials,0.261665
2021-05-24,Materials,0.08449999999999999
2021-05-24,RealEstate,0.04632
2021-05-24,Tech,0.29067
2021-05-24,Utilities,0.22541000000000003
2021-05-25,Comm,0.30673
2021-05-25,Consumer,0.1954438888888889
2021-05-25,Energy,0.22863277777777777
2021-05-25,Financials,0.12618666666666667
2021-05-25,Healthcare,0.2245066666666667
2021-05-25,Industrials,0.22432
2021-05-25,Materials,0.12083999999999999
2021-05-25,RealEstate,0.23349000000000003
2021-05-25,Tech,0.036546
2021-05-25,Utilities,0.22286
2021-05-26,Comm,0.23640857142857144
2021-05-26,Consumer,0.07970515151515152
2021-05-26,Energy,0.309022
2021-05-26,Financials,-0.047455000000000025
2021-05-26,Healthcare,0.12940666666666667
2021-05-26,Industrials,0.047703333333333334
2021-05-26,Materials,0.12083999999999999
2021-05-26,RealEstate,0.0
2021-05-26,Tech,0.26042
2021-05-26,Utilities,0.19694
2021-05-27,Comm,0.18540600000000002
2021-05-27,Consumer,0.22668250000000004
2021-05-27,Energy,0.24360133333333334
2021-05-27,Financials,0.009452499999999997
2021-05-27,Healthcare,0.17053666666666667
2021-05-27,Industrials,0.12862777777777779
2021-05-27,Materials,0.14282
2021-05-27,RealEstate,-0.01027
2021-05-27,Tech,0.18085199999999996
2021-05-27,Utilities,0.26802000000000004
2021-05-28,Comm,0.41096366666666667
2021-05-28,Consumer,0.34120666666666666
2021-05-28,Energy,0.028807999999999993
2021-05-28,Financials,0.20167666666666667
2021-05-28,Healthcare,0.15213333333333331
2021-05-28,Industrials,0.07224
2021-05-28,Materials,0.08954
2021-05-28,RealEstate,0.20112000000000002
2021-05-28,Tech,0.11633
2021-05-28,Utilities,0.17728000000000002
2021-06-01,Comm,0.4268226666666667
2021-06-01,Consumer,0.26591628205128204
2021-06-01,Energy,0.08505438095238095
2021-06-01,Financials,0.17109955555555553
2021-06-01,Healthcare,0.16207066666666664
2021-06-01,Industrials,0.14496000000000003
2021-06-01,Materials,0.07872
2021-06-01,RealEstate,0.13889999999999997
2021-06-01,Tech,0.095579
2021-06-01,Utilities,0.24325000000000002
2021-06-02,Comm,0.12601
2021-06-02,Consumer,0.15471809523809524
2021-06-02,Energy,0.12587900000000002
2021-06-02,Financials,0.16560400000000003
2021-06-02,Healthcare,0.15079
2021-06-02,Industrials,0.11981
2021-06-02,Materials,0.02408
2021-06-02,RealEstate,0.26037
2021-06-02,Tech,0.10558666666666668
2021-06-02,Utilities,0.26078
2021-06-03,Comm,0.03159333333333334
2021-06-03,Consumer,0.27151000000000003
2021-06-03,Energy,0.22661000000000003
2021-06-03,Financials,-0.00489
2021-06-03,Healthcare,0.17524
2021-06-03,Industrials,0.17161333333333334
2021-06-03,Materials,0.16076
2021-06-03,RealEstate,0.16021999999999997
2021-06-03,Tech,0.049510000000000005
2021-06-03,Utilities,0.0
2021-06-04,Comm,0.295435
2021-06-04,Consumer,0.11211533333333334
2021-06-04,Energy,0.06751
2021-06-04,Financials,0.27615
2021-06-04,Healthcare,0.11159333333333332
2021-06-04,Industrials,0.13876
2021-06-04,Materials,0.16076
2021-06-04,RealEstate,0.21799999999999997
2021-06-04,Tech,0.090086
2021-06-04,Utilities,0.12493000000000001
2021-06-07,Comm,0.1335111111111111
2021-06-07,Consumer,0.14110416666666667
2021-06-07,Energy,-0.2183933333333333
2021-06-07,Financials,0.21601809523809523
2021-06-07,Healthcare,0.08859999999999998
2021-06-07,Industrials,0.23135500000000003
2021-06-07,Materials,0.088285
2021-06-07,RealEstate,0.21261000000000002
2021-06-07,Tech,0.1879285
2021-06-07,Utilities,0.12493000000000001
2021-06-08,Comm,0.36702666666666667
2021-06-08,Consumer,0.11811866666666666
2021-06-08,Energy,0.08360999999999999
2021-06-08,Financials,0.23598666666666665
2021-06-08,Healthcare,0.08334
2021-06-08,Industrials,0.18885
2021-06-08,Materials,0.09632
2021-06-08,RealEstate,0.15341
2021-06-08,Tech,0.225936
2021-06-08,Utilities,0.12498000000000001
2021-06-09,Comm,0.29006
2021-06-09,Consumer,0.10986666666666664
2021-06-09,Energy,0.016162000000000003
2021-06-09,Financials,0.39735766666666666
2021-06-09,Healthcare,-0.0015236363636363624
2021-06-09,Industrials,0.09079000000000001
2021-06-09,Materials,0.09632
2021-06-09,RealEstate,0.01032
2021-06-09,Tech,0.07993000000000001
2021-06-09,Utilities,0.05464
2021-06-10,Comm,0.06415371428571429
2021-06-10,Consumer,0.061589500000000005
2021-06-10,Energy,0.12267000000000002
2021-06-10,Financials,0.20789166666666667
2021-06-10,Healthcare,0.1814533333333333
2021-06-10,Industrials,0.06296
2021-06-10,Materials,0.02408
2021-06-10,RealEstate,0.15928
2021-06-10,Tech,0.11970750000000001
2021-06-10,Utilities,0.05464
2021-06-11,Comm,0.05206238095238096
2021-06-11,Consumer,-0.003905
2021-06-11,Energy,0.101855
2021-06-11,Financials,0.337495
2021-06-11,Healthcare,0.09422833333333333
2021-06-11,Industrials,0.2827
2021-06-11,Materials,0.02408
2021-06-11,RealEstate,0.0
2021-06-11,Tech,-0.0059849999999999955
2021-06-11,Utilities,0.0
2021-06-14,Comm,0.0021466666666666743
2021-06-14,Consumer,0.26466126984126986
2021-06-14,Energy,0.20434800000000003
2021-06-14,Financials,0.062363333333333326
2021-06-14,Healthcare,0.14745833333333333
2021-06-14,Industrials,0.06364
2021-06-14,Materials,0.22782
2021-06-14,RealEstate,-0.01544
2021-06-14,Tech,-0.025934000000000002
2021-06-14,Utilities,0.141205
2021-06-15,Comm,0.09738
2021-06-15,Consumer,0.26637466666666665
2021-06-15,Energy,0.23552933333333334
2021-06-15,Financials,0.18226
2021-06-15,Healthcare,0.27434333333333333
2021-06-15,Industrials,0.05438666666666666
2021-06-15,Materials,0.20373999999999998
2021-06-15,RealEstate,-0.059199999999999996
2021-06-15,Tech,0.016076
2021-06-15,Utilities,0.22454000000000002
2021-06-16,Comm,0.22462
2021-06-16,Consumer,0.09042457142857144
2021-06-16,Energy,0.229142
2021-06-16,Financials,0.01782333333333333
2021-06-16,Healthcare,0.11725333333333335
2021-06-16,Industrials,0.16980166666666668
2021-06-16,Materials,0.07636
2021-06-16,RealEstate,0.019733333333333335
2021-06-16,Tech,0.10911333333333333
2021-06-16,Utilities,0.09956000000000001
2021-06-17,Comm,0.3398233333333333
2021-06-17,Consumer,0.04345500000000001
2021-06-17,Energy,0.03200666666666667
2021-06-17,Financials,0.06906766666666667
2021-06-17,Healthcare,0.11111333333333333
2021-06-17,Industrials,0.011315
2021-06-17,Materials,0.11177199999999998
2021-06-17,RealEstate,0.15300000000000002
2021-06-17,Tech,0.04302244444444444
2021-06-17,Utilities,0.17994
2021-06-18,Comm,0.14516
2021-06-18,Consumer,0.268815
2021-06-18,Energy,0.12274
2021-06-18,Financials,0.09389083333333334
2021-06-18,Healthcare,0.21502333333333334
2021-06-18,Industrials,0.1216
2021-06-18,Materials,0.17325200000000002
2021-06-18,RealEstate,0.15689000000000003
2021-06-18,Tech,0.075038
2021-06-18,Utilities,0.17994
2021-06-21,Comm,0.21744
2021-06-21,Consumer,0.052719444444444444
2021-06-21,Energy,0.10162749999999998
2021-06-21,Financials,0.03667666666666667
2021-06-21,Healthcare,0.32198266666666664
2021-06-21,Industrials,0.11144333333333334
2021-06-21,Materials,0.09426533333333334
2021-06-21,RealEstate,0.15689000000000003
2021-06-21,Tech,0.10342250000000001
2021-06-21,Utilities,0.12790166666666666
2021-06-22,Comm,0.02921000000000002
2021-06-22,Consumer,-0.002868999999999999
2021-06-22,Energy,0.09020500000000001
2021-06-22,Financials,-0.008475
2021-06-22,Healthcare,0.23020666666666667
2021-06-22,Industrials,-0.04833333333333334
2021-06-22,Materials,0.07721533333333333
2021-06-22,RealEstate,0.018739999999999996
2021-06-22,Tech,0.09933
2021-06-22,Utilities,0.10058166666666665
2021-06-23,Comm,0.12380733333333334
2021-06-23,Consumer,0.13532316666666666
2021-06-23,Energy,0.13546
2021-06-23,Financials,0.17013333333333333
2021-06-23,Healthcare,0.28624
2021-06-23,Industrials,0.07343666666666666
2021-06-23,Materials,0.07721533333333333
2021-06-23,RealEstate,0.018739999999999996
2021-06-23,Tech,0.11822600000000001
2021-06-23,Utilities,0.043184999999999994
2021-06-24,Comm,0.03183666666666666
2021-06-24,Consumer,0.1748625
2021-06-24,Energy,0.14267166666666667
2021-06-24,Financials,0.16315452380952383
2021-06-24,Healthcare,0.27443999999999996
2021-06-24,Industrials,0.013486666666666666
2021-06-24,Materials,0.10591333333333333
2021-06-24,RealEstate,-0.11682
2021-06-24,Tech,0.21494666666666667
2021-06-24,Utilities,0.245675
2021-06-25,Comm,0.12451666666666665
2021-06-25,Consumer,0.05512966666666667
2021-06-25,Energy,0.21838333333333332
2021-06-25,Financials,-0.06609690476190477
2021-06-25,Healthcare,0.09732600000000001
2021-06-25,Industrials,-0.02061
2021-06-25,Materials,0.05712666666666667
2021-06-25,RealEstate,-0.012669999999999992
2021-06-25,Tech,0.33717
2021-06-25,Utilities,0.32344
2021-06-28,Comm,0.32045599999999996
2021-06-28,Consumer,0.12591047619047618
2021-06-28,Energy,-0.057014999999999996
2021-06-28,Financials,0.069174
2021-06-28,Healthcare,0.11354000000000002
2021-06-28,Industrials,0.10775000000000001
2021-06-28,Materials,0.026973333333333332
2021-06-28,RealEstate,-0.06347333333333333
2021-06-28,Tech,0.05321733333333334
2021-06-28,Utilities,0.16697
2021-06-29,Comm,0.21665600000000002
2021-06-29,Consumer,-0.024838571428571425
2021-06-29,Energy,0.509124
2021-06-29,Financials,0.09911
2021-06-29,Healthcare,0.1072
2021-06-29,Industrials,0.17492000000000002
2021-06-29,Materials,0.00516
2021-06-29,RealEstate,-0.07636
2021-06-29,Tech,0.266095
2021-06-29,Utilities,0.32389999999999997
2021-06-30,Comm,0.26298454545454547
2021-06-30,Consumer,-0.027970238095238083
2021-06-30,Energy,0.24012333333333333
2021-06-30,Financials,0.04118844444444445
2021-06-30,Healthcare,0.132515
2021-06-30,Industrials,0.08970666666666666
2021-06-30,Materials,0.00516
2021-06-30,RealEstate,-0.07636
2021-06-30,Tech,0.062078666666666685
2021-06-30,Utilities,0.23137
2021-07-01,Comm,0.21166000000000001
2021-07-01,Consumer,0.13096000000000002
2021-07-01,Energy,0.115748
2021-07-01,Financials,0.1044458181818182
2021-07-01,Healthcare,0.0976
2021-07-01,Industrials,0.21637
2021-07-01,Materials,0.04562
2021-07-01,RealEstate,0.29901999999999995
2021-07-01,Tech,0.10030000000000001
2021-07-01,Utilities,0.20404999999999998
2021-07-02,Comm,0.0216
2021-07-02,Consumer,0.18076
2021-07-02,Energy,0.286435
2021-07-02,Financials,0.038106666666666664
2021-07-02,Healthcare,0.45387000000000005
2021-07-02,Industrials,0.031610000000000006
2021-07-02,Materials,0.10482
2021-07-02,RealEstate,0.5466
2021-07-02,Tech,-0.08425333333333333
2021-07-02,Utilities,0.20929999999999999
2021-07-06,Comm,0.08536
2021-07-06,Consumer,0.12306666666666666
2021-07-06,Energy,0.044146666666666654
2021-07-06,Financials,-0.09968649999999998
2021-07-06,Healthcare,0.23586800000000002
2021-07-06,Industrials,0.09309999999999999
2021-07-06,Materials,0.12281
2021-07-06,RealEstate,0.37326
2021-07-06,Tech,0.16202333333333335
2021-07-06,Utilities,0.21589999999999998
2021-07-07,Comm,0.07236400000000001
2021-07-07,Consumer,0.1907725
2021-07-07,Energy,0.013188333333333333
2021-07-07,Financials,-0.07222047619047618
2021-07-07,Healthcare,0.24808
2021-07-07,Industrials,0.12718666666666667
2021-07-07,Materials,0.06817
2021-07-07,RealEstate,0.39932
2021-07-07,Tech,0.21429333333333336
2021-07-07,Utilities,0.18334
2021-07-08,Comm,0.16462000000000002
2021-07-08,Consumer,0.0016099999999999893
2021-07-08,Energy,0.09578800000000001
2021-07-08,Financials,0.09592361111111111
2021-07-08,Healthcare,0.11994500000000001
2021-07-08,Industrials,0.11898666666666666
2021-07-08,Materials,0.01032
2021-07-08,RealEstate,0.23211999999999997
2021-07-08,Tech,0.163475
2021-07-08,Utilities,0.18617
2021-07-09,Comm,0.26493333333333335
2021-07-09,Consumer,0.09102
2021-07-09,Energy,0.15546
2021-07-09,Financials,0.20595476190476192
2021-07-09,Healthcare,0.05778
2021-07-09,Industrials,0.04166
2021-07-09,Materials,0.01032
2021-07-09,RealEstate,0.08762
2021-07-09,Tech,0.17194
2021-07-09,Utilities,0.21349
2021-07-12,Comm,0.09792500000000001
2021-07-12,Consumer,0.09840222222222222
2021-07-12,Energy,0.33617166666666665
2021-07-12,Financials,0.15077380952380953
2021-07-12,Healthcare,0.11115666666666665
2021-07-12,Industrials,0.16555999999999998
2021-07-12,Materials,0.07636
2021-07-12,RealEstate,0.02842
2021-07-12,Tech,0.10748333333333333
2021-07-12,Utilities,0.09562666666666667
2021-07-13,Comm,0.11024
2021-07-13,Consumer,0.1755516666666667
2021-07-13,Energy,0.04046
2021-07-13,Financials,0.1444586324786325
2021-07-13,Healthcare,0.12481333333333333
2021-07-13,Industrials,-0.08556
2021-07-13,Materials,0.0
2021-07-13,RealEstate,0.02842
2021-07-13,Tech,0.16002
2021-07-13,Utilities,0.11628666666666665
2021-07-14,Comm,0.02266666666666667
2021-07-14,Consumer,0.165469
2021-07-14,Energy,0.08196
2021-07-14,Financials,0.13293692307692306
2021-07-14,Healthcare,0.4271433333333333
2021-07-14,Industrials,0.04404
2021-07-14,Materials,-0.059199999999999996
2021-07-14,RealEstate,0.02023
2021-07-14,Tech,0.013888000000000003
2021-07-14,Utilities,0.018866666666666677
2021-07-15,Comm,0.05035333333333334
2021-07-15,Consumer,0.04116083333333333
2021-07-15,Energy,0.11068133333333334
2021-07-15,Financials,0.04679361111111111
2021-07-15,Healthcare,0.24931333333333333
2021-07-15,Industrials,0.0
2021-07-15,Materials,0.021179999999999997
2021-07-15,RealEstate,0.0
2021-07-15,Tech,0.030106
2021-07-15,Utilities,0.04078666666666668
2021-07-16,Comm,0.017055999999999998
2021-07-16,Consumer,0.08981666666666666
2021-07-16,Energy,0.09062533333333334
2021-07-16,Financials,0.1601466666666667
2021-07-16,Healthcare,0.39656333333333327
2021-07-16,Industrials,0.07506
2021-07-16,Materials,0.14838
2021-07-16,RealEstate,0.0
2021-07-16,Tech,0.0740236923076923
2021-07-16,Utilities,0.13027000000000002
2021-07-19,Comm,0.27175666666666665
2021-07-19,Consumer,0.02306060606060606
2021-07-19,Energy,-0.013127666666666666
2021-07-19,Financials,0.20503470129870127
2021-07-19,Healthcare,-0.010580000000000003
2021-07-19,Industrials,0.058589999999999996
2021-07-19,Materials,0.07148000000000002
2021-07-19,RealEstate,-0.08993999999999999
2021-07-19,Tech,-0.02551833333333333
2021-07-19,Utilities,0.008999999999999998
2021-07-20,Comm,0.321286
2021-07-20,Consumer,0.13879400000000003
2021-07-20,Energy,0.2935
2021-07-20,Financials,0.19368939393939394
2021-07-20,Healthcare,0.00996
2021-07-20,Industrials,0.058589999999999996
2021-07-20,Materials,0.06118
2021-07-20,RealEstate,-0.08993999999999999
2021-07-20,Tech,0.09946999999999999
2021-07-20,Utilities,0.008999999999999998
2021-07-21,Comm,0.03065
2021-07-21,Consumer,0.10512999999999999
2021-07-21,Energy,0.29711333333333334
2021-07-21,Financials,0.22480809523809525
2021-07-21,Healthcare,0.0
2021-07-21,Industrials,0.059250000000000004
2021-07-21,Materials,0.011053333333333332
2021-07-21,RealEstate,-0.08993999999999999
2021-07-21,Tech,0.07971500000000001
2021-07-21,Utilities,-0.040819999999999995
2021-07-22,Comm,0.1972025
2021-07-22,Consumer,0.14809933333333333
2021-07-22,Energy,0.05005666666666666
2021-07-22,Financials,0.24903999999999998
2021-07-22,Healthcare,-0.03188
2021-07-22,Industrials,0.07470500000000001
2021-07-22,Materials,0.095724
2021-07-22,RealEstate,0.059199999999999996
2021-07-22,Tech,0.068195
2021-07-22,Utilities,0.096335
2021-07-23,Comm,0.16104222222222223
2021-07-23,Consumer,0.132612
2021-07-23,Energy,0.31646
2021-07-23,Financials,0.13581666666666667
2021-07-23,Healthcare,-0.013846666666666669
2021-07-23,Industrials,0.12906833333333334
2021-07-23,Materials,0.174824
2021-07-23,RealEstate,0.059199999999999996
2021-07-23,Tech,-0.03329833333333333
2021-07-23,Utilities,0.18973333333333334
2021-07-26,Comm,0.147952
2021-07-26,Consumer,0.11514700000000003
2021-07-26,Energy,0.15395266666666668
2021-07-26,Financials,0.023042857142857136
2021-07-26,Healthcare,0.15766
2021-07-26,Industrials,0.06598666666666667
2021-07-26,Materials,0.23826399999999998
2021-07-26,RealEstate,0.15591
2021-07-26,Tech,0.10098634615384613
2021-07-26,Utilities,0.27130333333333334
2021-07-27,Comm,0.08956
2021-07-27,Consumer,0.1621488888888889
2021-07-27,Energy,0.11397666666666666
2021-07-27,Financials,0.1862347619047619
2021-07-27,Healthcare,-0.03525999999999998
2021-07-27,Industrials,0.1409831746031746
2021-07-27,Materials,0.211464
2021-07-27,RealEstate,0.15591
2021-07-27,Tech,0.02458919191919192
2021-07-27,Utilities,0.21059333333333333
2021-07-28,Comm,0.08145333333333334
2021-07-28,Consumer,0.21627000000000002
2021-07-28,Energy,0.16531833333333332
2021-07-28,Financials,0.07306316666666665
2021-07-28,Healthcare,0.12277666666666669
2021-07-28,Industrials,0.23136222222222225
2021-07-28,Materials,0.211464
2021-07-28,RealEstate,0.12631
2021-07-28,Tech,0.11702214285714288
2021-07-28,Utilities,0.12256333333333332
2021-07-29,Comm,0.1518216666666667
2021-07-29,Consumer,0.19039180952380952
2021-07-29,Energy,0.12434133333333333
2021-07-29,Financials,0.25199
2021-07-29,Healthcare,0.11135216666666667
2021-07-29,Industrials,0.1424188888888889
2021-07-29,Materials,0.273094
2021-07-29,RealEstate,-0.025933333333333336
2021-07-29,Tech,0.11806833333333333
2021-07-29,Utilities,0.16188
2021-07-30,Comm,0.06667000000000001
2021-07-30,Consumer,0.041459523809523814
2021-07-30,Energy,0.22790295454545456
2021-07-30,Financials,0.026839999999999996
2021-07-30,Healthcare,0.167657
2021-07-30,Industrials,0.08924422222222222
2021-07-30,Materials,0.24569999999999997
2021-07-30,RealEstate,-0.068
2021-07-30,Tech,0.154325
2021-07-30,Utilities,0.0
2021-08-02,Comm,0.06247333333333334
2021-08-02,Consumer,0.19744757575757577
2021-08-02,Energy,0.040445666666666664
2021-08-02,Financials,0.32739666666666667
2021-08-02,Healthcare,0.171493
2021-08-02,Industrials,0.08247333333333333
2021-08-02,Materials,0.18418
2021-08-02,RealEstate,0.019079999999999996
2021-08-02,Tech,0.0845836507936508
2021-08-02,Utilities,-0.039019999999999985
2021-08-03,Comm,0.13033333333333333
2021-08-03,Consumer,0.07422571428571428
2021-08-03,Energy,0.26993
2021-08-03,Financials,0.213888
2021-08-03,Healthcare,0.16650133333333333
2021-08-03,Industrials,0.06224333333333333
2021-08-03,Materials,0.237605
2021-08-03,RealEstate,0.014569999999999994
2021-08-03,Tech,0.0825675
2021-08-03,Utilities,-0.039019999999999985
2021-08-04,Comm,0.10313000000000001
2021-08-04,Consumer,0.03111
2021-08-04,Energy,0.17738
2021-08-04,Financials,0.083712
2021-08-04,Healthcare,0.14198499999999997
2021-08-04,Industrials,0.11500999999999999
2021-08-04,Materials,0.0
2021-08-04,RealEstate,0.014569999999999994
2021-08-04,Tech,-0.027654166666666664
2021-08-04,Utilities,0.06868
2021-08-05,Comm,0.11742333333333335
2021-08-05,Consumer,0.26166500000000004
2021-08-05,Energy,0.10705533333333332
2021-08-05,Financials,-0.04152399999999999
2021-08-05,Healthcare,0.19514499999999999
2021-08-05,Industrials,0.141575
2021-08-05,Materials,0.0
2021-08-05,RealEstate,0.014569999999999994
2021-08-05,Tech,0.07215047619047618
2021-08-05,Utilities,0.17333333333333334
2021-08-06,Comm,0.10008333333333333
2021-08-06,Consumer,0.21716000000000002
2021-08-06,Energy,0.024866666666666683
2021-08-06,Financials,-0.04407833333333333
2021-08-06,Healthcare,0.13759
2021-08-06,Industrials,0.080815
2021-08-06,Materials,0.0
2021-08-06,RealEstate,0.0888
2021-08-06,Tech,0.06175200000000001
2021-08-06,Utilities,0.23984333333333333
2021-08-09,Comm,0.14785666666666666
2021-08-09,Consumer,0.10581212121212122
2021-08-09,Energy,-0.018156666666666647
2021-08-09,Financials,0.14374916666666668
2021-08-09,Healthcare,0.146725
2021-08-09,Industrials,0.16862333333333332
2021-08-09,Materials,0.018213333333333335
2021-08-09,RealEstate,0.083665
2021-08-09,Tech,0.043475
2021-08-09,Utilities,0.25077
2021-08-10,Comm,0.05222333333333333
2021-08-10,Consumer,0.056369999999999996
2021-08-10,Energy,-0.11075857142857141
2021-08-10,Financials,0.162755
2021-08-10,Healthcare,0.046906666666666666
2021-08-10,Industrials,0.07560333333333333
2021-08-10,Materials,0.01366
2021-08-10,RealEstate,0.27538
2021-08-10,Tech,0.014351
2021-08-10,Utilities,0.2008
2021-08-11,Comm,0.027790000000000016
2021-08-11,Consumer,0.04983
2021-08-11,Energy,0.11838666666666667
2021-08-11,Financials,0.14228666666666667
2021-08-11,Healthcare,0.13584666666666667
2021-08-11,Industrials,-0.06555400000000002
2021-08-11,Materials,-0.08430444444444445
2021-08-11,RealEstate,0.29412
2021-08-11,Tech,0.010115
2021-08-11,Utilities,0.17348
2021-08-12,Comm,0.3081933333333334
2021-08-12,Consumer,0.07455
2021-08-12,Energy,0.022860000000000002
2021-08-12,Financials,0.17793285714285714
2021-08-12,Healthcare,0.24107000000000003
2021-08-12,Industrials,-0.11466000000000001
2021-08-12,Materials,0.08038
2021-08-12,RealEstate,0.29412
2021-08-12,Tech,0.17170833333333332
2021-08-12,Utilities,0.10607
2021-08-13,Comm,0.23788333333333336
2021-08-13,Consumer,0.31714592105263156
2021-08-13,Energy,0.014799999999999999
2021-08-13,Financials,0.07516833333333332
2021-08-13,Healthcare,0.16148
2021-08-13,Industrials,-0.01928
2021-08-13,Materials,0.18883999999999998
2021-08-13,RealEstate,0.29412
2021-08-13,Tech,0.15528833333333333
2021-08-13,Utilities,0.14579999999999999
2021-08-16,Comm,0.08180261904761907
2021-08-16,Consumer,0.06456026315789473
2021-08-16,Energy,0.05001428571428572
2021-08-16,Financials,0.06406333333333333
2021-08-16,Healthcare,0.09712799999999999
2021-08-16,Industrials,0.04722499999999998
2021-08-16,Materials,0.04046
2021-08-16,RealEstate,0.10316999999999998
2021-08-16,Tech,0.15487333333333334
2021-08-16,Utilities,0.11480333333333334
2021-08-17,Comm,0.10211428571428571
2021-08-17,Consumer,0.06690033333333333
2021-08-17,Energy,-0.153445
2021-08-17,Financials,0.039199857142857134
2021-08-17,Healthcare,0.25926
2021-08-17,Industrials,0.16373500000000002
2021-08-17,Materials,0.14350000000000002
2021-08-17,RealEstate,0.19795
2021-08-17,Tech,-0.02628666666666667
2021-08-17,Utilities,0.14083
2021-08-18,Comm,0.027133571428571434
2021-08-18,Consumer,0.07509816666666666
2021-08-18,Energy,0.017855
2021-08-18,Financials,0.133995
2021-08-18,Healthcare,0.21948000000000004
2021-08-18,Industrials,-0.025280000000000014
2021-08-18,Materials,0.12294000000000001
2021-08-18,RealEstate,0.41389999999999993
2021-08-18,Tech,0.30865925
2021-08-18,Utilities,0.14083
2021-08-19,Comm,-0.036111
2021-08-19,Consumer,0.10698333333333335
2021-08-19,Energy,0.002691190476190467
2021-08-19,Financials,0.25477
2021-08-19,Healthcare,0.17089000000000001
2021-08-19,Industrials,-0.06124
2021-08-19,Materials,0.11207
2021-08-19,RealEstate,0.41450999999999993
2021-08-19,Tech,0.0695352380952381
2021-08-19,Utilities,0.14083
2021-08-20,Comm,0.030883333333333336
2021-08-20,Consumer,0.14573466666666668
2021-08-20,Energy,-0.172215
2021-08-20,Financials,0.02708
2021-08-20,Healthcare,0.15946000000000002
2021-08-20,Industrials,-0.11474999999999999
2021-08-20,Materials,0.15443
2021-08-20,RealEstate,0.36837
2021-08-20,Tech,-0.014069999999999994
2021-08-20,Utilities,0.35269999999999996
2021-08-23,Comm,0.21510166666666666
2021-08-23,Consumer,0.031409285714285716
2021-08-23,Energy,0.11055348484848485
2021-08-23,Financials,0.17448
2021-08-23,Healthcare,-0.055709999999999996
2021-08-23,Industrials,0.07608333333333332
2021-08-23,Materials,0.16943999999999998
2021-08-23,RealEstate,0.28863
2021-08-23,Tech,0.10318545454545455
2021-08-23,Utilities,0.12994
2021-08-24,Comm,0.3282
2021-08-24,Consumer,0.019065714285714287
2021-08-24,Energy,0.022696666666666664
2021-08-24,Financials,0.13621
2021-08-24,Healthcare,0.10170333333333334
2021-08-24,Industrials,0.2178
2021-08-24,Materials,0.12083999999999999
2021-08-24,RealEstate,0.22283999999999998
2021-08-24,Tech,0.00973936507936508
2021-08-24,Utilities,0.08763333333333333
2021-08-25,Comm,0.3467866666666667
2021-08-25,Consumer,0.07916004761904762
2021-08-25,Energy,0.05494333333333333
2021-08-25,Financials,0.22293333333333334
2021-08-25,Healthcare,0.05234
2021-08-25,Industrials,0.17446
2021-08-25,Materials,0.04046
2021-08-25,RealEstate,0.16002
2021-08-25,Tech,0.01366
2021-08-25,Utilities,0.10913999999999999
2021-08-26,Comm,0.29781
2021-08-26,Consumer,0.12436049999999998
2021-08-26,Energy,0.055644000000000006
2021-08-26,Financials,-0.025932000000000004
2021-08-26,Healthcare,0.08684
2021-08-26,Industrials,0.0
2021-08-26,Materials,0.09966
2021-08-26,RealEstate,0.16002
2021-08-26,Tech,0.18797099999999997
2021-08-26,Utilities,0.10913999999999999
2021-08-27,Comm,0.43975
2021-08-27,Consumer,0.05777272727272727
2021-08-27,Energy,0.002534999999999998
2021-08-27,Financials,0.1257
2021-08-27,Healthcare,0.29440333333333335
2021-08-27,Industrials,0.113985
2021-08-27,Materials,0.19844
2021-08-27,RealEstate,0.08849
2021-08-27,Tech,-0.010700000000000005
2021-08-27,Utilities,0.15914
2021-08-30,Comm,0.181382
2021-08-30,Consumer,0.15870595238095236
2021-08-30,Energy,-0.1371757142857143
2021-08-30,Financials,0.08292000000000001
2021-08-30,Healthcare,0.1803566666666667
2021-08-30,Industrials,0.09005166666666667
2021-08-30,Materials,0.11148
2021-08-30,RealEstate,0.001999999999999999
2021-08-30,Tech,0.2700786666666667
2021-08-30,Utilities,0.21960000000000002
2021-08-31,Comm,0.10911199999999999
2021-08-31,Consumer,0.06124047619047619
2021-08-31,Energy,0.08014733333333332
2021-08-31,Financials,0.19993285714285713
2021-08-31,Healthcare,-0.01909
2021-08-31,Industrials,0.2168016666666667
2021-08-31,Materials,0.1341466666666667
2021-08-31,RealEstate,0.029599999999999998
2021-08-31,Tech,0.020035
2021-08-31,Utilities,0.02075
2021-09-01,Comm,0.10911199999999999
2021-09-01,Consumer,0.24788095238095237
2021-09-01,Energy,-0.057873809523809515
2021-09-01,Financials,0.081215
2021-09-01,Healthcare,0.07129666666666666
2021-09-01,Industrials,0.111595
2021-09-01,Materials,0.11148
2021-09-01,RealEstate,0.08424000000000001
2021-09-01,Tech,-0.02976333333333333
2021-09-01,Utilities,0.07665999999999999
2021-09-02,Comm,0.040642
2021-09-02,Consumer,0.024860666666666663
2021-09-02,Energy,0.2158341794871795
2021-09-02,Financials,0.18016066666666666
2021-09-02,Healthcare,0.12527333333333332
2021-09-02,Industrials,0.05753499999999999
2021-09-02,Materials,0.0
2021-09-02,RealEstate,0.05464
2021-09-02,Tech,0.25962999999999997
2021-09-02,Utilities,0.18314
2021-09-03,Comm,0.18952666666666668
2021-09-03,Consumer,0.20468666666666668
2021-09-03,Energy,0.14354178571428572
2021-09-03,Financials,0.07333333333333333
2021-09-03,Healthcare,0.12527333333333332
2021-09-03,Industrials,0.09151000000000001
2021-09-03,Materials,0.0
2021-09-03,RealEstate,0.06495999999999999
2021-09-03,Tech,0.2505233333333333
2021-09-03,Utilities,0.21046
2021-09-07,Comm,0.26884
2021-09-07,Consumer,0.18246142857142858
2021-09-07,Energy,0.20011433333333334
2021-09-07,Financials,-0.058772500000000005
2021-09-07,Healthcare,0.2293216666666667
2021-09-07,Industrials,0.159808
2021-09-07,Materials,0.02679333333333333
2021-09-07,RealEstate,0.12201999999999999
2021-09-07,Tech,0.20280952380952383
2021-09-07,Utilities,0.045766666666666664
2021-09-08,Comm,0.25418166666666664
2021-09-08,Consumer,0.103635
2021-09-08,Energy,0.18531142857142857
2021-09-08,Financials,0.16177000000000002
2021-09-08,Healthcare,0.014723333333333333
2021-09-08,Industrials,0.23692666666666665
2021-09-08,Materials,-0.10744000000000001
2021-09-08,RealEstate,0.07954
2021-09-08,Tech,0.20070333333333332
2021-09-08,Utilities,0.018446666666666663
2021-09-09,Comm,-0.07891285714285715
2021-09-09,Consumer,0.06483666666666667
2021-09-09,Energy,0.30797942857142857
2021-09-09,Financials,-0.03893500000000001
2021-09-09,Healthcare,0.023778809523809532
2021-09-09,Industrials,0.15674
2021-09-09,Materials,-0.07902
2021-09-09,RealEstate,0.06282
2021-09-09,Tech,0.18947166666666665
2021-09-09,Utilities,0.018446666666666663
2021-09-10,Comm,0.16050999999999999
2021-09-10,Consumer,0.16809866666666667
2021-09-10,Energy,0.050124999999999996
2021-09-10,Financials,-0.10399666666666665
2021-09-10,Healthcare,-0.031921190476190464
2021-09-10,Industrials,-0.02471
2021-09-10,Materials,-0.14701999999999998
2021-09-10,RealEstate,0.13578666666666667
2021-09-10,Tech,-0.10527333333333336
2021-09-10,Utilities,0.12476666666666666
2021-09-13,Comm,0.24411571428571427
2021-09-13,Consumer,0.1336848051948052
2021-09-13,Energy,0.06427607142857143
2021-09-13,Financials,0.047966666666666664
2021-09-13,Healthcare,0.26873111111111114
2021-09-13,Industrials,0.060873333333333335
2021-09-13,Materials,0.07007333333333333
2021-09-13,RealEstate,0.0
2021-09-13,Tech,0.05269966666666666
2021-09-13,Utilities,0.05704666666666667
2021-09-14,Comm,0.12824333333333332
2021-09-14,Consumer,0.15592833333333334
2021-09-14,Energy,0.02529
2021-09-14,Financials,0.133525
2021-09-14,Healthcare,0.2563311111111111
2021-09-14,Industrials,0.019733333333333332
2021-09-14,Materials,0.13493333333333332
2021-09-14,RealEstate,0.20424000000000003
2021-09-14,Tech,0.194275
2021-09-14,Utilities,0.08395666666666667
2021-09-15,Comm,0.10630633333333332
2021-09-15,Consumer,0.02382
2021-09-15,Energy,-0.03437066666666667
2021-09-15,Financials,0.20826000000000003
2021-09-15,Healthcare,0.21820166666666668
2021-09-15,Industrials,0.009983333333333334
2021-09-15,Materials,0.13493333333333332
2021-09-15,RealEstate,0.10212000000000002
2021-09-15,Tech,0.06627190476190477
2021-09-15,Utilities,0.49330999999999997
2021-09-16,Comm,0.08634
2021-09-16,Consumer,-0.018533999999999988
2021-09-16,Energy,-0.021932
2021-09-16,Financials,0.1476
2021-09-16,Healthcare,0.27022
2021-09-16,Industrials,0.08417333333333334
2021-09-16,Materials,0.059199999999999996
2021-09-16,RealEstate,0.014100000000000001
2021-09-16,Tech,0.21779333333333334
2021-09-16,Utilities,0.39484
2021-09-17,Comm,0.08275009523809525
2021-09-17,Consumer,0.23132133333333335
2021-09-17,Energy,0.008574666666666664
2021-09-17,Financials,0.13742666666666667
2021-09-17,Healthcare,0.034284999999999996
2021-09-17,Industrials,0.019733333333333332
2021-09-17,Materials,0.12798
2021-09-17,RealEstate,-0.08556
2021-09-17,Tech,-0.004446666666666654
2021-09-17,Utilities,0.33120000000000005
2021-09-20,Comm,0.3034075757575757
2021-09-20,Consumer,0.1654626153846154
2021-09-20,Energy,0.068993
2021-09-20,Financials,-0.0730304761904762
2021-09-20,Healthcare,0.07008466666666668
2021-09-20,Industrials,-0.002529999999999993
2021-09-20,Materials,0.12561
2021-09-20,RealEstate,0.058589999999999996
2021-09-20,Tech,0.30650083333333333
2021-09-20,Utilities,0.25273
2021-09-21,Comm,0.22721333333333335
2021-09-21,Consumer,0.12551888888888887
2021-09-21,Energy,0.12421
2021-09-21,Financials,-0.009482999999999993
2021-09-21,Healthcare,0.09808800000000001
2021-09-21,Industrials,-0.02263
2021-09-21,Materials,0.05484666666666667
2021-09-21,RealEstate,0.034
2021-09-21,Tech,0.1269467857142857
2021-09-21,Utilities,0.31491
2021-09-22,Comm,0.15978399999999998
2021-09-22,Consumer,0.24298333333333333
2021-09-22,Energy,0.09969333333333334
2021-09-22,Financials,0.10247904761904762
2021-09-22,Healthcare,-0.06376
2021-09-22,Industrials,0.029360000000000004
2021-09-22,Materials,0.03682
2021-09-22,RealEstate,0.09469000000000001
2021-09-22,Tech,0.08091866666666667
2021-09-22,Utilities,0.34843999999999997
2021-09-23,Comm,0.09682
2021-09-23,Consumer,0.21668809523809526
2021-09-23,Energy,0.23752
2021-09-23,Financials,0.07460800000000001
2021-09-23,Healthcare,0.219124
2021-09-23,Industrials,0.26409333333333335
2021-09-23,Materials,0.03682
2021-09-23,RealEstate,0.09469000000000001
2021-09-23,Tech,0.04324833333333335
2021-09-23,Utilities,0.25147
2021-09-24,Comm,-0.02844
2021-09-24,Consumer,0.10211424999999999
2021-09-24,Energy,0.1353952380952381
2021-09-24,Financials,0.26627999999999996
2021-09-24,Healthcare,0.09495733333333332
2021-09-24,Industrials,0.03953333333333334
2021-09-24,Materials,0.04019
2021-09-24,RealEstate,0.07446
2021-09-24,Tech,0.20419
2021-09-24,Utilities,0.25147
2021-09-27,Comm,0.1668766666666667
2021-09-27,Consumer,0.1272409523809524
2021-09-27,Energy,0.004400000000000001
2021-09-27,Financials,0.150233
2021-09-27,Healthcare,0.263595
2021-09-27,Industrials,0.042776
2021-09-27,Materials,0.08038
2021-09-27,RealEstate,0.14803
2021-09-27,Tech,0.18366033333333334
2021-09-27,Utilities,0.26295999999999997
2021-09-28,Comm,0.14142300000000002
2021-09-28,Consumer,0.10505333333333333
2021-09-28,Energy,0.0075466666666666685
2021-09-28,Financials,0.2564447619047619
2021-09-28,Healthcare,0.15612533333333334
2021-09-28,Industrials,0.10684266666666668
2021-09-28,Materials,0.04019
2021-09-28,RealEstate,0.25337
2021-09-28,Tech,0.151244
2021-09-28,Utilities,0.11893500000000001
2021-09-29,Comm,-0.052149999999999995
2021-09-29,Consumer,0.18826900000000002
2021-09-29,Energy,0.16477404761904763
2021-09-29,Financials,0.19233
2021-09-29,Healthcare,0.27834166666666665
2021-09-29,Industrials,0.16472266666666666
2021-09-29,Materials,0.04019
2021-09-29,RealEstate,0.13494
2021-09-29,Tech,0.2259253333333333
2021-09-29,Utilities,0.171605
2021-09-30,Comm,0.10342666666666667
2021-09-30,Consumer,0.08550666666666666
2021-09-30,Energy,0.09925333333333333
2021-09-30,Financials,0.07618133333333332
2021-09-30,Healthcare,0.0035899999999999986
2021-09-30,Industrials,0.13932666666666665
2021-09-30,Materials,0.12498000000000001
2021-09-30,RealEstate,0.15044
2021-09-30,Tech,0.15432166666666666
2021-09-30,Utilities,-0.007573333333333332
2021-10-01,Comm,0.24498999999999999
2021-10-01,Consumer,0.19297961904761904
2021-10-01,Energy,0.16495333333333334
2021-10-01,Financials,0.1536286666666667
2021-10-01,Healthcare,0.02018148148148148
2021-10-01,Industrials,0.15698666666666666
2021-10-01,Materials,0.12498000000000001
2021-10-01,RealEstate,0.12083999999999999
2021-10-01,Tech,-0.171766
2021-10-01,Utilities,-0.007639999999999999
2021-10-04,Comm,0.018139999999999996
2021-10-04,Consumer,0.18449090476190477
2021-10-04,Energy,0.20055833333333334
2021-10-04,Financials,0.036401
2021-10-04,Healthcare,0.10165520000000001
2021-10-04,Industrials,0.096746
2021-10-04,Materials,0.12498000000000001
2021-10-04,RealEstate,0.0
2021-10-04,Tech,0.16395857142857145
2021-10-04,Utilities,-0.05553333333333334
2021-10-05,Comm,-0.004519999999999999
2021-10-05,Consumer,-0.021574666666666666
2021-10-05,Energy,0.21606
2021-10-05,Financials,0.0472
2021-10-05,Healthcare,0.040473999999999996
2021-10-05,Industrials,0.019733333333333332
2021-10-05,Materials,-0.00411999999999999
2021-10-05,RealEstate,0.0
2021-10-05,Tech,0.13896000000000003
2021-10-05,Utilities,0.021766666666666667
2021-10-06,Comm,0.021336666666666667
2021-10-06,Consumer,0.166974
2021-10-06,Energy,0.28916
2021-10-06,Financials,0.12507666666666667
2021-10-06,Healthcare,0.08540666666666667
2021-10-06,Industrials,-0.214866
2021-10-06,Materials,0.16117238095238096
2021-10-06,RealEstate,0.14811000000000002
2021-10-06,Tech,0.16292983333333333
2021-10-06,Utilities,0.021766666666666667
2021-10-07,Comm,0.23674166666666668
2021-10-07,Consumer,0.06719
2021-10-07,Energy,0.11815285714285713
2021-10-07,Financials,0.062368
2021-10-07,Healthcare,0.11442266666666667
2021-10-07,Industrials,-0.148116
2021-10-07,Materials,0.19962
2021-10-07,RealEstate,0.14811000000000002
2021-10-07,Tech,-0.010751666666666677
2021-10-07,Utilities,0.12054666666666666
2021-10-08,Comm,0.09957
2021-10-08,Consumer,0.07654999999999998
2021-10-08,Energy,0.13416571428571428
2021-10-08,Financials,0.26470000000000005
2021-10-08,Healthcare,0.08892866666666666
2021-10-08,Industrials,-0.07042599999999999
2021-10-08,Materials,0.27538
2021-10-08,RealEstate,0.27549
2021-10-08,Tech,0.05983433333333334
2021-10-08,Utilities,0.12054666666666666
2021-10-11,Comm,0.18658333333333332
2021-10-11,Consumer,0.10502971861471862
2021-10-11,Energy,0.11508666666666667
2021-10-11,Financials,0.1844069597069597
2021-10-11,Healthcare,0.04161923076923077
2021-10-11,Industrials,0.37551999999999996
2021-10-11,Materials,0.1889
2021-10-11,RealEstate,0.08038
2021-10-11,Tech,0.07834266666666667
2021-10-11,Utilities,0.15591666666666665
2021-10-12,Comm,0.27293
2021-10-12,Consumer,0.1514995
2021-10-12,Energy,0.16624666666666668
2021-10-12,Financials,0.08390500000000001
2021-10-12,Healthcare,0.21507142857142858
2021-10-12,Industrials,0.29122
2021-10-12,Materials,0.06917
2021-10-12,RealEstate,0.08038
2021-10-12,Tech,0.22538533333333333
2021-10-12,Utilities,0.15591666666666665
2021-10-13,Comm,-0.01207666666666667
2021-10-13,Consumer,0.097222
2021-10-13,Energy,0.17314666666666667
2021-10-13,Financials,0.136771
2021-10-13,Healthcare,-0.055432
2021-10-13,Industrials,0.0965
2021-10-13,Materials,0.142105
2021-10-13,RealEstate,0.20754
2021-10-13,Tech,0.11946333333333334
2021-10-13,Utilities,0.02903000000000001
2021-10-14,Comm,-0.09812499999999999
2021-10-14,Consumer,0.2279002380952381
2021-10-14,Energy,0.11113500000000001
2021-10-14,Financials,0.2949952142857143
2021-10-14,Healthcare,0.0
2021-10-14,Industrials,0.15963
2021-10-14,Materials,-0.032320000000000015
2021-10-14,RealEstate,0.19206333333333334
2021-10-14,Tech,0.089094
2021-10-14,Utilities,0.020450000000000003
2021-10-15,Comm,0.035234999999999995
2021-10-15,Consumer,0.41039523809523815
2021-10-15,Energy,0.173063
2021-10-15,Financials,0.3372715873015873
2021-10-15,Healthcare,0.10712000000000002
2021-10-15,Industrials,0.228335
2021-10-15,Materials,-0.032320000000000015
2021-10-15,RealEstate,0.21822
2021-10-15,Tech,0.12802
2021-10-15,Utilities,0.19592
2021-10-18,Comm,0.26771
2021-10-18,Consumer,0.10334893939393938
2021-10-18,Energy,0.09308
2021-10-18,Financials,0.03196966666666666
2021-10-18,Healthcare,0.23418085714285714
2021-10-18,Industrials,0.08881333333333333
2021-10-18,Materials,0.033460000000000004
2021-10-18,RealEstate,0.15698
2021-10-18,Tech,0.07923111904761904
2021-10-18,Utilities,0.26382000000000005
2021-10-19,Comm,0.16258666666666666
2021-10-19,Consumer,0.12023291666666666
2021-10-19,Energy,0.23352599999999998
2021-10-19,Financials,-0.08124666666666668
2021-10-19,Healthcare,0.034847142857142854
2021-10-19,Industrials,0.05332
2021-10-19,Materials,0.07392
2021-10-19,RealEstate,0.10595999999999998
2021-10-19,Tech,0.2747116666666667
2021-10-19,Utilities,0.03612
2021-10-20,Comm,0.21756666666666663
2021-10-20,Consumer,0.26698
2021-10-20,Energy,0.22690166666666664
2021-10-20,Financials,-0.030470000000000004
2021-10-20,Healthcare,0.07807733333333333
2021-10-20,Industrials,0.02940000000000001
2021-10-20,Materials,-0.01779
2021-10-20,RealEstate,0.15596
2021-10-20,Tech,0.13825333333333334
2021-10-20,Utilities,0.20118400000000003
2021-10-21,Comm,0.02599071428571429
2021-10-21,Consumer,-0.007367000000000001
2021-10-21,Energy,0.13354166666666667
2021-10-21,Financials,0.024579285714285713
2021-10-21,Healthcare,0.24110499999999999
2021-10-21,Industrials,0.05244
2021-10-21,Materials,0.14245833333333333
2021-10-21,RealEstate,0.128
2021-10-21,Tech,0.087662
2021-10-21,Utilities,0.20118400000000003
2021-10-22,Comm,0.2449416666666667
2021-10-22,Consumer,0.08992666666666668
2021-10-22,Energy,0.18936361904761906
2021-10-22,Financials,-0.09915333333333334
2021-10-22,Healthcare,0.090161
2021-10-22,Industrials,0.18987
2021-10-22,Materials,0.2408533333333333
2021-10-22,RealEstate,0.1836
2021-10-22,Tech,0.21745066666666668
2021-10-22,Utilities,0.288064
2021-10-25,Comm,0.41015100000000004
2021-10-25,Consumer,0.11121433333333333
2021-10-25,Energy,0.18650261904761906
2021-10-25,Financials,0.008700833333333335
2021-10-25,Healthcare,0.03323
2021-10-25,Industrials,0.030143333333333345
2021-10-25,Materials,0.16006333333333334
2021-10-25,RealEstate,0.03055
2021-10-25,Tech,-0.02313166666666666
2021-10-25,Utilities,0.34687999999999997
2021-10-26,Comm,0.2707571428571428
2021-10-26,Consumer,0.023364
2021-10-26,Energy,0.20035333333333333
2021-10-26,Financials,0.15556333333333333
2021-10-26,Healthcare,-0.08076833333333333
2021-10-26,Industrials,0.08488533333333334
2021-10-26,Materials,0.12452333333333332
2021-10-26,RealEstate,0.10883000000000001
2021-10-26,Tech,0.09469119047619048
2021-10-26,Utilities,0.22793999999999998
2021-10-27,Comm,0.3082971428571429
2021-10-27,Consumer,0.21891583333333334
2021-10-27,Energy,0.021904285714285716
2021-10-27,Financials,0.04552190476190476
2021-10-27,Healthcare,0.13348642857142856
2021-10-27,Industrials,0.022439999999999995
2021-10-27,Materials,0.17522333333333331
2021-10-27,RealEstate,0.027600000000000006
2021-10-27,Tech,0.09342185714285715
2021-10-27,Utilities,0.07582
2021-10-28,Comm,0.2007833333333333
2021-10-28,Consumer,0.03665305555555556
2021-10-28,Energy,0.09023583333333332
2021-10-28,Financials,0.11891357142857144
2021-10-28,Healthcare,0.1438764615384615
2021-10-28,Industrials,0.14222581818181818
2021-10-28,Materials,0.07951
2021-10-28,RealEstate,0.19473000000000001
2021-10-28,Tech,0.25319
2021-10-28,Utilities,-0.023719999999999998
2021-10-29,Comm,0.18426
2021-10-29,Consumer,0.08308633333333333
2021-10-29,Energy,0.3625338888888889
2021-10-29,Financials,0.21751733333333334
2021-10-29,Healthcare,0.09670415966386554
2021-10-29,Industrials,0.02379
2021-10-29,Materials,0.06506999999999999
2021-10-29,RealEstate,0.17619333333333334
2021-10-29,Tech,0.13058133333333333
2021-10-29,Utilities,0.07111
2021-11-01,Comm,0.147205
2021-11-01,Consumer,0.10802833333333335
2021-11-01,Energy,0.20472666666666667
2021-11-01,Financials,0.20181900000000003
2021-11-01,Healthcare,0.2846013333333334
2021-11-01,Industrials,0.053570000000000007
2021-11-01,Materials,-0.01531
2021-11-01,RealEstate,0.11690666666666667
2021-11-01,Tech,0.25267833333333334
2021-11-01,Utilities,0.23079999999999998
2021-11-02,Comm,0.23997000000000002
2021-11-02,Consumer,0.18696400000000002
2021-11-02,Energy,0.20206
2021-11-02,Financials,0.04775214285714286
2021-11-02,Healthcare,0.2376333333333333
2021-11-02,Industrials,0.032240000000000005
2021-11-02,Materials,-0.060200909090909104
2021-11-02,RealEstate,0.08832666666666666
2021-11-02,Tech,0.15081666666666665
2021-11-02,Utilities,0.17616
2021-11-03,Comm,0.1210305
2021-11-03,Consumer,0.17677380952380953
2021-11-03,Energy,0.2427453333333333
2021-11-03,Financials,0.09209
2021-11-03,Healthcare,0.20703333333333332
2021-11-03,Industrials,0.02863
2021-11-03,Materials,-0.044890909090909106
2021-11-03,RealEstate,0.08832666666666666
2021-11-03,Tech,0.22288733333333335
2021-11-03,Utilities,0.09895000000000001
2021-11-04,Comm,0.14183866666666667
2021-11-04,Consumer,0.10844666666666666
2021-11-04,Energy,0.23255833333333334
2021-11-04,Financials,0.22290000000000001
2021-11-04,Healthcare,0.15223939393939392
2021-11-04,Industrials,-0.024639999999999995
2021-11-04,Materials,-0.11194
2021-11-04,RealEstate,0.1357
2021-11-04,Tech,0.24741498017771701
2021-11-04,Utilities,0.21570499999999998
2021-11-05,Comm,0.18281999999999998
2021-11-05,Consumer,0.27509
2021-11-05,Energy,0.22349833333333335
2021-11-05,Financials,0.10617999999999998
2021-11-05,Healthcare,0.26922666666666667
2021-11-05,Industrials,0.2154333333333333
2021-11-05,Materials,0.04215
2021-11-05,RealEstate,0.0765
2021-11-05,Tech,0.12745
2021-11-05,Utilities,0.23323833333333335
2021-11-08,Comm,-0.18346
2021-11-08,Consumer,0.12328066666666666
2021-11-08,Energy,0.14157866666666669
2021-11-08,Financials,0.015729999999999997
2021-11-08,Healthcare,0.14769092307692305
2021-11-08,Industrials,0.009496666666666664
2021-11-08,Materials,0.094256
2021-11-08,RealEstate,0.00996
2021-11-08,Tech,0.07061300000000001
2021-11-08,Utilities,0.12861
2021-11-09,Comm,-0.01454000000000002
2021-11-09,Consumer,0.15641
2021-11-09,Energy,0.06168800000000001
2021-11-09,Financials,0.04347333333333333
2021-11-09,Healthcare,0.144115
2021-11-09,Industrials,0.07014625
2021-11-09,Materials,0.15345599999999998
2021-11-09,RealEstate,0.13899
2021-11-09,Tech,0.18983666666666665
2021-11-09,Utilities,0.05050000000000001
2021-11-10,Comm,-0.09967333333333335
2021-11-10,Consumer,0.13460717948717948
2021-11-10,Energy,0.03935999999999999
2021-11-10,Financials,0.049413
2021-11-10,Healthcare,-0.0012100000000000014
2021-11-10,Industrials,-0.02669833333333334
2021-11-10,Materials,0.18454933333333334
2021-11-10,RealEstate,0.13899
2021-11-10,Tech,0.09087277777777779
2021-11-10,Utilities,0.06777999999999999
2021-11-11,Comm,-0.014333333333333347
2021-11-11,Consumer,0.019988
2021-11-11,Energy,0.045579999999999996
2021-11-11,Financials,0.036383000000000006
2021-11-11,Healthcare,0.19598666666666667
2021-11-11,Industrials,0.069155
2021-11-11,Materials,0.15814333333333336
2021-11-11,RealEstate,0.23664000000000002
2021-11-11,Tech,0.23298772727272726
2021-11-11,Utilities,0.02474
2021-11-12,Comm,0.05280333333333331
2021-11-12,Consumer,-0.009478095238095235
2021-11-12,Energy,0.045579999999999996
2021-11-12,Financials,0.044208000000000004
2021-11-12,Healthcare,0.117395
2021-11-12,Industrials,0.27281
2021-11-12,Materials,0.20803333333333335
2021-11-12,RealEstate,0.16812
2021-11-12,Tech,0.094815
2021-11-12,Utilities,0.10904
2021-11-15,Comm,0.129412
2021-11-15,Consumer,-0.01813938596491228
2021-11-15,Energy,0.03629666666666667
2021-11-15,Financials,0.21119428571428572
2021-11-15,Healthcare,0.11817333333333335
2021-11-15,Industrials,0.22657500000000003
2021-11-15,Materials,0.21767333333333333
2021-11-15,RealEstate,0.1699986666666667
2021-11-15,Tech,0.14924833333333334
2021-11-15,Utilities,0.39994999999999997
2021-11-16,Comm,0.0203
2021-11-16,Consumer,0.10665786231884058
2021-11-16,Energy,-0.008828000000000003
2021-11-16,Financials,0.144544
2021-11-16,Healthcare,0.166726
2021-11-16,Industrials,0.070465
2021-11-16,Materials,0.16397333333333333
2021-11-16,RealEstate,0.15507666666666667
2021-11-16,Tech,0.2018772727272727
2021-11-16,Utilities,0.20591999999999996
2021-11-17,Comm,-0.0023999999999999994
2021-11-17,Consumer,0.2867257142857143
2021-11-17,Energy,0.005625714285714286
2021-11-17,Financials,0.00799578947368421
2021-11-17,Healthcare,0.258895
2021-11-17,Industrials,0.07259333333333333
2021-11-17,Materials,0.23429333333333333
2021-11-17,RealEstate,0.16519166666666668
2021-11-17,Tech,0.10683696078431373
2021-11-17,Utilities,0.28803999999999996
2021-11-18,Comm,0.09115
2021-11-18,Consumer,0.13585857142857144
2021-11-18,Energy,-0.02236666666666667
2021-11-18,Financials,0.2992
2021-11-18,Healthcare,0.04713000000000001
2021-11-18,Industrials,0.12729333333333331
2021-11-18,Materials,0.1696
2021-11-18,RealEstate,0.3014166666666666
2021-11-18,Tech,0.11197155993431855
2021-11-18,Utilities,0.059199999999999996
2021-11-19,Comm,0.04325
2021-11-19,Consumer,0.087888
2021-11-19,Energy,-0.0799804761904762
2021-11-19,Financials,0.20528666666666667
2021-11-19,Healthcare,0.13001000000000001
2021-11-19,Industrials,0.0066500000000000005
2021-11-19,Materials,0.09324
2021-11-19,RealEstate,0.3014166666666666
2021-11-19,Tech,0.09595473684210526
2021-11-19,Utilities,0.17637999999999998
2021-11-22,Comm,0.05504833333333333
2021-11-22,Consumer,0.11859752380952382
2021-11-22,Energy,-0.11720333333333333
2021-11-22,Financials,0.3127885714285714
2021-11-22,Healthcare,-0.07825785714285713
2021-11-22,Industrials,0.091125
2021-11-22,Materials,0.25709499999999996
2021-11-22,RealEstate,0.24979666666666667
2021-11-22,Tech,0.1983993484848485
2021-11-22,Utilities,0.21952666666666665
2021-11-23,Comm,0.13581400000000002
2021-11-23,Consumer,0.13702766666666666
2021-11-23,Energy,0.23304399999999997
2021-11-23,Financials,0.064789
2021-11-23,Healthcare,0.017700000000000004
2021-11-23,Industrials,0.14454
2021-11-23,Materials,0.19970000000000002
2021-11-23,RealEstate,0.19996666666666668
2021-11-23,Tech,0.33617600000000003
2021-11-23,Utilities,0.15118
2021-11-24,Comm,0.19305499999999998
2021-11-24,Consumer,0.06570266666666666
2021-11-24,Energy,0.10753733333333333
2021-11-24,Financials,0.10677999999999999
2021-11-24,Healthcare,-0.24781999999999998
2021-11-24,Industrials,0.04576
2021-11-24,Materials,0.08092
2021-11-24,RealEstate,0.25916666666666666
2021-11-24,Tech,0.007843333333333336
2021-11-24,Utilities,0.21918
2021-11-26,Comm,-0.043273333333333316
2021-11-26,Consumer,0.274534
2021-11-26,Energy,-0.05994533333333333
2021-11-26,Financials,-0.07245966666666667
2021-11-26,Healthcare,0.005233333333333335
2021-11-26,Industrials,0.024555
2021-11-26,Materials,0.04046
2021-11-26,RealEstate,0.2823966666666667
2021-11-26,Tech,0.02046
2021-11-26,Utilities,0.21918
2021-11-29,Comm,-0.14057
2021-11-29,Consumer,0.04122575757575757
2021-11-29,Energy,0.0037500000000000033
2021-11-29,Financials,0.05996433333333333
2021-11-29,Healthcare,0.10947871794871795
2021-11-29,Industrials,0.058820000000000004
2021-11-29,Materials,0.04046
2021-11-29,RealEstate,0.12578
2021-11-29,Tech,0.13791257142857144
2021-11-29,Utilities,0.26673
2021-11-30,Comm,-0.17603
2021-11-30,Consumer,0.21220733333333333
2021-11-30,Energy,0.002795000000000003
2021-11-30,Financials,0.19243466666666667
2021-11-30,Healthcare,0.09838761904761906
2021-11-30,Industrials,0.04284666666666667
2021-11-30,Materials,0.08065
2021-11-30,RealEstate,0.0
2021-11-30,Tech,0.02141722222222222
2021-11-30,Utilities,0.21913
2021-12-01,Comm,0.14463333333333334
2021-12-01,Consumer,-0.080848
2021-12-01,Energy,0.21672333333333332
2021-12-01,Financials,0.021405
2021-12-01,Healthcare,-0.048593333333333336
2021-12-01,Industrials,-0.08699
2021-12-01,Materials,0.0005000000000000004
2021-12-01,RealEstate,0.04046
2021-12-01,Tech,-0.036729999999999985
2021-12-01,Utilities,0.08981
2021-12-02,Comm,-0.064
2021-12-02,Consumer,0.12208357142857143
2021-12-02,Energy,0.12397873015873015
2021-12-02,Financials,0.01406333333333335
2021-12-02,Healthcare,-0.12022666666666666
2021-12-02,Industrials,-0.0025499999999999993
2021-12-02,Materials,-0.18216666666666667
2021-12-02,RealEstate,0.22946
2021-12-02,Tech,0.17711696969696972
2021-12-02,Utilities,0.02732
2021-12-03,Comm,-0.021913333333333333
2021-12-03,Consumer,0.22299014285714286
2021-12-03,Energy,0.07136166666666667
2021-12-03,Financials,0.007251999999999992
2021-12-03,Healthcare,0.21332833333333334
2021-12-03,Industrials,0.12738
2021-12-03,Materials,0.004556666666666667
2021-12-03,RealEstate,0.02109999999999999
2021-12-03,Tech,0.14226607142857145
2021-12-03,Utilities,0.19344
2021-12-06,Comm,0.037622222222222224
2021-12-06,Consumer,0.07901809523809526
2021-12-06,Energy,0.03752988095238095
2021-12-06,Financials,0.03060933333333334
2021-12-06,Healthcare,0.17400722222222223
2021-12-06,Industrials,0.11961733333333333
2021-12-06,Materials,0.0765
2021-12-06,RealEstate,-0.0048100000000000035
2021-12-06,Tech,0.15547971212121212
2021-12-06,Utilities,0.27214
2021-12-07,Comm,0.19859333333333334
2021-12-07,Consumer,-0.027633333333333343
2021-12-07,Energy,0.10275233333333333
2021-12-07,Financials,0.06895055555555556
2021-12-07,Healthcare,0.08057611111111111
2021-12-07,Industrials,0.07634
2021-12-07,Materials,0.0765
2021-12-07,RealEstate,-0.05464
2021-12-07,Tech,0.2656154788838612
2021-12-07,Utilities,0.28539
2021-12-08,Comm,0.20429
2021-12-08,Consumer,0.06788999999999999
2021-12-08,Energy,0.16829666666666665
2021-12-08,Financials,-0.045172000000000004
2021-12-08,Healthcare,0.07407166666666667
2021-12-08,Industrials,-0.079525
2021-12-08,Materials,0.08808
2021-12-08,RealEstate,-0.04544
2021-12-08,Tech,0.07772583333333333
2021-12-08,Utilities,0.23775
2021-12-09,Comm,0.150055
2021-12-09,Consumer,0.119395
2021-12-09,Energy,0.046975
2021-12-09,Financials,0.23098999999999997
2021-12-09,Healthcare,0.08098000000000001
2021-12-09,Industrials,0.12252999999999999
2021-12-09,Materials,0.19453
2021-12-09,RealEstate,0.18891999999999998
2021-12-09,Tech,0.195892
2021-12-09,Utilities,0.21043000000000003
2021-12-10,Comm,0.15510666666666667
2021-12-10,Consumer,0.0253
2021-12-10,Energy,0.181544
2021-12-10,Financials,0.055742
2021-12-10,Healthcare,0.05132166666666667
2021-12-10,Industrials,0.10919666666666668
2021-12-10,Materials,0.26253000000000004
2021-12-10,RealEstate,0.20424000000000003
2021-12-10,Tech,0.14237863636363637
2021-12-10,Utilities,0.18155
2021-12-13,Comm,0.040465
2021-12-13,Consumer,0.05103
2021-12-13,Energy,0.09875380952380952
2021-12-13,Financials,0.292502
2021-12-13,Healthcare,0.21109166666666668
2021-12-13,Industrials,-0.021665
2021-12-13,Materials,0.10819000000000001
2021-12-13,RealEstate,0.013486666666666666
2021-12-13,Tech,0.08796136363636364
2021-12-13,Utilities,0.29634
2021-12-14,Comm,0.08975333333333332
2021-12-14,Consumer,0.10391733333333333
2021-12-14,Energy,0.23407
2021-12-14,Financials,0.10726666666666666
2021-12-14,Healthcare,0.049760000000000006
2021-12-14,Industrials,0.10634999999999999
2021-12-14,Materials,0.18571
2021-12-14,RealEstate,0.29263666666666666
2021-12-14,Tech,0.05729166666666667
2021-12-14,Utilities,0.20065999999999998
2021-12-15,Comm,0.11925400000000001
2021-12-15,Consumer,0.30734500000000003
2021-12-15,Energy,0.1956
2021-12-15,Financials,0.10769599999999999
2021-12-15,Healthcare,-0.014914999999999994
2021-12-15,Industrials,0.07432444444444444
2021-12-15,Materials,0.13557999999999998
2021-12-15,RealEstate,0.1783266666666667
2021-12-15,Tech,0.20407466666666668
2021-12-15,Utilities,0.1464
2021-12-16,Comm,0.21159750000000002
2021-12-16,Consumer,0.30762999999999996
2021-12-16,Energy,0.09286999999999998
2021-12-16,Financials,0.0021969999999999932
2021-12-16,Healthcare,0.018853999999999992
2021-12-16,Industrials,-0.01703
2021-12-16,Materials,0.06671333333333333
2021-12-16,RealEstate,0.12493000000000001
2021-12-16,Tech,0.08213541666666667
2021-12-16,Utilities,0.09176
2021-12-17,Comm,-0.029759999999999998
2021-12-17,Consumer,0.07232161904761905
2021-12-17,Energy,0.250992
2021-12-17,Financials,0.12727133333333335
2021-12-17,Healthcare,0.191208
2021-12-17,Industrials,0.029676285714285718
2021-12-17,Materials,0.06671333333333333
2021-12-17,RealEstate,0.10772999999999999
2021-12-17,Tech,-0.12269000000000001
2021-12-17,Utilities,0.0
2021-12-20,Comm,0.26794
2021-12-20,Consumer,0.12491312217194572
2021-12-20,Energy,0.09512666666666666
2021-12-20,Financials,0.04326060606060607
2021-12-20,Healthcare,0.11151933333333333
2021-12-20,Industrials,-0.07328250000000003
2021-12-20,Materials,0.07782
2021-12-20,RealEstate,0.15667
2021-12-20,Tech,0.022605000000000007
2021-12-20,Utilities,0.17284000000000002
2021-12-21,Comm,0.2146775
2021-12-21,Consumer,0.1932865664160401
2021-12-21,Energy,0.06780666666666665
2021-12-21,Financials,0.23377999999999996
2021-12-21,Healthcare,0.16483714285714285
2021-12-21,Industrials,-0.02656466666666668
2021-12-21,Materials,0.07782
2021-12-21,RealEstate,0.27568000000000004
2021-12-21,Tech,0.14878222222222223
2021-12-21,Utilities,0.29096
2021-12-22,Comm,0.36113
2021-12-22,Consumer,0.14503333333333332
2021-12-22,Energy,0.12057
2021-12-22,Financials,0.16199999999999998
2021-12-22,Healthcare,0.026512500000000005
2021-12-22,Industrials,0.28531333333333336
2021-12-22,Materials,0.07782
2021-12-22,RealEstate,0.23521999999999998
2021-12-22,Tech,0.5457966666666667
2021-12-22,Utilities,0.22271999999999997
2021-12-23,Comm,0.21645333333333333
2021-12-23,Consumer,0.0744225
2021-12-23,Energy,-0.015326666666666669
2021-12-23,Financials,0.11204
2021-12-23,Healthcare,0.21105372549019608
2021-12-23,Industrials,0.07708533333333334
2021-12-23,Materials,0.16787000000000002
2021-12-23,RealEstate,0.12083999999999999
2021-12-23,Tech,0.12270833333333334
2021-12-23,Utilities,0.15072000000000002
2021-12-27,Comm,0.23638583333333335
2021-12-27,Consumer,0.060158333333333314
2021-12-27,Energy,0.18410833333333332
2021-12-27,Financials,0.2250033333333333
2021-12-27,Healthcare,0.18295433333333333
2021-12-27,Industrials,0.23122533333333334
2021-12-27,Materials,0.07016
2021-12-27,RealEstate,-0.0251
2021-12-27,Tech,0.141954
2021-12-27,Utilities,0.03896999999999999
2021-12-28,Comm,0.17102
2021-12-28,Consumer,-0.06501900000000001
2021-12-28,Energy,-0.03384666666666667
2021-12-28,Financials,0.15820333333333333
2021-12-28,Healthcare,0.16068666666666664
2021-12-28,Industrials,0.190472
2021-12-28,Materials,0.18919
2021-12-28,RealEstate,0.059199999999999996
2021-12-28,Tech,0.23453981818181818
2021-12-28,Utilities,-0.00633999999999999
2021-12-29,Comm,0.013486666666666666
2021-12-29,Consumer,-0.047830833333333336
2021-12-29,Energy,0.16665333333333335
2021-12-29,Financials,-0.05865666666666667
2021-12-29,Healthcare,0.15628666666666663
2021-12-29,Industrials,0.24991
2021-12-29,Materials,0.28667
2021-12-29,RealEstate,0.1775
2021-12-29,Tech,0.18204766666666666
2021-12-29,Utilities,0.030730000000000014
2021-12-30,Comm,0.12137066666666665
2021-12-30,Consumer,0.07742833333333334
2021-12-30,Energy,0.080425
2021-12-30,Financials,0.3046933333333333
2021-12-30,Healthcare,0.1374338095238095
2021-12-30,Industrials,0.19578
2021-12-30,Materials,0.27755
2021-12-30,RealEstate,0.17148999999999998
2021-12-30,Tech,0.15874000000000002
2021-12-30,Utilities,0.10024000000000002
2021-12-31,Comm,0.013193333333333335
2021-12-31,Consumer,0.05556333333333334
2021-12-31,Energy,0.26161
2021-12-31,Financials,0.20055300000000004
2021-12-31,Healthcare,0.11529333333333332
2021-12-31,Industrials,0.0843
2021-12-31,Materials,0.27755
2021-12-31,RealEstate,0.14518999999999999
2021-12-31,Tech,0.2529195714285714
2021-12-31,Utilities,0.18296
2022-01-03,Comm,0.04105538461538462
2022-01-03,Consumer,0.0528665
2022-01-03,Energy,0.08277714285714285
2022-01-03,Financials,0.1868417142857143
2022-01-03,Healthcare,0.17695504761904762
2022-01-03,Industrials,0.24409
2022-01-03,Materials,0.20803
2022-01-03,RealEstate,0.10752999999999999
2022-01-03,Tech,0.2739595238095238
2022-01-03,Utilities,0.13384000000000001
2022-01-04,Comm,0.0671
2022-01-04,Consumer,0.028235
2022-01-04,Energy,0.06787333333333334
2022-01-04,Financials,0.10032022222222223
2022-01-04,Healthcare,0.061674666666666676
2022-01-04,Industrials,0.20781999999999998
2022-01-04,Materials,0.12738
2022-01-04,RealEstate,0.16673
2022-01-04,Tech,0.0665728431372549
2022-01-04,Utilities,0.20779999999999998
2022-01-05,Comm,0.2681733333333333
2022-01-05,Consumer,0.05369055555555556
2022-01-05,Energy,0.14951333333333333
2022-01-05,Financials,0.10695933333333336
2022-01-05,Healthcare,0.00662333333333334
2022-01-05,Industrials,0.10925333333333334
2022-01-05,Materials,0.018213333333333335
2022-01-05,RealEstate,0.10682
2022-01-05,Tech,0.14289372727272726
2022-01-05,Utilities,0.14078
2022-01-06,Comm,0.259594
2022-01-06,Consumer,0.15405466666666667
2022-01-06,Energy,0.08056
2022-01-06,Financials,0.19231
2022-01-06,Healthcare,0.31234
2022-01-06,Industrials,0.08702333333333334
2022-01-06,Materials,0.14086666666666667
2022-01-06,RealEstate,0.17759999999999998
2022-01-06,Tech,0.15982
2022-01-06,Utilities,0.19998
2022-01-07,Comm,0.133331
2022-01-07,Consumer,0.007654999999999995
2022-01-07,Energy,0.25558000000000003
2022-01-07,Financials,0.06870333333333334
2022-01-07,Healthcare,0.26008333333333333
2022-01-07,Industrials,0.063317
2022-01-07,Materials,0.18105666666666667
2022-01-07,RealEstate,0.17759999999999998
2022-01-07,Tech,0.05726
2022-01-07,Utilities,0.25060000000000004
2022-01-10,Comm,0.11823607142857143
2022-01-10,Consumer,0.087266
2022-01-10,Energy,0.177734
2022-01-10,Financials,0.19604014285714286
2022-01-10,Healthcare,0.22336666666666666
2022-01-10,Industrials,0.1759342857142857
2022-01-10,Materials,0.24025666666666665
2022-01-10,RealEstate,0.30498000000000003
2022-01-10,Tech,0.0809375
2022-01-10,Utilities,0.39106
2022-01-11,Comm,0.080425
2022-01-11,Consumer,0.13477333333333336
2022-01-11,Energy,0.2293938095238095
2022-01-11,Financials,0.14023833333333333
2022-01-11,Healthcare,0.18610333333333334
2022-01-11,Industrials,0.17206
2022-01-11,Materials,0.20006666666666667
2022-01-11,RealEstate,0.012219999999999976
2022-01-11,Tech,0.11937288888888889
2022-01-11,Utilities,0.30303
2022-01-12,Comm,0.15800533333333333
2022-01-12,Consumer,0.11625733333333335
2022-01-12,Energy,0.25407583333333333
2022-01-12,Financials,0.21385939393939393
2022-01-12,Healthcare,0.10244666666666666
2022-01-12,Industrials,0.19689833333333334
2022-01-12,Materials,0.14086666666666667
2022-01-12,RealEstate,-0.174105
2022-01-12,Tech,0.167232
2022-01-12,Utilities,0.30303
2022-01-13,Comm,0.2048
2022-01-13,Consumer,0.255645
2022-01-13,Energy,0.14125766666666667
2022-01-13,Financials,0.13047952380952382
2022-01-13,Healthcare,0.11591100000000001
2022-01-13,Industrials,0.08069833333333333
2022-01-13,Materials,0.23784
2022-01-13,RealEstate,-0.006319999999999992
2022-01-13,Tech,0.22780425396825396
2022-01-13,Utilities,0.32674000000000003
2022-01-14,Comm,0.0408
2022-01-14,Consumer,-0.029882500000000013
2022-01-14,Energy,0.12425400000000002
2022-01-14,Financials,0.14432946886446887
2022-01-14,Healthcare,0.20001000000000002
2022-01-14,Industrials,0.19151555555555558
2022-01-14,Materials,0.19232666666666667
2022-01-14,RealEstate,0.1226
2022-01-14,Tech,0.20481952380952378
2022-01-14,Utilities,0.16258
2022-01-18,Comm,-0.07447665266106443
2022-01-18,Consumer,0.01407248717948718
2022-01-18,Energy,0.21999
2022-01-18,Financials,0.13850012185686653
2022-01-18,Healthcare,0.178979
2022-01-18,Industrials,0.07320102564102564
2022-01-18,Materials,0.07902533333333334
2022-01-18,RealEstate,-0.04019
2022-01-18,Tech,0.1889322380952381
2022-01-18,Utilities,0.38975333333333334
2022-01-19,Comm,0.06521000000000002
2022-01-19,Consumer,0.064398
2022-01-19,Energy,0.17441333333333334
2022-01-19,Financials,0.16041494591682826
2022-01-19,Healthcare,0.049434000000000006
2022-01-19,Industrials,0.060601333333333327
2022-01-19,Materials,0.15393866666666667
2022-01-19,RealEstate,0.13741
2022-01-19,Tech,0.1899003333333333
2022-01-19,Utilities,0.1315366666666667
2022-01-20,Comm,0.31395151515151515
2022-01-20,Consumer,0.10373746031746034
2022-01-20,Energy,0.14776416666666667
2022-01-20,Financials,0.13082880952380954
2022-01-20,Healthcare,0.03701533333333333
2022-01-20,Industrials,0.16089933333333334
2022-01-20,Materials,0.15747333333333333
2022-01-20,RealEstate,0.27708
2022-01-20,Tech,0.22160061904761905
2022-01-20,Utilities,0.38592
2022-01-21,Comm,0.32706666666666667
2022-01-21,Consumer,0.1637292156862745
2022-01-21,Energy,0.115761
2022-01-21,Financials,0.29508285714285715
2022-01-21,Healthcare,-0.07618866666666665
2022-01-21,Industrials,0.07250933333333333
2022-01-21,Materials,0.19328666666666666
2022-01-21,RealEstate,0.31821
2022-01-21,Tech,0.1490960606060606
2022-01-21,Utilities,0.20318
2022-01-24,Comm,0.13162333333333334
2022-01-24,Consumer,0.08680333333333333
2022-01-24,Energy,0.04217333333333334
2022-01-24,Financials,0.30915666666666664
2022-01-24,Healthcare,0.006001944444444447
2022-01-24,Industrials,0.149028
2022-01-24,Materials,0.13701999999999998
2022-01-24,RealEstate,0.16029
2022-01-24,Tech,0.1463196114996115
2022-01-24,Utilities,0.09129499999999999
2022-01-25,Comm,0.07506666666666667
2022-01-25,Consumer,0.07974366666666666
2022-01-25,Energy,0.21794466666666668
2022-01-25,Financials,0.22650628571428574
2022-01-25,Healthcare,-0.011129999999999996
2022-01-25,Industrials,0.08148089994972348
2022-01-25,Materials,0.09738
2022-01-25,RealEstate,0.204535
2022-01-25,Tech,0.030626333333333332
2022-01-25,Utilities,0.2609933333333333
2022-01-26,Comm,0.2940820588235294
2022-01-26,Consumer,0.10686588235294119
2022-01-26,Energy,0.17265611111111112
2022-01-26,Financials,0.07843333333333333
2022-01-26,Healthcare,0.07608428571428572
2022-01-26,Industrials,0.086638115942029
2022-01-26,Materials,0.07742
2022-01-26,RealEstate,0.153515
2022-01-26,Tech,0.05139375028480292
2022-01-26,Utilities,0.31431
2022-01-27,Comm,0.17402440476190476
2022-01-27,Consumer,0.01929738095238095
2022-01-27,Energy,0.06996115384615384
2022-01-27,Financials,0.1887352142857143
2022-01-27,Healthcare,0.18564833333333336
2022-01-27,Industrials,0.14601899999999998
2022-01-27,Materials,0.1264675
2022-01-27,RealEstate,0.30445
2022-01-27,Tech,0.1112635
2022-01-27,Utilities,0.35874666666666666
2022-01-28,Comm,-0.142852
2022-01-28,Consumer,0.025029714285714287
2022-01-28,Energy,0.12330347222222222
2022-01-28,Financials,0.12099575091575092
2022-01-28,Healthcare,0.10758000000000001
2022-01-28,Industrials,0.1273485
2022-01-28,Materials,0.0375425
2022-01-28,RealEstate,0.06345999999999999
2022-01-28,Tech,0.18397704761904762
2022-01-28,Utilities,0.22712666666666664
2022-01-31,Comm,0.093698
2022-01-31,Consumer,0.13369066666666668
2022-01-31,Energy,0.16093
2022-01-31,Financials,0.05790333333333333
2022-01-31,Healthcare,0.13813385714285714
2022-01-31,Industrials,0.16099541666666667
2022-01-31,Materials,-0.023394999999999992
2022-01-31,RealEstate,0.42042999999999997
2022-01-31,Tech,0.10722633333333334
2022-01-31,Utilities,0.19514
2022-02-01,Comm,0.049703809523809525
2022-02-01,Consumer,-0.07741499999999998
2022-02-01,Energy,0.14600104347826087
2022-02-01,Financials,0.06315704761904761
2022-02-01,Healthcare,0.07979042735042734
2022-02-01,Industrials,0.09789736842105262
2022-02-01,Materials,0.07129833333333334
2022-02-01,RealEstate,0.39248000000000005
2022-02-01,Tech,0.15685740740740742
2022-02-01,Utilities,0.40704
2022-02-02,Comm,0.14724809523809523
2022-02-02,Consumer,-0.03529452380952379
2022-02-02,Energy,0.13810966666666666
2022-02-02,Financials,0.292026
2022-02-02,Healthcare,0.03654304761904763
2022-02-02,Industrials,0.19910833333333333
2022-02-02,Materials,0.12924333333333335
2022-02-02,RealEstate,0.18727
2022-02-02,Tech,0.22465782559638944
2022-02-02,Utilities,0.21882666666666667
2022-02-03,Comm,0.18241666666666667
2022-02-03,Consumer,0.2271516666666667
2022-02-03,Energy,0.13196944444444444
2022-02-03,Financials,0.2379533333333333
2022-02-03,Healthcare,0.10934499999999998
2022-02-03,Industrials,0.14650100000000002
2022-02-03,Materials,0.0005600000000000049
2022-02-03,RealEstate,0.19870000000000002
2022-02-03,Tech,0.19348126984126984
2022-02-03,Utilities,0.38072
2022-02-04,Comm,0.037856
2022-02-04,Consumer,0.08700666666666665
2022-02-04,Energy,0.17030499999999998
2022-02-04,Financials,0.16573047619047618
2022-02-04,Healthcare,-0.09529333333333333
2022-02-04,Industrials,0.38427500000000003
2022-02-04,Materials,0.12264
2022-02-04,RealEstate,0.19870000000000002
2022-02-04,Tech,0.027996666666666663
2022-02-04,Utilities,0.3694966666666667
2022-02-07,Comm,0.20077066666666665
2022-02-07,Consumer,0.07407272727272726
2022-02-07,Energy,0.12365119047619047
2022-02-07,Financials,0.10105133333333334
2022-02-07,Healthcare,0.18335460317460317
2022-02-07,Industrials,0.3402
2022-02-07,Materials,0.13164
2022-02-07,RealEstate,0.062490000000000004
2022-02-07,Tech,0.08315738095238093
2022-02-07,Utilities,0.14033333333333334
2022-02-08,Comm,0.10554833333333336
2022-02-08,Consumer,0.1453379393939394
2022-02-08,Energy,0.23979399999999998
2022-02-08,Financials,0.15966466666666665
2022-02-08,Healthcare,0.07148142857142857
2022-02-08,Industrials,0.049453333333333335
2022-02-08,Materials,0.16494999999999999
2022-02-08,RealEstate,0.08823
2022-02-08,Tech,0.2332439285714286
2022-02-08,Utilities,0.2003
2022-02-09,Comm,0.23179599999999997
2022-02-09,Consumer,0.07301061904761905
2022-02-09,Energy,0.14506999999999998
2022-02-09,Financials,0.16081666666666666
2022-02-09,Healthcare,0.26994666666666667
2022-02-09,Industrials,0.049833333333333334
2022-02-09,Materials,0.16194
2022-02-09,RealEstate,0.06493
2022-02-09,Tech,0.14765569230769232
2022-02-09,Utilities,0.26162
2022-02-10,Comm,0.4204933333333334
2022-02-10,Consumer,0.1461269751552795
2022-02-10,Energy,0.10075857142857143
2022-02-10,Financials,0.012031666666666668
2022-02-10,Healthcare,0.006826666666666664
2022-02-10,Industrials,0.022134
2022-02-10,Materials,0.08945
2022-02-10,RealEstate,0.19182000000000002
2022-02-10,Tech,0.0653725
2022-02-10,Utilities,0.22026399999999996
2022-02-11,Comm,-0.008063333333333334
2022-02-11,Consumer,-0.003965000000000003
2022-02-11,Energy,0.236014
2022-02-11,Financials,0.05312133333333333
2022-02-11,Healthcare,0.3938966666666667
2022-02-11,Industrials,0.11439666666666666
2022-02-11,Materials,0.26280000000000003
2022-02-11,RealEstate,0.10942
2022-02-11,Tech,0.04806722222222222
2022-02-11,Utilities,0.147532
2022-02-14,Comm,0.18856933333333334
2022-02-14,Consumer,0.11045257936507938
2022-02-14,Energy,0.18192111111111112
2022-02-14,Financials,-0.03953460317460318
2022-02-14,Healthcare,-0.02120238095238095
2022-02-14,Industrials,-0.09685833333333334
2022-02-14,Materials,0.17646
2022-02-14,RealEstate,0.37519
2022-02-14,Tech,0.051770608974358964
2022-02-14,Utilities,0.24826
2022-02-15,Comm,0.29796
2022-02-15,Consumer,0.1757313888888889
2022-02-15,Energy,0.10270200000000003
2022-02-15,Financials,0.20307933333333333
2022-02-15,Healthcare,0.023863333333333337
2022-02-15,Industrials,0.03738166666666666
2022-02-15,Materials,0.10846
2022-02-15,RealEstate,0.38062
2022-02-15,Tech,0.13991388235294117
2022-02-15,Utilities,0.2973
2022-02-16,Comm,0.14061
2022-02-16,Consumer,0.16758466666666666
2022-02-16,Energy,0.15267
2022-02-16,Financials,0.16085999999999998
2022-02-16,Healthcare,0.18097866666666668
2022-02-16,Industrials,-0.021032142857142853
2022-02-16,Materials,-0.003920000000000002
2022-02-16,RealEstate,0.38026
2022-02-16,Tech,0.15562894117647058
2022-02-16,Utilities,0.22294666666666668
2022-02-17,Comm,0.20713285714285715
2022-02-17,Consumer,0.07530797101449276
2022-02-17,Energy,0.09064399999999999
2022-02-17,Financials,-0.04690054545454545
2022-02-17,Healthcare,0.11351771428571429
2022-02-17,Industrials,0.058735
2022-02-17,Materials,0.0
2022-02-17,RealEstate,0.04166
2022-02-17,Tech,0.14560173333333334
2022-02-17,Utilities,0.17450333333333334
2022-02-18,Comm,0.16843999999999998
2022-02-18,Consumer,0.02026083333333334
2022-02-18,Energy,0.12689
2022-02-18,Financials,0.05961333333333334
2022-02-18,Healthcare,0.16795666666666667
2022-02-18,Industrials,0.030375000000000003
2022-02-18,Materials,-0.15641599999999997
2022-02-18,RealEstate,-0.01779
2022-02-18,Tech,0.17302533333333334
2022-02-18,Utilities,0.09725500000000001
2022-02-22,Comm,-0.06219857142857142
2022-02-22,Consumer,0.10521680952380952
2022-02-22,Energy,0.0656075
2022-02-22,Financials,0.06669285714285715
2022-02-22,Healthcare,0.1251404761904762
2022-02-22,Industrials,0.08256250000000001
2022-02-22,Materials,0.14208333333333337
2022-02-22,RealEstate,0.106737
2022-02-22,Tech,0.14458807142857144
2022-02-22,Utilities,0.03414133333333334
2022-02-23,Comm,-0.13194
2022-02-23,Consumer,-0.010833333333333316
2022-02-23,Energy,0.12198883333333335
2022-02-23,Financials,-0.048138333333333325
2022-02-23,Healthcare,0.11111
2022-02-23,Industrials,-0.06950999999999999
2022-02-23,Materials,0.23998999999999998
2022-02-23,RealEstate,0.05957000000000001
2022-02-23,Tech,0.21207666666666664
2022-02-23,Utilities,0.06656666666666666
2022-02-24,Comm,0.02401000000000001
2022-02-24,Consumer,0.013923333333333333
2022-02-24,Energy,-0.026094111111111106
2022-02-24,Financials,0.025797142857142852
2022-02-24,Healthcare,0.20776500000000003
2022-02-24,Industrials,0.04623666666666667
2022-02-24,Materials,0.22519
2022-02-24,RealEstate,0.234458
2022-02-24,Tech,0.06595333333333335
2022-02-24,Utilities,0.03681333333333332
2022-02-25,Comm,0.05846
2022-02-25,Consumer,0.05095666666666665
2022-02-25,Energy,0.14539564102564104
2022-02-25,Financials,0.009335999999999994
2022-02-25,Healthcare,0.03128
2022-02-25,Industrials,0.057286666666666666
2022-02-25,Materials,0.0
2022-02-25,RealEstate,0.2160966666666667
2022-02-25,Tech,-0.10427238095238094
2022-02-25,Utilities,0.05332
2022-02-28,Comm,0.1937188888888889
2022-02-28,Consumer,0.18484591208791207
2022-02-28,Energy,0.151461
2022-02-28,Financials,-0.0004782738095238076
2022-02-28,Healthcare,0.16369833333333333
2022-02-28,Industrials,0.145776
2022-02-28,Materials,0.0
2022-02-28,RealEstate,0.22866666666666666
2022-02-28,Tech,0.1611560606060606
2022-02-28,Utilities,0.16144333333333333
2022-03-01,Comm,0.19804000000000002
2022-03-01,Consumer,0.031077857142857147
2022-03-01,Energy,0.07642304197994987
2022-03-01,Financials,-0.09402680952380953
2022-03-01,Healthcare,0.10758666666666668
2022-03-01,Industrials,0.13415733333333332
2022-03-01,Materials,0.21058000000000004
2022-03-01,RealEstate,0.053946666666666664
2022-03-01,Tech,0.1823533333333333
2022-03-01,Utilities,0.08951333333333333
2022-03-02,Comm,0.031563999999999995
2022-03-02,Consumer,0.15917777777777778
2022-03-02,Energy,0.1797242857142857
2022-03-02,Financials,0.08833047619047618
2022-03-02,Healthcare,0.06908
2022-03-02,Industrials,0.11243533333333333
2022-03-02,Materials,0.18845
2022-03-02,RealEstate,0.06597
2022-03-02,Tech,0.275344
2022-03-02,Utilities,0.08951333333333333
2022-03-03,Comm,-0.039318
2022-03-03,Consumer,0.07471171428571428
2022-03-03,Energy,0.15227230769230768
2022-03-03,Financials,0.21699000000000002
2022-03-03,Healthcare,0.061390000000000014
2022-03-03,Industrials,0.14898333333333333
2022-03-03,Materials,0.18845
2022-03-03,RealEstate,0.174575
2022-03-03,Tech,0.09650651515151515
2022-03-03,Utilities,-0.03632
2022-03-04,Comm,-0.10259
2022-03-04,Consumer,0.07359085714285715
2022-03-04,Energy,0.10133966666666668
2022-03-04,Financials,0.09630666666666668
2022-03-04,Healthcare,0.12006999999999998
2022-03-04,Industrials,0.13381666666666664
2022-03-04,Materials,-0.0041799999999999945
2022-03-04,RealEstate,0.31189833333333333
2022-03-04,Tech,0.05196861904761905
2022-03-04,Utilities,0.15630666666666668
2022-03-07,Comm,0.05576333333333333
2022-03-07,Consumer,0.1264695238095238
2022-03-07,Energy,0.053553879120879125
2022-03-07,Financials,0.002762461538461533
2022-03-07,Healthcare,0.20492166666666667
2022-03-07,Industrials,0.14560333333333336
2022-03-07,Materials,0.04526
2022-03-07,RealEstate,0.12240666666666669
2022-03-07,Tech,0.026949190476190477
2022-03-07,Utilities,0.14495166666666667
2022-03-08,Comm,0.09051333333333332
2022-03-08,Consumer,0.17687952380952382
2022-03-08,Energy,0.13276911111111112
2022-03-08,Financials,0.0681
2022-03-08,Healthcare,-0.085295
2022-03-08,Industrials,-0.0048099999999999974
2022-03-08,Materials,0.10544
2022-03-08,RealEstate,0.1826866666666667
2022-03-08,Tech,0.0710149696969697
2022-03-08,Utilities,0.09120666666666666
2022-03-09,Comm,0.10213000000000001
2022-03-09,Consumer,0.05289221428571429
2022-03-09,Energy,0.12005433333333335
2022-03-09,Financials,0.13993133333333332
2022-03-09,Healthcare,0.05889
2022-03-09,Industrials,0.22532380952380954
2022-03-09,Materials,0.05589999999999999
2022-03-09,RealEstate,0.03414000000000001
2022-03-09,Tech,0.08829400000000001
2022-03-09,Utilities,0.03909666666666666
2022-03-10,Comm,0.11886666666666668
2022-03-10,Consumer,0.07712866666666666
2022-03-10,Energy,0.11546928571428569
2022-03-10,Financials,-0.014047142857142864
2022-03-10,Healthcare,-0.04321666666666667
2022-03-10,Industrials,-0.014774285714285712
2022-03-10,Materials,0.09483
2022-03-10,RealEstate,0.10200000000000001
2022-03-10,Tech,0.31914292307692305
2022-03-10,Utilities,0.062360000000000006
2022-03-11,Comm,0.079255
2022-03-11,Consumer,0.07675266666666666
2022-03-11,Energy,0.12263555555555557
2022-03-11,Financials,0.01792428571428571
2022-03-11,Healthcare,0.1535975
2022-03-11,Industrials,0.11408
2022-03-11,Materials,0.10415333333333335
2022-03-11,RealEstate,0.18164000000000002
2022-03-11,Tech,0.07941400000000001
2022-03-11,Utilities,0.17384
2022-03-14,Comm,0.10785928571428571
2022-03-14,Consumer,0.07662535714285715
2022-03-14,Energy,0.19980072222222223
2022-03-14,Financials,0.18049142857142858
2022-03-14,Healthcare,0.24507666666666666
2022-03-14,Industrials,0.27364
2022-03-14,Materials,0.15415333333333334
2022-03-14,RealEstate,0.12754000000000001
2022-03-14,Tech,0.26458244444444445
2022-03-14,Utilities,0.06917333333333334
2022-03-15,Comm,0.151826
2022-03-15,Consumer,0.13443555555555556
2022-03-15,Energy,0.19167826190476192
2022-03-15,Financials,0.013815111111111122
2022-03-15,Healthcare,-0.07027000000000001
2022-03-15,Industrials,0.20506000000000002
2022-03-15,Materials,0.21619333333333332
2022-03-15,RealEstate,0.22911333333333334
2022-03-15,Tech,0.10468659595959595
2022-03-15,Utilities,0.15655333333333332
2022-03-16,Comm,0.19770000000000001
2022-03-16,Consumer,0.10662166666666666
2022-03-16,Energy,0.18090438311688312
2022-03-16,Financials,0.1671062857142857
2022-03-16,Healthcare,0.09095785714285715
2022-03-16,Industrials,0.05753285714285714
2022-03-16,Materials,0.22168333333333332
2022-03-16,RealEstate,0.30772
2022-03-16,Tech,0.15264024675324675
2022-03-16,Utilities,0.12
2022-03-17,Comm,0.07490666666666668
2022-03-17,Consumer,0.01987111111111112
2022-03-17,Energy,0.16019151515151514
2022-03-17,Financials,0.21845214285714287
2022-03-17,Healthcare,0.13530466666666668
2022-03-17,Industrials,0.16751181818181818
2022-03-17,Materials,0.15849
2022-03-17,RealEstate,0.30772
2022-03-17,Tech,0.09911716666666667
2022-03-17,Utilities,0.05798
2022-03-18,Comm,0.28582
2022-03-18,Consumer,0.12647276190476192
2022-03-18,Energy,0.07074333333333332
2022-03-18,Financials,0.13341333333333333
2022-03-18,Healthcare,0.20897333333333332
2022-03-18,Industrials,0.12120333333333333
2022-03-18,Materials,0.010940000000000016
2022-03-18,RealEstate,0.07003000000000001
2022-03-18,Tech,0.1473853333333333
2022-03-18,Utilities,0.13835999999999998
2022-03-21,Comm,0.163078
2022-03-21,Consumer,0.30303433333333335
2022-03-21,Energy,0.0998901948051948
2022-03-21,Financials,0.05901466666666666
2022-03-21,Healthcare,0.18445333333333333
2022-03-21,Industrials,0.023154666666666657
2022-03-21,Materials,0.16297333333333336
2022-03-21,RealEstate,0.10135166666666666
2022-03-21,Tech,0.13817333333333331
2022-03-21,Utilities,0.10329999999999999
2022-03-22,Comm,0.008776666666666677
2022-03-22,Consumer,0.23175222222222222
2022-03-22,Energy,0.1527926666666667
2022-03-22,Financials,0.11040666666666665
2022-03-22,Healthcare,-0.06053833333333332
2022-03-22,Industrials,-0.06732666666666667
2022-03-22,Materials,0.1183
2022-03-22,RealEstate,0.11564666666666668
2022-03-22,Tech,0.12455219047619046
2022-03-22,Utilities,0.2973
2022-03-23,Comm,0.06853000000000001
2022-03-23,Consumer,0.1509675
2022-03-23,Energy,0.04383416666666667
2022-03-23,Financials,0.3455833333333333
2022-03-23,Healthcare,0.05826000000000001
2022-03-23,Industrials,-0.06891333333333333
2022-03-23,Materials,0.034
2022-03-23,RealEstate,0.20372666666666667
2022-03-23,Tech,0.0995515303030303
2022-03-23,Utilities,0.24348
2022-03-24,Comm,0.173215
2022-03-24,Consumer,-0.04295523809523809
2022-03-24,Energy,0.10499238461538463
2022-03-24,Financials,0.05980704761904763
2022-03-24,Healthcare,0.161075
2022-03-24,Industrials,-0.10988571428571428
2022-03-24,Materials,0.10037000000000003
2022-03-24,RealEstate,0.12196666666666667
2022-03-24,Tech,0.13425789277389277
2022-03-24,Utilities,0.35276
2022-03-25,Comm,0.020915000000000007
2022-03-25,Consumer,0.10013083333333335
2022-03-25,Energy,0.30355533333333334
2022-03-25,Financials,0.20247199999999999
2022-03-25,Healthcare,0.158885
2022-03-25,Industrials,0.12291999999999999
2022-03-25,Materials,0.17660666666666666
2022-03-25,RealEstate,0.09628
2022-03-25,Tech,0.13006791666666667
2022-03-25,Utilities,0.25748
2022-03-28,Comm,0.06674133333333333
2022-03-28,Consumer,0.15206422619047616
2022-03-28,Energy,0.29883
2022-03-28,Financials,0.021341428571428574
2022-03-28,Healthcare,0.017685
2022-03-28,Industrials,0.17419333333333334
2022-03-28,Materials,0.21276
2022-03-28,RealEstate,0.15168
2022-03-28,Tech,0.26842
2022-03-28,Utilities,0.361012
2022-03-29,Comm,0.10362533333333332
2022-03-29,Consumer,0.12729283333333336
2022-03-29,Energy,0.11205909090909091
2022-03-29,Financials,-0.049535
2022-03-29,Healthcare,0.040900000000000006
2022-03-29,Industrials,0.12603266666666668
2022-03-29,Materials,-0.0010066666666666668
2022-03-29,RealEstate,0.24170666666666665
2022-03-29,Tech,0.13618295238095238
2022-03-29,Utilities,0.150156
2022-03-30,Comm,0.07804000000000001
2022-03-30,Consumer,0.17972380952380954
2022-03-30,Energy,0.29473333333333335
2022-03-30,Financials,-0.01832
2022-03-30,Healthcare,0.11191333333333334
2022-03-30,Industrials,0.37058222222222226
2022-03-30,Materials,0.068
2022-03-30,RealEstate,0.3529966666666667
2022-03-30,Tech,0.14768283333333335
2022-03-30,Utilities,0.44968
2022-03-31,Comm,0.14542
2022-03-31,Consumer,0.051818333333333334
2022-03-31,Energy,0.01515666666666667
2022-03-31,Financials,0.009513333333333329
2022-03-31,Healthcare,0.11594000000000002
2022-03-31,Industrials,0.20839333333333335
2022-03-31,Materials,0.30779
2022-03-31,RealEstate,0.07752
2022-03-31,Tech,0.13486230158730156
2022-03-31,Utilities,0.37373
2022-04-01,Comm,0.060160000000000005
2022-04-01,Consumer,0.019857761904761906
2022-04-01,Energy,0.298718
2022-04-01,Financials,0.13265444444444446
2022-04-01,Healthcare,0.29203
2022-04-01,Industrials,-0.012975999999999998
2022-04-01,Materials,0.43063
2022-04-01,RealEstate,0.2728
2022-04-01,Tech,0.09031396736596738
2022-04-01,Utilities,0.41662333333333335
2022-04-04,Comm,0.147815
2022-04-04,Consumer,0.09766997899159664
2022-04-04,Energy,0.1718056666666667
2022-04-04,Financials,-0.005731384615384613
2022-04-04,Healthcare,0.07855700000000002
2022-04-04,Industrials,0.150995
2022-04-04,Materials,0.19585
2022-04-04,RealEstate,0.162575
2022-04-04,Tech,0.11491586466165413
2022-04-04,Utilities,0.2465
2022-04-05,Comm,-0.069578
2022-04-05,Consumer,0.08657761904761904
2022-04-05,Energy,0.05895199999999999
2022-04-05,Financials,0.189116
2022-04-05,Healthcare,0.161048
2022-04-05,Industrials,0.025967619047619052
2022-04-05,Materials,0.12086999999999999
2022-04-05,RealEstate,0.191888
2022-04-05,Tech,0.027225884615384617
2022-04-05,Utilities,0.24348
2022-04-06,Comm,-0.05691666666666666
2022-04-06,Consumer,0.07396133333333335
2022-04-06,Energy,0.23025
2022-04-06,Financials,0.11085699999999998
2022-04-06,Healthcare,0.095205
2022-04-06,Industrials,0.107702
2022-04-06,Materials,0.16645333333333334
2022-04-06,RealEstate,0.156888
2022-04-06,Tech,0.1552212857142857
2022-04-06,Utilities,0.31173
2022-04-07,Comm,-0.10312166666666667
2022-04-07,Consumer,0.014387444444444447
2022-04-07,Energy,0.139066
2022-04-07,Financials,0.058994333333333336
2022-04-07,Healthcare,0.14268999999999998
2022-04-07,Industrials,0.04382
2022-04-07,Materials,0.16132
2022-04-07,RealEstate,0.08236
2022-04-07,Tech,0.23489771428571432
2022-04-07,Utilities,0.16868333333333335
2022-04-08,Comm,-0.082015
2022-04-08,Consumer,0.14961166666666664
2022-04-08,Energy,0.2749605714285714
2022-04-08,Financials,0.03279450980392156
2022-04-08,Healthcare,0.358438
2022-04-08,Industrials,0.034914999999999995
2022-04-08,Materials,0.17911000000000002
2022-04-08,RealEstate,0.11839999999999999
2022-04-08,Tech,0.3748053333333333
2022-04-08,Utilities,0.16868333333333335
2022-04-11,Comm,0.021166764705882354
2022-04-11,Consumer,0.14869092857142857
2022-04-11,Energy,0.3137158333333333
2022-04-11,Financials,0.004413142857142854
2022-04-11,Healthcare,0.09281966666666666
2022-04-11,Industrials,0.07996222222222223
2022-04-11,Materials,0.33958
2022-04-11,RealEstate,0.017773333333333325
2022-04-11,Tech,0.203927027972028
2022-04-11,Utilities,0.21238
2022-04-12,Comm,0.2233242857142857
2022-04-12,Consumer,0.12629857142857143
2022-04-12,Energy,0.18135844444444443
2022-04-12,Financials,0.07644481818181818
2022-04-12,Healthcare,0.09319999999999999
2022-04-12,Industrials,0.06599066666666667
2022-04-12,Materials,0.15298099999999998
2022-04-12,RealEstate,0.28442
2022-04-12,Tech,0.12285428571428572
2022-04-12,Utilities,0.2871
2022-04-13,Comm,0.27252166666666666
2022-04-13,Consumer,0.012541999999999998
2022-04-13,Energy,0.25183994444444446
2022-04-13,Financials,0.1672337777777778
2022-04-13,Healthcare,0.053861666666666676
2022-04-13,Industrials,0.11536666666666669
2022-04-13,Materials,0.2803916666666667
2022-04-13,RealEstate,0.24861
2022-04-13,Tech,0.11626999999999998
2022-04-13,Utilities,0.2871
2022-04-14,Comm,0.025556000000000002
2022-04-14,Consumer,0.12246642857142856
2022-04-14,Energy,0.28400333333333333
2022-04-14,Financials,0.16878082857142856
2022-04-14,Healthcare,0.09074485714285713
2022-04-14,Industrials,0.07676000000000001
2022-04-14,Materials,0.179595
2022-04-14,RealEstate,0.26885000000000003
2022-04-14,Tech,0.006591666666666667
2022-04-14,Utilities,0.37732
2022-04-18,Comm,0.035902857142857146
2022-04-18,Consumer,0.180084
2022-04-18,Energy,0.31963444444444444
2022-04-18,Financials,0.2705777922077922
2022-04-18,Healthcare,0.09386666666666665
2022-04-18,Industrials,0.09792
2022-04-18,Materials,0.12001500000000001
2022-04-18,RealEstate,0.128055
2022-04-18,Tech,0.09197
2022-04-18,Utilities,0.23332000000000003
2022-04-19,Comm,-0.03867466666666666
2022-04-19,Consumer,0.10732969047619045
2022-04-19,Energy,0.21925599999999998
2022-04-19,Financials,0.24826800000000002
2022-04-19,Healthcare,-0.007743523809523811
2022-04-19,Industrials,0.11024133333333333
2022-04-19,Materials,0.051439999999999986
2022-04-19,RealEstate,-0.09386399999999999
2022-04-19,Tech,0.17060755555555557
2022-04-19,Utilities,0.29446000000000006
2022-04-20,Comm,0.04822333333333333
2022-04-20,Consumer,0.002762000000000011
2022-04-20,Energy,0.16484000000000001
2022-04-20,Financials,0.04578
2022-04-20,Healthcare,0.2032608333333333
2022-04-20,Industrials,0.10845400000000001
2022-04-20,Materials,0.06941133333333334
2022-04-20,RealEstate,-0.080534
2022-04-20,Tech,0.220681
2022-04-20,Utilities,0.14286000000000004
2022-04-21,Comm,0.15636494736842105
2022-04-21,Consumer,0.14994066666666667
2022-04-21,Energy,0.24877416666666669
2022-04-21,Financials,-0.03919666666666667
2022-04-21,Healthcare,0.12141666666666669
2022-04-21,Industrials,0.2278
2022-04-21,Materials,0.06708044444444444
2022-04-21,RealEstate,0.027645000000000003
2022-04-21,Tech,0.06318880952380952
2022-04-21,Utilities,0.3955966666666667
2022-04-22,Comm,0.04176857142857143
2022-04-22,Consumer,0.15205190476190475
2022-04-22,Energy,0.09840966666666669
2022-04-22,Financials,0.138025
2022-04-22,Healthcare,0.08154000000000002
2022-04-22,Industrials,-0.08736000000000001
2022-04-22,Materials,0.052000888888888895
2022-04-22,RealEstate,0.11336500000000001
2022-04-22,Tech,0.027360000000000002
2022-04-22,Utilities,0.13824533333333333
2022-04-25,Comm,0.068066
2022-04-25,Consumer,0.07200406666666667
2022-04-25,Energy,0.11920595093795094
2022-04-25,Financials,0.16706333333333334
2022-04-25,Healthcare,0.25021733333333335
2022-04-25,Industrials,0.16140285714285713
2022-04-25,Materials,0.19062083333333335
2022-04-25,RealEstate,0.13704666666666668
2022-04-25,Tech,0.1535740238095238
2022-04-25,Utilities,0.160215
2022-04-26,Comm,0.2819006666666667
2022-04-26,Consumer,0.07064
2022-04-26,Energy,0.13172160173160175
2022-04-26,Financials,0.15742644444444445
2022-04-26,Healthcare,-0.05726321428571428
2022-04-26,Industrials,0.005615233766233768
2022-04-26,Materials,0.14365999999999998
2022-04-26,RealEstate,0.0
2022-04-26,Tech,0.135942
2022-04-26,Utilities,0.28776
2022-04-27,Comm,0.07301071428571429
2022-04-27,Consumer,0.05156588888888889
2022-04-27,Energy,0.3351937777777778
2022-04-27,Financials,0.06328911111111112
2022-04-27,Healthcare,0.08906333333333334
2022-04-27,Industrials,0.05259499999999999
2022-04-27,Materials,0.08981
2022-04-27,RealEstate,0.046045
2022-04-27,Tech,0.1499608888888889
2022-04-27,Utilities,0.12302333333333333
2022-04-28,Comm,0.02522
2022-04-28,Consumer,0.18108166666666667
2022-04-28,Energy,0.2515092857142857
2022-04-28,Financials,0.015117619047619057
2022-04-28,Healthcare,0.13605409523809525
2022-04-28,Industrials,0.08030071428571427
2022-04-28,Materials,0.10857666666666668
2022-04-28,RealEstate,0.121685
2022-04-28,Tech,0.10290602272727271
2022-04-28,Utilities,0.19546
2022-04-29,Comm,0.053971000000000005
2022-04-29,Consumer,0.08041375324675325
2022-04-29,Energy,-0.061313259259259255
2022-04-29,Financials,0.13811
2022-04-29,Healthcare,0.15107833333333334
2022-04-29,Industrials,0.2221973333333333
2022-04-29,Materials,0.10857666666666668
2022-04-29,RealEstate,0.22458999999999998
2022-04-29,Tech,0.0014425108225108194
2022-04-29,Utilities,0.21402000000000002
2022-05-02,Comm,0.121806
2022-05-02,Consumer,0.1077640476190476
2022-05-02,Energy,0.16905066666666668
2022-05-02,Financials,0.10122
2022-05-02,Healthcare,0.226363
2022-05-02,Industrials,0.06344066666666666
2022-05-02,Materials,0.044886666666666665
2022-05-02,RealEstate,0.19521
2022-05-02,Tech,0.036556580086580096
2022-05-02,Utilities,0.19469466666666665
2022-05-03,Comm,0.09468000000000001
2022-05-03,Consumer,0.11965
2022-05-03,Energy,0.221487
2022-05-03,Financials,0.22730666666666668
2022-05-03,Healthcare,0.273575
2022-05-03,Industrials,0.22546666666666665
2022-05-03,Materials,0.030713333333333336
2022-05-03,RealEstate,0.12713000000000002
2022-05-03,Tech,0.00948063492063492
2022-05-03,Utilities,0.35117
2022-05-04,Comm,-0.051759999999999994
2022-05-04,Consumer,0.08024840579710144
2022-05-04,Energy,0.11028800000000001
2022-05-04,Financials,0.09532
2022-05-04,Healthcare,0.0951
2022-05-04,Industrials,0.11836666666666666
2022-05-04,Materials,0.11735333333333335
2022-05-04,RealEstate,0.07166666666666668
2022-05-04,Tech,-0.09706685897435897
2022-05-04,Utilities,0.1313447619047619
2022-05-05,Comm,-0.027333333333333328
2022-05-05,Consumer,-0.09383695238095237
2022-05-05,Energy,0.34031585714285717
2022-05-05,Financials,0.127162
2022-05-05,Healthcare,0.05953333333333334
2022-05-05,Industrials,0.0011606666666666653
2022-05-05,Materials,0.14361333333333334
2022-05-05,RealEstate,0.13503333333333334
2022-05-05,Tech,0.27581316666666666
2022-05-05,Utilities,0.058386666666666656
2022-05-06,Comm,0.2382556666666667
2022-05-06,Consumer,0.012200571428571439
2022-05-06,Energy,0.16832407142857142
2022-05-06,Financials,-0.10445833333333336
2022-05-06,Healthcare,0.11988000000000001
2022-05-06,Industrials,0.077624
2022-05-06,Materials,0.13661666666666666
2022-05-06,RealEstate,0.07346
2022-05-06,Tech,0.07282428571428572
2022-05-06,Utilities,0.11807400000000001
2022-05-09,Comm,-0.0467375
2022-05-09,Consumer,0.12882402597402595
2022-05-09,Energy,0.1497870303030303
2022-05-09,Financials,0.025053333333333334
2022-05-09,Healthcare,0.04971333333333333
2022-05-09,Industrials,0.15052649999999998
2022-05-09,Materials,0.01752666666666668
2022-05-09,RealEstate,0.13553
2022-05-09,Tech,0.08908256410256411
2022-05-09,Utilities,0.05480499999999999
2022-05-10,Comm,0.04537285714285714
2022-05-10,Consumer,0.09924055555555555
2022-05-10,Energy,0.17069809523809523
2022-05-10,Financials,0.0961525
2022-05-10,Healthcare,0.14197200000000001
2022-05-10,Industrials,0.13055166666666668
2022-05-10,Materials,0.2419
2022-05-10,RealEstate,0.04052000000000001
2022-05-10,Tech,0.19980564102564102
2022-05-10,Utilities,0.015824999999999995
2022-05-11,Comm,-0.026831999999999984
2022-05-11,Consumer,-0.005971749999999998
2022-05-11,Energy,0.2875122222222222
2022-05-11,Financials,0.08363833333333333
2022-05-11,Healthcare,0.021426666666666677
2022-05-11,Industrials,0.0881952380952381
2022-05-11,Materials,0.2419
2022-05-11,RealEstate,0.006476666666666675
2022-05-11,Tech,0.10732678571428571
2022-05-11,Utilities,0.07471999999999998
2022-05-12,Comm,0.010699999999999993
2022-05-12,Consumer,0.05801480392156864
2022-05-12,Energy,0.10331690476190476
2022-05-12,Financials,0.09586833333333333
2022-05-12,Healthcare,-0.005173333333333319
2022-05-12,Industrials,0.17373333333333335
2022-05-12,Materials,0.3014266666666666
2022-05-12,RealEstate,0.26493333333333335
2022-05-12,Tech,0.0460945238095238
2022-05-12,Utilities,-0.025934999999999996
2022-05-13,Comm,0.09770999999999999
2022-05-13,Consumer,0.06744047619047619
2022-05-13,Energy,0.14603844444444444
2022-05-13,Financials,0.11499199999999998
2022-05-13,Healthcare,0.03925
2022-05-13,Industrials,0.09239266666666665
2022-05-13,Materials,0.2880366666666666
2022-05-13,RealEstate,0.19337
2022-05-13,Tech,0.11938939393939393
2022-05-13,Utilities,0.10208999999999999
2022-05-16,Comm,0.09121000000000001
2022-05-16,Consumer,0.011988583333333334
2022-05-16,Energy,0.10320327716727717
2022-05-16,Financials,0.03823964285714285
2022-05-16,Healthcare,0.048321666666666666
2022-05-16,Industrials,0.137495
2022-05-16,Materials,0.24240666666666666
2022-05-16,RealEstate,0.15299666666666667
2022-05-16,Tech,0.017866
2022-05-16,Utilities,0.17319
2022-05-17,Comm,0.009181333333333333
2022-05-17,Consumer,0.07433607843137255
2022-05-17,Energy,0.05812812121212121
2022-05-17,Financials,0.050210333333333336
2022-05-17,Healthcare,-0.017347500000000002
2022-05-17,Industrials,0.11529199999999999
2022-05-17,Materials,0.20523833333333333
2022-05-17,RealEstate,0.23020000000000002
2022-05-17,Tech,0.16402091575091576
2022-05-17,Utilities,0.31206
2022-05-18,Comm,-0.021075
2022-05-18,Consumer,0.014425967741935487
2022-05-18,Energy,0.1341672051282051
2022-05-18,Financials,0.10264333333333335
2022-05-18,Healthcare,0.17670999999999998
2022-05-18,Industrials,0.0012258333333333344
2022-05-18,Materials,0.26443833333333333
2022-05-18,RealEstate,0.0026599999999999957
2022-05-18,Tech,0.269345
2022-05-18,Utilities,0.0863
2022-05-19,Comm,0.04399000000000001
2022-05-19,Consumer,0.15134
2022-05-19,Energy,0.21389285714285716
2022-05-19,Financials,0.14355400000000001
2022-05-19,Healthcare,0.11071499999999998
2022-05-19,Industrials,0.22133000000000003
2022-05-19,Materials,0.21696666666666667
2022-05-19,RealEstate,-0.012945000000000002
2022-05-19,Tech,0.24591068181818182
2022-05-19,Utilities,0.21747
2022-05-20,Comm,0.16309
2022-05-20,Consumer,0.14193394409937887
2022-05-20,Energy,0.21811800000000003
2022-05-20,Financials,0.22629666666666667
2022-05-20,Healthcare,-0.03602333333333334
2022-05-20,Industrials,0.10857944444444445
2022-05-20,Materials,0.23373
2022-05-20,RealEstate,0.14855199999999996
2022-05-20,Tech,0.2817308333333333
2022-05-20,Utilities,0.16720833333333335
2022-05-23,Comm,0.043784000000000003
2022-05-23,Consumer,0.0533937049689441
2022-05-23,Energy,0.140608
2022-05-23,Financials,-0.12200766666666665
2022-05-23,Healthcare,0.18671
2022-05-23,Industrials,0.13944666666666666
2022-05-23,Materials,0.286215
2022-05-23,RealEstate,0.098474
2022-05-23,Tech,0.1603996591478697
2022-05-23,Utilities,0.19368333333333335
2022-05-24,Comm,0.09552799999999999
2022-05-24,Consumer,0.1847174166666667
2022-05-24,Energy,0.17849844444444446
2022-05-24,Financials,0.32992
2022-05-24,Healthcare,0.013724000000000009
2022-05-24,Industrials,0.40959466666666666
2022-05-24,Materials,0.06038
2022-05-24,RealEstate,0.28472400000000003
2022-05-24,Tech,0.24001999999999998
2022-05-24,Utilities,0.17509833333333333
2022-05-25,Comm,0.20104285714285713
2022-05-25,Consumer,0.023675047619047616
2022-05-25,Energy,0.16752
2022-05-25,Financials,0.195
2022-05-25,Healthcare,-0.10386500000000001
2022-05-25,Industrials,0.208432
2022-05-25,Materials,0.2143066666666667
2022-05-25,RealEstate,0.24749
2022-05-25,Tech,0.0241180808080808
2022-05-25,Utilities,0.18055
2022-05-26,Comm,0.21776
2022-05-26,Consumer,0.0841645
2022-05-26,Energy,0.1950885
2022-05-26,Financials,0.177105
2022-05-26,Healthcare,0.20277809523809526
2022-05-26,Industrials,0.21142333333333335
2022-05-26,Materials,0.035645
2022-05-26,RealEstate,0.14989000000000002
2022-05-26,Tech,0.26618929824561405
2022-05-26,Utilities,0.17346
2022-05-27,Comm,0.10021666666666666
2022-05-27,Consumer,0.11866099999999999
2022-05-27,Energy,0.25107380952380953
2022-05-27,Financials,0.11309
2022-05-27,Healthcare,0.07639500000000002
2022-05-27,Industrials,0.12723666666666666
2022-05-27,Materials,-0.07432
2022-05-27,RealEstate,0.16845000000000002
2022-05-27,Tech,-0.004007777777777782
2022-05-27,Utilities,0.22249999999999998
2022-05-31,Comm,0.14244266666666666
2022-05-31,Consumer,0.09452444444444444
2022-05-31,Energy,0.22741289377289378
2022-05-31,Financials,0.06108333333333334
2022-05-31,Healthcare,0.3628
2022-05-31,Industrials,0.298388
2022-05-31,Materials,0.07277
2022-05-31,RealEstate,0.135575
2022-05-31,Tech,0.2941422222222222
2022-05-31,Utilities,0.2204416666666667
2022-06-01,Comm,0.19131333333333334
2022-06-01,Consumer,0.008499999999999997
2022-06-01,Energy,0.24436738095238092
2022-06-01,Financials,0.10417999999999998
2022-06-01,Healthcare,0.16108166666666665
2022-06-01,Industrials,0.238698
2022-06-01,Materials,0.0791
2022-06-01,RealEstate,0.20380000000000004
2022-06-01,Tech,0.2726561111111111
2022-06-01,Utilities,0.395185
2022-06-02,Comm,-0.07633000000000001
2022-06-02,Consumer,0.17414066666666667
2022-06-02,Energy,0.32685400000000003
2022-06-02,Financials,0.06271999999999998
2022-06-02,Healthcare,-0.07786000000000001
2022-06-02,Industrials,0.07098266666666667
2022-06-02,Materials,0.08426
2022-06-02,RealEstate,0.11127000000000001
2022-06-02,Tech,0.10932380952380952
2022-06-02,Utilities,0.47722
2022-06-03,Comm,0.08467866666666667
2022-06-03,Consumer,0.1791616666666667
2022-06-03,Energy,0.19836666666666666
2022-06-03,Financials,-0.03326
2022-06-03,Healthcare,0.052653333333333344
2022-06-03,Industrials,0.11674666666666667
2022-06-03,Materials,-0.03062
2022-06-03,RealEstate,0.18933
2022-06-03,Tech,0.11425733333333335
2022-06-03,Utilities,0.25523
2022-06-06,Comm,0.02068333333333333
2022-06-06,Consumer,0.09989266666666666
2022-06-06,Energy,0.15893611721611722
2022-06-06,Financials,0.26721833333333334
2022-06-06,Healthcare,0.09547209523809526
2022-06-06,Industrials,0.039518666666666674
2022-06-06,Materials,0.05872999999999999
2022-06-06,RealEstate,0.06822199999999999
2022-06-06,Tech,0.07015833333333334
2022-06-06,Utilities,0.23138666666666668
2022-06-07,Comm,0.122945
2022-06-07,Consumer,0.18113916666666668
2022-06-07,Energy,0.1307965
2022-06-07,Financials,0.14781333333333332
2022-06-07,Healthcare,0.19447142857142857
2022-06-07,Industrials,0.32036000000000003
2022-06-07,Materials,0.031019999999999992
2022-06-07,RealEstate,0.04432666666666667
2022-06-07,Tech,0.06256533333333333
2022-06-07,Utilities,0.16316
2022-06-08,Comm,0.191892
2022-06-08,Consumer,0.14056000000000002
2022-06-08,Energy,0.1979884126984127
2022-06-08,Financials,0.06619714285714287
2022-06-08,Healthcare,0.29625142857142855
2022-06-08,Industrials,0.13089
2022-06-08,Materials,-0.024929999999999997
2022-06-08,RealEstate,0.13523200000000002
2022-06-08,Tech,0.035632750000000005
2022-06-08,Utilities,0.19480000000000003
2022-06-09,Comm,0.08032133333333333
2022-06-09,Consumer,-0.009695285714285722
2022-06-09,Energy,0.19186
2022-06-09,Financials,-0.00770666666666667
2022-06-09,Healthcare,0.06922666666666667
2022-06-09,Industrials,0.2226258333333333
2022-06-09,Materials,0.023219999999999998
2022-06-09,RealEstate,0.16446666666666668
2022-06-09,Tech,0.065266
2022-06-09,Utilities,0.10734666666666666
2022-06-10,Comm,-0.031369999999999995
2022-06-10,Consumer,0.060648727272727264
2022-06-10,Energy,0.11361666666666667
2022-06-10,Financials,0.07261866666666666
2022-06-10,Healthcare,0.04625533333333333
2022-06-10,Industrials,0.170385
2022-06-10,Materials,-0.05716000000000001
2022-06-10,RealEstate,0.15456666666666666
2022-06-10,Tech,0.09443750000000001
2022-06-10,Utilities,0.29569999999999996
2022-06-13,Comm,0.09076999999999999
2022-06-13,Consumer,0.11090030303030303
2022-06-13,Energy,0.1252779292929293
2022-06-13,Financials,0.1284823333333333
2022-06-13,Healthcare,0.16624357142857143
2022-06-13,Industrials,-0.012410000000000004
2022-06-13,Materials,-0.060529999999999994
2022-06-13,RealEstate,0.09178800000000001
2022-06-13,Tech,0.12153770634920633
2022-06-13,Utilities,0.10225
2022-06-14,Comm,0.25620750000000003
2022-06-14,Consumer,0.10051690476190475
2022-06-14,Energy,0.1712075
2022-06-14,Financials,-0.08844761904761907
2022-06-14,Healthcare,-0.030830000000000003
2022-06-14,Industrials,0.18406466666666668
2022-06-14,Materials,0.12944
2022-06-14,RealEstate,0.08678999999999999
2022-06-14,Tech,0.1705638095238095
2022-06-14,Utilities,0.11625
2022-06-15,Comm,0.040440000000000004
2022-06-15,Consumer,-0.08660000000000001
2022-06-15,Energy,0.2154575
2022-06-15,Financials,0.058606666666666675
2022-06-15,Healthcare,0.110717
2022-06-15,Industrials,0.16497
2022-06-15,Materials,0.16332
2022-06-15,RealEstate,0.004704999999999998
2022-06-15,Tech,0.282345
2022-06-15,Utilities,0.10230999999999998
2022-06-16,Comm,0.022036666666666666
2022-06-16,Consumer,0.08174111111111113
2022-06-16,Energy,0.06751
2022-06-16,Financials,-0.008701666666666672
2022-06-16,Healthcare,0.24372
2022-06-16,Industrials,0.077656
2022-06-16,Materials,0.249804
2022-06-16,RealEstate,0.08519
2022-06-16,Tech,0.09258479653679655
2022-06-16,Utilities,0.03946000000000001
2022-06-17,Comm,0.13694599999999998
2022-06-17,Consumer,0.14481
2022-06-17,Energy,0.19263733333333333
2022-06-17,Financials,0.11255000000000001
2022-06-17,Healthcare,0.2884133333333333
2022-06-17,Industrials,0.22149333333333332
2022-06-17,Materials,0.10745
2022-06-17,RealEstate,0.31608400000000003
2022-06-17,Tech,0.14203833333333332
2022-06-17,Utilities,0.1525
2022-06-21,Comm,0.1759742857142857
2022-06-21,Consumer,0.03636007575757576
2022-06-21,Energy,0.10539926470588235
2022-06-21,Financials,-0.028476888888888892
2022-06-21,Healthcare,0.3733659523809524
2022-06-21,Industrials,0.18726833333333331
2022-06-21,Materials,0.14652
2022-06-21,RealEstate,0.22520333333333334
2022-06-21,Tech,0.12365485897435897
2022-06-21,Utilities,0.10598
2022-06-22,Comm,0.162925
2022-06-22,Consumer,0.15841818181818182
2022-06-22,Energy,0.05126611111111111
2022-06-22,Financials,0.12378
2022-06-22,Healthcare,0.018083333333333333
2022-06-22,Industrials,-0.02926500000000002
2022-06-22,Materials,0.16743333333333332
2022-06-22,RealEstate,0.22565
2022-06-22,Tech,0.18884190476190477
2022-06-22,Utilities,0.3825033333333333
2022-06-23,Comm,0.07758433333333334
2022-06-23,Consumer,0.16050378571428572
2022-06-23,Energy,0.12836083333333334
2022-06-23,Financials,-0.004000166666666663
2022-06-23,Healthcare,-0.09467933333333332
2022-06-23,Industrials,0.130004
2022-06-23,Materials,0.15311
2022-06-23,RealEstate,0.20191999999999996
2022-06-23,Tech,0.1661
2022-06-23,Utilities,0.35591333333333336
2022-06-24,Comm,0.017125333333333333
2022-06-24,Consumer,0.022115000000000003
2022-06-24,Energy,-0.08981416666666667
2022-06-24,Financials,0.2839253333333333
2022-06-24,Healthcare,0.22572114285714284
2022-06-24,Industrials,0.0032333333333333324
2022-06-24,Materials,0.1272
2022-06-24,RealEstate,-0.03928
2022-06-24,Tech,-0.009807999999999994
2022-06-24,Utilities,0.2665533333333333
2022-06-27,Comm,0.09763000000000001
2022-06-27,Consumer,0.12020800000000001
2022-06-27,Energy,0.10657933333333333
2022-06-27,Financials,0.030147333333333342
2022-06-27,Healthcare,0.3290894285714286
2022-06-27,Industrials,0.12119071428571429
2022-06-27,Materials,0.2888786666666666
2022-06-27,RealEstate,0.08831
2022-06-27,Tech,0.20397552380952383
2022-06-27,Utilities,0.3238533333333334
2022-06-28,Comm,0.11567000000000001
2022-06-28,Consumer,0.12669487719298247
2022-06-28,Energy,0.269013081232493
2022-06-28,Financials,0.13470916666666666
2022-06-28,Healthcare,0.21575333333333332
2022-06-28,Industrials,0.046588571428571424
2022-06-28,Materials,0.2679666666666667
2022-06-28,RealEstate,0.0913
2022-06-28,Tech,0.07973964285714286
2022-06-28,Utilities,0.2621833333333333
2022-06-29,Comm,0.073245
2022-06-29,Consumer,0.020787090909090908
2022-06-29,Energy,0.25799885714285714
2022-06-29,Financials,0.07374166666666668
2022-06-29,Healthcare,0.3998571428571428
2022-06-29,Industrials,0.17250666666666667
2022-06-29,Materials,0.15828666666666666
2022-06-29,RealEstate,0.14173
2022-06-29,Tech,0.17944555555555555
2022-06-29,Utilities,0.15225999999999998
2022-06-30,Comm,0.1959216666666667
2022-06-30,Consumer,0.11716798534798537
2022-06-30,Energy,-0.04983449999999999
2022-06-30,Financials,0.16219071428571427
2022-06-30,Healthcare,0.1809
2022-06-30,Industrials,0.2640533333333333
2022-06-30,Materials,0.10093666666666667
2022-06-30,RealEstate,0.1464
2022-06-30,Tech,0.13328355555555554
2022-06-30,Utilities,0.14246
2022-07-01,Comm,0.37637
2022-07-01,Consumer,0.07471178571428572
2022-07-01,Energy,0.22599
2022-07-01,Financials,0.06918333333333333
2022-07-01,Healthcare,0.17799700000000002
2022-07-01,Industrials,0.18412
2022-07-01,Materials,0.15865
2022-07-01,RealEstate,0.09706
2022-07-01,Tech,0.18966916666666664
2022-07-01,Utilities,-0.03318
2022-07-05,Comm,0.27784333333333333
2022-07-05,Consumer,0.11060799145299145
2022-07-05,Energy,0.07097858682983683
2022-07-05,Financials,0.17731780952380954
2022-07-05,Healthcare,0.13001000000000001
2022-07-05,Industrials,0.294865
2022-07-05,Materials,0.15793000000000001
2022-07-05,RealEstate,0.12405333333333332
2022-07-05,Tech,0.30024833333333334
2022-07-05,Utilities,-0.0013000000000000012
2022-07-06,Comm,0.049781666666666655
2022-07-06,Consumer,0.11930133333333334
2022-07-06,Energy,0.32752042857142855
2022-07-06,Financials,0.034421999999999994
2022-07-06,Healthcare,0.0004700000000000037
2022-07-06,Industrials,0.155835
2022-07-06,Materials,0.18658000000000002
2022-07-06,RealEstate,-0.11843999999999999
2022-07-06,Tech,0.131968
2022-07-06,Utilities,0.20558
2022-07-07,Comm,0.20790166666666665
2022-07-07,Consumer,0.010063333333333337
2022-07-07,Energy,0.26227666666666666
2022-07-07,Financials,0.19676266666666667
2022-07-07,Healthcare,0.014607142857142864
2022-07-07,Industrials,0.0772725
2022-07-07,Materials,-0.040319999999999995
2022-07-07,RealEstate,0.04120666666666666
2022-07-07,Tech,0.06907977777777777
2022-07-07,Utilities,0.38391000000000003
2022-07-08,Comm,0.18768333333333334
2022-07-08,Consumer,-0.03122466666666666
2022-07-08,Energy,0.16988
2022-07-08,Financials,0.02326333333333334
2022-07-08,Healthcare,0.30364
2022-07-08,Industrials,0.13131500000000002
2022-07-08,Materials,-0.008350000000000002
2022-07-08,RealEstate,0.19090000000000001
2022-07-08,Tech,0.09711866666666667
2022-07-08,Utilities,0.13770666666666667
2022-07-11,Comm,0.18240933333333334
2022-07-11,Consumer,0.10368133333333333
2022-07-11,Energy,0.08306964102564103
2022-07-11,Financials,0.15327996336996336
2022-07-11,Healthcare,0.038387142857142856
2022-07-11,Industrials,0.17235166666666665
2022-07-11,Materials,-0.018499999999999996
2022-07-11,RealEstate,0.29322
2022-07-11,Tech,0.2371707142857143
2022-07-11,Utilities,0.13067333333333334
2022-07-12,Comm,0.16039333333333333
2022-07-12,Consumer,0.1937422077922078
2022-07-12,Energy,0.23591047619047617
2022-07-12,Financials,0.12979409523809524
2022-07-12,Healthcare,0.013692619047619047
2022-07-12,Industrials,0.125746
2022-07-12,Materials,-0.018499999999999996
2022-07-12,RealEstate,0.12677999999999998
2022-07-12,Tech,0.1152452380952381
2022-07-12,Utilities,0.13067333333333334
2022-07-13,Comm,-0.07165333333333333
2022-07-13,Consumer,0.16275714285714288
2022-07-13,Energy,0.16536833333333334
2022-07-13,Financials,-0.032905000000000004
2022-07-13,Healthcare,0.1998071428571429
2022-07-13,Industrials,0.18887666666666666
2022-07-13,Materials,0.02324000000000001
2022-07-13,RealEstate,0.26909
2022-07-13,Tech,0.01983603174603175
2022-07-13,Utilities,0.08038
2022-07-14,Comm,0.04177000000000001
2022-07-14,Consumer,0.176815
2022-07-14,Energy,0.18075333333333335
2022-07-14,Financials,-0.023084785714285717
2022-07-14,Healthcare,0.00046200000000001795
2022-07-14,Industrials,0.14362333333333333
2022-07-14,Materials,0.08929666666666666
2022-07-14,RealEstate,0.25259
2022-07-14,Tech,0.11502607142857144
2022-07-14,Utilities,0.16288
2022-07-15,Comm,-0.07432
2022-07-15,Consumer,0.05306621212121212
2022-07-15,Energy,0.30177333333333334
2022-07-15,Financials,0.08117966666666666
2022-07-15,Healthcare,0.025687500000000002
2022-07-15,Industrials,-0.01765333333333333
2022-07-15,Materials,-0.04153
2022-07-15,RealEstate,-0.196442
2022-07-15,Tech,0.15673071428571428
2022-07-15,Utilities,0.28559
2022-07-18,Comm,-0.019874642857142844
2022-07-18,Consumer,0.1495052857142857
2022-07-18,Energy,0.26950738095238097
2022-07-18,Financials,0.08957537815126052
2022-07-18,Healthcare,0.100544
2022-07-18,Industrials,0.07782400000000002
2022-07-18,Materials,0.034970000000000015
2022-07-18,RealEstate,0.09613
2022-07-18,Tech,0.2379355714285714
2022-07-18,Utilities,0.21922533333333333
2022-07-19,Comm,0.20059
2022-07-19,Consumer,0.11390542857142856
2022-07-19,Energy,0.32101999999999997
2022-07-19,Financials,0.08478533333333332
2022-07-19,Healthcare,0.029859285714285717
2022-07-19,Industrials,0.15359899999999999
2022-07-19,Materials,0.0768
2022-07-19,RealEstate,0.01341
2022-07-19,Tech,0.040014
2022-07-19,Utilities,0.19366333333333335
2022-07-20,Comm,0.045456666666666666
2022-07-20,Consumer,0.013165000000000007
2022-07-20,Energy,0.20020714285714286
2022-07-20,Financials,0.12118999999999999
2022-07-20,Healthcare,0.25867927272727276
2022-07-20,Industrials,0.09295828571428573
2022-07-20,Materials,0.04224
2022-07-20,RealEstate,0.31658
2022-07-20,Tech,0.13325464285714286
2022-07-20,Utilities,0.12423
2022-07-21,Comm,0.08736033333333335
2022-07-21,Consumer,0.04345619047619048
2022-07-21,Energy,0.112725
2022-07-21,Financials,0.22336499999999998
2022-07-21,Healthcare,0.07744295454545455
2022-07-21,Industrials,0.022421619047619048
2022-07-21,Materials,0.04207333333333334
2022-07-21,RealEstate,0.26352000000000003
2022-07-21,Tech,0.17586166666666667
2022-07-21,Utilities,0.0866
2022-07-22,Comm,0.08600266666666667
2022-07-22,Consumer,0.15224833333333332
2022-07-22,Energy,0.18882181818181817
2022-07-22,Financials,-0.04361833333333335
2022-07-22,Healthcare,0.278042
2022-07-22,Industrials,0.057284
2022-07-22,Materials,0.032003333333333335
2022-07-22,RealEstate,0.35218000000000005
2022-07-22,Tech,0.20978
2022-07-22,Utilities,0.363375
2022-07-25,Comm,-0.022425
2022-07-25,Consumer,0.10013392307692308
2022-07-25,Energy,0.38636725541125544
2022-07-25,Financials,0.10663200000000002
2022-07-25,Healthcare,0.060343999999999995
2022-07-25,Industrials,0.04948971428571429
2022-07-25,Materials,0.16556039215686275
2022-07-25,RealEstate,0.21288
2022-07-25,Tech,0.08450831818181818
2022-07-25,Utilities,0.2345
2022-07-26,Comm,0.0
2022-07-26,Consumer,-0.06102455072463768
2022-07-26,Energy,0.071235
2022-07-26,Financials,0.01691
2022-07-26,Healthcare,0.15696333333333334
2022-07-26,Industrials,0.11130476190476188
2022-07-26,Materials,0.026933333333333337
2022-07-26,RealEstate,0.10462
2022-07-26,Tech,0.014288
2022-07-26,Utilities,0.19828800000000002
2022-07-27,Comm,0.06653666666666666
2022-07-27,Consumer,0.05992960784313726
2022-07-27,Energy,0.13040666666666664
2022-07-27,Financials,0.22615
2022-07-27,Healthcare,0.04655
2022-07-27,Industrials,0.02066142857142857
2022-07-27,Materials,0.14861047619047618
2022-07-27,RealEstate,0.24497866666666662
2022-07-27,Tech,0.11719805194805193
2022-07-27,Utilities,0.16386
2022-07-28,Comm,0.10078333333333334
2022-07-28,Consumer,0.009316888888888895
2022-07-28,Energy,0.23047857575757574
2022-07-28,Financials,-0.0035026666666666665
2022-07-28,Healthcare,0.161023
2022-07-28,Industrials,0.11504476190476191
2022-07-28,Materials,0.08068714285714286
2022-07-28,RealEstate,0.13893499999999998
2022-07-28,Tech,0.08384584848484848
2022-07-28,Utilities,0.2968580952380952
2022-07-29,Comm,0.11484000000000001
2022-07-29,Consumer,0.13318714285714287
2022-07-29,Energy,0.3259087820512821
2022-07-29,Financials,0.05444
2022-07-29,Healthcare,0.21732733333333334
2022-07-29,Industrials,0.14617333333333332
2022-07-29,Materials,0.011837142857142855
2022-07-29,RealEstate,0.26866
2022-07-29,Tech,0.2282487134502924
2022-07-29,Utilities,0.27461
2022-08-01,Comm,0.05399722222222222
2022-08-01,Consumer,0.12408014285714286
2022-08-01,Energy,0.07284522222222223
2022-08-01,Financials,0.18658000000000002
2022-08-01,Healthcare,0.10002133333333334
2022-08-01,Industrials,0.178769
2022-08-01,Materials,0.011837142857142855
2022-08-01,RealEstate,0.35790333333333335
2022-08-01,Tech,0.2158202777777778
2022-08-01,Utilities,0.14271
2022-08-02,Comm,0.0475925
2022-08-02,Consumer,0.0666237777777778
2022-08-02,Energy,0.08251642857142857
2022-08-02,Financials,0.167881
2022-08-02,Healthcare,0.1607875
2022-08-02,Industrials,-0.0007046153846153813
2022-08-02,Materials,0.050631142857142854
2022-08-02,RealEstate,0.34065500000000004
2022-08-02,Tech,-0.041792857142857145
2022-08-02,Utilities,0.17604166666666668
2022-08-03,Comm,-0.03155000000000001
2022-08-03,Consumer,0.0975619264069264
2022-08-03,Energy,0.273287935828877
2022-08-03,Financials,0.183295
2022-08-03,Healthcare,0.27491833333333326
2022-08-03,Industrials,0.06034871794871795
2022-08-03,Materials,0.12335399999999999
2022-08-03,RealEstate,0.11411666666666667
2022-08-03,Tech,0.18894114285714286
2022-08-03,Utilities,0.134932
2022-08-04,Comm,0.08297333333333332
2022-08-04,Consumer,0.06134833333333334
2022-08-04,Energy,0.23089714285714286
2022-08-04,Financials,0.174909
2022-08-04,Healthcare,0.08806577777777777
2022-08-04,Industrials,0.044055384615384614
2022-08-04,Materials,0.04609
2022-08-04,RealEstate,0.10949333333333336
2022-08-04,Tech,0.050596666666666665
2022-08-04,Utilities,0.2568114285714286
2022-08-05,Comm,0.19222333333333333
2022-08-05,Consumer,0.029545000000000023
2022-08-05,Energy,0.29160400000000003
2022-08-05,Financials,0.17948066666666668
2022-08-05,Healthcare,0.17775833333333332
2022-08-05,Industrials,0.094845
2022-08-05,Materials,0.07774
2022-08-05,RealEstate,0.22848000000000002
2022-08-05,Tech,0.14875333333333335
2022-08-05,Utilities,0.24580000000000002
2022-08-08,Comm,-0.1625
2022-08-08,Consumer,0.0979744761904762
2022-08-08,Energy,0.26418676190476187
2022-08-08,Financials,0.15586142857142857
2022-08-08,Healthcare,0.129272
2022-08-08,Industrials,0.15710000000000002
2022-08-08,Materials,0.14816000000000001
2022-08-08,RealEstate,0.15362
2022-08-08,Tech,0.12093851851851851
2022-08-08,Utilities,0.108074
2022-08-09,Comm,0.0012300000000000089
2022-08-09,Consumer,0.08117031746031744
2022-08-09,Energy,0.21315193650793648
2022-08-09,Financials,0.15107
2022-08-09,Healthcare,0.21446666666666667
2022-08-09,Industrials,-0.019219999999999998
2022-08-09,Materials,0.2204
2022-08-09,RealEstate,0.27804
2022-08-09,Tech,0.0713476923076923
2022-08-09,Utilities,0.152584
2022-08-10,Comm,0.170978
2022-08-10,Consumer,0.08854678787878788
2022-08-10,Energy,0.14434038095238097
2022-08-10,Financials,0.256128
2022-08-10,Healthcare,0.22633
2022-08-10,Industrials,0.11624166666666666
2022-08-10,Materials,0.19866
2022-08-10,RealEstate,0.11800000000000002
2022-08-10,Tech,0.03355695238095238
2022-08-10,Utilities,0.2230233333333333
2022-08-11,Comm,0.03246166666666668
2022-08-11,Consumer,0.07553425925925926
2022-08-11,Energy,0.16389199999999998
2022-08-11,Financials,-0.024249999999999973
2022-08-11,Healthcare,0.030324000000000007
2022-08-11,Industrials,0.10042500000000001
2022-08-11,Materials,0.19866
2022-08-11,RealEstate,0.25048
2022-08-11,Tech,0.09761655844155845
2022-08-11,Utilities,0.11289999999999997
2022-08-12,Comm,0.0695
2022-08-12,Consumer,0.23008285714285712
2022-08-12,Energy,0.23702199999999998
2022-08-12,Financials,0.242618
2022-08-12,Healthcare,0.048052000000000004
2022-08-12,Industrials,0.14311666666666667
2022-08-12,Materials,0.14401999999999998
2022-08-12,RealEstate,0.08175
2022-08-12,Tech,0.28372433333333336
2022-08-12,Utilities,0.20007333333333333
2022-08-15,Comm,0.08424833333333334
2022-08-15,Consumer,0.01608358008658009
2022-08-15,Energy,0.14518250505050506
2022-08-15,Financials,0.09562333333333332
2022-08-15,Healthcare,0.008049999999999998
2022-08-15,Industrials,0.26516
2022-08-15,Materials,0.09979333333333332
2022-08-15,RealEstate,-0.03005000000000002
2022-08-15,Tech,0.1550915238095238
2022-08-15,Utilities,0.2864833333333333
2022-08-16,Comm,0.11510833333333333
2022-08-16,Consumer,0.12259345238095239
2022-08-16,Energy,0.2129393333333333
2022-08-16,Financials,0.06856
2022-08-16,Healthcare,0.06571666666666667
2022-08-16,Industrials,-0.12504
2022-08-16,Materials,0.03612
2022-08-16,RealEstate,0.01966000000000001
2022-08-16,Tech,0.19299066666666667
2022-08-16,Utilities,0.104555
2022-08-17,Comm,-0.00653333333333333
2022-08-17,Consumer,0.05567966183574878
2022-08-17,Energy,0.3165426666666667
2022-08-17,Financials,0.06278000000000002
2022-08-17,Healthcare,0.01909
2022-08-17,Industrials,0.022730000000000004
2022-08-17,Materials,0.04404
2022-08-17,RealEstate,0.175945
2022-08-17,Tech,0.12055555555555557
2022-08-17,Utilities,0.26467999999999997
2022-08-18,Comm,0.004529999999999999
2022-08-18,Consumer,0.156592
2022-08-18,Energy,-0.0076526666666666575
2022-08-18,Financials,0.20482266666666665
2022-08-18,Healthcare,0.05664400000000001
2022-08-18,Industrials,0.018586666666666685
2022-08-18,Materials,0.06667000000000001
2022-08-18,RealEstate,0.104845
2022-08-18,Tech,0.10242
2022-08-18,Utilities,0.25243000000000004
2022-08-19,Comm,-0.174035
2022-08-19,Consumer,0.04463399999999999
2022-08-19,Energy,0.14629866666666666
2022-08-19,Financials,0.09653333333333333
2022-08-19,Healthcare,-0.028240000000000008
2022-08-19,Industrials,0.10250666666666668
2022-08-19,Materials,0.06667000000000001
2022-08-19,RealEstate,0.33251
2022-08-19,Tech,0.16227
2022-08-19,Utilities,0.22715000000000002
2022-08-22,Comm,0.21372
2022-08-22,Consumer,0.13030733333333333
2022-08-22,Energy,0.20960711111111113
2022-08-22,Financials,0.044505
2022-08-22,Healthcare,0.21191333333333331
2022-08-22,Industrials,0.1650295238095238
2022-08-22,Materials,0.13629
2022-08-22,RealEstate,0.38418199999999997
2022-08-22,Tech,0.26031133333333334
2022-08-22,Utilities,0.2706733333333333
2022-08-23,Comm,0.25068999999999997
2022-08-23,Consumer,0.07946685714285714
2022-08-23,Energy,0.1421477777777778
2022-08-23,Financials,0.248447
2022-08-23,Healthcare,0.18142666666666668
2022-08-23,Industrials,0.1887
2022-08-23,Materials,0.06087
2022-08-23,RealEstate,0.228762
2022-08-23,Tech,0.15478399999999998
2022-08-23,Utilities,0.07924
2022-08-24,Comm,0.13018666666666664
2022-08-24,Consumer,-0.04626866666666666
2022-08-24,Energy,0.023483999999999998
2022-08-24,Financials,0.054753333333333334
2022-08-24,Healthcare,0.17376166666666665
2022-08-24,Industrials,0.1059
2022-08-24,Materials,0.013486666666666666
2022-08-24,RealEstate,0.18758500000000003
2022-08-24,Tech,0.14824991596638654
2022-08-24,Utilities,0.15559
2022-08-25,Comm,0.07669166666666666
2022-08-25,Consumer,0.150502
2022-08-25,Energy,0.1050217857142857
2022-08-25,Financials,0.024289999999999996
2022-08-25,Healthcare,0.10454666666666668
2022-08-25,Industrials,0.19708
2022-08-25,Materials,0.00258
2022-08-25,RealEstate,0.30311000000000005
2022-08-25,Tech,0.16630333333333333
2022-08-25,Utilities,0.09844800000000001
2022-08-26,Comm,-0.08560816666666668
2022-08-26,Consumer,0.0048238095238095245
2022-08-26,Energy,0.09218333333333334
2022-08-26,Financials,0.11271666666666666
2022-08-26,Healthcare,0.17026666666666665
2022-08-26,Industrials,0.041426666666666674
2022-08-26,Materials,0.057730000000000004
2022-08-26,RealEstate,0.38002
2022-08-26,Tech,0.1796332380952381
2022-08-26,Utilities,0.1366
2022-08-29,Comm,0.157895
2022-08-29,Consumer,0.13825961904761905
2022-08-29,Energy,0.16290492063492062
2022-08-29,Financials,0.218335
2022-08-29,Healthcare,0.2640533333333333
2022-08-29,Industrials,0.006595999999999998
2022-08-29,Materials,0.001809999999999995
2022-08-29,RealEstate,0.19603833333333334
2022-08-29,Tech,0.07502333333333333
2022-08-29,Utilities,0.34294
2022-08-30,Comm,-0.05725999999999999
2022-08-30,Consumer,0.14592999999999998
2022-08-30,Energy,0.09114714285714286
2022-08-30,Financials,0.02409
2022-08-30,Healthcare,0.040433333333333335
2022-08-30,Industrials,0.14762999999999998
2022-08-30,Materials,0.024589999999999994
2022-08-30,RealEstate,0.148545
2022-08-30,Tech,0.11686649999999998
2022-08-30,Utilities,0.10764
2022-08-31,Comm,0.15776333333333334
2022-08-31,Consumer,0.0524675
2022-08-31,Energy,0.18320554545454545
2022-08-31,Financials,0.061616666666666674
2022-08-31,Healthcare,-0.20458499999999996
2022-08-31,Industrials,0.15382666666666667
2022-08-31,Materials,0.02794
2022-08-31,RealEstate,0.22335
2022-08-31,Tech,0.14944666666666667
2022-08-31,Utilities,0.0652
2022-09-01,Comm,0.08216666666666667
2022-09-01,Consumer,0.15707500000000002
2022-09-01,Energy,0.164953
2022-09-01,Financials,0.277945
2022-09-01,Healthcare,0.11460166666666667
2022-09-01,Industrials,0.181505
2022-09-01,Materials,0.09111
2022-09-01,RealEstate,0.18867
2022-09-01,Tech,0.007841267507002809
2022-09-01,Utilities,0.11444000000000001
2022-09-02,Comm,0.10773000000000002
2022-09-02,Consumer,0.05984533333333333
2022-09-02,Energy,0.19711547619047617
2022-09-02,Financials,0.11016466666666666
2022-09-02,Healthcare,0.15142666666666665
2022-09-02,Industrials,0.09512666666666666
2022-09-02,Materials,0.09152
2022-09-02,RealEstate,0.17004000000000002
2022-09-02,Tech,0.24132714285714285
2022-09-02,Utilities,0.16474666666666665
2022-09-06,Comm,0.17733
2022-09-06,Consumer,0.18459799999999998
2022-09-06,Energy,0.09798100000000001
2022-09-06,Financials,0.04715833333333334
2022-09-06,Healthcare,0.23609266666666665
2022-09-06,Industrials,0.18913933333333333
2022-09-06,Materials,0.0
2022-09-06,RealEstate,0.29121
2022-09-06,Tech,0.10662194444444444
2022-09-06,Utilities,0.27142999999999995
2022-09-07,Comm,0.07006952380952383
2022-09-07,Consumer,0.16424232142857145
2022-09-07,Energy,0.17913
2022-09-07,Financials,0.00998
2022-09-07,Healthcare,0.07590866666666667
2022-09-07,Industrials,0.0864
2022-09-07,Materials,0.026530000000000005
2022-09-07,RealEstate,0.05066666666666666
2022-09-07,Tech,0.18699833333333335
2022-09-07,Utilities,0.19389
2022-09-08,Comm,0.26258533333333334
2022-09-08,Consumer,0.07027000000000001
2022-09-08,Energy,0.27588999999999997
2022-09-08,Financials,0.2197
2022-09-08,Healthcare,0.17820533333333333
2022-09-08,Industrials,0.005136666666666678
2022-09-08,Materials,0.18839
2022-09-08,RealEstate,0.23678
2022-09-08,Tech,0.02906000000000001
2022-09-08,Utilities,0.15284333333333336
2022-09-09,Comm,-0.028329999999999987
2022-09-09,Consumer,0.21640916666666668
2022-09-09,Energy,0.048162666666666666
2022-09-09,Financials,0.208876
2022-09-09,Healthcare,-0.008273333333333322
2022-09-09,Industrials,-0.09302999999999999
2022-09-09,Materials,0.14855999999999997
2022-09-09,RealEstate,0.5577
2022-09-09,Tech,0.14664866666666668
2022-09-09,Utilities,0.25798
2022-09-12,Comm,0.0014085714285714257
2022-09-12,Consumer,0.15747616666666667
2022-09-12,Energy,0.1379225
2022-09-12,Financials,0.082844
2022-09-12,Healthcare,0.279443
2022-09-12,Industrials,-0.005328999999999984
2022-09-12,Materials,-0.05408999999999999
2022-09-12,RealEstate,0.33622833333333335
2022-09-12,Tech,0.03785035714285714
2022-09-12,Utilities,0.32169333333333333
2022-09-13,Comm,-0.05622399999999998
2022-09-13,Consumer,0.18866866666666665
2022-09-13,Energy,0.23891947619047618
2022-09-13,Financials,0.18752999999999997
2022-09-13,Healthcare,0.05998666666666667
2022-09-13,Industrials,0.250115
2022-09-13,Materials,0.04583
2022-09-13,RealEstate,0.09451000000000001
2022-09-13,Tech,0.025618333333333333
2022-09-13,Utilities,0.07361333333333334
2022-09-14,Comm,0.11720000000000001
2022-09-14,Consumer,0.19535309523809524
2022-09-14,Energy,0.15459083333333334
2022-09-14,Financials,-0.008446666666666658
2022-09-14,Healthcare,-0.002516666666666667
2022-09-14,Industrials,0.085735
2022-09-14,Materials,0.10938666666666667
2022-09-14,RealEstate,0.15446500000000002
2022-09-14,Tech,0.05430183333333334
2022-09-14,Utilities,0.15339333333333333
2022-09-15,Comm,0.10950166666666665
2022-09-15,Consumer,0.19911142857142858
2022-09-15,Energy,0.22320444444444446
2022-09-15,Financials,0.21970642857142858
2022-09-15,Healthcare,-0.008235000000000003
2022-09-15,Industrials,0.10457000000000001
2022-09-15,Materials,0.06001333333333334
2022-09-15,RealEstate,0.25329999999999997
2022-09-15,Tech,-0.01883178260869565
2022-09-15,Utilities,0.29800166666666666
2022-09-16,Comm,0.11408666666666667
2022-09-16,Consumer,0.13598533333333335
2022-09-16,Energy,0.495585
2022-09-16,Financials,0.079796
2022-09-16,Healthcare,0.035421333333333326
2022-09-16,Industrials,0.20021176470588237
2022-09-16,Materials,0.03398666666666667
2022-09-16,RealEstate,0.274004
2022-09-16,Tech,0.053075714285714296
2022-09-16,Utilities,0.3941733333333334
2022-09-19,Comm,0.04012781818181818
2022-09-19,Consumer,0.31008199999999997
2022-09-19,Energy,0.09387814285714287
2022-09-19,Financials,0.09691333333333334
2022-09-19,Healthcare,0.027230476190476194
2022-09-19,Industrials,0.17700119047619048
2022-09-19,Materials,-0.08276
2022-09-19,RealEstate,0.237128
2022-09-19,Tech,0.09284844444444443
2022-09-19,Utilities,0.313144
2022-09-20,Comm,0.09642500000000001
2022-09-20,Consumer,0.027582857142857138
2022-09-20,Energy,0.22261999999999998
2022-09-20,Financials,0.06977033333333334
2022-09-20,Healthcare,0.026494285714285713
2022-09-20,Industrials,0.10869333333333334
2022-09-20,Materials,-0.08276
2022-09-20,RealEstate,0.21516833333333335
2022-09-20,Tech,0.07047895238095239
2022-09-20,Utilities,0.06808
2022-09-21,Comm,0.14043199999999997
2022-09-21,Consumer,0.08188507936507936
2022-09-21,Energy,0.24372500000000002
2022-09-21,Financials,0.03132
2022-09-21,Healthcare,-0.08621999999999999
2022-09-21,Industrials,0.07578333333333334
2022-09-21,Materials,-0.022619999999999994
2022-09-21,RealEstate,0.09312000000000001
2022-09-21,Tech,0.04202166666666667
2022-09-21,Utilities,0.19684
2022-09-22,Comm,0.072365
2022-09-22,Consumer,0.1964902857142857
2022-09-22,Energy,0.11057333333333333
2022-09-22,Financials,-0.043146666666666667
2022-09-22,Healthcare,0.16976666666666668
2022-09-22,Industrials,-0.014527333333333326
2022-09-22,Materials,0.17302666666666666
2022-09-22,RealEstate,-0.05183
2022-09-22,Tech,0.1434662857142857
2022-09-22,Utilities,0.18235166666666666
2022-09-23,Comm,0.133952
2022-09-23,Consumer,-0.04855166666666667
2022-09-23,Energy,-0.05615450000000001
2022-09-23,Financials,0.09322666666666665
2022-09-23,Healthcare,0.08872
2022-09-23,Industrials,0.07465600000000001
2022-09-23,Materials,0.2218866666666667
2022-09-23,RealEstate,0.01922666666666667
2022-09-23,Tech,0.04302371428571429
2022-09-23,Utilities,0.227685
2022-09-26,Comm,0.10272333333333335
2022-09-26,Consumer,0.20531261904761905
2022-09-26,Energy,0.07940833333333334
2022-09-26,Financials,0.18393866666666664
2022-09-26,Healthcare,0.015480000000000002
2022-09-26,Industrials,-0.00046499999999999737
2022-09-26,Materials,0.23052
2022-09-26,RealEstate,0.07312142857142859
2022-09-26,Tech,0.10358583333333334
2022-09-26,Utilities,0.57756
2022-09-27,Comm,0.186035
2022-09-27,Consumer,0.072455
2022-09-27,Energy,-0.013984285714285716
2022-09-27,Financials,0.08595411111111112
2022-09-27,Healthcare,0.16542166666666666
2022-09-27,Industrials,-0.04014999999999999
2022-09-27,Materials,0.23052
2022-09-27,RealEstate,0.2414214285714286
2022-09-27,Tech,0.17593806349206348
2022-09-27,Utilities,0.32047
2022-09-28,Comm,0.14380266666666666
2022-09-28,Consumer,0.060516190476190466
2022-09-28,Energy,0.19710999999999998
2022-09-28,Financials,0.14922222222222223
2022-09-28,Healthcare,0.14720499999999997
2022-09-28,Industrials,-0.062208333333333324
2022-09-28,Materials,0.06695333333333334
2022-09-28,RealEstate,0.056676666666666674
2022-09-28,Tech,-0.0023498441558441495
2022-09-28,Utilities,-0.04951666666666665
2022-09-29,Comm,0.05316333333333334
2022-09-29,Consumer,0.13811142857142858
2022-09-29,Energy,0.144942
2022-09-29,Financials,0.12196277777777778
2022-09-29,Healthcare,0.16065999999999997
2022-09-29,Industrials,0.04576
2022-09-29,Materials,0.011219999999999999
2022-09-29,RealEstate,0.13099666666666668
2022-09-29,Tech,0.0904715
2022-09-29,Utilities,0.05525333333333334
2022-09-30,Comm,0.04426833333333334
2022-09-30,Consumer,0.18351712121212121
2022-09-30,Energy,0.22345190476190474
2022-09-30,Financials,0.27427444444444443
2022-09-30,Healthcare,0.0843
2022-09-30,Industrials,0.08808
2022-09-30,Materials,0.00516
2022-09-30,RealEstate,0.26187
2022-09-30,Tech,-0.1387766666666667
2022-09-30,Utilities,0.14143333333333336
2022-10-03,Comm,0.24489099999999997
2022-10-03,Consumer,0.11644590476190478
2022-10-03,Energy,0.09041141025641025
2022-10-03,Financials,0.265568
2022-10-03,Healthcare,0.04760000000000001
2022-10-03,Industrials,0.22721999999999998
2022-10-03,Materials,0.09509
2022-10-03,RealEstate,0.25506
2022-10-03,Tech,0.31188523809523805
2022-10-03,Utilities,0.20184000000000002
2022-10-04,Comm,0.11383999999999998
2022-10-04,Consumer,-0.041321666666666666
2022-10-04,Energy,0.19555
2022-10-04,Financials,0.2805754761904762
2022-10-04,Healthcare,0.023870000000000002
2022-10-04,Industrials,0.03653
2022-10-04,Materials,0.15816000000000002
2022-10-04,RealEstate,0.33353
2022-10-04,Tech,0.2757222077922078
2022-10-04,Utilities,0.214865
2022-10-05,Comm,0.26416
2022-10-05,Consumer,0.05573066666666667
2022-10-05,Energy,0.22588666666666665
2022-10-05,Financials,0.16485333333333335
2022-10-05,Healthcare,0.09359333333333333
2022-10-05,Industrials,0.2699533333333333
2022-10-05,Materials,0.055900000000000005
2022-10-05,RealEstate,0.19954999999999998
2022-10-05,Tech,0.1467965
2022-10-05,Utilities,0.22012
2022-10-06,Comm,0.079815
2022-10-06,Consumer,0.15132222222222222
2022-10-06,Energy,0.137495
2022-10-06,Financials,0.10615523809523811
2022-10-06,Healthcare,-0.08276000000000001
2022-10-06,Industrials,0.17912999999999998
2022-10-06,Materials,-0.11454
2022-10-06,RealEstate,0.0843
2022-10-06,Tech,-0.002494666666666667
2022-10-06,Utilities,0.04499000000000001
2022-10-07,Comm,0.16219666666666668
2022-10-07,Consumer,0.01323333333333333
2022-10-07,Energy,0.26992971428571433
2022-10-07,Financials,0.00908
2022-10-07,Healthcare,0.00484
2022-10-07,Industrials,0.016614999999999998
2022-10-07,Materials,-0.12161999999999999
2022-10-07,RealEstate,0.13022499999999998
2022-10-07,Tech,0.0563086842105263
2022-10-07,Utilities,0.3779433333333333
2022-10-10,Comm,0.06091
2022-10-10,Consumer,0.13132928571428573
2022-10-10,Energy,0.13325833333333334
2022-10-10,Financials,0.052537333333333325
2022-10-10,Healthcare,0.326336
2022-10-10,Industrials,0.11046
2022-10-10,Materials,0.09469000000000001
2022-10-10,RealEstate,0.10796999999999998
2022-10-10,Tech,0.07669666666666666
2022-10-10,Utilities,0.4028533333333334
2022-10-11,Comm,0.04307066666666667
2022-10-11,Consumer,0.2022442857142857
2022-10-11,Energy,0.12273800000000001
2022-10-11,Financials,-0.19693750000000002
2022-10-11,Healthcare,0.2261047142857143
2022-10-11,Industrials,0.24306
2022-10-11,Materials,0.04046
2022-10-11,RealEstate,0.04206
2022-10-11,Tech,-0.025223333333333337
2022-10-11,Utilities,0.34816
2022-10-12,Comm,0.13851
2022-10-12,Consumer,0.20092547619047618
2022-10-12,Energy,0.28098776923076924
2022-10-12,Financials,-0.05854666666666667
2022-10-12,Healthcare,0.15201916666666665
2022-10-12,Industrials,0.30991
2022-10-12,Materials,0.10846
2022-10-12,RealEstate,0.11249
2022-10-12,Tech,-0.029268888888888872
2022-10-12,Utilities,0.15802
2022-10-13,Comm,-0.09549499999999998
2022-10-13,Consumer,0.022599999999999988
2022-10-13,Energy,0.10111555555555556
2022-10-13,Financials,0.048717333333333335
2022-10-13,Healthcare,-0.16806333333333331
2022-10-13,Industrials,0.07923
2022-10-13,Materials,0.08065
2022-10-13,RealEstate,0.05
2022-10-13,Tech,0.01056428571428571
2022-10-13,Utilities,0.21266
2022-10-14,Comm,-0.134185
2022-10-14,Consumer,-0.031166666666666676
2022-10-14,Energy,0.11390866666666666
2022-10-14,Financials,0.12009707646176912
2022-10-14,Healthcare,0.17491333333333334
2022-10-14,Industrials,0.0991
2022-10-14,Materials,0.08065
2022-10-14,RealEstate,0.04164000000000001
2022-10-14,Tech,0.07374
2022-10-14,Utilities,0.24008000000000002
2022-10-17,Comm,0.243018
2022-10-17,Consumer,0.09302980952380953
2022-10-17,Energy,0.07120083333333334
2022-10-17,Financials,0.17433283333333333
2022-10-17,Healthcare,0.120345
2022-10-17,Industrials,-0.07432
2022-10-17,Materials,-0.011839999999999995
2022-10-17,RealEstate,0.10390800000000003
2022-10-17,Tech,0.061792
2022-10-17,Utilities,-0.09354
2022-10-18,Comm,0.1565
2022-10-18,Consumer,0.07092
2022-10-18,Energy,-0.013294999999999998
2022-10-18,Financials,0.1163606896551724
2022-10-18,Healthcare,0.01213000000000002
2022-10-18,Industrials,0.08990499999999998
2022-10-18,Materials,0.06652
2022-10-18,RealEstate,0.169123
2022-10-18,Tech,0.13997600000000002
2022-10-18,Utilities,0.22241999999999998
2022-10-19,Comm,0.04041666666666668
2022-10-19,Consumer,0.169599
2022-10-19,Energy,0.23177266666666668
2022-10-19,Financials,0.07913333333333332
2022-10-19,Healthcare,0.05185714285714286
2022-10-19,Industrials,0.07511166666666666
2022-10-19,Materials,0.00516
2022-10-19,RealEstate,0.15442
2022-10-19,Tech,-0.07989166666666667
2022-10-19,Utilities,0.06396666666666667
2022-10-20,Comm,0.09183888888888889
2022-10-20,Consumer,0.19209266666666666
2022-10-20,Energy,0.130947
2022-10-20,Financials,0.06804666666666667
2022-10-20,Healthcare,0.05519533333333333
2022-10-20,Industrials,0.13463333333333333
2022-10-20,Materials,0.009328333333333333
2022-10-20,RealEstate,0.21181999999999998
2022-10-20,Tech,0.20392000000000002
2022-10-20,Utilities,0.12504666666666667
2022-10-21,Comm,0.12547555555555556
2022-10-21,Consumer,0.09912333333333334
2022-10-21,Energy,0.1203170476190476
2022-10-21,Financials,0.014503333333333323
2022-10-21,Healthcare,0.11581599999999999
2022-10-21,Industrials,0.12562
2022-10-21,Materials,0.17718333333333333
2022-10-21,RealEstate,0.300555
2022-10-21,Tech,0.026856
2022-10-21,Utilities,0.181285
2022-10-24,Comm,0.13608499999999998
2022-10-24,Consumer,0.145418
2022-10-24,Energy,0.09253755555555557
2022-10-24,Financials,-0.02624111111111112
2022-10-24,Healthcare,0.05149
2022-10-24,Industrials,0.09972222222222223
2022-10-24,Materials,0.16971666666666668
2022-10-24,RealEstate,0.25793
2022-10-24,Tech,-0.0023473809523809524
2022-10-24,Utilities,0.22193999999999997
2022-10-25,Comm,0.09009111111111112
2022-10-25,Consumer,0.05839222222222222
2022-10-25,Energy,0.15886933333333336
2022-10-25,Financials,0.2061398333333333
2022-10-25,Healthcare,0.010416666666666668
2022-10-25,Industrials,0.04924515262515263
2022-10-25,Materials,0.1836066666666667
2022-10-25,RealEstate,0.09152
2022-10-25,Tech,-0.022908666666666657
2022-10-25,Utilities,0.13629333333333332
2022-10-26,Comm,0.040766666666666666
2022-10-26,Consumer,0.06580916666666667
2022-10-26,Energy,0.05316533333333333
2022-10-26,Financials,0.18483036363636363
2022-10-26,Healthcare,0.03878166666666667
2022-10-26,Industrials,0.030434666666666665
2022-10-26,Materials,0.24180666666666667
2022-10-26,RealEstate,0.06871000000000001
2022-10-26,Tech,0.27627999999999997
2022-10-26,Utilities,0.10364666666666666
2022-10-27,Comm,0.21100933333333333
2022-10-27,Consumer,0.06421416666666666
2022-10-27,Energy,0.11890090909090908
2022-10-27,Financials,0.19666066666666668
2022-10-27,Healthcare,0.14586623376623375
2022-10-27,Industrials,0.2848222222222222
2022-10-27,Materials,0.1825
2022-10-27,RealEstate,-0.005024000000000001
2022-10-27,Tech,0.01828711111111111
2022-10-27,Utilities,0.09428
2022-10-28,Comm,0.19070285714285715
2022-10-28,Consumer,0.068932
2022-10-28,Energy,0.1780012222222222
2022-10-28,Financials,0.029960000000000004
2022-10-28,Healthcare,0.023411111111111115
2022-10-28,Industrials,0.15372999999999998
2022-10-28,Materials,0.08038
2022-10-28,RealEstate,-0.005024000000000001
2022-10-28,Tech,0.11589878787878787
2022-10-28,Utilities,0.09164
2022-10-31,Comm,0.21768685714285713
2022-10-31,Consumer,0.06973016666666668
2022-10-31,Energy,0.19577566666666668
2022-10-31,Financials,0.21303999999999998
2022-10-31,Healthcare,-0.01399555555555555
2022-10-31,Industrials,0.11263000000000001
2022-10-31,Materials,0.08038
2022-10-31,RealEstate,0.19326714285714286
2022-10-31,Tech,0.13955349999999997
2022-10-31,Utilities,0.46268666666666664
2022-11-01,Comm,0.1543415
2022-11-01,Consumer,0.05618500000000002
2022-11-01,Energy,0.14958056277056278
2022-11-01,Financials,0.07443000000000001
2022-11-01,Healthcare,0.13551666666666667
2022-11-01,Industrials,0.3204
2022-11-01,Materials,-0.040815000000000004
2022-11-01,RealEstate,0.11007666666666667
2022-11-01,Tech,0.09440400000000002
2022-11-01,Utilities,0.4055066666666667
2022-11-02,Comm,0.019330000000000003
2022-11-02,Consumer,0.27115433333333333
2022-11-02,Energy,0.24664961904761906
2022-11-02,Financials,0.16016666666666668
2022-11-02,Healthcare,0.07772500000000002
2022-11-02,Industrials,0.32876
2022-11-02,Materials,-0.07576166666666666
2022-11-02,RealEstate,0.04720333333333333
2022-11-02,Tech,0.1174542222222222
2022-11-02,Utilities,0.34077999999999997
2022-11-03,Comm,0.07632000000000001
2022-11-03,Consumer,0.008996666666666663
2022-11-03,Energy,0.31523
2022-11-03,Financials,-0.14627333333333334
2022-11-03,Healthcare,-0.126033
2022-11-03,Industrials,0.023738666666666665
2022-11-03,Materials,0.08605
2022-11-03,RealEstate,0.07178999999999999
2022-11-03,Tech,0.02506619047619047
2022-11-03,Utilities,0.2701083333333333
2022-11-04,Comm,0.014044999999999997
2022-11-04,Consumer,-0.005755294117647055
2022-11-04,Energy,0.057296666666666676
2022-11-04,Financials,0.10698666666666665
2022-11-04,Healthcare,0.14351166666666668
2022-11-04,Industrials,0.158
2022-11-04,Materials,0.08605
2022-11-04,RealEstate,0.017150000000000002
2022-11-04,Tech,0.055600000000000004
2022-11-04,Utilities,0.352904
2022-11-07,Comm,-0.11038666666666666
2022-11-07,Consumer,0.08283149999999999
2022-11-07,Energy,0.07273981818181818
2022-11-07,Financials,0.009273333333333328
2022-11-07,Healthcare,0.022810000000000007
2022-11-07,Industrials,0.0
2022-11-07,Materials,0.0
2022-11-07,RealEstate,0.096945
2022-11-07,Tech,0.15052076190476188
2022-11-07,Utilities,-0.09459333333333333
2022-11-08,Comm,0.04923
2022-11-08,Consumer,0.03053
2022-11-08,Energy,0.1003325
2022-11-08,Financials,0.036553333333333334
2022-11-08,Healthcare,-0.052500000000000005
2022-11-08,Industrials,0.052469999999999996
2022-11-08,Materials,0.027465714285714295
2022-11-08,RealEstate,0.17766500000000002
2022-11-08,Tech,0.09983095238095238
2022-11-08,Utilities,0.10218
2022-11-09,Comm,0.04476
2022-11-09,Consumer,0.07644333333333334
2022-11-09,Energy,-0.050116666666666664
2022-11-09,Financials,0.16578
2022-11-09,Healthcare,0.019005333333333332
2022-11-09,Industrials,0.0843
2022-11-09,Materials,0.08808
2022-11-09,RealEstate,0.163675
2022-11-09,Tech,0.055045
2022-11-09,Utilities,0.13596
2022-11-10,Comm,0.04046
2022-11-10,Consumer,-0.02396952380952381
2022-11-10,Energy,0.09074266666666667
2022-11-10,Financials,0.0256
2022-11-10,Healthcare,0.25055
2022-11-10,Industrials,0.05465333333333333
2022-11-10,Materials,0.0
2022-11-10,RealEstate,0.080805
2022-11-10,Tech,0.07427292307692308
2022-11-10,Utilities,0.33995
2022-11-11,Comm,0.0
2022-11-11,Consumer,0.1656473333333333
2022-11-11,Energy,0.060730571428571425
2022-11-11,Financials,0.10765333333333334
2022-11-11,Healthcare,0.27403666666666665
2022-11-11,Industrials,0.14366666666666666
2022-11-11,Materials,0.0765
2022-11-11,RealEstate,0.31813499999999995
2022-11-11,Tech,0.1349992857142857
2022-11-11,Utilities,0.11735999999999999
2022-11-14,Comm,0.352572619047619
2022-11-14,Consumer,0.15452499108734402
2022-11-14,Energy,0.20300142191142187
2022-11-14,Financials,0.16993166666666668
2022-11-14,Healthcare,0.14431000000000002
2022-11-14,Industrials,-0.03398000000000001
2022-11-14,Materials,0.06600000000000002
2022-11-14,RealEstate,0.18204833333333334
2022-11-14,Tech,0.09399372405372405
2022-11-14,Utilities,0.051655000000000006
2022-11-15,Comm,0.0497
2022-11-15,Consumer,0.064698
2022-11-15,Energy,0.3191528571428571
2022-11-15,Financials,0.07743
2022-11-15,Healthcare,0.20067000000000004
2022-11-15,Industrials,0.04543
2022-11-15,Materials,0.23030999999999996
2022-11-15,RealEstate,0.19061333333333336
2022-11-15,Tech,0.14541400000000002
2022-11-15,Utilities,0.079435
2022-11-16,Comm,0.08627333333333334
2022-11-16,Consumer,0.08497433333333333
2022-11-16,Energy,0.28073000000000004
2022-11-16,Financials,-0.0038599999999999967
2022-11-16,Healthcare,0.23342000000000002
2022-11-16,Industrials,0.08882
2022-11-16,Materials,0.23030999999999996
2022-11-16,RealEstate,0.20833333333333331
2022-11-16,Tech,0.006875499999999998
2022-11-16,Utilities,0.15345
2022-11-17,Comm,-0.010206666666666668
2022-11-17,Consumer,0.3145645
2022-11-17,Energy,0.04165033333333333
2022-11-17,Financials,0.230535
2022-11-17,Healthcare,0.013486666666666666
2022-11-17,Industrials,0.09228499999999999
2022-11-17,Materials,0.20261
2022-11-17,RealEstate,0.20833333333333331
2022-11-17,Tech,0.08650733333333334
2022-11-17,Utilities,0.15345
2022-11-18,Comm,-0.010206666666666668
2022-11-18,Consumer,-0.03939142857142857
2022-11-18,Energy,0.06643600000000001
2022-11-18,Financials,0.27415
2022-11-18,Healthcare,0.08378333333333333
2022-11-18,Industrials,0.05193166666666667
2022-11-18,Materials,0.17526666666666668
2022-11-18,RealEstate,0.0818533333333333
2022-11-18,Tech,0.24541
2022-11-18,Utilities,0.19272
2022-11-21,Comm,0.19752333333333333
2022-11-21,Consumer,0.2542560740740741
2022-11-21,Energy,0.1497365
2022-11-21,Financials,0.15359685714285715
2022-11-21,Healthcare,0.1700377777777778
2022-11-21,Industrials,0.055113333333333334
2022-11-21,Materials,0.21030000000000001
2022-11-21,RealEstate,0.26820666666666665
2022-11-21,Tech,0.176582
2022-11-21,Utilities,0.06885
2022-11-22,Comm,0.3019833333333333
2022-11-22,Consumer,0.013168666666666657
2022-11-22,Energy,-0.07602533333333333
2022-11-22,Financials,0.285526
2022-11-22,Healthcare,0.14469804761904764
2022-11-22,Industrials,0.14694733333333332
2022-11-22,Materials,0.21030000000000001
2022-11-22,RealEstate,0.05503999999999998
2022-11-22,Tech,0.004435
2022-11-22,Utilities,0.0
2022-11-23,Comm,0.19561333333333333
2022-11-23,Consumer,0.26413507936507935
2022-11-23,Energy,0.24129490476190477
2022-11-23,Financials,0.20916
2022-11-23,Healthcare,0.11769571428571428
2022-11-23,Industrials,0.053517333333333326
2022-11-23,Materials,0.1654
2022-11-23,RealEstate,0.35184
2022-11-23,Tech,0.21688000000000002
2022-11-23,Utilities,0.19207999999999997
2022-11-25,Comm,0.36349833333333337
2022-11-25,Consumer,0.18268244047619048
2022-11-25,Energy,0.21078200000000002
2022-11-25,Financials,0.20115133333333332
2022-11-25,Healthcare,0.13861742857142856
2022-11-25,Industrials,0.062564
2022-11-25,Materials,0.12494000000000001
2022-11-25,RealEstate,0.3568
2022-11-25,Tech,0.06496000000000002
2022-11-25,Utilities,0.17414000000000002
2022-11-28,Comm,0.37889333333333336
2022-11-28,Consumer,0.1169699120879121
2022-11-28,Energy,0.007767250000000003
2022-11-28,Financials,0.12988666666666665
2022-11-28,Healthcare,0.2016811904761905
2022-11-28,Industrials,0.005905999999999999
2022-11-28,Materials,0.16540000000000002
2022-11-28,RealEstate,0.36463
2022-11-28,Tech,0.11016784615384616
2022-11-28,Utilities,0.15676
2022-11-29,Comm,0.39729333333333333
2022-11-29,Consumer,0.06397888888888889
2022-11-29,Energy,0.04276863636363636
2022-11-29,Financials,0.3196833333333333
2022-11-29,Healthcare,0.19279
2022-11-29,Industrials,0.11987999999999999
2022-11-29,Materials,0.029599999999999998
2022-11-29,RealEstate,0.36463
2022-11-29,Tech,-0.08916533333333333
2022-11-29,Utilities,0.20578000000000002
2022-11-30,Comm,0.29488
2022-11-30,Consumer,0.079024
2022-11-30,Energy,0.19379066666666667
2022-11-30,Financials,0.16699666666666668
2022-11-30,Healthcare,0.22114799999999998
2022-11-30,Industrials,0.10267333333333332
2022-11-30,Materials,0.22732000000000002
2022-11-30,RealEstate,0.16735
2022-11-30,Tech,-0.011443333333333338
2022-11-30,Utilities,0.13735999999999998
2022-12-01,Comm,0.10304666666666666
2022-12-01,Consumer,0.16009666666666666
2022-12-01,Energy,0.20941666666666667
2022-12-01,Financials,-0.07454566666666666
2022-12-01,Healthcare,0.13513666666666668
2022-12-01,Industrials,0.23421333333333333
2022-12-01,Materials,0.12828666666666666
2022-12-01,RealEstate,0.25305999999999995
2022-12-01,Tech,0.19348100000000001
2022-12-01,Utilities,0.23772
2022-12-02,Comm,0.25708000000000003
2022-12-02,Consumer,0.1547509090909091
2022-12-02,Energy,0.3963233333333333
2022-12-02,Financials,0.1409753333333333
2022-12-02,Healthcare,-0.09792999999999999
2022-12-02,Industrials,-0.01729866666666667
2022-12-02,Materials,-0.07071333333333334
2022-12-02,RealEstate,0.16166
2022-12-02,Tech,0.058026904761904766
2022-12-02,Utilities,0.36744
2022-12-05,Comm,0.128114
2022-12-05,Consumer,0.07482787301587301
2022-12-05,Energy,0.2028145238095238
2022-12-05,Financials,0.20560666666666666
2022-12-05,Healthcare,0.098624
2022-12-05,Industrials,0.05641666666666667
2022-12-05,Materials,-0.07071333333333334
2022-12-05,RealEstate,0.26104000000000005
2022-12-05,Tech,0.06731428571428572
2022-12-05,Utilities,0.296015
2022-12-06,Comm,0.183246
2022-12-06,Consumer,0.11515
2022-12-06,Energy,0.291701
2022-12-06,Financials,-0.019322545454545464
2022-12-06,Healthcare,0.019797000000000002
2022-12-06,Industrials,-0.11722000000000002
2022-12-06,Materials,0.0056666666666666645
2022-12-06,RealEstate,0.23544
2022-12-06,Tech,-0.061509333333333326
2022-12-06,Utilities,0.073155
2022-12-07,Comm,0.086216
2022-12-07,Consumer,0.17124833333333334
2022-12-07,Energy,0.08345619047619048
2022-12-07,Financials,-0.032891111111111114
2022-12-07,Healthcare,-0.04130276190476189
2022-12-07,Industrials,-0.07134
2022-12-07,Materials,0.0056666666666666645
2022-12-07,RealEstate,0.32924
2022-12-07,Tech,0.21540485714285715
2022-12-07,Utilities,0.27612000000000003
2022-12-08,Comm,0.041890000000000004
2022-12-08,Consumer,0.15112766666666666
2022-12-08,Energy,0.22983543589743588
2022-12-08,Financials,0.11402799999999998
2022-12-08,Healthcare,0.035644999999999996
2022-12-08,Industrials,0.12439
2022-12-08,Materials,0.14166666666666666
2022-12-08,RealEstate,0.29524
2022-12-08,Tech,0.141103
2022-12-08,Utilities,0.1224
2022-12-09,Comm,-0.15739999999999998
2022-12-09,Consumer,0.2669816666666667
2022-12-09,Energy,0.11314595238095237
2022-12-09,Financials,0.0
2022-12-09,Healthcare,0.09072666666666668
2022-12-09,Industrials,0.14728
2022-12-09,Materials,0.13735666666666665
2022-12-09,RealEstate,0.5036400000000001
2022-12-09,Tech,0.10536500000000001
2022-12-09,Utilities,0.13620666666666667
2022-12-12,Comm,-0.097
2022-12-12,Consumer,0.20039083333333335
2022-12-12,Energy,0.2704630952380952
2022-12-12,Financials,0.0992611111111111
2022-12-12,Healthcare,-0.005036140350877195
2022-12-12,Industrials,-0.029133333333333334
2022-12-12,Materials,-0.010629999999999995
2022-12-12,RealEstate,0.26774
2022-12-12,Tech,0.14232380952380952
2022-12-12,Utilities,0.18963999999999998
2022-12-13,Comm,-0.15662800000000002
2022-12-13,Consumer,0.09141702380952381
2022-12-13,Energy,0.149775
2022-12-13,Financials,0.15698666666666666
2022-12-13,Healthcare,0.11745352380952381
2022-12-13,Industrials,0.21938333333333335
2022-12-13,Materials,0.1562
2022-12-13,RealEstate,0.18482
2022-12-13,Tech,0.18728690476190474
2022-12-13,Utilities,0.232715
2022-12-14,Comm,-0.05557666666666666
2022-12-14,Consumer,0.15995583333333335
2022-12-14,Energy,-0.048950666666666656
2022-12-14,Financials,0.012729333333333325
2022-12-14,Healthcare,0.1824
2022-12-14,Industrials,0.24986000000000003
2022-12-14,Materials,0.10186999999999999
2022-12-14,RealEstate,0.19238333333333335
2022-12-14,Tech,0.004423333333333332
2022-12-14,Utilities,0.164715
2022-12-15,Comm,0.063461
2022-12-15,Consumer,0.128475
2022-12-15,Energy,0.03632
2022-12-15,Financials,0.3178533333333333
2022-12-15,Healthcare,0.16280466666666665
2022-12-15,Industrials,0.22676400000000002
2022-12-15,Materials,0.10186999999999999
2022-12-15,RealEstate,0.12491
2022-12-15,Tech,-0.08509761904761906
2022-12-15,Utilities,0.32604
2022-12-16,Comm,-0.136945
2022-12-16,Consumer,0.14439666666666667
2022-12-16,Energy,0.11407199999999999
2022-12-16,Financials,-0.06164999999999998
2022-12-16,Healthcare,0.16921666666666668
2022-12-16,Industrials,0.047772
2022-12-16,Materials,-0.023110000000000002
2022-12-16,RealEstate,0.27843999999999997
2022-12-16,Tech,0.07440466666666667
2022-12-16,Utilities,0.363845
2022-12-19,Comm,0.122645
2022-12-19,Consumer,0.18273692307692307
2022-12-19,Energy,0.09809044444444444
2022-12-19,Financials,0.0033540952380952394
2022-12-19,Healthcare,0.05440266666666667
2022-12-19,Industrials,0.15825
2022-12-19,Materials,0.07110666666666667
2022-12-19,RealEstate,0.16439499999999999
2022-12-19,Tech,0.012095333333333328
2022-12-19,Utilities,0.32787
2022-12-20,Comm,0.2564
2022-12-20,Consumer,0.1638574025974026
2022-12-20,Energy,0.2606875
2022-12-20,Financials,0.25217757575757577
2022-12-20,Healthcare,0.1853138888888889
2022-12-20,Industrials,0.09150499999999999
2022-12-20,Materials,0.23374
2022-12-20,RealEstate,0.08515666666666667
2022-12-20,Tech,0.181667
2022-12-20,Utilities,0.38070666666666664
2022-12-21,Comm,0.05291
2022-12-21,Consumer,-0.060670454545454555
2022-12-21,Energy,0.06837666666666667
2022-12-21,Financials,0.10505071428571429
2022-12-21,Healthcare,0.16837833333333335
2022-12-21,Industrials,0.3542409523809524
2022-12-21,Materials,0.14001999999999998
2022-12-21,RealEstate,0.02636
2022-12-21,Tech,0.18500171428571427
2022-12-21,Utilities,0.33596666666666664
2022-12-22,Comm,0.01531999999999999
2022-12-22,Consumer,0.069935
2022-12-22,Energy,0.260365
2022-12-22,Financials,0.3309546666666667
2022-12-22,Healthcare,0.07039333333333334
2022-12-22,Industrials,0.12907
2022-12-22,Materials,0.0
2022-12-22,RealEstate,0.02636
2022-12-22,Tech,-0.11699016666666666
2022-12-22,Utilities,0.20470000000000002
2022-12-23,Comm,0.16254
2022-12-23,Consumer,0.14015
2022-12-23,Energy,0.020424000000000005
2022-12-23,Financials,0.180484
2022-12-23,Healthcare,-0.06638999999999999
2022-12-23,Industrials,0.05006999999999999
2022-12-23,Materials,0.0
2022-12-23,RealEstate,0.02636
2022-12-23,Tech,0.046097833333333324
2022-12-23,Utilities,0.31110000000000004
2022-12-27,Comm,0.16654
2022-12-27,Consumer,0.22051240981240983
2022-12-27,Energy,0.2434771868131868
2022-12-27,Financials,0.18612
2022-12-27,Healthcare,0.141882
2022-12-27,Industrials,0.11210500000000001
2022-12-27,Materials,0.17012000000000002
2022-12-27,RealEstate,0.276205
2022-12-27,Tech,-0.02400274458874459
2022-12-27,Utilities,0.1396986666666667
2022-12-28,Comm,0.07746700000000001
2022-12-28,Consumer,0.10411272727272727
2022-12-28,Energy,0.18349333333333334
2022-12-28,Financials,0.13469
2022-12-28,Healthcare,0.20320299999999997
2022-12-28,Industrials,0.08550166666666667
2022-12-28,Materials,0.02732
2022-12-28,RealEstate,0.25238666666666665
2022-12-28,Tech,0.07834333333333333
2022-12-28,Utilities,0.1432
2022-12-29,Comm,0.027782000000000008
2022-12-29,Consumer,0.1583688888888889
2022-12-29,Energy,0.03945785714285715
2022-12-29,Financials,0.05306999999999999
2022-12-29,Healthcare,0.143511
2022-12-29,Industrials,0.05450166666666667
2022-12-29,Materials,0.10481
2022-12-29,RealEstate,0.14012
2022-12-29,Tech,0.17852666666666667
2022-12-29,Utilities,0.08802
2022-12-30,Comm,0.002432000000000001
2022-12-30,Consumer,0.11475514285714286
2022-12-30,Energy,0.16362000000000002
2022-12-30,Financials,0.12387999999999999
2022-12-30,Healthcare,0.068466
2022-12-30,Industrials,0.12053
2022-12-30,Materials,0.04567
2022-12-30,RealEstate,0.11124999999999999
2022-12-30,Tech,0.044517714285714285
2022-12-30,Utilities,0.07731999999999999
2023-01-03,Comm,0.003713714285714284
2023-01-03,Consumer,0.11158857142857144
2023-01-03,Energy,0.28271022222222225
2023-01-03,Financials,0.10186999999999999
2023-01-03,Healthcare,0.17174166666666668
2023-01-03,Industrials,0.06232533333333333
2023-01-03,Materials,0.10212000000000002
2023-01-03,RealEstate,0.23373
2023-01-03,Tech,0.1054931523378582
2023-01-03,Utilities,0.16766
2023-01-04,Comm,0.028546666666666685
2023-01-04,Consumer,0.07606457142857143
2023-01-04,Energy,0.24394233333333332
2023-01-04,Financials,0.20074933333333336
2023-01-04,Healthcare,0.067055
2023-01-04,Industrials,0.08478166666666667
2023-01-04,Materials,0.04404
2023-01-04,RealEstate,0.22116000000000002
2023-01-04,Tech,0.0344045
2023-01-04,Utilities,0.15975
2023-01-05,Comm,0.069408
2023-01-05,Consumer,0.2510065079365079
2023-01-05,Energy,0.24221202380952384
2023-01-05,Financials,0.06025666666666667
2023-01-05,Healthcare,0.157785
2023-01-05,Industrials,0.13137
2023-01-05,Materials,0.12264
2023-01-05,RealEstate,0.21685333333333334
2023-01-05,Tech,0.22351533333333334
2023-01-05,Utilities,0.09878666666666666
2023-01-06,Comm,0.24178666666666668
2023-01-06,Consumer,0.19904000000000002
2023-01-06,Energy,0.15449438095238097
2023-01-06,Financials,0.14246083333333334
2023-01-06,Healthcare,0.06390333333333334
2023-01-06,Industrials,0.076625
2023-01-06,Materials,0.0
2023-01-06,RealEstate,0.15727833333333335
2023-01-06,Tech,0.2389852380952381
2023-01-06,Utilities,-0.015546666666666663
2023-01-09,Comm,0.34460999999999997
2023-01-09,Consumer,0.22613238095238097
2023-01-09,Energy,0.2865790476190476
2023-01-09,Financials,0.10765607142857143
2023-01-09,Healthcare,0.20147833333333334
2023-01-09,Industrials,0.21172500000000002
2023-01-09,Materials,0.13460999999999998
2023-01-09,RealEstate,0.09050000000000002
2023-01-09,Tech,0.12115619047619046
2023-01-09,Utilities,0.07377666666666667
2023-01-10,Comm,0.37448333333333333
2023-01-10,Consumer,0.10989238095238094
2023-01-10,Energy,0.04492685714285714
2023-01-10,Financials,0.09510809523809524
2023-01-10,Healthcare,0.06907642857142857
2023-01-10,Industrials,0.15719714285714287
2023-01-10,Materials,0.21498999999999996
2023-01-10,RealEstate,-0.01629999999999999
2023-01-10,Tech,0.23811809523809524
2023-01-10,Utilities,0.048776666666666676
2023-01-11,Comm,0.21077666666666667
2023-01-11,Consumer,0.03772633333333334
2023-01-11,Energy,0.11611
2023-01-11,Financials,0.06363873015873016
2023-01-11,Healthcare,0.031676666666666665
2023-01-11,Industrials,0.03311714285714286
2023-01-11,Materials,0.21109166666666668
2023-01-11,RealEstate,0.02188
2023-01-11,Tech,0.06118666666666667
2023-01-11,Utilities,0.027160000000000007
2023-01-12,Comm,0.10675266666666668
2023-01-12,Consumer,0.06283569230769231
2023-01-12,Energy,0.06955964285714286
2023-01-12,Financials,0.10104057142857144
2023-01-12,Healthcare,0.053959999999999994
2023-01-12,Industrials,0.09852166666666666
2023-01-12,Materials,0.2003
2023-01-12,RealEstate,-0.04803999999999999
2023-01-12,Tech,0.05665833333333333
2023-01-12,Utilities,0.11046666666666667
2023-01-13,Comm,0.18216666666666667
2023-01-13,Consumer,0.19112266666666666
2023-01-13,Energy,0.1925342857142857
2023-01-13,Financials,0.08293786546786547
2023-01-13,Healthcare,0.16742333333333334
2023-01-13,Industrials,0.037660000000000006
2023-01-13,Materials,0.28611
2023-01-13,RealEstate,-0.06406999999999999
2023-01-13,Tech,0.100065
2023-01-13,Utilities,0.16087
2023-01-17,Comm,0.20365666666666668
2023-01-17,Consumer,0.23867834285714284
2023-01-17,Energy,0.06192549019607844
2023-01-17,Financials,0.1567296778230853
2023-01-17,Healthcare,0.26210944444444445
2023-01-17,Industrials,0.215895
2023-01-17,Materials,0.14957
2023-01-17,RealEstate,0.02135
2023-01-17,Tech,0.19825480952380953
2023-01-17,Utilities,0.22476
2023-01-18,Comm,0.025453333333333335
2023-01-18,Consumer,0.17681855555555556
2023-01-18,Energy,0.24106333333333335
2023-01-18,Financials,0.19587349206349208
2023-01-18,Healthcare,0.134085
2023-01-18,Industrials,-0.095755
2023-01-18,Materials,0.142155
2023-01-18,RealEstate,0.0012866666666666673
2023-01-18,Tech,0.24729714285714283
2023-01-18,Utilities,0.20918
2023-01-19,Comm,0.041280000000000004
2023-01-19,Consumer,-0.0029958571428571417
2023-01-19,Energy,0.18392
2023-01-19,Financials,0.0669835
2023-01-19,Healthcare,-0.013043333333333334
2023-01-19,Industrials,0.049519999999999995
2023-01-19,Materials,0.14376666666666668
2023-01-19,RealEstate,0.08113999999999999
2023-01-19,Tech,0.15625714285714284
2023-01-19,Utilities,0.16392
2023-01-20,Comm,-0.009086666666666663
2023-01-20,Consumer,0.013133333333333335
2023-01-20,Energy,0.19423111538461538
2023-01-20,Financials,0.08280588888888889
2023-01-20,Healthcare,0.06612533333333334
2023-01-20,Industrials,-0.003159999999999996
2023-01-20,Materials,0.1786666666666667
2023-01-20,RealEstate,0.06683166666666666
2023-01-20,Tech,0.05707466666666666
2023-01-20,Utilities,0.14502333333333334
2023-01-23,Comm,0.053615
2023-01-23,Consumer,0.21754928571428572
2023-01-23,Energy,0.08105306818181818
2023-01-23,Financials,-0.023422000000000005
2023-01-23,Healthcare,0.253675
2023-01-23,Industrials,0.19730085714285717
2023-01-23,Materials,0.04531833333333334
2023-01-23,RealEstate,0.07724666666666666
2023-01-23,Tech,0.04196040100250627
2023-01-23,Utilities,0.20159666666666665
2023-01-24,Comm,0.038075000000000005
2023-01-24,Consumer,0.15604383333333333
2023-01-24,Energy,0.2549097619047619
2023-01-24,Financials,0.10409500000000001
2023-01-24,Healthcare,0.15199000000000001
2023-01-24,Industrials,0.0609569696969697
2023-01-24,Materials,0.022205000000000003
2023-01-24,RealEstate,0.23321
2023-01-24,Tech,0.015140000000000006
2023-01-24,Utilities,0.23891
2023-01-25,Comm,0.0014257142857142858
2023-01-25,Consumer,0.12261899999999999
2023-01-25,Energy,0.2023072222222222
2023-01-25,Financials,0.05672233333333334
2023-01-25,Healthcare,0.006690980392156853
2023-01-25,Industrials,0.13661333333333334
2023-01-25,Materials,-0.09030399999999998
2023-01-25,RealEstate,0.3207
2023-01-25,Tech,0.061449166666666666
2023-01-25,Utilities,0.191144
2023-01-26,Comm,0.22873560606060606
2023-01-26,Consumer,0.11155333333333335
2023-01-26,Energy,0.21729217948717947
2023-01-26,Financials,0.15910711111111112
2023-01-26,Healthcare,0.17704999999999999
2023-01-26,Industrials,0.02513857142857142
2023-01-26,Materials,0.06071428571428571
2023-01-26,RealEstate,0.19529333333333335
2023-01-26,Tech,0.09490663492063492
2023-01-26,Utilities,0.14764
2023-01-27,Comm,0.09685466666666664
2023-01-27,Consumer,0.04188190476190475
2023-01-27,Energy,0.119035
2023-01-27,Financials,0.201422
2023-01-27,Healthcare,0.19140666666666667
2023-01-27,Industrials,0.1234952380952381
2023-01-27,Materials,0.06052928571428571
2023-01-27,RealEstate,0.24477333333333334
2023-01-27,Tech,-0.00167385185185185
2023-01-27,Utilities,0.15150666666666668
2023-01-30,Comm,0.07409666666666666
2023-01-30,Consumer,0.013520000000000004
2023-01-30,Energy,0.1395278787878788
2023-01-30,Financials,0.2691104761904762
2023-01-30,Healthcare,0.14562716666666667
2023-01-30,Industrials,-0.005256000000000001
2023-01-30,Materials,0.1436292857142857
2023-01-30,RealEstate,0.281555
2023-01-30,Tech,0.08135
2023-01-30,Utilities,0.17398000000000002
2023-01-31,Comm,-0.01744888888888889
2023-01-31,Consumer,0.061749476190476195
2023-01-31,Energy,0.1478080512820513
2023-01-31,Financials,0.13685333333333333
2023-01-31,Healthcare,0.04195083333333333
2023-01-31,Industrials,0.12457670588235295
2023-01-31,Materials,0.13231500000000002
2023-01-31,RealEstate,0.19296000000000002
2023-01-31,Tech,-0.004828303030303028
2023-01-31,Utilities,0.18501666666666666
2023-02-01,Comm,0.021679999999999994
2023-02-01,Consumer,0.1017551515151515
2023-02-01,Energy,-0.12676177777777778
2023-02-01,Financials,0.05386333333333333
2023-02-01,Healthcare,0.17045825396825395
2023-02-01,Industrials,0.07608
2023-02-01,Materials,0.088405
2023-02-01,RealEstate,0.31418
2023-02-01,Tech,-0.06427003813882533
2023-02-01,Utilities,-0.02065
2023-02-02,Comm,0.12570933333333334
2023-02-02,Consumer,0.15095333333333333
2023-02-02,Energy,0.18011523809523808
2023-02-02,Financials,0.18111533333333335
2023-02-02,Healthcare,0.30562833333333334
2023-02-02,Industrials,0.12769999999999998
2023-02-02,Materials,0.10262
2023-02-02,RealEstate,0.17594
2023-02-02,Tech,0.21009666666666668
2023-02-02,Utilities,0.27759999999999996
2023-02-03,Comm,0.18137
2023-02-03,Consumer,0.17654599999999998
2023-02-03,Energy,-0.004061666666666658
2023-02-03,Financials,0.15321500000000002
2023-02-03,Healthcare,0.1117245
2023-02-03,Industrials,0.22832499999999997
2023-02-03,Materials,0.015421
2023-02-03,RealEstate,0.08510666666666668
2023-02-03,Tech,-0.027859166666666667
2023-02-03,Utilities,0.2994366666666667
2023-02-06,Comm,0.03406250000000001
2023-02-06,Consumer,0.10707599999999999
2023-02-06,Energy,0.07358555555555556
2023-02-06,Financials,-0.04886666666666667
2023-02-06,Healthcare,0.042994000000000004
2023-02-06,Industrials,0.15544333333333332
2023-02-06,Materials,0.09793499999999997
2023-02-06,RealEstate,0.17055904761904764
2023-02-06,Tech,0.20531083333333333
2023-02-06,Utilities,0.15076666666666666
2023-02-07,Comm,0.027477
2023-02-07,Consumer,0.17179166666666668
2023-02-07,Energy,0.05388761904761904
2023-02-07,Financials,0.24303333333333335
2023-02-07,Healthcare,0.12206666666666668
2023-02-07,Industrials,-0.007196666666666668
2023-02-07,Materials,-0.06531833333333334
2023-02-07,RealEstate,0.1311247619047619
2023-02-07,Tech,0.19244266666666668
2023-02-07,Utilities,0.2691366666666667
2023-02-08,Comm,0.05899
2023-02-08,Consumer,0.10651923809523808
2023-02-08,Energy,0.09935666666666668
2023-02-08,Financials,0.0311
2023-02-08,Healthcare,0.050586
2023-02-08,Industrials,0.16017666666666666
2023-02-08,Materials,0.07939666666666666
2023-02-08,RealEstate,-0.029599999999999998
2023-02-08,Tech,0.1723115714285714
2023-02-08,Utilities,0.2112531818181818
2023-02-09,Comm,0.23036500000000001
2023-02-09,Consumer,0.09454189655172414
2023-02-09,Energy,0.13655057142857144
2023-02-09,Financials,-0.03314999999999998
2023-02-09,Healthcare,0.016499476190476203
2023-02-09,Industrials,0.08614333333333332
2023-02-09,Materials,-0.04826999999999999
2023-02-09,RealEstate,0.13115000000000002
2023-02-09,Tech,0.21136499999999997
2023-02-09,Utilities,0.21886
2023-02-10,Comm,0.26041
2023-02-10,Consumer,0.11233599999999999
2023-02-10,Energy,0.18555566666666667
2023-02-10,Financials,-0.055994999999999996
2023-02-10,Healthcare,0.008510000000000018
2023-02-10,Industrials,0.05619999999999999
2023-02-10,Materials,-0.04248
2023-02-10,RealEstate,0.25075000000000003
2023-02-10,Tech,-0.023754444444444446
2023-02-10,Utilities,0.16646
2023-02-13,Comm,-0.027247999999999994
2023-02-13,Consumer,0.13103913636363634
2023-02-13,Energy,0.2962988888888889
2023-02-13,Financials,0.09737666666666667
2023-02-13,Healthcare,0.10701000000000001
2023-02-13,Industrials,0.06689
2023-02-13,Materials,-0.0299
2023-02-13,RealEstate,0.3554
2023-02-13,Tech,0.20688285714285715
2023-02-13,Utilities,0.23743666666666666
2023-02-14,Comm,-0.013308
2023-02-14,Consumer,0.263443393939394
2023-02-14,Energy,-0.06863
2023-02-14,Financials,-0.02954066666666667
2023-02-14,Healthcare,0.212427
2023-02-14,Industrials,0.09214933333333333
2023-02-14,Materials,0.01794
2023-02-14,RealEstate,0.15886
2023-02-14,Tech,0.23218757575757576
2023-02-14,Utilities,0.12393000000000001
2023-02-15,Comm,0.18669666666666665
2023-02-15,Consumer,0.11783466666666667
2023-02-15,Energy,0.08230666666666667
2023-02-15,Financials,-0.08132750000000001
2023-02-15,Healthcare,0.09486833333333333
2023-02-15,Industrials,0.05914600000000001
2023-02-15,Materials,0.017517142857142853
2023-02-15,RealEstate,0.11417666666666666
2023-02-15,Tech,0.011951999999999996
2023-02-15,Utilities,0.19022
2023-02-16,Comm,0.02366
2023-02-16,Consumer,0.006370666666666663
2023-02-16,Energy,0.13481955555555555
2023-02-16,Financials,0.027493333333333335
2023-02-16,Healthcare,0.12758466666666665
2023-02-16,Industrials,0.13791499999999998
2023-02-16,Materials,0.11545999999999998
2023-02-16,RealEstate,0.07278333333333334
2023-02-16,Tech,0.17857883116883116
2023-02-16,Utilities,0.24088583333333333
2023-02-17,Comm,0.26779
2023-02-17,Consumer,0.08300952380952381
2023-02-17,Energy,0.12348595238095236
2023-02-17,Financials,0.216486
2023-02-17,Healthcare,0.14122666666666667
2023-02-17,Industrials,0.014699999999999996
2023-02-17,Materials,0.09213
2023-02-17,RealEstate,-0.008929999999999999
2023-02-17,Tech,0.10878727272727273
2023-02-17,Utilities,0.12940000000000002
2023-02-21,Comm,0.1004447619047619
2023-02-21,Consumer,0.11968745502645503
2023-02-21,Energy,0.13425171717171716
2023-02-21,Financials,0.008044
2023-02-21,Healthcare,0.023935500000000005
2023-02-21,Industrials,0.195737
2023-02-21,Materials,-0.026625
2023-02-21,RealEstate,0.06677777777777778
2023-02-21,Tech,0.11577727272727274
2023-02-21,Utilities,0.1120611111111111
2023-02-22,Comm,0.16151833333333332
2023-02-22,Consumer,0.08917590476190476
2023-02-22,Energy,0.11466400000000002
2023-02-22,Financials,0.090915
2023-02-22,Healthcare,0.09284200000000001
2023-02-22,Industrials,0.0
2023-02-22,Materials,0.06795999999999999
2023-02-22,RealEstate,0.11400166666666667
2023-02-22,Tech,0.10995700000000001
2023-02-22,Utilities,0.17135
2023-02-23,Comm,0.12297
2023-02-23,Consumer,0.10625000000000002
2023-02-23,Energy,0.15099809523809524
2023-02-23,Financials,0.13172166666666668
2023-02-23,Healthcare,0.093612
2023-02-23,Industrials,0.04900333333333333
2023-02-23,Materials,-0.0027966666666666713
2023-02-23,RealEstate,0.05041500000000001
2023-02-23,Tech,0.030355884146341473
2023-02-23,Utilities,0.056576
2023-02-24,Comm,0.12728
2023-02-24,Consumer,0.040490000000000005
2023-02-24,Energy,0.056115000000000005
2023-02-24,Financials,0.10556066666666666
2023-02-24,Healthcare,0.06704400000000002
2023-02-24,Industrials,0.08953666666666667
2023-02-24,Materials,0.08508666666666667
2023-02-24,RealEstate,0.030125000000000002
2023-02-24,Tech,0.000439833333333331
2023-02-24,Utilities,0.18026
2023-02-27,Comm,0.13392333333333334
2023-02-27,Consumer,0.07535344444444445
2023-02-27,Energy,-0.035612
2023-02-27,Financials,-0.011213928571428566
2023-02-27,Healthcare,0.08093285714285714
2023-02-27,Industrials,0.070885
2023-02-27,Materials,0.2454
2023-02-27,RealEstate,0.09504
2023-02-27,Tech,0.10417992063492063
2023-02-27,Utilities,0.173532
2023-02-28,Comm,0.13401000000000002
2023-02-28,Consumer,0.16072533333333333
2023-02-28,Energy,0.10813666666666669
2023-02-28,Financials,0.08084030303030301
2023-02-28,Healthcare,0.08175323809523809
2023-02-28,Industrials,0.17365666666666665
2023-02-28,Materials,0.34752
2023-02-28,RealEstate,0.11682000000000001
2023-02-28,Tech,0.24963571428571427
2023-02-28,Utilities,0.22801999999999997
2023-03-01,Comm,-0.033397500000000004
2023-03-01,Consumer,0.09564033333333334
2023-03-01,Energy,0.06314166666666667
2023-03-01,Financials,0.09284666666666666
2023-03-01,Healthcare,0.028242000000000007
2023-03-01,Industrials,0.049691428571428574
2023-03-01,Materials,0.194112
2023-03-01,RealEstate,0.0886
2023-03-01,Tech,0.183314126984127
2023-03-01,Utilities,0.39422
2023-03-02,Comm,0.23134666666666667
2023-03-02,Consumer,0.2024008658008658
2023-03-02,Energy,0.27628833333333336
2023-03-02,Financials,0.13739400000000002
2023-03-02,Healthcare,0.039298333333333345
2023-03-02,Industrials,0.23313857142857142
2023-03-02,Materials,0.0638
2023-03-02,RealEstate,0.20618666666666668
2023-03-02,Tech,0.08964880952380952
2023-03-02,Utilities,0.24122
2023-03-03,Comm,0.06216666666666668
2023-03-03,Consumer,0.09395571428571428
2023-03-03,Energy,0.21369833333333332
2023-03-03,Financials,0.00871666666666666
2023-03-03,Healthcare,0.285165
2023-03-03,Industrials,0.11615666666666666
2023-03-03,Materials,0.030320000000000003
2023-03-03,RealEstate,0.13778666666666667
2023-03-03,Tech,0.2062848888888889
2023-03-03,Utilities,0.14816000000000001
2023-03-06,Comm,0.02023
2023-03-06,Consumer,-0.040311
2023-03-06,Energy,0.05617322222222222
2023-03-06,Financials,0.10359059523809525
2023-03-06,Healthcare,0.06327033333333335
2023-03-06,Industrials,0.16074000000000002
2023-03-06,Materials,0.06432
2023-03-06,RealEstate,0.04136
2023-03-06,Tech,0.07911199999999999
2023-03-06,Utilities,0.08709
2023-03-07,Comm,0.17477
2023-03-07,Consumer,0.17832733333333334
2023-03-07,Energy,0.16996266666666665
2023-03-07,Financials,0.24231166666666665
2023-03-07,Healthcare,0.1673633333333333
2023-03-07,Industrials,0.2250233333333333
2023-03-07,Materials,0.047670000000000004
2023-03-07,RealEstate,0.12358
2023-03-07,Tech,0.11298444444444444
2023-03-07,Utilities,0.08139666666666667
2023-03-08,Comm,0.047799999999999995
2023-03-08,Consumer,0.25326166666666666
2023-03-08,Energy,0.14941619047619048
2023-03-08,Financials,0.06828730158730159
2023-03-08,Healthcare,0.056163
2023-03-08,Industrials,0.14807333333333333
2023-03-08,Materials,0.0991
2023-03-08,RealEstate,0.21033
2023-03-08,Tech,0.08803611111111112
2023-03-08,Utilities,0.07404666666666666
2023-03-09,Comm,0.02849666666666667
2023-03-09,Consumer,0.10084
2023-03-09,Energy,0.25682866666666665
2023-03-09,Financials,0.047027
2023-03-09,Healthcare,0.1454
2023-03-09,Industrials,0.069926
2023-03-09,Materials,0.018690000000000002
2023-03-09,RealEstate,0.16455
2023-03-09,Tech,0.1660287878787879
2023-03-09,Utilities,0.14632666666666666
2023-03-10,Comm,0.025708
2023-03-10,Consumer,0.12061199999999998
2023-03-10,Energy,0.17908933333333335
2023-03-10,Financials,0.0075823333333333385
2023-03-10,Healthcare,0.23816333333333334
2023-03-10,Industrials,0.10284428571428572
2023-03-10,Materials,0.11800000000000002
2023-03-10,RealEstate,0.26161999999999996
2023-03-10,Tech,0.122865
2023-03-10,Utilities,0.22115666666666667
2023-03-13,Comm,0.06463933333333334
2023-03-13,Consumer,0.0488907619047619
2023-03-13,Energy,0.15785444444444444
2023-03-13,Financials,-0.09763303030303032
2023-03-13,Healthcare,0.1411257142857143
2023-03-13,Industrials,0.13247599999999998
2023-03-13,Materials,0.13992
2023-03-13,RealEstate,0.04710666666666667
2023-03-13,Tech,0.027164333333333335
2023-03-13,Utilities,0.24661166666666667
2023-03-14,Comm,0.081306
2023-03-14,Consumer,-0.04649666666666667
2023-03-14,Energy,0.21197166666666667
2023-03-14,Financials,0.17148380952380954
2023-03-14,Healthcare,-0.015801333333333327
2023-03-14,Industrials,0.180146
2023-03-14,Materials,0.08349999999999999
2023-03-14,RealEstate,0.20270000000000002
2023-03-14,Tech,0.13499083333333334
2023-03-14,Utilities,0.0509
2023-03-15,Comm,0.13586
2023-03-15,Consumer,0.06556166666666667
2023-03-15,Energy,0.1294664285714286
2023-03-15,Financials,0.011017111111111116
2023-03-15,Healthcare,0.08162666666666667
2023-03-15,Industrials,0.046380000000000005
2023-03-15,Materials,0.08374181818181818
2023-03-15,RealEstate,0.185554
2023-03-15,Tech,-0.012914761904761905
2023-03-15,Utilities,0.28570166666666663
2023-03-16,Comm,0.1414582857142857
2023-03-16,Consumer,0.029326666666666674
2023-03-16,Energy,-0.04001199999999999
2023-03-16,Financials,-0.12498916666666667
2023-03-16,Healthcare,0.006679999999999997
2023-03-16,Industrials,0.25207999999999997
2023-03-16,Materials,0.07726666666666668
2023-03-16,RealEstate,0.227
2023-03-16,Tech,0.12819356818181818
2023-03-16,Utilities,0.1459
2023-03-17,Comm,0.092
2023-03-17,Consumer,-0.02581300000000001
2023-03-17,Energy,0.029581333333333338
2023-03-17,Financials,-0.04826114285714286
2023-03-17,Healthcare,-0.0007000000000000062
2023-03-17,Industrials,0.11288666666666666
2023-03-17,Materials,-0.006796190476190472
2023-03-17,RealEstate,0.23986999999999997
2023-03-17,Tech,0.054474749999999995
2023-03-17,Utilities,0.26572666666666667
2023-03-20,Comm,0.183634
2023-03-20,Consumer,0.042434285714285716
2023-03-20,Energy,0.26259466666666664
2023-03-20,Financials,0.14149814285714285
2023-03-20,Healthcare,0.08144933333333335
2023-03-20,Industrials,0.07919666666666667
2023-03-20,Materials,0.14259666666666668
2023-03-20,RealEstate,0.040580000000000005
2023-03-20,Tech,0.14129133333333332
2023-03-20,Utilities,0.15756333333333333
2023-03-21,Comm,0.084422
2023-03-21,Consumer,0.14174222222222221
2023-03-21,Energy,0.05917466666666667
2023-03-21,Financials,0.12551285714285715
2023-03-21,Healthcare,0.157915
2023-03-21,Industrials,0.19473000000000001
2023-03-21,Materials,0.152027
2023-03-21,RealEstate,0.3596066666666667
2023-03-21,Tech,0.076383
2023-03-21,Utilities,0.25908
2023-03-22,Comm,0.11946666666666668
2023-03-22,Consumer,-0.0445123076923077
2023-03-22,Energy,0.13186916666666665
2023-03-22,Financials,0.057744285714285706
2023-03-22,Healthcare,0.011967999999999998
2023-03-22,Industrials,0.12519
2023-03-22,Materials,0.07820666666666667
2023-03-22,RealEstate,0.21108000000000002
2023-03-22,Tech,0.0671015037593985
2023-03-22,Utilities,0.09562666666666667
2023-03-23,Comm,0.31221
2023-03-23,Consumer,0.05046666666666668
2023-03-23,Energy,0.13539666666666667
2023-03-23,Financials,-0.025778333333333337
2023-03-23,Healthcare,0.149788
2023-03-23,Industrials,0.07804
2023-03-23,Materials,0.046794999999999996
2023-03-23,RealEstate,0.14966
2023-03-23,Tech,0.1823742857142857
2023-03-23,Utilities,0.1442
2023-03-24,Comm,0.31461
2023-03-24,Consumer,0.197844
2023-03-24,Energy,0.194102
2023-03-24,Financials,-0.11139333333333334
2023-03-24,Healthcare,0.09774133333333332
2023-03-24,Industrials,0.13252666666666668
2023-03-24,Materials,0.046794999999999996
2023-03-24,RealEstate,0.1272
2023-03-24,Tech,0.04642119047619048
2023-03-24,Utilities,0.21626000000000004
2023-03-27,Comm,0.24604428571428572
2023-03-27,Consumer,0.09845666666666666
2023-03-27,Energy,0.061272499999999994
2023-03-27,Financials,0.05972611111111111
2023-03-27,Healthcare,0.13018666666666667
2023-03-27,Industrials,0.15123999999999999
2023-03-27,Materials,0.05826166666666667
2023-03-27,RealEstate,0.040598
2023-03-27,Tech,0.14500497435897436
2023-03-27,Utilities,0.092955
2023-03-28,Comm,0.26202333333333333
2023-03-28,Consumer,0.15144214285714286
2023-03-28,Energy,0.08887333333333333
2023-03-28,Financials,0.22093666666666664
2023-03-28,Healthcare,0.19232833333333335
2023-03-28,Industrials,0.11410499999999998
2023-03-28,Materials,0.14841
2023-03-28,RealEstate,0.084488
2023-03-28,Tech,0.14021111111111112
2023-03-28,Utilities,0.335075
2023-03-29,Comm,0.08532666666666668
2023-03-29,Consumer,0.12297333333333334
2023-03-29,Energy,0.04028988888888889
2023-03-29,Financials,0.028922833333333335
2023-03-29,Healthcare,0.055336666666666666
2023-03-29,Industrials,0.049815000000000005
2023-03-29,Materials,0.08631333333333333
2023-03-29,RealEstate,0.12131333333333334
2023-03-29,Tech,0.11315888888888889
2023-03-29,Utilities,0.16483
2023-03-30,Comm,0.16473333333333334
2023-03-30,Consumer,0.11552115384615384
2023-03-30,Energy,0.07989666666666667
2023-03-30,Financials,0.22542380952380953
2023-03-30,Healthcare,0.003698333333333337
2023-03-30,Industrials,0.16831166666666666
2023-03-30,Materials,0.02561
2023-03-30,RealEstate,0.11547666666666667
2023-03-30,Tech,0.16753085714285715
2023-03-30,Utilities,0.20589
2023-03-31,Comm,0.19658533333333333
2023-03-31,Consumer,0.05066514285714287
2023-03-31,Energy,0.140608
2023-03-31,Financials,0.14908133333333334
2023-03-31,Healthcare,0.06083500000000001
2023-03-31,Industrials,0.054753333333333334
2023-03-31,Materials,0.10028999999999999
2023-03-31,RealEstate,0.18689
2023-03-31,Tech,0.16036566666666668
2023-03-31,Utilities,0.13836666666666667
2023-04-03,Comm,0.13331285714285715
2023-04-03,Consumer,0.11564195488721804
2023-04-03,Energy,0.052539934210526315
2023-04-03,Financials,0.14526166666666668
2023-04-03,Healthcare,-0.04046466666666667
2023-04-03,Industrials,0.09313500000000001
2023-04-03,Materials,-0.10612999999999999
2023-04-03,RealEstate,0.108438
2023-04-03,Tech,0.15316399389116628
2023-04-03,Utilities,0.24288499999999996
2023-04-04,Comm,0.059763
2023-04-04,Consumer,0.12417666666666667
2023-04-04,Energy,0.2448036507936508
2023-04-04,Financials,-0.06442299999999998
2023-04-04,Healthcare,0.18928866666666666
2023-04-04,Industrials,0.10080857142857143
2023-04-04,Materials,0.06972666666666667
2023-04-04,RealEstate,0.171315
2023-04-04,Tech,0.13741923376623374
2023-04-04,Utilities,0.22468166666666667
2023-04-05,Comm,0.039038
2023-04-05,Consumer,0.09757428571428571
2023-04-05,Energy,0.044648961038961044
2023-04-05,Financials,-0.006242857142857142
2023-04-05,Healthcare,0.052146666666666674
2023-04-05,Industrials,0.09623333333333334
2023-04-05,Materials,0.17040000000000002
2023-04-05,RealEstate,0.19249785714285714
2023-04-05,Tech,0.10998187969924814
2023-04-05,Utilities,0.13112666666666667
2023-04-06,Comm,0.08838
2023-04-06,Consumer,0.10606711111111111
2023-04-06,Energy,0.1346691794871795
2023-04-06,Financials,0.1960233333333333
2023-04-06,Healthcare,0.05140199999999999
2023-04-06,Industrials,0.044604
2023-04-06,Materials,0.14561
2023-04-06,RealEstate,0.16269
2023-04-06,Tech,0.3205784615384616
2023-04-06,Utilities,0.30244666666666664
2023-04-10,Comm,0.03769666666666667
2023-04-10,Consumer,0.1482178021978022
2023-04-10,Energy,0.10547577357425184
2023-04-10,Financials,0.05520839393939395
2023-04-10,Healthcare,0.1212428787878788
2023-04-10,Industrials,0.1294325
2023-04-10,Materials,0.19867285714285715
2023-04-10,RealEstate,0.07998166666666667
2023-04-10,Tech,0.1816367177559283
2023-04-10,Utilities,0.27719466666666664
2023-04-11,Comm,0.02508
2023-04-11,Consumer,0.06685066666666667
2023-04-11,Energy,0.12029555555555556
2023-04-11,Financials,0.024665824175824174
2023-04-11,Healthcare,-0.0077800000000000005
2023-04-11,Industrials,-0.016513333333333335
2023-04-11,Materials,0.05121428571428571
2023-04-11,RealEstate,0.35245000000000004
2023-04-11,Tech,0.062146
2023-04-11,Utilities,0.08196
2023-04-12,Comm,0.14808
2023-04-12,Consumer,0.07305952380952381
2023-04-12,Energy,0.04597833333333333
2023-04-12,Financials,0.11431438095238096
2023-04-12,Healthcare,0.054188333333333324
2023-04-12,Industrials,0.06293266666666666
2023-04-12,Materials,0.05121428571428571
2023-04-12,RealEstate,0.3442
2023-04-12,Tech,0.13349966666666668
2023-04-12,Utilities,0.24034666666666665
2023-04-13,Comm,0.0014371428571428578
2023-04-13,Consumer,-0.014880000000000008
2023-04-13,Energy,0.09086
2023-04-13,Financials,0.09316769924812031
2023-04-13,Healthcare,-0.06453642857142856
2023-04-13,Industrials,0.17934
2023-04-13,Materials,0.05544
2023-04-13,RealEstate,0.15111000000000002
2023-04-13,Tech,0.0666914126984127
2023-04-13,Utilities,0.144018
2023-04-14,Comm,0.013370476190476191
2023-04-14,Consumer,0.124798
2023-04-14,Energy,0.17745000000000002
2023-04-14,Financials,0.07723416161616162
2023-04-14,Healthcare,0.008998999999999997
2023-04-14,Industrials,0.12549166666666667
2023-04-14,Materials,0.07135
2023-04-14,RealEstate,0.07364
2023-04-14,Tech,0.19694380952380952
2023-04-14,Utilities,0.14492333333333335
2023-04-17,Comm,0.014846666666666666
2023-04-17,Consumer,0.04868159663865546
2023-04-17,Energy,0.12480233333333332
2023-04-17,Financials,0.11059273918128656
2023-04-17,Healthcare,0.1287092857142857
2023-04-17,Industrials,0.093882
2023-04-17,Materials,0.10533999999999999
2023-04-17,RealEstate,0.010589999999999999
2023-04-17,Tech,0.13280434523809523
2023-04-17,Utilities,0.120255
2023-04-18,Comm,0.028428095238095242
2023-04-18,Consumer,-0.03344785714285714
2023-04-18,Energy,0.011318838383838386
2023-04-18,Financials,0.1622332380952381
2023-04-18,Healthcare,0.12431666666666667
2023-04-18,Industrials,0.05858
2023-04-18,Materials,0.14026
2023-04-18,RealEstate,0.08000333333333334
2023-04-18,Tech,0.23545190476190475
2023-04-18,Utilities,0.08896066666666666
2023-04-19,Comm,0.08130066666666666
2023-04-19,Consumer,0.10089833333333334
2023-04-19,Energy,0.20613083333333332
2023-04-19,Financials,0.15887635014005602
2023-04-19,Healthcare,0.11610749019607843
2023-04-19,Industrials,0.13004
2023-04-19,Materials,0.04978666666666667
2023-04-19,RealEstate,0.09782333333333335
2023-04-19,Tech,0.05728399999999999
2023-04-19,Utilities,0.38047333333333333
2023-04-20,Comm,0.007522820512820512
2023-04-20,Consumer,0.14552822222222223
2023-04-20,Energy,0.10873916666666665
2023-04-20,Financials,0.0642047619047619
2023-04-20,Healthcare,0.177882
2023-04-20,Industrials,0.067604
2023-04-20,Materials,0.10787242857142858
2023-04-20,RealEstate,0.12767166666666668
2023-04-20,Tech,0.04933266666666667
2023-04-20,Utilities,0.11793066666666667
2023-04-21,Comm,0.21154227272727272
2023-04-21,Consumer,0.19828619047619048
2023-04-21,Energy,0.16272232967032968
2023-04-21,Financials,0.08296166666666668
2023-04-21,Healthcare,0.054498000000000005
2023-04-21,Industrials,0.12680799999999998
2023-04-21,Materials,0.043396000000000004
2023-04-21,RealEstate,0.1693
2023-04-21,Tech,0.11072671428571428
2023-04-21,Utilities,0.0
2023-04-24,Comm,0.08627112554112551
2023-04-24,Consumer,0.15580966666666668
2023-04-24,Energy,0.10986303030303031
2023-04-24,Financials,0.08312648051948052
2023-04-24,Healthcare,0.16632711111111112
2023-04-24,Industrials,0.059229166666666666
2023-04-24,Materials,0.06069
2023-04-24,RealEstate,0.17015333333333332
2023-04-24,Tech,0.2665737777777778
2023-04-24,Utilities,0.059515384615384616
2023-04-25,Comm,-0.02616
2023-04-25,Consumer,0.05359533333333334
2023-04-25,Energy,0.10546
2023-04-25,Financials,-0.13912242424242421
2023-04-25,Healthcare,0.2130757142857143
2023-04-25,Industrials,0.031361697191697194
2023-04-25,Materials,0.022217142857142862
2023-04-25,RealEstate,0.07972666666666667
2023-04-25,Tech,0.2505552380952381
2023-04-25,Utilities,0.14902
2023-04-26,Comm,0.04264444444444444
2023-04-26,Consumer,0.11924577922077921
2023-04-26,Energy,0.169602
2023-04-26,Financials,0.27934888888888887
2023-04-26,Healthcare,0.08284166666666667
2023-04-26,Industrials,0.11799750000000002
2023-04-26,Materials,0.014625999999999995
2023-04-26,RealEstate,-0.057238333333333336
2023-04-26,Tech,0.15250950000000002
2023-04-26,Utilities,0.23690666666666668
2023-04-27,Comm,0.05615253968253968
2023-04-27,Consumer,0.01287166666666667
2023-04-27,Energy,0.13285716666666667
2023-04-27,Financials,0.28209266666666666
2023-04-27,Healthcare,0.08945940476190475
2023-04-27,Industrials,0.039220000000000005
2023-04-27,Materials,0.06399333333333332
2023-04-27,RealEstate,0.025584999999999997
2023-04-27,Tech,0.08589166666666667
2023-04-27,Utilities,0.13793866666666665
2023-04-28,Comm,0.03407888888888889
2023-04-28,Consumer,0.23874399999999998
2023-04-28,Energy,0.21218434995112415
2023-04-28,Financials,0.0037038095238095202
2023-04-28,Healthcare,0.0074438095238095305
2023-04-28,Industrials,0.08048666666666666
2023-04-28,Materials,0.07992
2023-04-28,RealEstate,0.15228
2023-04-28,Tech,0.0868017857142857
2023-04-28,Utilities,0.08052333333333332
2023-05-01,Comm,-0.0007224999999999981
2023-05-01,Consumer,0.07340109523809525
2023-05-01,Energy,0.05163315789473684
2023-05-01,Financials,-0.09432488888888887
2023-05-01,Healthcare,0.13218395238095237
2023-05-01,Industrials,0.12628499999999998
2023-05-01,Materials,0.12647
2023-05-01,RealEstate,0.07571333333333333
2023-05-01,Tech,0.11793738095238096
2023-05-01,Utilities,0.03741
2023-05-02,Comm,0.05378166666666667
2023-05-02,Consumer,0.047136333333333336
2023-05-02,Energy,0.038213047619047626
2023-05-02,Financials,0.07396590476190476
2023-05-02,Healthcare,0.00019733333333333826
2023-05-02,Industrials,0.10146666666666668
2023-05-02,Materials,0.034
2023-05-02,RealEstate,0.04447333333333333
2023-05-02,Tech,0.05433625000000001
2023-05-02,Utilities,0.1708933333333333
2023-05-03,Comm,0.11889666666666669
2023-05-03,Consumer,0.1115105
2023-05-03,Energy,0.06689628571428571
2023-05-03,Financials,0.07866285714285715
2023-05-03,Healthcare,-0.008525
2023-05-03,Industrials,0.10181666666666667
2023-05-03,Materials,-0.09609999999999999
2023-05-03,RealEstate,0.028399999999999998
2023-05-03,Tech,0.13492896280190397
2023-05-03,Utilities,0.14476
2023-05-04,Comm,-0.014489999999999998
2023-05-04,Consumer,0.002100952380952384
2023-05-04,Energy,0.13792161904761904
2023-05-04,Financials,0.06366
2023-05-04,Healthcare,0.07443999999999999
2023-05-04,Industrials,0.3012183333333333
2023-05-04,Materials,-0.08488
2023-05-04,RealEstate,0.06655733333333333
2023-05-04,Tech,0.05870332539682539
2023-05-04,Utilities,0.14720333333333332
2023-05-05,Comm,0.28559999999999997
2023-05-05,Consumer,0.04124933333333334
2023-05-05,Energy,0.102146
2023-05-05,Financials,0.37511333333333335
2023-05-05,Healthcare,0.13888
2023-05-05,Industrials,-0.17014
2023-05-05,Materials,-0.11888000000000001
2023-05-05,RealEstate,0.22796000000000002
2023-05-05,Tech,0.019781904761904757
2023-05-05,Utilities,0.17781333333333332
2023-05-08,Comm,0.10955333333333332
2023-05-08,Consumer,0.017195238095238104
2023-05-08,Energy,0.13624806162464986
2023-05-08,Financials,0.06534000000000001
2023-05-08,Healthcare,0.1532076666666667
2023-05-08,Industrials,0.08206666666666666
2023-05-08,Materials,0.046634999999999996
2023-05-08,RealEstate,0.11322666666666667
2023-05-08,Tech,0.14823914285714287
2023-05-08,Utilities,0.20393333333333336
2023-05-09,Comm,-0.004120000000000001
2023-05-09,Consumer,0.14326366666666668
2023-05-09,Energy,0.3037923809523809
2023-05-09,Financials,-0.14082777777777777
2023-05-09,Healthcare,0.16398833333333335
2023-05-09,Industrials,0.19197666666666666
2023-05-09,Materials,0.046634999999999996
2023-05-09,RealEstate,0.1536866666666667
2023-05-09,Tech,0.04449666666666667
2023-05-09,Utilities,0.11174857142857145
2023-05-10,Comm,0.10685333333333333
2023-05-10,Consumer,-0.004055282051282048
2023-05-10,Energy,0.20393866666666666
2023-05-10,Financials,0.02547619047619048
2023-05-10,Healthcare,0.061268333333333334
2023-05-10,Industrials,0.12123666666666669
2023-05-10,Materials,-0.008245000000000008
2023-05-10,RealEstate,0.030253333333333333
2023-05-10,Tech,0.13137800000000002
2023-05-10,Utilities,0.19761333333333334
2023-05-11,Comm,0.2863142857142857
2023-05-11,Consumer,0.13571666666666665
2023-05-11,Energy,0.3107371428571429
2023-05-11,Financials,-0.04686666666666666
2023-05-11,Healthcare,0.2313766666666667
2023-05-11,Industrials,0.10712000000000002
2023-05-11,Materials,0.19445666666666667
2023-05-11,RealEstate,0.04404
2023-05-11,Tech,0.05073159090909091
2023-05-11,Utilities,0.29114
2023-05-12,Comm,0.142905
2023-05-12,Consumer,0.08773413636363638
2023-05-12,Energy,0.09245866666666666
2023-05-12,Financials,-0.013936666666666663
2023-05-12,Healthcare,0.05106000000000001
2023-05-12,Industrials,0.0954
2023-05-12,Materials,0.16918
2023-05-12,RealEstate,0.10773000000000002
2023-05-12,Tech,0.12081666666666668
2023-05-12,Utilities,0.130635
2023-05-15,Comm,0.02125566666666667
2023-05-15,Consumer,0.0807376923076923
2023-05-15,Energy,0.11200770202020202
2023-05-15,Financials,-0.10999114285714287
2023-05-15,Healthcare,0.11460095238095239
2023-05-15,Industrials,0.11305333333333334
2023-05-15,Materials,0.10581571428571428
2023-05-15,RealEstate,0.13531666666666667
2023-05-15,Tech,0.1816524025974026
2023-05-15,Utilities,0.21345333333333336
2023-05-16,Comm,0.06216666666666666
2023-05-16,Consumer,0.07482909090909091
2023-05-16,Energy,0.09868750000000001
2023-05-16,Financials,0.05618057142857143
2023-05-16,Healthcare,0.01101125
2023-05-16,Industrials,0.065115
2023-05-16,Materials,0.030536666666666667
2023-05-16,RealEstate,0.08574000000000001
2023-05-16,Tech,0.09343666666666667
2023-05-16,Utilities,0.24484000000000003
2023-05-17,Comm,0.006846666666666666
2023-05-17,Consumer,0.03881618181818182
2023-05-17,Energy,-0.03623933333333333
2023-05-17,Financials,0.077945
2023-05-17,Healthcare,-0.13451333333333332
2023-05-17,Industrials,0.06658
2023-05-17,Materials,0.03958666666666667
2023-05-17,RealEstate,0.068
2023-05-17,Tech,0.14877263636363636
2023-05-17,Utilities,0.152015
2023-05-18,Comm,0.04059
2023-05-18,Consumer,0.26038222222222224
2023-05-18,Energy,-0.057458333333333333
2023-05-18,Financials,0.077354
2023-05-18,Healthcare,0.0412
2023-05-18,Industrials,0.014799999999999999
2023-05-18,Materials,0.03275
2023-05-18,RealEstate,0.07373833333333332
2023-05-18,Tech,0.12567055555555556
2023-05-18,Utilities,0.15523499999999998
2023-05-19,Comm,0.25138666666666665
2023-05-19,Consumer,0.09602151835093012
2023-05-19,Energy,0.05865833333333335
2023-05-19,Financials,0.05966910256410256
2023-05-19,Healthcare,0.016695000000000015
2023-05-19,Industrials,0.07576000000000001
2023-05-19,Materials,0.0
2023-05-19,RealEstate,0.041893333333333324
2023-05-19,Tech,0.23859750000000002
2023-05-19,Utilities,0.17841999999999997
2023-05-22,Comm,0.09523200000000001
2023-05-22,Consumer,0.044529469696969706
2023-05-22,Energy,0.1510161111111111
2023-05-22,Financials,0.05849142857142857
2023-05-22,Healthcare,0.0658892857142857
2023-05-22,Industrials,0.16115261904761904
2023-05-22,Materials,0.09043399999999999
2023-05-22,RealEstate,0.16393333333333332
2023-05-22,Tech,0.03770891941391941
2023-05-22,Utilities,0.10899999999999999
2023-05-23,Comm,0.033327
2023-05-23,Consumer,-0.020525238095238096
2023-05-23,Energy,0.074981
2023-05-23,Financials,0.19574666666666668
2023-05-23,Healthcare,0.12286833333333333
2023-05-23,Industrials,0.14452761904761907
2023-05-23,Materials,0.087584
2023-05-23,RealEstate,0.09618
2023-05-23,Tech,0.21126428571428574
2023-05-23,Utilities,0.13867999999999997
2023-05-24,Comm,0.06454666666666667
2023-05-24,Consumer,0.01727333333333333
2023-05-24,Energy,0.021163571428571427
2023-05-24,Financials,0.05431066666666666
2023-05-24,Healthcare,-0.03663333333333334
2023-05-24,Industrials,0.11801761904761905
2023-05-24,Materials,0.0
2023-05-24,RealEstate,0.18024
2023-05-24,Tech,0.04405777777777778
2023-05-24,Utilities,0.06600000000000002
2023-05-25,Comm,0.05187200000000001
2023-05-25,Consumer,0.06133999999999999
2023-05-25,Energy,0.07594222222222222
2023-05-25,Financials,0.13840500000000003
2023-05-25,Healthcare,0.110065
2023-05-25,Industrials,0.11104
2023-05-25,Materials,0.05147466666666667
2023-05-25,RealEstate,0.1068
2023-05-25,Tech,0.292538865248227
2023-05-25,Utilities,0.13172
2023-05-26,Comm,0.2987266666666667
2023-05-26,Consumer,0.09379366666666666
2023-05-26,Energy,0.20618666666666666
2023-05-26,Financials,0.06063500000000001
2023-05-26,Healthcare,0.12116500000000001
2023-05-26,Industrials,0.13813666666666666
2023-05-26,Materials,0.06214000000000001
2023-05-26,RealEstate,0.16103
2023-05-26,Tech,0.16112170731707315
2023-05-26,Utilities,0.13502
2023-05-30,Comm,0.00357666666666667
2023-05-30,Consumer,0.10615259740259742
2023-05-30,Energy,0.14276253968253966
2023-05-30,Financials,-0.0014913333333333334
2023-05-30,Healthcare,0.29069500000000004
2023-05-30,Industrials,0.06942333333333332
2023-05-30,Materials,0.139436
2023-05-30,RealEstate,0.15797
2023-05-30,Tech,0.13160096012759173
2023-05-30,Utilities,0.1711133333333333
2023-05-31,Comm,0.09653999999999999
2023-05-31,Consumer,0.11466595238095238
2023-05-31,Energy,0.17170400000000002
2023-05-31,Financials,0.052784476190476194
2023-05-31,Healthcare,0.14073333333333332
2023-05-31,Industrials,0.06966333333333333
2023-05-31,Materials,0.16268666666666667
2023-05-31,RealEstate,0.24383999999999997
2023-05-31,Tech,0.11504141025641026
2023-05-31,Utilities,0.2188133333333333
2023-06-01,Comm,0.10456666666666667
2023-06-01,Consumer,0.1343916666666667
2023-06-01,Energy,0.20107333333333335
2023-06-01,Financials,0.05040363636363636
2023-06-01,Healthcare,-0.06024047619047619
2023-06-01,Industrials,0.10675066666666666
2023-06-01,Materials,-0.026754999999999994
2023-06-01,RealEstate,0.15748666666666666
2023-06-01,Tech,0.160879009009009
2023-06-01,Utilities,0.20077333333333333
2023-06-02,Comm,0.003246538461538463
2023-06-02,Consumer,0.059031999999999994
2023-06-02,Energy,0.004056363636363634
2023-06-02,Financials,0.022886428571428568
2023-06-02,Healthcare,0.021428571428571432
2023-06-02,Industrials,0.15071535714285714
2023-06-02,Materials,0.07349214285714287
2023-06-02,RealEstate,0.0344
2023-06-02,Tech,0.09285657142857143
2023-06-02,Utilities,0.21416
2023-06-05,Comm,0.08271066666666667
2023-06-05,Consumer,0.027457974358974357
2023-06-05,Energy,0.10700899999999999
2023-06-05,Financials,0.07158666666666666
2023-06-05,Healthcare,0.0538
2023-06-05,Industrials,0.07811428571428572
2023-06-05,Materials,0.03356
2023-06-05,RealEstate,0.08667333333333334
2023-06-05,Tech,0.07930902597402598
2023-06-05,Utilities,0.10234000000000001
2023-06-06,Comm,0.073053
2023-06-06,Consumer,0.1613516666666667
2023-06-06,Energy,0.011694222222222217
2023-06-06,Financials,0.18071133333333336
2023-06-06,Healthcare,0.22018095238095237
2023-06-06,Industrials,0.2518742857142857
2023-06-06,Materials,0.011000000000000015
2023-06-06,RealEstate,0.14470666666666665
2023-06-06,Tech,0.0333107619047619
2023-06-06,Utilities,0.10234000000000001
2023-06-07,Comm,0.22582666666666668
2023-06-07,Consumer,0.12403166666666668
2023-06-07,Energy,0.08770333333333333
2023-06-07,Financials,0.17646499999999998
2023-06-07,Healthcare,0.2577716666666666
2023-06-07,Industrials,0.10680666666666667
2023-06-07,Materials,0.18686
2023-06-07,RealEstate,0.17646
2023-06-07,Tech,0.17468644444444442
2023-06-07,Utilities,0.29675
2023-06-08,Comm,0.06820166666666666
2023-06-08,Consumer,0.10710144444444444
2023-06-08,Energy,0.03468952380952381
2023-06-08,Financials,0.08072166666666666
2023-06-08,Healthcare,0.277517
2023-06-08,Industrials,0.09481333333333333
2023-06-08,Materials,0.13948
2023-06-08,RealEstate,0.054165
2023-06-08,Tech,0.16141502164502167
2023-06-08,Utilities,0.177408
2023-06-09,Comm,0.23493666666666665
2023-06-09,Consumer,0.07775714285714286
2023-06-09,Energy,0.07795085714285714
2023-06-09,Financials,0.04348681818181819
2023-06-09,Healthcare,0.035365
2023-06-09,Industrials,-0.022801666666666665
2023-06-09,Materials,0.20748000000000003
2023-06-09,RealEstate,0.15136500000000003
2023-06-09,Tech,0.05235770175438596
2023-06-09,Utilities,0.13130166666666668
2023-06-12,Comm,0.12270666666666667
2023-06-12,Consumer,0.10174233333333334
2023-06-12,Energy,0.055564999999999996
2023-06-12,Financials,0.07949555555555556
2023-06-12,Healthcare,0.19989666666666667
2023-06-12,Industrials,0.121445
2023-06-12,Materials,0.19716000000000003
2023-06-12,RealEstate,0.221325
2023-06-12,Tech,0.13708
2023-06-12,Utilities,0.20076
2023-06-13,Comm,0.13712833333333335
2023-06-13,Consumer,0.08649333333333334
2023-06-13,Energy,0.11525333333333335
2023-06-13,Financials,0.19952090909090908
2023-06-13,Healthcare,0.059973333333333344
2023-06-13,Industrials,0.0765
2023-06-13,Materials,0.35150000000000003
2023-06-13,RealEstate,0.118485
2023-06-13,Tech,0.13918595518207283
2023-06-13,Utilities,0.06226133333333335
2023-06-14,Comm,0.19680999999999998
2023-06-14,Consumer,0.031996111111111114
2023-06-14,Energy,0.03523666666666667
2023-06-14,Financials,0.08405666666666667
2023-06-14,Healthcare,0.2608533333333333
2023-06-14,Industrials,0.11963700000000002
2023-06-14,Materials,0.28286
2023-06-14,RealEstate,0.13161
2023-06-14,Tech,0.26210028306059263
2023-06-14,Utilities,0.23158333333333334
2023-06-15,Comm,0.076427
2023-06-15,Consumer,0.07783428571428572
2023-06-15,Energy,0.07012933333333334
2023-06-15,Financials,0.23430333333333336
2023-06-15,Healthcare,0.039626666666666685
2023-06-15,Industrials,0.10551333333333332
2023-06-15,Materials,0.09620999999999999
2023-06-15,RealEstate,0.11988000000000001
2023-06-15,Tech,0.15090865940511103
2023-06-15,Utilities,0.15373333333333333
2023-06-16,Comm,0.11389333333333332
2023-06-16,Consumer,-0.009490000000000004
2023-06-16,Energy,0.09272
2023-06-16,Financials,0.12568380952380953
2023-06-16,Healthcare,0.08841433333333334
2023-06-16,Industrials,0.12010000000000001
2023-06-16,Materials,0.14135999999999999
2023-06-16,RealEstate,0.021426666666666677
2023-06-16,Tech,0.14358689130434782
2023-06-16,Utilities,0.34446000000000004
2023-06-20,Comm,0.10486200000000001
2023-06-20,Consumer,0.06445719047619047
2023-06-20,Energy,0.108366
2023-06-20,Financials,0.11113937878787879
2023-06-20,Healthcare,0.09210357142857142
2023-06-20,Industrials,0.09831324675324675
2023-06-20,Materials,0.18396
2023-06-20,RealEstate,-0.006693333333333333
2023-06-20,Tech,0.09708131205673759
2023-06-20,Utilities,0.11756000000000003
2023-06-21,Comm,0.15245
2023-06-21,Consumer,0.12768600000000002
2023-06-21,Energy,0.06759499999999999
2023-06-21,Financials,0.094486
2023-06-21,Healthcare,0.16984933333333332
2023-06-21,Industrials,-0.08289495238095237
2023-06-21,Materials,0.19092
2023-06-21,RealEstate,0.0
2023-06-21,Tech,0.0010769000000000028
2023-06-21,Utilities,0.13531333333333334
2023-06-22,Comm,0.32592
2023-06-22,Consumer,0.04313142857142858
2023-06-22,Energy,0.03054459595959596
2023-06-22,Financials,0.16674590476190473
2023-06-22,Healthcare,0.07414000000000001
2023-06-22,Industrials,0.029850000000000005
2023-06-22,Materials,0.13041
2023-06-22,RealEstate,0.046345000000000004
2023-06-22,Tech,0.14599047619047617
2023-06-22,Utilities,0.30413999999999997
2023-06-23,Comm,0.20979
2023-06-23,Consumer,0.03428742857142857
2023-06-23,Energy,0.08087
2023-06-23,Financials,-0.032676666666666666
2023-06-23,Healthcare,0.17212333333333332
2023-06-23,Industrials,0.03983199999999999
2023-06-23,Materials,0.060149999999999995
2023-06-23,RealEstate,0.11247666666666664
2023-06-23,Tech,0.146895873015873
2023-06-23,Utilities,0.2902066666666666
2023-06-26,Comm,0.12835722222222223
2023-06-26,Consumer,0.15391238095238097
2023-06-26,Energy,0.06607933333333334
2023-06-26,Financials,0.11246169696969696
2023-06-26,Healthcare,0.11287116666666666
2023-06-26,Industrials,0.15731714285714288
2023-06-26,Materials,0.09627
2023-06-26,RealEstate,0.15677
2023-06-26,Tech,0.16296644444444444
2023-06-26,Utilities,0.341928
2023-06-27,Comm,0.176568
2023-06-27,Consumer,0.11427333333333331
2023-06-27,Energy,0.10251777777777778
2023-06-27,Financials,0.2707673333333333
2023-06-27,Healthcare,0.16072933333333334
2023-06-27,Industrials,0.061296666666666666
2023-06-27,Materials,0.12264
2023-06-27,RealEstate,0.29812000000000005
2023-06-27,Tech,0.18740677777777778
2023-06-27,Utilities,0.23006500000000002
2023-06-28,Comm,0.02695000000000001
2023-06-28,Consumer,0.10723866666666668
2023-06-28,Energy,0.11212
2023-06-28,Financials,-0.10867057575757574
2023-06-28,Healthcare,0.12248
2023-06-28,Industrials,0.040080000000000005
2023-06-28,Materials,0.20529000000000003
2023-06-28,RealEstate,0.25156999999999996
2023-06-28,Tech,0.05027875028844899
2023-06-28,Utilities,0.22710333333333335
2023-06-29,Comm,0.08287333333333333
2023-06-29,Consumer,0.01521933333333334
2023-06-29,Energy,0.08325863636363637
2023-06-29,Financials,0.053856216006216005
2023-06-29,Healthcare,0.29928600000000005
2023-06-29,Industrials,0.047670000000000004
2023-06-29,Materials,0.03507333333333334
2023-06-29,RealEstate,0.28229000000000004
2023-06-29,Tech,0.08330426785714287
2023-06-29,Utilities,0.23524000000000003
2023-06-30,Comm,0.008473333333333338
2023-06-30,Consumer,0.1019279945054945
2023-06-30,Energy,0.029109666666666666
2023-06-30,Financials,-0.016631666666666673
2023-06-30,Healthcare,-0.01451583333333333
2023-06-30,Industrials,0.12335
2023-06-30,Materials,-0.07432
2023-06-30,RealEstate,0.18713000000000002
2023-06-30,Tech,0.05739559139784946
2023-06-30,Utilities,0.16813
2023-07-03,Comm,0.130212
2023-07-03,Consumer,0.07753571428571429
2023-07-03,Energy,0.23243400000000003
2023-07-03,Financials,0.06760329581529581
2023-07-03,Healthcare,0.16950533333333334
2023-07-03,Industrials,0.09332433333333333
2023-07-03,Materials,-0.05165333333333333
2023-07-03,RealEstate,0.19841499999999998
2023-07-03,Tech,0.3027863809523809
2023-07-03,Utilities,0.16906666666666664
2023-07-05,Comm,0.21941833333333333
2023-07-05,Consumer,0.093782
2023-07-05,Energy,0.045479120879120885
2023-07-05,Financials,0.14094055555555557
2023-07-05,Healthcare,0.24311333333333335
2023-07-05,Industrials,0.2025413846153846
2023-07-05,Materials,0.11658666666666666
2023-07-05,RealEstate,0.21950333333333333
2023-07-05,Tech,0.17579595238095239
2023-07-05,Utilities,0.18059666666666668
2023-07-06,Comm,0.12168000000000001
2023-07-06,Consumer,0.05473309523809524
2023-07-06,Energy,0.16027809523809525
2023-07-06,Financials,0.09445380952380952
2023-07-06,Healthcare,0.37139916666666667
2023-07-06,Industrials,0.050552
2023-07-06,Materials,0.059199999999999996
2023-07-06,RealEstate,0.09404666666666665
2023-07-06,Tech,0.04285605838605839
2023-07-06,Utilities,0.17359733333333333
2023-07-07,Comm,0.15649266666666667
2023-07-07,Consumer,0.09128266666666666
2023-07-07,Energy,-0.005559047619047611
2023-07-07,Financials,0.053432000000000014
2023-07-07,Healthcare,0.10098
2023-07-07,Industrials,-0.038615
2023-07-07,Materials,0.042336
2023-07-07,RealEstate,0.047023333333333334
2023-07-07,Tech,0.06713916666666667
2023-07-07,Utilities,0.14570666666666668
2023-07-10,Comm,0.05816
2023-07-10,Consumer,0.03842547619047619
2023-07-10,Energy,0.146363
2023-07-10,Financials,0.011140666666666669
2023-07-10,Healthcare,0.09408571428571429
2023-07-10,Industrials,0.05198476190476191
2023-07-10,Materials,0.19685999999999998
2023-07-10,RealEstate,0.15241000000000002
2023-07-10,Tech,0.1206919138755981
2023-07-10,Utilities,0.170308
2023-07-11,Comm,0.115675
2023-07-11,Consumer,0.1483045
2023-07-11,Energy,-0.04340309523809523
2023-07-11,Financials,0.10374166666666666
2023-07-11,Healthcare,-0.019299999999999998
2023-07-11,Industrials,0.11171
2023-07-11,Materials,0.057440000000000005
2023-07-11,RealEstate,0.11835
2023-07-11,Tech,0.13084087545787546
2023-07-11,Utilities,0.19790933333333333
2023-07-12,Comm,0.10722533333333333
2023-07-12,Consumer,0.10730290909090912
2023-07-12,Energy,0.06690533333333334
2023-07-12,Financials,0.06525266666666665
2023-07-12,Healthcare,0.29226833333333335
2023-07-12,Industrials,0.013353333333333332
2023-07-12,Materials,0.10863
2023-07-12,RealEstate,0.1404
2023-07-12,Tech,0.12270209523809524
2023-07-12,Utilities,0.13894
2023-07-13,Comm,0.12382833333333335
2023-07-13,Consumer,0.22443143956043957
2023-07-13,Energy,0.15996761904761905
2023-07-13,Financials,-0.008363055555555554
2023-07-13,Healthcare,0.10664166666666668
2023-07-13,Industrials,0.08498333333333333
2023-07-13,Materials,0.0
2023-07-13,RealEstate,0.12031666666666667
2023-07-13,Tech,0.17219555555555557
2023-07-13,Utilities,0.04496
2023-07-14,Comm,0.19966901960784314
2023-07-14,Consumer,0.16024290909090907
2023-07-14,Energy,0.10779676923076922
2023-07-14,Financials,0.029037444444444442
2023-07-14,Healthcare,0.09642
2023-07-14,Industrials,0.054290000000000005
2023-07-14,Materials,0.0
2023-07-14,RealEstate,0.033350000000000005
2023-07-14,Tech,0.13538973076923078
2023-07-14,Utilities,0.11593
2023-07-17,Comm,-0.07899504273504274
2023-07-17,Consumer,0.05649745454545455
2023-07-17,Energy,0.17288583333333332
2023-07-17,Financials,0.07245052715121136
2023-07-17,Healthcare,0.08543200000000001
2023-07-17,Industrials,0.010730000000000003
2023-07-17,Materials,0.02976000000000001
2023-07-17,RealEstate,0.20958133333333331
2023-07-17,Tech,0.12574874725274726
2023-07-17,Utilities,0.057255
2023-07-18,Comm,0.06917575757575757
2023-07-18,Consumer,0.04977095238095239
2023-07-18,Energy,-0.0028173333333333314
2023-07-18,Financials,0.16828397186147187
2023-07-18,Healthcare,0.12676
2023-07-18,Industrials,0.22206333333333333
2023-07-18,Materials,0.025460000000000003
2023-07-18,RealEstate,0.12484733333333334
2023-07-18,Tech,0.27812781159420286
2023-07-18,Utilities,0.19771199999999997
2023-07-19,Comm,0.20155529411764705
2023-07-19,Consumer,0.168018
2023-07-19,Energy,0.0264
2023-07-19,Financials,0.10810335317460318
2023-07-19,Healthcare,-0.011843333333333322
2023-07-19,Industrials,0.15713785714285716
2023-07-19,Materials,0.0
2023-07-19,RealEstate,0.15344000000000002
2023-07-19,Tech,0.20501500000000003
2023-07-19,Utilities,-0.00572
2023-07-20,Comm,-0.010022499999999998
2023-07-20,Consumer,0.08856657142857141
2023-07-20,Energy,0.10256666666666667
2023-07-20,Financials,0.19336916666666665
2023-07-20,Healthcare,-0.0039483333333333315
2023-07-20,Industrials,0.014448571428571432
2023-07-20,Materials,0.10703499999999999
2023-07-20,RealEstate,-0.03213523809523809
2023-07-20,Tech,0.07331885314685314
2023-07-20,Utilities,0.2292066666666667
2023-07-21,Comm,0.07885066666666667
2023-07-21,Consumer,0.024183333333333334
2023-07-21,Energy,0.04346671014492754
2023-07-21,Financials,0.1487808333333333
2023-07-21,Healthcare,-0.04343878787878787
2023-07-21,Industrials,0.07760500000000001
2023-07-21,Materials,-0.04404
2023-07-21,RealEstate,0.08577
2023-07-21,Tech,0.06131270707070706
2023-07-21,Utilities,0.07752
2023-07-24,Comm,0.07521416666666667
2023-07-24,Consumer,0.07883888095238097
2023-07-24,Energy,0.17202599999999998
2023-07-24,Financials,0.14832036363636364
2023-07-24,Healthcare,0.08833566666666667
2023-07-24,Industrials,0.179275
2023-07-24,Materials,0.11122785714285714
2023-07-24,RealEstate,0.25472333333333336
2023-07-24,Tech,0.1743189696969697
2023-07-24,Utilities,0.050826666666666666
2023-07-25,Comm,-0.06248100000000001
2023-07-25,Consumer,0.08086742857142856
2023-07-25,Energy,0.06130400000000001
2023-07-25,Financials,0.12615977777777776
2023-07-25,Healthcare,0.05999633333333334
2023-07-25,Industrials,0.05237855535390199
2023-07-25,Materials,0.0782151515151515
2023-07-25,RealEstate,0.08721999999999999
2023-07-25,Tech,0.019382809523809524
2023-07-25,Utilities,0.173956
2023-07-26,Comm,0.20753500000000003
2023-07-26,Consumer,0.1706915087719298
2023-07-26,Energy,0.07971600000000001
2023-07-26,Financials,0.09534400000000001
2023-07-26,Healthcare,-0.039672
2023-07-26,Industrials,-0.06385616666666666
2023-07-26,Materials,0.09092133333333333
2023-07-26,RealEstate,0.07527466666666667
2023-07-26,Tech,0.07270494755244755
2023-07-26,Utilities,0.31840999999999997
2023-07-27,Comm,0.05152619047619047
2023-07-27,Consumer,0.2361822222222222
2023-07-27,Energy,-0.024406222222222225
2023-07-27,Financials,0.1327895238095238
2023-07-27,Healthcare,0.18883442857142857
2023-07-27,Industrials,0.203726
2023-07-27,Materials,0.0072949999999999985
2023-07-27,RealEstate,0.15286
2023-07-27,Tech,0.11385540919867236
2023-07-27,Utilities,0.03963714285714286
2023-07-28,Comm,0.14626666666666668
2023-07-28,Consumer,0.15985714285714286
2023-07-28,Energy,0.261958
2023-07-28,Financials,0.05968880952380952
2023-07-28,Healthcare,0.037359333333333335
2023-07-28,Industrials,0.025665
2023-07-28,Materials,0.061935
2023-07-28,RealEstate,0.2247866666666667
2023-07-28,Tech,0.24793952119309265
2023-07-28,Utilities,0.026973333333333332
2023-07-31,Comm,0.11713895454545456
2023-07-31,Consumer,0.1189181111111111
2023-07-31,Energy,0.30001795238095236
2023-07-31,Financials,0.038048095238095235
2023-07-31,Healthcare,0.15817777777777778
2023-07-31,Industrials,0.08206226086956521
2023-07-31,Materials,0.061935
2023-07-31,RealEstate,0.110385
2023-07-31,Tech,0.20585905092592593
2023-07-31,Utilities,0.27928000000000003
2023-08-01,Comm,0.30484485714285714
2023-08-01,Consumer,0.118555
2023-08-01,Energy,0.186396
2023-08-01,Financials,0.049138333333333326
2023-08-01,Healthcare,0.29269055555555556
2023-08-01,Industrials,0.08563892307692307
2023-08-01,Materials,0.16848000000000002
2023-08-01,RealEstate,0.08504
2023-08-01,Tech,0.20948194117647062
2023-08-01,Utilities,0.18560400000000002
2023-08-02,Comm,0.10583000000000001
2023-08-02,Consumer,0.0358482738095238
2023-08-02,Energy,0.151655
2023-08-02,Financials,0.06463428571428573
2023-08-02,Healthcare,0.3042107142857143
2023-08-02,Industrials,0.08163982352941176
2023-08-02,Materials,-0.027819333333333317
2023-08-02,RealEstate,0.07431733333333332
2023-08-02,Tech,0.015033067023911014
2023-08-02,Utilities,0.20131000000000002
2023-08-03,Comm,0.03596809523809524
2023-08-03,Consumer,-0.0029236666666666716
2023-08-03,Energy,0.016421714285714283
2023-08-03,Financials,0.08069666666666667
2023-08-03,Healthcare,0.1145676111111111
2023-08-03,Industrials,0.10539499999999999
2023-08-03,Materials,0.03558
2023-08-03,RealEstate,0.03721666666666666
2023-08-03,Tech,0.04822315055315055
2023-08-03,Utilities,0.23796333333333336
2023-08-04,Comm,0.016595
2023-08-04,Consumer,0.07977000000000001
2023-08-04,Energy,-0.07103095238095238
2023-08-04,Financials,0.05584666666666667
2023-08-04,Healthcare,0.030561999999999995
2023-08-04,Industrials,0.13613
2023-08-04,Materials,0.03558
2023-08-04,RealEstate,-0.08166000000000001
2023-08-04,Tech,0.10095916666666667
2023-08-04,Utilities,0.100984
2023-08-07,Comm,0.08163000000000001
2023-08-07,Consumer,0.07056033333333332
2023-08-07,Energy,0.10547083333333333
2023-08-07,Financials,-0.06787433333333333
2023-08-07,Healthcare,0.11333333333333333
2023-08-07,Industrials,0.058730000000000004
2023-08-07,Materials,0.03558
2023-08-07,RealEstate,-0.02081333333333333
2023-08-07,Tech,0.010981666666666673
2023-08-07,Utilities,0.091735
2023-08-08,Comm,0.1546016666666667
2023-08-08,Consumer,0.1521761904761905
2023-08-08,Energy,0.25871833333333333
2023-08-08,Financials,-0.09135799999999998
2023-08-08,Healthcare,0.158976
2023-08-08,Industrials,0.1013425
2023-08-08,Materials,0.01032
2023-08-08,RealEstate,0.015306666666666672
2023-08-08,Tech,0.12817952380952383
2023-08-08,Utilities,0.10389944444444446
2023-08-09,Comm,0.13252066666666668
2023-08-09,Consumer,0.048460842105263156
2023-08-09,Energy,-0.019293333333333336
2023-08-09,Financials,0.08428552380952381
2023-08-09,Healthcare,0.2426286666666667
2023-08-09,Industrials,0.13487933333333332
2023-08-09,Materials,0.12886
2023-08-09,RealEstate,-0.03062
2023-08-09,Tech,0.13161783333333332
2023-08-09,Utilities,0.16026
2023-08-10,Comm,0.08043
2023-08-10,Consumer,0.07625916666666667
2023-08-10,Energy,0.15709266666666666
2023-08-10,Financials,0.091905
2023-08-10,Healthcare,0.26716266666666666
2023-08-10,Industrials,0.03401599999999999
2023-08-10,Materials,0.04404
2023-08-10,RealEstate,0.326865
2023-08-10,Tech,0.05656494117647058
2023-08-10,Utilities,0.09966
2023-08-11,Comm,0.09710666666666665
2023-08-11,Consumer,0.08398447863247863
2023-08-11,Energy,0.14817305494505492
2023-08-11,Financials,0.13278666666666666
2023-08-11,Healthcare,0.068855
2023-08-11,Industrials,0.059333000000000004
2023-08-11,Materials,0.10398666666666667
2023-08-11,RealEstate,0.21306000000000003
2023-08-11,Tech,0.18349925925925925
2023-08-11,Utilities,0.13495
2023-08-14,Comm,0.03611166666666667
2023-08-14,Consumer,0.06757904761904762
2023-08-14,Energy,0.19670777777777776
2023-08-14,Financials,0.06846976923076924
2023-08-14,Healthcare,0.15071600000000002
2023-08-14,Industrials,0.094155
2023-08-14,Materials,0.12829333333333331
2023-08-14,RealEstate,0.15004333333333333
2023-08-14,Tech,0.13857735209235209
2023-08-14,Utilities,0.21957333333333334
2023-08-15,Comm,0.047343333333333334
2023-08-15,Consumer,0.06365376262626263
2023-08-15,Energy,0.026050714285714288
2023-08-15,Financials,-0.0937175641025641
2023-08-15,Healthcare,0.033176666666666674
2023-08-15,Industrials,0.13520000000000001
2023-08-15,Materials,0.034815
2023-08-15,RealEstate,0.13365
2023-08-15,Tech,0.1485312857142857
2023-08-15,Utilities,0.031013333333333337
2023-08-16,Comm,0.14273
2023-08-16,Consumer,0.1283659831932773
2023-08-16,Energy,0.1378633333333333
2023-08-16,Financials,-0.020946666666666672
2023-08-16,Healthcare,-0.024089999999999993
2023-08-16,Industrials,0.17989499999999997
2023-08-16,Materials,0.034815
2023-08-16,RealEstate,0.19539
2023-08-16,Tech,0.1258080808080808
2023-08-16,Utilities,0.09457333333333333
2023-08-17,Comm,0.06904
2023-08-17,Consumer,0.02357340909090909
2023-08-17,Energy,0.05376665934065934
2023-08-17,Financials,0.0812525
2023-08-17,Healthcare,0.08139
2023-08-17,Industrials,0.014408571428571429
2023-08-17,Materials,0.133335
2023-08-17,RealEstate,0.07299833333333332
2023-08-17,Tech,0.06841504273504273
2023-08-17,Utilities,0.2660133333333333
2023-08-18,Comm,0.13355
2023-08-18,Consumer,-0.0013881666666666639
2023-08-18,Energy,0.17154114285714286
2023-08-18,Financials,0.08638466666666667
2023-08-18,Healthcare,0.140975
2023-08-18,Industrials,-0.04342
2023-08-18,Materials,0.084485
2023-08-18,RealEstate,0.12370333333333335
2023-08-18,Tech,0.16201433333333332
2023-08-18,Utilities,0.11366000000000001
2023-08-21,Comm,0.028348571428571428
2023-08-21,Consumer,0.07990866666666667
2023-08-21,Energy,0.16167199999999998
2023-08-21,Financials,0.14010809523809525
2023-08-21,Healthcare,0.06427185714285713
2023-08-21,Industrials,0.05245599999999999
2023-08-21,Materials,0.020211428571428578
2023-08-21,RealEstate,0.16249333333333332
2023-08-21,Tech,0.05445561450044208
2023-08-21,Utilities,-0.08815999999999999
2023-08-22,Comm,-0.002523999999999982
2023-08-22,Consumer,0.04668309523809523
2023-08-22,Energy,0.022640285714285717
2023-08-22,Financials,-0.029479999999999996
2023-08-22,Healthcare,-0.009320476190476195
2023-08-22,Industrials,0.16896
2023-08-22,Materials,0.015086666666666668
2023-08-22,RealEstate,0.12828
2023-08-22,Tech,0.10182609523809523
2023-08-22,Utilities,0.11988000000000001
2023-08-23,Comm,-0.003070555555555543
2023-08-23,Consumer,0.16151220238095237
2023-08-23,Energy,0.2067888888888889
2023-08-23,Financials,0.1773108333333333
2023-08-23,Healthcare,0.13129238095238097
2023-08-23,Industrials,0.15028266666666665
2023-08-23,Materials,0.015086666666666668
2023-08-23,RealEstate,0.12828
2023-08-23,Tech,0.22420077056277057
2023-08-23,Utilities,0.081655
2023-08-24,Comm,0.00876933333333334
2023-08-24,Consumer,0.07905654545454546
2023-08-24,Energy,0.07053066666666666
2023-08-24,Financials,0.02169666666666667
2023-08-24,Healthcare,0.16987333333333335
2023-08-24,Industrials,0.12956
2023-08-24,Materials,0.07636
2023-08-24,RealEstate,0.06904
2023-08-24,Tech,0.14938691235334714
2023-08-24,Utilities,0.03706833333333333
2023-08-25,Comm,-0.10324666666666667
2023-08-25,Consumer,0.11228216666666666
2023-08-25,Energy,0.06441999999999999
2023-08-25,Financials,0.023236
2023-08-25,Healthcare,0.127692
2023-08-25,Industrials,0.027447
2023-08-25,Materials,0.18505333333333335
2023-08-25,RealEstate,0.07510666666666667
2023-08-25,Tech,0.06760544680851063
2023-08-25,Utilities,0.09162666666666666
2023-08-28,Comm,-0.003645999999999994
2023-08-28,Consumer,0.10148038095238096
2023-08-28,Energy,0.21741363636363636
2023-08-28,Financials,0.14433536363636362
2023-08-28,Healthcare,0.08318128205128204
2023-08-28,Industrials,-0.0018515789473684207
2023-08-28,Materials,0.23579333333333335
2023-08-28,RealEstate,0.19812000000000002
2023-08-28,Tech,0.21537992999907893
2023-08-28,Utilities,-0.013483333333333337
2023-08-29,Comm,0.03839
2023-08-29,Consumer,0.20864030303030306
2023-08-29,Energy,-0.028539545454545446
2023-08-29,Financials,-0.038593333333333334
2023-08-29,Healthcare,0.11434833333333332
2023-08-29,Industrials,-0.013910476190476185
2023-08-29,Materials,0.1477133333333333
2023-08-29,RealEstate,0.20948000000000003
2023-08-29,Tech,0.18438700000000002
2023-08-29,Utilities,0.19963999999999998
2023-08-30,Comm,0.06314733333333333
2023-08-30,Consumer,0.10278399999999999
2023-08-30,Energy,0.06802626984126985
2023-08-30,Financials,0.07611700000000002
2023-08-30,Healthcare,0.040575000000000014
2023-08-30,Industrials,0.028499999999999998
2023-08-30,Materials,0.20428666666666667
2023-08-30,RealEstate,0.20192000000000002
2023-08-30,Tech,0.1376745284780579
2023-08-30,Utilities,0.199755
2023-08-31,Comm,0.11901666666666669
2023-08-31,Consumer,0.2287150476190476
2023-08-31,Energy,-0.003869999999999996
2023-08-31,Financials,0.09717523809523809
2023-08-31,Healthcare,0.10549833333333333
2023-08-31,Industrials,0.06198066666666667
2023-08-31,Materials,0.2271866666666667
2023-08-31,RealEstate,0.162438
2023-08-31,Tech,0.10935004761904762
2023-08-31,Utilities,0.267495
2023-09-01,Comm,0.01918
2023-09-01,Consumer,0.18400166666666667
2023-09-01,Energy,0.21067999999999998
2023-09-01,Financials,0.06003333333333333
2023-09-01,Healthcare,0.10361400000000001
2023-09-01,Industrials,0.13108666666666666
2023-09-01,Materials,0.25941000000000003
2023-09-01,RealEstate,0.29386
2023-09-01,Tech,0.19317571428571428
2023-09-01,Utilities,0.34353
2023-09-05,Comm,0.40598999999999996
2023-09-05,Consumer,0.09994464646464647
2023-09-05,Energy,-0.025221547619047623
2023-09-05,Financials,0.10683723717948719
2023-09-05,Healthcare,-0.03821192857142858
2023-09-05,Industrials,0.1390266666666667
2023-09-05,Materials,0.06364
2023-09-05,RealEstate,0.1552346666666667
2023-09-05,Tech,0.23914680476190475
2023-09-05,Utilities,0.27324000000000004
2023-09-06,Comm,0.14325333333333332
2023-09-06,Consumer,0.058800000000000005
2023-09-06,Energy,0.2502890476190476
2023-09-06,Financials,0.29917142857142853
2023-09-06,Healthcare,0.19297333333333333
2023-09-06,Industrials,0.08367333333333334
2023-09-06,Materials,0.12696000000000002
2023-09-06,RealEstate,0.19938666666666668
2023-09-06,Tech,0.13920333333333332
2023-09-06,Utilities,0.08006727272727272
2023-09-07,Comm,0.15820133333333333
2023-09-07,Consumer,0.029047777777777777
2023-09-07,Energy,0.25571683333333334
2023-09-07,Financials,0.27391200000000004
2023-09-07,Healthcare,-0.18949333333333332
2023-09-07,Industrials,0.18894
2023-09-07,Materials,0.04648000000000001
2023-09-07,RealEstate,0.02266666666666667
2023-09-07,Tech,0.14538269444444446
2023-09-07,Utilities,0.27001
2023-09-08,Comm,0.16252666666666668
2023-09-08,Consumer,0.18579916666666668
2023-09-08,Energy,0.14171142857142857
2023-09-08,Financials,0.0670102380952381
2023-09-08,Healthcare,0.261324
2023-09-08,Industrials,0.04964333333333333
2023-09-08,Materials,0.06699333333333334
2023-09-08,RealEstate,0.20400000000000001
2023-09-08,Tech,0.07819731157731158
2023-09-08,Utilities,0.17129166666666668
2023-09-11,Comm,-0.0005016666666666558
2023-09-11,Consumer,0.08220611111111112
2023-09-11,Energy,0.12130555555555556
2023-09-11,Financials,0.12955479853479854
2023-09-11,Healthcare,0.12510300000000002
2023-09-11,Industrials,0.089769
2023-09-11,Materials,0.16076
2023-09-11,RealEstate,0.24696600000000002
2023-09-11,Tech,0.24170464544513454
2023-09-11,Utilities,-0.03314333333333332
2023-09-12,Comm,0.02768
2023-09-12,Consumer,0.07891369047619048
2023-09-12,Energy,0.016595333333333323
2023-09-12,Financials,0.16674961904761904
2023-09-12,Healthcare,-0.027570000000000004
2023-09-12,Industrials,0.11427966666666667
2023-09-12,Materials,0.12057
2023-09-12,RealEstate,-0.04018999999999999
2023-09-12,Tech,0.0707483
2023-09-12,Utilities,-0.14056
2023-09-13,Comm,0.020765
2023-09-13,Consumer,0.09568777777777777
2023-09-13,Energy,0.09829861111111111
2023-09-13,Financials,0.08673433333333333
2023-09-13,Healthcare,0.15228000000000003
2023-09-13,Industrials,0.06337085714285715
2023-09-13,Materials,0.13926
2023-09-13,RealEstate,0.16359666666666667
2023-09-13,Tech,0.3511223809523809
2023-09-13,Utilities,0.13178
2023-09-14,Comm,0.10732
2023-09-14,Consumer,0.031052380952380953
2023-09-14,Energy,0.12299133333333331
2023-09-14,Financials,0.1742709696969697
2023-09-14,Healthcare,0.19026833333333332
2023-09-14,Industrials,0.09645999999999999
2023-09-14,Materials,0.13516
2023-09-14,RealEstate,0.11438
2023-09-14,Tech,0.1817830462962963
2023-09-14,Utilities,0.21654
2023-09-15,Comm,0.017978333333333336
2023-09-15,Consumer,0.26778083333333336
2023-09-15,Energy,-0.009407999999999994
2023-09-15,Financials,0.035312857142857146
2023-09-15,Healthcare,0.10828066666666666
2023-09-15,Industrials,0.07818666666666665
2023-09-15,Materials,0.101495
2023-09-15,RealEstate,0.2822766666666666
2023-09-15,Tech,-0.029553810483870974
2023-09-15,Utilities,0.27117
2023-09-18,Comm,0.09988833333333333
2023-09-18,Consumer,0.08809961038961038
2023-09-18,Energy,0.0643597777777778
2023-09-18,Financials,0.28334977777777776
2023-09-18,Healthcare,0.08060133333333333
2023-09-18,Industrials,0.09299611111111111
2023-09-18,Materials,0.15597599999999998
2023-09-18,RealEstate,0.17939
2023-09-18,Tech,0.16021608956560682
2023-09-18,Utilities,0.06950666666666667
2023-09-19,Comm,0.08765500000000001
2023-09-19,Consumer,0.10032283333333333
2023-09-19,Energy,0.05702226923076923
2023-09-19,Financials,0.1329614285714286
2023-09-19,Healthcare,0.051030000000000006
2023-09-19,Industrials,0.12225190476190476
2023-09-19,Materials,0.009616
2023-09-19,RealEstate,0.264
2023-09-19,Tech,0.10251416666666666
2023-09-19,Utilities,0.26856
2023-09-20,Comm,0.15463
2023-09-20,Consumer,-0.08202899999999999
2023-09-20,Energy,0.04413350649350649
2023-09-20,Financials,0.06515333333333334
2023-09-20,Healthcare,-0.11243
2023-09-20,Industrials,0.06204888888888889
2023-09-20,Materials,0.02023
2023-09-20,RealEstate,0.46643
2023-09-20,Tech,0.00899496825396826
2023-09-20,Utilities,0.23609666666666668
2023-09-21,Comm,0.02531
2023-09-21,Consumer,0.03172666666666666
2023-09-21,Energy,0.14600333333333335
2023-09-21,Financials,0.07937
2023-09-21,Healthcare,0.13232666666666665
2023-09-21,Industrials,0.12824204761904762
2023-09-21,Materials,0.10848
2023-09-21,RealEstate,0.21086666666666667
2023-09-21,Tech,0.12377054166666665
2023-09-21,Utilities,0.018453333333333318
2023-09-22,Comm,0.017471999999999998
2023-09-22,Consumer,0.14943766666666666
2023-09-22,Energy,0.2148235
2023-09-22,Financials,-0.002622000000000002
2023-09-22,Healthcare,0.06339749999999998
2023-09-22,Industrials,0.2089666666666667
2023-09-22,Materials,0.13144
2023-09-22,RealEstate,0.25858
2023-09-22,Tech,0.09393928571428571
2023-09-22,Utilities,-0.044563333333333344
2023-09-25,Comm,-0.023808000000000017
2023-09-25,Consumer,0.0695422619047619
2023-09-25,Energy,0.19427607142857145
2023-09-25,Financials,0.04079466666666668
2023-09-25,Healthcare,0.21628666666666668
2023-09-25,Industrials,0.14990333333333333
2023-09-25,Materials,-0.0923475
2023-09-25,RealEstate,0.08711666666666666
2023-09-25,Tech,0.08289287545787545
2023-09-25,Utilities,0.11353999999999997
2023-09-26,Comm,0.15773333333333334
2023-09-26,Consumer,0.131094
2023-09-26,Energy,0.1580538095238095
2023-09-26,Financials,0.13594161904761903
2023-09-26,Healthcare,0.04195238095238095
2023-09-26,Industrials,0.12809833333333334
2023-09-26,Materials,-0.06502749999999999
2023-09-26,RealEstate,0.17983
2023-09-26,Tech,0.04500857142857143
2023-09-26,Utilities,0.03296
2023-09-27,Comm,0.12435
2023-09-27,Consumer,-0.012613333333333334
2023-09-27,Energy,0.12195466666666668
2023-09-27,Financials,0.09228857142857141
2023-09-27,Healthcare,0.22648333333333337
2023-09-27,Industrials,0.18887533333333334
2023-09-27,Materials,0.11567333333333334
2023-09-27,RealEstate,0.20518999999999998
2023-09-27,Tech,0.11675413333333333
2023-09-27,Utilities,-0.030891333333333337
2023-09-28,Comm,0.07043914285714287
2023-09-28,Consumer,0.09919609523809525
2023-09-28,Energy,0.14097999999999997
2023-09-28,Financials,0.15560714285714286
2023-09-28,Healthcare,0.1254
2023-09-28,Industrials,0.05045142857142857
2023-09-28,Materials,0.12054333333333334
2023-09-28,RealEstate,0.38455999999999996
2023-09-28,Tech,0.019516051282051285
2023-09-28,Utilities,0.09138444444444445
2023-09-29,Comm,0.32763
2023-09-29,Consumer,0.16937887719298245
2023-09-29,Energy,0.11175066666666664
2023-09-29,Financials,0.20885166666666666
2023-09-29,Healthcare,0.12640500000000002
2023-09-29,Industrials,0.13183166666666668
2023-09-29,Materials,0.09566333333333334
2023-09-29,RealEstate,0.23498000000000002
2023-09-29,Tech,0.08306324675324675
2023-09-29,Utilities,0.519202
2023-10-02,Comm,0.252366
2023-10-02,Consumer,0.14531374025974025
2023-10-02,Energy,0.21752761904761905
2023-10-02,Financials,0.18996866666666667
2023-10-02,Healthcare,0.05876333333333335
2023-10-02,Industrials,0.12994695238095239
2023-10-02,Materials,0.18959
2023-10-02,RealEstate,0.30891
2023-10-02,Tech,0.1995294085914086
2023-10-02,Utilities,0.21872904761904763
2023-10-03,Comm,0.125476
2023-10-03,Consumer,0.368542
2023-10-03,Energy,0.235757
2023-10-03,Financials,0.20004450000000001
2023-10-03,Healthcare,0.21709
2023-10-03,Industrials,0.10861266666666666
2023-10-03,Materials,0.15732
2023-10-03,RealEstate,0.16413000000000003
2023-10-03,Tech,0.23495004273504275
2023-10-03,Utilities,0.18224500000000002
2023-10-04,Comm,0.18866285714285713
2023-10-04,Consumer,0.12969416666666667
2023-10-04,Energy,0.20495412121212123
2023-10-04,Financials,0.16437666666666667
2023-10-04,Healthcare,0.12248
2023-10-04,Industrials,0.07210166666666666
2023-10-04,Materials,0.0021799999999999988
2023-10-04,RealEstate,0.21181
2023-10-04,Tech,0.10806353846153846
2023-10-04,Utilities,0.10316666666666667
2023-10-05,Comm,0.11482333333333335
2023-10-05,Consumer,0.19815583333333334
2023-10-05,Energy,0.20503251282051282
2023-10-05,Financials,0.11165971428571428
2023-10-05,Healthcare,-0.02732
2023-10-05,Industrials,0.099449
2023-10-05,Materials,0.09684666666666666
2023-10-05,RealEstate,0.23905000000000004
2023-10-05,Tech,0.19414435897435894
2023-10-05,Utilities,0.17467166666666667
2023-10-06,Comm,0.174755
2023-10-06,Consumer,0.07258787878787878
2023-10-06,Energy,0.1725303076923077
2023-10-06,Financials,0.1367983333333333
2023-10-06,Healthcare,0.08701466666666666
2023-10-06,Industrials,0.10113666666666668
2023-10-06,Materials,0.11656
2023-10-06,RealEstate,0.27163
2023-10-06,Tech,0.055070769230769236
2023-10-06,Utilities,0.191208
2023-10-09,Comm,0.16567333333333334
2023-10-09,Consumer,0.06350521428571429
2023-10-09,Energy,-0.09825358874458874
2023-10-09,Financials,0.14637065934065935
2023-10-09,Healthcare,0.3487233333333334
2023-10-09,Industrials,-0.03181133333333334
2023-10-09,Materials,0.06788
2023-10-09,RealEstate,0.18170999999999998
2023-10-09,Tech,0.12944238915470493
2023-10-09,Utilities,0.08744500000000001
2023-10-10,Comm,0.17743599999999998
2023-10-10,Consumer,0.20681380952380954
2023-10-10,Energy,0.11361955555555556
2023-10-10,Financials,0.06200523809523809
2023-10-10,Healthcare,0.022532000000000003
2023-10-10,Industrials,0.1252336507936508
2023-10-10,Materials,0.03236
2023-10-10,RealEstate,0.20742000000000002
2023-10-10,Tech,0.10903487912087913
2023-10-10,Utilities,0.21694
2023-10-11,Comm,0.176261
2023-10-11,Consumer,0.058203500000000005
2023-10-11,Energy,0.1437755072463768
2023-10-11,Financials,0.028240857142857144
2023-10-11,Healthcare,0.07589214285714285
2023-10-11,Industrials,0.20427666666666672
2023-10-11,Materials,0.15402666666666667
2023-10-11,RealEstate,0.19521000000000002
2023-10-11,Tech,0.19833101587301588
2023-10-11,Utilities,0.18582
2023-10-12,Comm,0.07636
2023-10-12,Consumer,0.09606790476190476
2023-10-12,Energy,0.265172
2023-10-12,Financials,0.07636921212121213
2023-10-12,Healthcare,0.08244285714285715
2023-10-12,Industrials,0.19556583333333333
2023-10-12,Materials,0.12335
2023-10-12,RealEstate,0.33874666666666664
2023-10-12,Tech,0.10855593333333333
2023-10-12,Utilities,0.116945
2023-10-13,Comm,0.12096
2023-10-13,Consumer,0.05699309523809524
2023-10-13,Energy,-0.029134666666666677
2023-10-13,Financials,-0.017043784313725486
2023-10-13,Healthcare,0.038930000000000006
2023-10-13,Industrials,0.13888999999999999
2023-10-13,Materials,0.10563666666666667
2023-10-13,RealEstate,0.36688
2023-10-13,Tech,0.16645828571428573
2023-10-13,Utilities,0.44453333333333334
2023-10-16,Comm,0.021346666666666663
2023-10-16,Consumer,0.14912711111111113
2023-10-16,Energy,0.16186422222222224
2023-10-16,Financials,0.0419316
2023-10-16,Healthcare,0.03101200000000002
2023-10-16,Industrials,0.07817066666666667
2023-10-16,Materials,0.14119166666666666
2023-10-16,RealEstate,0.168409
2023-10-16,Tech,0.1771187142857143
2023-10-16,Utilities,0.22206
2023-10-17,Comm,-0.0256
2023-10-17,Consumer,0.0683311111111111
2023-10-17,Energy,0.20411028571428572
2023-10-17,Financials,0.14940037037037038
2023-10-17,Healthcare,0.138425
2023-10-17,Industrials,0.09951333333333333
2023-10-17,Materials,0.07751333333333334
2023-10-17,RealEstate,-0.004630000000000012
2023-10-17,Tech,0.07538649028989586
2023-10-17,Utilities,0.3245866666666667
2023-10-18,Comm,0.04229666666666666
2023-10-18,Consumer,0.09116303030303029
2023-10-18,Energy,-0.07393580341880343
2023-10-18,Financials,0.01735554042731461
2023-10-18,Healthcare,0.09554681818181818
2023-10-18,Industrials,0.04653035714285715
2023-10-18,Materials,-0.11896666666666667
2023-10-18,RealEstate,0.17223
2023-10-18,Tech,0.04171088252832439
2023-10-18,Utilities,0.297175
2023-10-19,Comm,0.22495629629629627
2023-10-19,Consumer,0.06446960317460318
2023-10-19,Energy,0.18488886363636364
2023-10-19,Financials,0.11402066666666669
2023-10-19,Healthcare,0.21014
2023-10-19,Industrials,0.09736535714285714
2023-10-19,Materials,0.048395
2023-10-19,RealEstate,0.06254914285714286
2023-10-19,Tech,0.11662679487179486
2023-10-19,Utilities,0.27684
2023-10-20,Comm,0.08254666666666666
2023-10-20,Consumer,0.08850166666666666
2023-10-20,Energy,0.11442918964076858
2023-10-20,Financials,0.128476
2023-10-20,Healthcare,0.10597214285714285
2023-10-20,Industrials,-0.0023103333333333365
2023-10-20,Materials,-0.08038
2023-10-20,RealEstate,0.23720999999999998
2023-10-20,Tech,0.11097770531400968
2023-10-20,Utilities,0.34719
2023-10-23,Comm,0.057289999999999994
2023-10-23,Consumer,0.156621891025641
2023-10-23,Energy,0.02496787878787879
2023-10-23,Financials,-0.004632142857142858
2023-10-23,Healthcare,0.08866900000000001
2023-10-23,Industrials,0.18881179487179486
2023-10-23,Materials,0.09567333333333335
2023-10-23,RealEstate,0.23029000000000002
2023-10-23,Tech,0.15148192129629628
2023-10-23,Utilities,-0.06622
2023-10-24,Comm,0.10660809523809525
2023-10-24,Consumer,0.08924083333333332
2023-10-24,Energy,0.1611207142857143
2023-10-24,Financials,0.079355
2023-10-24,Healthcare,0.118175
2023-10-24,Industrials,0.21054608695652174
2023-10-24,Materials,0.11706750000000002
2023-10-24,RealEstate,0.21791999999999997
2023-10-24,Tech,0.17830165834165834
2023-10-24,Utilities,0.08652
2023-10-25,Comm,0.12624338095238094
2023-10-25,Consumer,-0.010069999999999987
2023-10-25,Energy,0.18856515151515155
2023-10-25,Financials,0.1097412121212121
2023-10-25,Healthcare,0.06387666666666666
2023-10-25,Industrials,0.06651566666666667
2023-10-25,Materials,0.14351999999999998
2023-10-25,RealEstate,0.12593000000000001
2023-10-25,Tech,0.18204258771929827
2023-10-25,Utilities,0.12719
2023-10-26,Comm,0.15113700854700854
2023-10-26,Consumer,0.08106833333333333
2023-10-26,Energy,0.059366886446886445
2023-10-26,Financials,0.20773400000000003
2023-10-26,Healthcare,0.18496666666666667
2023-10-26,Industrials,0.0673647619047619
2023-10-26,Materials,0.1316025
2023-10-26,RealEstate,0.0508175
2023-10-26,Tech,0.11379068907563025
2023-10-26,Utilities,0.2806598571428571
2023-10-27,Comm,-0.08104566666666667
2023-10-27,Consumer,0.14180714285714285
2023-10-27,Energy,0.07999379310344827
2023-10-27,Financials,0.06367500000000001
2023-10-27,Healthcare,0.12304936363636362
2023-10-27,Industrials,-0.042334666666666666
2023-10-27,Materials,0.1074025
2023-10-27,RealEstate,0.120655
2023-10-27,Tech,0.17476538886400955
2023-10-27,Utilities,0.24089795238095238
2023-10-30,Comm,0.05376000000000001
2023-10-30,Consumer,0.11568735042735043
2023-10-30,Energy,0.05613686868686869
2023-10-30,Financials,0.15604
2023-10-30,Healthcare,0.04355733333333334
2023-10-30,Industrials,0.14791692307692308
2023-10-30,Materials,0.16892000000000001
2023-10-30,RealEstate,0.23247672727272728
2023-10-30,Tech,0.0381164388944389
2023-10-30,Utilities,0.22109866666666664
2023-10-31,Comm,0.10324799999999998
2023-10-31,Consumer,0.14707966666666666
2023-10-31,Energy,0.10854921428571429
2023-10-31,Financials,0.09742833333333334
2023-10-31,Healthcare,0.07505024561403509
2023-10-31,Industrials,0.10308666666666669
2023-10-31,Materials,0.03558
2023-10-31,RealEstate,0.08741
2023-10-31,Tech,0.12380681593927893
2023-10-31,Utilities,0.132604
2023-11-01,Comm,0.06275333333333334
2023-11-01,Consumer,0.16444860317460316
2023-11-01,Energy,0.18084055555555553
2023-11-01,Financials,0.086815
2023-11-01,Healthcare,-0.045714
2023-11-01,Industrials,0.12493000000000001
2023-11-01,Materials,0.221952
2023-11-01,RealEstate,0.04389333333333334
2023-11-01,Tech,0.1023611387163561
2023-11-01,Utilities,0.20412
2023-11-02,Comm,0.04729833333333333
2023-11-02,Consumer,0.10756611111111111
2023-11-02,Energy,0.06592258823529411
2023-11-02,Financials,0.1857
2023-11-02,Healthcare,0.06539725641025641
2023-11-02,Industrials,0.20982433333333333
2023-11-02,Materials,0.107342
2023-11-02,RealEstate,0.20853333333333332
2023-11-02,Tech,0.19491897777777778
2023-11-02,Utilities,0.17814044444444446
2023-11-03,Comm,0.095484
2023-11-03,Consumer,0.11383704761904763
2023-11-03,Energy,0.137735
2023-11-03,Financials,0.20951
2023-11-03,Healthcare,0.07392628571428571
2023-11-03,Industrials,0.089076
2023-11-03,Materials,0.14933
2023-11-03,RealEstate,0.035750000000000004
2023-11-03,Tech,0.16572066666666668
2023-11-03,Utilities,0.08575257142857143
2023-11-06,Comm,0.032580000000000005
2023-11-06,Consumer,0.06108298412698413
2023-11-06,Energy,0.1571187619047619
2023-11-06,Financials,0.05204777777777778
2023-11-06,Healthcare,0.11913733333333332
2023-11-06,Industrials,0.14247766666666667
2023-11-06,Materials,0.24497999999999998
2023-11-06,RealEstate,0.06939000000000001
2023-11-06,Tech,0.21365554545454546
2023-11-06,Utilities,0.099535
2023-11-07,Comm,0.17696
2023-11-07,Consumer,0.18668244444444443
2023-11-07,Energy,0.20680833333333334
2023-11-07,Financials,0.11983333333333332
2023-11-07,Healthcare,0.08648444444444445
2023-11-07,Industrials,0.09757333333333335
2023-11-07,Materials,0.09720000000000001
2023-11-07,RealEstate,0.22510000000000002
2023-11-07,Tech,0.37205787878787877
2023-11-07,Utilities,0.24779
2023-11-08,Comm,0.11595466666666668
2023-11-08,Consumer,0.03015230769230769
2023-11-08,Energy,0.16739383333333333
2023-11-08,Financials,0.08657976190476191
2023-11-08,Healthcare,0.059105000000000005
2023-11-08,Industrials,0.09008666666666668
2023-11-08,Materials,0.08526
2023-11-08,RealEstate,0.0925
2023-11-08,Tech,0.0699195
2023-11-08,Utilities,0.24842399999999998
2023-11-09,Comm,0.2809704761904762
2023-11-09,Consumer,0.15579390350877192
2023-11-09,Energy,0.08788975757575758
2023-11-09,Financials,0.031095555555555553
2023-11-09,Healthcare,0.14543830303030303
2023-11-09,Industrials,0.2379966666666667
2023-11-09,Materials,0.00129
2023-11-09,RealEstate,0.20298500000000003
2023-11-09,Tech,0.283084
2023-11-09,Utilities,0.351155
2023-11-10,Comm,0.064604
2023-11-10,Consumer,0.14843937878787877
2023-11-10,Energy,0.09194380952380951
2023-11-10,Financials,0.12510833333333332
2023-11-10,Healthcare,0.13635066666666668
2023-11-10,Industrials,0.09568
2023-11-10,Materials,-0.010600000000000009
2023-11-10,RealEstate,0.0427
2023-11-10,Tech,0.26513451449275366
2023-11-10,Utilities,0.43130499999999994
2023-11-13,Comm,0.12179999999999999
2023-11-13,Consumer,0.16443686956521741
2023-11-13,Energy,0.18756133333333333
2023-11-13,Financials,-0.13721968831168832
2023-11-13,Healthcare,0.13405666666666666
2023-11-13,Industrials,0.021555833333333333
2023-11-13,Materials,0.03222666666666667
2023-11-13,RealEstate,0.127965
2023-11-13,Tech,0.18103868783068783
2023-11-13,Utilities,0.16219999999999998
2023-11-14,Comm,0.08801
2023-11-14,Consumer,0.08768266666666666
2023-11-14,Energy,0.2560173333333334
2023-11-14,Financials,0.09372428571428572
2023-11-14,Healthcare,0.080059
2023-11-14,Industrials,0.057953
2023-11-14,Materials,0.12562666666666666
2023-11-14,RealEstate,0.17575000000000002
2023-11-14,Tech,0.28727817554858937
2023-11-14,Utilities,0.28276666666666667
2023-11-15,Comm,0.166
2023-11-15,Consumer,0.1643548717948718
2023-11-15,Energy,0.09982333333333333
2023-11-15,Financials,0.08538166666666666
2023-11-15,Healthcare,0.15714
2023-11-15,Industrials,0.15102895238095237
2023-11-15,Materials,0.2202
2023-11-15,RealEstate,0.21908000000000002
2023-11-15,Tech,0.080128455988456
2023-11-15,Utilities,0.15342
2023-11-16,Comm,0.03507333333333334
2023-11-16,Consumer,0.038453142857142845
2023-11-16,Energy,-0.06841416666666666
2023-11-16,Financials,0.06830666666666665
2023-11-16,Healthcare,0.02616
2023-11-16,Industrials,0.13330599999999998
2023-11-16,Materials,0.10075
2023-11-16,RealEstate,0.169696
2023-11-16,Tech,0.11446924603174605
2023-11-16,Utilities,0.27993999999999997
2023-11-17,Comm,0.03062
2023-11-17,Consumer,0.09447888888888889
2023-11-17,Energy,0.06330190476190475
2023-11-17,Financials,0.117218
2023-11-17,Healthcare,0.03448333333333333
2023-11-17,Industrials,0.21380249999999998
2023-11-17,Materials,0.25364
2023-11-17,RealEstate,0.09611499999999999
2023-11-17,Tech,0.149872
2023-11-17,Utilities,0.21839999999999998
2023-11-20,Comm,0.046685000000000004
2023-11-20,Consumer,0.042926337662337666
2023-11-20,Energy,0.014805000000000002
2023-11-20,Financials,0.009001999999999998
2023-11-20,Healthcare,0.171025
2023-11-20,Industrials,-0.0017966666666666686
2023-11-20,Materials,0.35345
2023-11-20,RealEstate,0.13638666666666666
2023-11-20,Tech,0.21209135933806147
2023-11-20,Utilities,0.16936
2023-11-21,Comm,0.042210000000000004
2023-11-21,Consumer,0.08348616666666667
2023-11-21,Energy,0.14326642857142857
2023-11-21,Financials,0.075168
2023-11-21,Healthcare,0.08058100000000001
2023-11-21,Industrials,0.08501333333333334
2023-11-21,Materials,0.06392
2023-11-21,RealEstate,0.10972
2023-11-21,Tech,0.1566432602339181
2023-11-21,Utilities,0.026019999999999998
2023-11-22,Comm,-0.055105333333333326
2023-11-22,Consumer,0.02406909090909091
2023-11-22,Energy,0.12720285714285712
2023-11-22,Financials,-0.08744933333333334
2023-11-22,Healthcare,0.12618000000000001
2023-11-22,Industrials,0.16595833333333332
2023-11-22,Materials,0.17488666666666666
2023-11-22,RealEstate,0.08738666666666668
2023-11-22,Tech,0.09593578431372549
2023-11-22,Utilities,0.12398400000000001
2023-11-24,Comm,0.09055466666666667
2023-11-24,Consumer,-0.06559355555555554
2023-11-24,Energy,0.1504
2023-11-24,Financials,0.04751427777777778
2023-11-24,Healthcare,0.038858
2023-11-24,Industrials,0.20727090909090912
2023-11-24,Materials,0.09573499999999999
2023-11-24,RealEstate,0.02023
2023-11-24,Tech,0.11268984848484849
2023-11-24,Utilities,0.14172
2023-11-27,Comm,0.10874333333333333
2023-11-27,Consumer,0.13043235714285714
2023-11-27,Energy,0.1678624761904762
2023-11-27,Financials,0.0899925
2023-11-27,Healthcare,0.19468666666666667
2023-11-27,Industrials,0.019330000000000003
2023-11-27,Materials,0.059756666666666666
2023-11-27,RealEstate,-0.011438205128205125
2023-11-27,Tech,0.18232369281045752
2023-11-27,Utilities,0.217755
2023-11-28,Comm,0.184106
2023-11-28,Consumer,0.1216775
2023-11-28,Energy,-0.025393
2023-11-28,Financials,0.12230933333333334
2023-11-28,Healthcare,0.09646666666666666
2023-11-28,Industrials,0.07949916666666666
2023-11-28,Materials,0.11345666666666668
2023-11-28,RealEstate,0.05182333333333333
2023-11-28,Tech,0.18387916666666668
2023-11-28,Utilities,0.10230999999999998
2023-11-29,Comm,0.038913333333333334
2023-11-29,Consumer,0.0798332142857143
2023-11-29,Energy,0.055535833333333326
2023-11-29,Financials,0.10074466666666666
2023-11-29,Healthcare,0.09941833333333334
2023-11-29,Industrials,0.11957333333333335
2023-11-29,Materials,0.15583
2023-11-29,RealEstate,0.13254933333333335
2023-11-29,Tech,0.23106690476190478
2023-11-29,Utilities,0.161615
2023-11-30,Comm,0.19064
2023-11-30,Consumer,0.03991055555555557
2023-11-30,Energy,0.11996666666666667
2023-11-30,Financials,0.15284
2023-11-30,Healthcare,0.07769999999999999
2023-11-30,Industrials,0.08169
2023-11-30,Materials,0.08708
2023-11-30,RealEstate,0.08189
2023-11-30,Tech,0.082137
2023-11-30,Utilities,0.27393333333333336
2023-12-01,Comm,0.138015
2023-12-01,Consumer,0.1806117857142857
2023-12-01,Energy,0.02309333333333333
2023-12-01,Financials,-0.011285999999999996
2023-12-01,Healthcare,0.0
2023-12-01,Industrials,0.0364125
2023-12-01,Materials,0.12362999999999999
2023-12-01,RealEstate,0.159122
2023-12-01,Tech,0.09976831372549019
2023-12-01,Utilities,0.29096
2023-12-04,Comm,0.09144533333333334
2023-12-04,Consumer,0.10230227272727273
2023-12-04,Energy,0.03599
2023-12-04,Financials,0.10808927777777777
2023-12-04,Healthcare,0.063808
2023-12-04,Industrials,0.1330738095238095
2023-12-04,Materials,0.12362999999999999
2023-12-04,RealEstate,0.16784
2023-12-04,Tech,0.1945924537815126
2023-12-04,Utilities,0.31796
2023-12-05,Comm,0.0908688717948718
2023-12-05,Consumer,0.13501333333333335
2023-12-05,Energy,-0.0012753333333333353
2023-12-05,Financials,0.11963083333333335
2023-12-05,Healthcare,0.14064000000000002
2023-12-05,Industrials,-0.06629
2023-12-05,Materials,0.12362999999999999
2023-12-05,RealEstate,0.23407
2023-12-05,Tech,0.15453813725490198
2023-12-05,Utilities,0.12248
2023-12-06,Comm,0.149555
2023-12-06,Consumer,0.10940844444444445
2023-12-06,Energy,0.23916252747252748
2023-12-06,Financials,-0.015111666666666666
2023-12-06,Healthcare,0.27396583333333335
2023-12-06,Industrials,-0.10593466666666666
2023-12-06,Materials,0.08038
2023-12-06,RealEstate,0.11787666666666667
2023-12-06,Tech,0.19867311111111113
2023-12-06,Utilities,0.14138666666666666
2023-12-07,Comm,0.05658166666666666
2023-12-07,Consumer,0.27937333333333336
2023-12-07,Energy,-0.049162000000000004
2023-12-07,Financials,0.05022666666666666
2023-12-07,Healthcare,0.1869329090909091
2023-12-07,Industrials,-0.054916666666666655
2023-12-07,Materials,0.01587499999999999
2023-12-07,RealEstate,0.072255
2023-12-07,Tech,0.15078567619047617
2023-12-07,Utilities,0.16547499999999998
2023-12-08,Comm,0.06278999999999998
2023-12-08,Consumer,-0.015177000000000001
2023-12-08,Energy,0.11883714285714286
2023-12-08,Financials,0.06434500000000001
2023-12-08,Healthcare,0.04376733333333334
2023-12-08,Industrials,0.031023333333333337
2023-12-08,Materials,0.15875333333333333
2023-12-08,RealEstate,0.10930999999999999
2023-12-08,Tech,0.2142227494763301
2023-12-08,Utilities,0.04755
2023-12-11,Comm,0.08932571428571429
2023-12-11,Consumer,0.1371493145743146
2023-12-11,Energy,0.125920568627451
2023-12-11,Financials,0.10207392857142858
2023-12-11,Healthcare,0.17471797979797982
2023-12-11,Industrials,0.060755809523809524
2023-12-11,Materials,0.08290333333333334
2023-12-11,RealEstate,0.06682333333333333
2023-12-11,Tech,0.1323866394557823
2023-12-11,Utilities,0.10922799999999999
2023-12-12,Comm,0.1277279365079365
2023-12-12,Consumer,-0.09125333333333334
2023-12-12,Energy,0.08103192307692308
2023-12-12,Financials,0.22696036363636365
2023-12-12,Healthcare,0.062725
2023-12-12,Industrials,0.24736833333333333
2023-12-12,Materials,0.11551
2023-12-12,RealEstate,0.08254333333333333
2023-12-12,Tech,0.10960627777777776
2023-12-12,Utilities,0.06729
2023-12-13,Comm,0.17433800000000002
2023-12-13,Consumer,0.071796
2023-12-13,Energy,0.19688
2023-12-13,Financials,0.14678555555555556
2023-12-13,Healthcare,0.02399416666666667
2023-12-13,Industrials,0.17360285714285714
2023-12-13,Materials,0.2664033333333333
2023-12-13,RealEstate,0.290402
2023-12-13,Tech,0.18635931372549017
2023-12-13,Utilities,0.098275
2023-12-14,Comm,0.20292133333333334
2023-12-14,Consumer,0.06308533333333333
2023-12-14,Energy,0.15539666666666668
2023-12-14,Financials,0.1288956666666667
2023-12-14,Healthcare,0.10239666666666666
2023-12-14,Industrials,0.121615
2023-12-14,Materials,0.035070000000000004
2023-12-14,RealEstate,0.15428199999999997
2023-12-14,Tech,0.15796725
2023-12-14,Utilities,0.150176
2023-12-15,Comm,-0.010206666666666668
2023-12-15,Consumer,0.09430166666666666
2023-12-15,Energy,0.003450769230769235
2023-12-15,Financials,0.2282532380952381
2023-12-15,Healthcare,0.13855
2023-12-15,Industrials,0.08424000000000001
2023-12-15,Materials,-0.019569999999999994
2023-12-15,RealEstate,0.12952
2023-12-15,Tech,0.10970402020202022
2023-12-15,Utilities,0.14838666666666667
2023-12-18,Comm,0.23851742857142857
2023-12-18,Consumer,0.06994533333333333
2023-12-18,Energy,0.10588714285714287
2023-12-18,Financials,0.207492
2023-12-18,Healthcare,0.16035694871794873
2023-12-18,Industrials,0.23579380952380954
2023-12-18,Materials,-0.06727999999999999
2023-12-18,RealEstate,0.188025
2023-12-18,Tech,0.10813977891156461
2023-12-18,Utilities,0.23365999999999998
2023-12-19,Comm,0.23851742857142857
2023-12-19,Consumer,0.06994533333333333
2023-12-19,Energy,0.10588714285714287
2023-12-19,Financials,0.207492
2023-12-19,Healthcare,0.16035694871794873
2023-12-19,Industrials,0.23579380952380954
2023-12-19,Materials,-0.10235000000000001
2023-12-19,RealEstate,0.188025
2023-12-19,Tech,0.11877535714285714
2023-12-19,Utilities,0.23365999999999998
2023-12-20,Comm,0.23851742857142857
2023-12-20,Consumer,0.06994533333333333
2023-12-20,Energy,0.10588714285714287
2023-12-20,Financials,0.207492
2023-12-20,Healthcare,0.16035694871794873
2023-12-20,Industrials,0.23579380952380954
2023-12-20,Materials,-0.10235000000000001
2023-12-20,RealEstate,0.188025
2023-12-20,Tech,0.0866240238095238
2023-12-20,Utilities,0.23365999999999998
2023-12-21,Comm,0.23851742857142857
2023-12-21,Consumer,0.06994533333333333
2023-12-21,Energy,0.10588714285714287
2023-12-21,Financials,0.207492
2023-12-21,Healthcare,0.16035694871794873
2023-12-21,Industrials,0.23579380952380954
2023-12-21,Materials,-0.10235000000000001
2023-12-21,RealEstate,0.188025
2023-12-21,Tech,0.1106795238095238
2023-12-21,Utilities,0.23365999999999998
2023-12-22,Comm,0.23851742857142857
2023-12-22,Consumer,0.06994533333333333
2023-12-22,Energy,0.10588714285714287
2023-12-22,Financials,0.207492
2023-12-22,Healthcare,0.16035694871794873
2023-12-22,Industrials,0.23579380952380954
2023-12-22,Materials,-0.10235000000000001
2023-12-22,RealEstate,0.177705
2023-12-22,Tech,0.1082800238095238
2023-12-22,Utilities,0.19041999999999998
2023-12-26,Comm,0.23851742857142857
2023-12-26,Consumer,0.06994533333333333
2023-12-26,Energy,0.10588714285714287
2023-12-26,Financials,0.13222
2023-12-26,Healthcare,0.16035694871794873
2023-12-26,Industrials,0.23579380952380954
2023-12-26,Materials,-0.10235000000000001
2023-12-26,RealEstate,0.147175
2023-12-26,Tech,0.13175802380952378
2023-12-26,Utilities,0.19041999999999998
2023-12-27,Comm,0.0
2023-12-27,Consumer,0.0
2023-12-27,Energy,0.0
2023-12-27,Financials,0.0
2023-12-27,Healthcare,0.0
2023-12-27,Industrials,0.0
2023-12-27,Materials,0.0
2023-12-27,RealEstate,0.0
2023-12-27,Tech,0.036335
2023-12-27,Utilities,0.0
2023-12-28,Comm,0.0
2023-12-28,Consumer,0.0
2023-12-28,Energy,0.0
2023-12-28,Financials,0.0
2023-12-28,Healthcare,0.0
2023-12-28,Industrials,0.0
2023-12-28,Materials,0.0
2023-12-28,RealEstate,0.0
2023-12-28,Tech,0.030987999999999998
2023-12-28,Utilities,0.0
2023-12-29,Comm,0.0
2023-12-29,Consumer,0.0
2023-12-29,Energy,0.0
2023-12-29,Financials,0.0
2023-12-29,Healthcare,0.0
2023-12-29,Industrials,0.0
2023-12-29,Materials,0.0
2023-12-29,RealEstate,0.0
2023-12-29,Tech,0.013850000000000001
2023-12-29,Utilities,0.0
