trading_date,sector,sentiment
2020-01-02,Comm,0.08718
2020-01-02,Consumer,-0.06894547619047618
2020-01-02,Energy,0.19246166666666667
2020-01-02,Financials,0.10718533333333333
2020-01-02,Healthcare,0.21549047619047618
2020-01-02,Industrials,0.08408
2020-01-02,Materials,0.10974999999999999
2020-01-02,RealEstate,0.007240000000000002
2020-01-02,Tech,0.06159097435897436
2020-01-02,Utilities,0.12738
2020-01-03,Comm,0.08605
2020-01-03,Consumer,-0.22778666666666667
2020-01-03,Energy,-0.046189727272727285
2020-01-03,Financials,0.05045500000000001
2020-01-03,Healthcare,0.21347214285714283
2020-01-03,Industrials,-0.12487999999999999
2020-01-03,Materials,0.024259999999999993
2020-01-03,RealEstate,-0.03842000000000001
2020-01-03,Tech,0.0784682142857143
2020-01-03,Utilities,0.05634
2020-01-06,Comm,0.13610583333333331
2020-01-06,Consumer,0.10678931372549019
2020-01-06,Energy,0.08543969696969697
2020-01-06,Financials,0.284306
2020-01-06,Healthcare,0.32718
2020-01-06,Industrials,-0.0017627777777777741
2020-01-06,Materials,-0.055811999999999994
2020-01-06,RealEstate,0.054819999999999994
2020-01-06,Tech,-0.013116666666666676
2020-01-06,Utilities,0.009050000000000002
2020-01-07,Comm,0.21376
2020-01-07,Consumer,0.1472385
2020-01-07,Energy,0.07906333333333333
2020-01-07,Financials,0.112896
2020-01-07,Healthcare,0.10863733333333334
2020-01-07,Industrials,-0.021834285714285716
2020-01-07,Materials,0.07636
2020-01-07,RealEstate,0.08879999999999999
2020-01-07,Tech,-0.07656785714285715
2020-01-07,Utilities,0.19107000000000002
2020-01-08,Comm,0.154382
2020-01-08,Consumer,0.13377
2020-01-08,Energy,-0.018874999999999986
2020-01-08,Financials,0.293586
2020-01-08,Healthcare,0.22532444444444444
2020-01-08,Industrials,0.024525714285714286
2020-01-08,Materials,0.036520000000000004
2020-01-08,RealEstate,0.04848
2020-01-08,Tech,0.0699545
2020-01-08,Utilities,0.23153
2020-01-09,Comm,0.16018
2020-01-09,Consumer,0.2834562698412698
2020-01-09,Energy,0.08153300000000001
2020-01-09,Financials,0.26152933333333334
2020-01-09,Healthcare,0.21403333333333335
2020-01-09,Industrials,0.033716666666666666
2020-01-09,Materials,0.10181333333333334
2020-01-09,RealEstate,0.014479999999999998
2020-01-09,Tech,0.09154333333333334
2020-01-09,Utilities,0.059199999999999996
2020-01-10,Comm,0.028676666666666673
2020-01-10,Consumer,0.004144000000000004
2020-01-10,Energy,0.07396200000000001
2020-01-10,Financials,0.31458833333333336
2020-01-10,Healthcare,0.24778000000000003
2020-01-10,Industrials,0.06901666666666666
2020-01-10,Materials,-0.009360000000000012
2020-01-10,RealEstate,-0.08412
2020-01-10,Tech,0.265226
2020-01-10,Utilities,0.18409666666666666
2020-01-13,Comm,0.07480916666666668
2020-01-13,Consumer,0.08908528571428571
2020-01-13,Energy,0.13454349999999998
2020-01-13,Financials,0.19619
2020-01-13,Healthcare,0.13385750000000002
2020-01-13,Industrials,0.059236666666666674
2020-01-13,Materials,0.16784
2020-01-13,RealEstate,0.03601333333333334
2020-01-13,Tech,0.20091575
2020-01-13,Utilities,0.06448
2020-01-14,Comm,0.12403249999999999
2020-01-14,Consumer,0.042910000000000004
2020-01-14,Energy,0.2138183333333333
2020-01-14,Financials,0.035565476190476196
2020-01-14,Healthcare,0.31071
2020-01-14,Industrials,0.089663
2020-01-14,Materials,0.22509999999999994
2020-01-14,RealEstate,0.017720000000000003
2020-01-14,Tech,0.241154
2020-01-14,Utilities,0.23483
2020-01-15,Comm,0.07460833333333333
2020-01-15,Consumer,0.09546038095238095
2020-01-15,Energy,0.08600666666666665
2020-01-15,Financials,0.06089596825396826
2020-01-15,Healthcare,0.27131
2020-01-15,Industrials,-0.07338499999999998
2020-01-15,Materials,0.23073333333333332
2020-01-15,RealEstate,0.025555
2020-01-15,Tech,0.018463666666666666
2020-01-15,Utilities,0.15177000000000002
2020-01-16,Comm,0.18807999999999997
2020-01-16,Consumer,0.17721542857142858
2020-01-16,Energy,0.1408009523809524
2020-01-16,Financials,0.14342895726495727
2020-01-16,Healthcare,0.151955
2020-01-16,Industrials,0.13836666666666667
2020-01-16,Materials,0.08808
2020-01-16,RealEstate,0.158715
2020-01-16,Tech,0.16211644444444445
2020-01-16,Utilities,0.18164833333333333
2020-01-17,Comm,0.11223000000000001
2020-01-17,Consumer,0.08010533333333332
2020-01-17,Energy,0.11287244444444444
2020-01-17,Financials,0.11717999999999999
2020-01-17,Healthcare,0.2317683333333333
2020-01-17,Industrials,0.20909666666666665
2020-01-17,Materials,0.18836
2020-01-17,RealEstate,0.15122
2020-01-17,Tech,0.07141555777555778
2020-01-17,Utilities,0.15105022222222222
2020-01-21,Comm,-0.022039999999999997
2020-01-21,Consumer,0.07009310606060606
2020-01-21,Energy,0.1099737142857143
2020-01-21,Financials,0.19930555555555557
2020-01-21,Healthcare,0.09057404761904761
2020-01-21,Industrials,0.1046862857142857
2020-01-21,Materials,0.010085999999999998
2020-01-21,RealEstate,0.12666666666666665
2020-01-21,Tech,0.017946666666666677
2020-01-21,Utilities,0.17614000000000002
2020-01-22,Comm,0.0912
2020-01-22,Consumer,0.08442657142857143
2020-01-22,Energy,0.09017333333333334
2020-01-22,Financials,0.07742222222222224
2020-01-22,Healthcare,0.06784916666666667
2020-01-22,Industrials,-0.01411142857142857
2020-01-22,Materials,-0.059199999999999996
2020-01-22,RealEstate,0.08665999999999999
2020-01-22,Tech,0.083456
2020-01-22,Utilities,0.10610250000000002
2020-01-23,Comm,0.17530257142857142
2020-01-23,Consumer,0.12958566666666668
2020-01-23,Energy,0.06157333333333333
2020-01-23,Financials,0.032470000000000006
2020-01-23,Healthcare,0.020309999999999998
2020-01-23,Industrials,0.029595238095238098
2020-01-23,Materials,0.09407
2020-01-23,RealEstate,0.18839999999999998
2020-01-23,Tech,0.03489592592592593
2020-01-23,Utilities,-0.028099999999999997
2020-01-24,Comm,0.11109024242424241
2020-01-24,Consumer,0.07866423076923076
2020-01-24,Energy,0.18136166666666667
2020-01-24,Financials,-0.02652
2020-01-24,Healthcare,0.2246453333333333
2020-01-24,Industrials,0.04934533333333334
2020-01-24,Materials,0.11928799999999999
2020-01-24,RealEstate,0.08016000000000001
2020-01-24,Tech,0.06600430107526882
2020-01-24,Utilities,0.19892800000000002
2020-01-27,Comm,0.02225727272727272
2020-01-27,Consumer,0.03644111111111111
2020-01-27,Energy,0.04191166666666666
2020-01-27,Financials,-0.05436
2020-01-27,Healthcare,0.2709377777777778
2020-01-27,Industrials,0.06335666666666666
2020-01-27,Materials,-0.0014733333333333347
2020-01-27,RealEstate,0.05106000000000001
2020-01-27,Tech,-0.17687049999999999
2020-01-27,Utilities,0.06823174603174605
2020-01-28,Comm,0.036708000000000005
2020-01-28,Consumer,0.03861314285714286
2020-01-28,Energy,0.15636333333333333
2020-01-28,Financials,0.08901857142857143
2020-01-28,Healthcare,0.18641166666666664
2020-01-28,Industrials,-0.004494166666666665
2020-01-28,Materials,0.167525
2020-01-28,RealEstate,0.07579
2020-01-28,Tech,-0.00839538461538462
2020-01-28,Utilities,0.08364000000000002
2020-01-29,Comm,0.25270099999999995
2020-01-29,Consumer,0.009240761904761906
2020-01-29,Energy,-0.002303333333333332
2020-01-29,Financials,0.152345
2020-01-29,Healthcare,0.141442
2020-01-29,Industrials,0.0019259999999999993
2020-01-29,Materials,0.12668428571428572
2020-01-29,RealEstate,0.17457
2020-01-29,Tech,0.07918079365079365
2020-01-29,Utilities,0.20021500000000003
2020-01-30,Comm,-0.010649999999999998
2020-01-30,Consumer,0.04419295238095238
2020-01-30,Energy,0.09489714285714286
2020-01-30,Financials,0.1730816666666667
2020-01-30,Healthcare,0.19092272727272727
2020-01-30,Industrials,0.10386666666666666
2020-01-30,Materials,-0.026406410256410263
2020-01-30,RealEstate,0.02408
2020-01-30,Tech,0.009163333333333334
2020-01-30,Utilities,0.23978533333333335
2020-01-31,Comm,-0.18866727272727274
2020-01-31,Consumer,-0.03444404040404041
2020-01-31,Energy,0.07983380952380953
2020-01-31,Financials,0.09165809523809523
2020-01-31,Healthcare,0.278198
2020-01-31,Industrials,0.08330900000000001
2020-01-31,Materials,-0.0033346666666666663
2020-01-31,RealEstate,0.16884000000000002
2020-01-31,Tech,0.17766555555555558
2020-01-31,Utilities,0.18102000000000001
2020-02-03,Comm,0.1309225
2020-02-03,Consumer,0.14832285714285715
2020-02-03,Energy,0.05148243589743588
2020-02-03,Financials,0.07509666666666667
2020-02-03,Healthcare,0.11825192780337941
2020-02-03,Industrials,0.09446466666666667
2020-02-03,Materials,0.14187
2020-02-03,RealEstate,0.11956
2020-02-03,Tech,0.11900666666666666
2020-02-03,Utilities,0.20161
2020-02-04,Comm,0.11257899999999998
2020-02-04,Consumer,0.1401240909090909
2020-02-04,Energy,0.1017411111111111
2020-02-04,Financials,0.23612000000000002
2020-02-04,Healthcare,0.19332619047619048
2020-02-04,Industrials,0.18034833333333333
2020-02-04,Materials,0.054110000000000005
2020-02-04,RealEstate,0.05198333333333334
2020-02-04,Tech,0.07460800000000001
2020-02-04,Utilities,0.11915
2020-02-05,Comm,0.01718566666666667
2020-02-05,Consumer,0.06063166666666666
2020-02-05,Energy,0.504522857142857
2020-02-05,Financials,-0.020840000000000015
2020-02-05,Healthcare,0.16506785714285713
2020-02-05,Industrials,0.08954866666666665
2020-02-05,Materials,0.06436
2020-02-05,RealEstate,0.026530000000000005
2020-02-05,Tech,0.1052855
2020-02-05,Utilities,0.03190333333333333
2020-02-06,Comm,0.06914000000000001
2020-02-06,Consumer,0.17624
2020-02-06,Energy,0.3560966666666666
2020-02-06,Financials,0.2713986666666667
2020-02-06,Healthcare,0.22736007692307694
2020-02-06,Industrials,0.120362
2020-02-06,Materials,0.05132111111111111
2020-02-06,RealEstate,0.27351000000000003
2020-02-06,Tech,0.2868725
2020-02-06,Utilities,0.12708
2020-02-07,Comm,0.098301
2020-02-07,Consumer,0.189385
2020-02-07,Energy,0.22275299999999998
2020-02-07,Financials,0.15102200000000002
2020-02-07,Healthcare,0.27210303030303035
2020-02-07,Industrials,0.062271999999999994
2020-02-07,Materials,0.03672333333333333
2020-02-07,RealEstate,0.14371
2020-02-07,Tech,0.1875942857142857
2020-02-07,Utilities,0.11797833333333334
2020-02-10,Comm,0.1062
2020-02-10,Consumer,-0.006942857142857142
2020-02-10,Energy,0.05099333333333335
2020-02-10,Financials,0.19224666666666665
2020-02-10,Healthcare,0.11869
2020-02-10,Industrials,0.08063666666666666
2020-02-10,Materials,0.23231333333333332
2020-02-10,RealEstate,0.08452666666666667
2020-02-10,Tech,0.15818833333333335
2020-02-10,Utilities,0.09078499999999999
2020-02-11,Comm,-0.0031712941176470387
2020-02-11,Consumer,0.04548616666666667
2020-02-11,Energy,0.09527314285714285
2020-02-11,Financials,0.29606714285714286
2020-02-11,Healthcare,0.07090166666666668
2020-02-11,Industrials,0.08279666666666667
2020-02-11,Materials,0.11732800000000002
2020-02-11,RealEstate,0.06997333333333335
2020-02-11,Tech,0.07143764502164503
2020-02-11,Utilities,0.15007571428571426
2020-02-12,Comm,0.15365222222222222
2020-02-12,Consumer,0.05834264705882353
2020-02-12,Energy,0.03376749999999999
2020-02-12,Financials,0.15255333333333332
2020-02-12,Healthcare,0.13680083333333332
2020-02-12,Industrials,0.07436000000000001
2020-02-12,Materials,0.059199999999999996
2020-02-12,RealEstate,0.15045333333333333
2020-02-12,Tech,0.045807333333333325
2020-02-12,Utilities,0.25366555555555553
2020-02-13,Comm,0.09172261904761905
2020-02-13,Consumer,-0.013982245098039225
2020-02-13,Energy,0.012992500000000008
2020-02-13,Financials,0.08528
2020-02-13,Healthcare,0.08153333333333333
2020-02-13,Industrials,0.0353375
2020-02-13,Materials,0.08668285714285714
2020-02-13,RealEstate,0.110812
2020-02-13,Tech,-0.02128509090909091
2020-02-13,Utilities,0.160426
2020-02-14,Comm,0.19884833333333335
2020-02-14,Consumer,-0.05277816666666666
2020-02-14,Energy,0.0062
2020-02-14,Financials,0.18730666666666668
2020-02-14,Healthcare,0.25895
2020-02-14,Industrials,0.19194499999999998
2020-02-14,Materials,0.042804999999999996
2020-02-14,RealEstate,0.09492
2020-02-14,Tech,0.0353892688172043
2020-02-14,Utilities,0.1266535
2020-02-18,Comm,0.04021809523809524
2020-02-18,Consumer,0.19439710317460318
2020-02-18,Energy,0.14617833333333333
2020-02-18,Financials,-0.005482857142857142
2020-02-18,Healthcare,0.09015181372549019
2020-02-18,Industrials,0.1493
2020-02-18,Materials,0.12242444444444445
2020-02-18,RealEstate,0.10593
2020-02-18,Tech,-0.04732047619047619
2020-02-18,Utilities,0.21640944444444443
2020-02-19,Comm,0.03470309523809523
2020-02-19,Consumer,0.1574477142857143
2020-02-19,Energy,0.22522999999999999
2020-02-19,Financials,0.028644999999999997
2020-02-19,Healthcare,0.24066722222222223
2020-02-19,Industrials,0.22219333333333333
2020-02-19,Materials,0.0318
2020-02-19,RealEstate,0.0
2020-02-19,Tech,-0.012978253968253972
2020-02-19,Utilities,0.1720990909090909
2020-02-20,Comm,0.0010064285714285691
2020-02-20,Consumer,0.06387014285714285
2020-02-20,Energy,0.2530283333333333
2020-02-20,Financials,0.14648388888888889
2020-02-20,Healthcare,0.215124
2020-02-20,Industrials,0.11305666666666667
2020-02-20,Materials,0.060812727272727275
2020-02-20,RealEstate,0.04649366666666667
2020-02-20,Tech,0.041481333333333335
2020-02-20,Utilities,0.10578635897435898
2020-02-21,Comm,-0.07756190476190476
2020-02-21,Consumer,0.09441577777777779
2020-02-21,Energy,0.07205833333333334
2020-02-21,Financials,0.2816715
2020-02-21,Healthcare,0.013755000000000007
2020-02-21,Industrials,0.11362999999999998
2020-02-21,Materials,0.0993
2020-02-21,RealEstate,0.03327666666666666
2020-02-21,Tech,-0.2589611428571429
2020-02-21,Utilities,0.2389756923076923
2020-02-24,Comm,-0.03137666666666667
2020-02-24,Consumer,-0.0021578571428571445
2020-02-24,Energy,-0.14663821428571427
2020-02-24,Financials,0.09375866666666667
2020-02-24,Healthcare,0.1128396638655462
2020-02-24,Industrials,0.07081833333333334
2020-02-24,Materials,0.06621083333333334
2020-02-24,RealEstate,0.048205
2020-02-24,Tech,-0.009185303030303033
2020-02-24,Utilities,0.056410666666666665
2020-02-25,Comm,0.07111666666666668
2020-02-25,Consumer,0.16376858974358974
2020-02-25,Energy,-0.033855
2020-02-25,Financials,0.25816133333333335
2020-02-25,Healthcare,0.19953
2020-02-25,Industrials,0.08763499999999999
2020-02-25,Materials,0.08260999999999999
2020-02-25,RealEstate,0.027292500000000004
2020-02-25,Tech,0.019905000000000006
2020-02-25,Utilities,0.16380333333333333
2020-02-26,Comm,0.12558666666666668
2020-02-26,Consumer,0.09767285714285714
2020-02-26,Energy,0.2228217142857143
2020-02-26,Financials,0.16362933333333335
2020-02-26,Healthcare,0.0448771568627451
2020-02-26,Industrials,0.13861166666666666
2020-02-26,Materials,0.05650666666666667
2020-02-26,RealEstate,0.023012999999999995
2020-02-26,Tech,0.2120025
2020-02-26,Utilities,0.10017333333333334
2020-02-27,Comm,0.13194
2020-02-27,Consumer,0.09610866666666666
2020-02-27,Energy,0.08371033333333333
2020-02-27,Financials,0.07106000000000001
2020-02-27,Healthcare,0.03854799999999999
2020-02-27,Industrials,0.11989666666666668
2020-02-27,Materials,0.05670428571428571
2020-02-27,RealEstate,0.10351466666666667
2020-02-27,Tech,-0.090316
2020-02-27,Utilities,0.29736583333333333
2020-02-28,Comm,-0.09630999999999999
2020-02-28,Consumer,-0.08106357142857142
2020-02-28,Energy,0.08607138888888889
2020-02-28,Financials,0.024567499999999992
2020-02-28,Healthcare,-0.024808000000000004
2020-02-28,Industrials,0.08794833333333332
2020-02-28,Materials,0.18272166666666667
2020-02-28,RealEstate,-0.002707777777777781
2020-02-28,Tech,0.146984
2020-02-28,Utilities,-0.03968000000000001
2020-03-02,Comm,0.09726666666666665
2020-03-02,Consumer,0.05835970085470086
2020-03-02,Energy,0.039005
2020-03-02,Financials,0.17043333333333335
2020-03-02,Healthcare,0.19403901785714286
2020-03-02,Industrials,-0.0002866666666666684
2020-03-02,Materials,0.031938333333333326
2020-03-02,RealEstate,0.11191466666666668
2020-03-02,Tech,0.06786600000000001
2020-03-02,Utilities,0.22934666666666664
2020-03-03,Comm,0.040232
2020-03-03,Consumer,0.18419
2020-03-03,Energy,0.05448088888888889
2020-03-03,Financials,-0.08367833333333333
2020-03-03,Healthcare,0.37418615384615384
2020-03-03,Industrials,0.05197999999999999
2020-03-03,Materials,0.161003
2020-03-03,RealEstate,0.110605
2020-03-03,Tech,0.002538000000000001
2020-03-03,Utilities,0.00575
2020-03-04,Comm,0.10109666666666665
2020-03-04,Consumer,0.13762444444444444
2020-03-04,Energy,0.22001666666666667
2020-03-04,Financials,0.10631766666666667
2020-03-04,Healthcare,0.42545099999999997
2020-03-04,Industrials,0.14631361904761903
2020-03-04,Materials,0.24886
2020-03-04,RealEstate,0.22469
2020-03-04,Tech,0.3957859523809524
2020-03-04,Utilities,0.4725693333333333
2020-03-05,Comm,0.181035
2020-03-05,Consumer,0.07891594805194804
2020-03-05,Energy,0.06623000000000001
2020-03-05,Financials,0.078685
2020-03-05,Healthcare,0.17941728205128205
2020-03-05,Industrials,0.10869495238095239
2020-03-05,Materials,0.11590333333333333
2020-03-05,RealEstate,0.28724
2020-03-05,Tech,0.14698033333333332
2020-03-05,Utilities,0.07459333333333333
2020-03-06,Comm,0.163825
2020-03-06,Consumer,0.03931335164835166
2020-03-06,Energy,-0.0073595238095238045
2020-03-06,Financials,-0.00039099999999999693
2020-03-06,Healthcare,0.22134054545454546
2020-03-06,Industrials,0.08867666666666667
2020-03-06,Materials,0.01011999999999999
2020-03-06,RealEstate,0.24365
2020-03-06,Tech,0.04415753846153846
2020-03-06,Utilities,0.13833
2020-03-09,Comm,-0.010929999999999999
2020-03-09,Consumer,0.05611935897435898
2020-03-09,Energy,-0.09956684210526315
2020-03-09,Financials,0.20983133333333334
2020-03-09,Healthcare,0.11973799999999998
2020-03-09,Industrials,-0.098977
2020-03-09,Materials,0.11394333333333333
2020-03-09,RealEstate,0.12718000000000002
2020-03-09,Tech,-0.11020666666666665
2020-03-09,Utilities,-0.17196333333333333
2020-03-10,Comm,-0.044323999999999995
2020-03-10,Consumer,-0.016730343434343434
2020-03-10,Energy,0.008469864734299514
2020-03-10,Financials,0.11389333333333332
2020-03-10,Healthcare,0.14320875
2020-03-10,Industrials,-0.08950333333333334
2020-03-10,Materials,0.05930833333333333
2020-03-10,RealEstate,0.22803
2020-03-10,Tech,0.272895
2020-03-10,Utilities,0.15145
2020-03-11,Comm,0.04243
2020-03-11,Consumer,-0.040494190476190475
2020-03-11,Energy,0.03261601190476191
2020-03-11,Financials,0.18409
2020-03-11,Healthcare,0.24613083333333333
2020-03-11,Industrials,0.15478476190476192
2020-03-11,Materials,0.058496666666666676
2020-03-11,RealEstate,0.30446
2020-03-11,Tech,0.07748833333333334
2020-03-11,Utilities,0.03367333333333334
2020-03-12,Comm,0.025448
2020-03-12,Consumer,0.04935908888888889
2020-03-12,Energy,0.06268815789473683
2020-03-12,Financials,0.00711619047619047
2020-03-12,Healthcare,-0.14734066666666668
2020-03-12,Industrials,-0.17304999999999998
2020-03-12,Materials,-0.06551599999999999
2020-03-12,RealEstate,0.10360999999999998
2020-03-12,Tech,-0.04570857142857144
2020-03-12,Utilities,0.001628095238095234
2020-03-13,Comm,0.07825299999999999
2020-03-13,Consumer,0.03457888888888889
2020-03-13,Energy,0.2084266106442577
2020-03-13,Financials,-0.1996966666666667
2020-03-13,Healthcare,0.007959999999999995
2020-03-13,Industrials,0.04446
2020-03-13,Materials,0.07144666666666666
2020-03-13,RealEstate,0.14221
2020-03-13,Tech,-0.011568928571428577
2020-03-13,Utilities,0.14456
2020-03-16,Comm,-0.01231133333333333
2020-03-16,Consumer,-0.13602125724637681
2020-03-16,Energy,0.0006908431372549013
2020-03-16,Financials,-0.05933083333333333
2020-03-16,Healthcare,0.004297333333333336
2020-03-16,Industrials,0.060704999999999995
2020-03-16,Materials,-0.016040000000000016
2020-03-16,RealEstate,0.04990583333333333
2020-03-16,Tech,-0.10528666666666667
2020-03-16,Utilities,0.19956038095238093
2020-03-17,Comm,0.05186599999999999
2020-03-17,Consumer,0.051671619047619056
2020-03-17,Energy,0.025996000000000002
2020-03-17,Financials,-0.11708
2020-03-17,Healthcare,0.31710000000000005
2020-03-17,Industrials,0.03314888888888889
2020-03-17,Materials,0.035615
2020-03-17,RealEstate,0.10169333333333333
2020-03-17,Tech,0.12160083333333334
2020-03-17,Utilities,0.1844866666666667
2020-03-18,Comm,-0.02648399999999999
2020-03-18,Consumer,0.03006417027417029
2020-03-18,Energy,0.018742857142857148
2020-03-18,Financials,0.033416666666666664
2020-03-18,Healthcare,0.20724458333333332
2020-03-18,Industrials,-0.004995238095238097
2020-03-18,Materials,0.015944999999999997
2020-03-18,RealEstate,0.02821333333333333
2020-03-18,Tech,-0.10072952380952382
2020-03-18,Utilities,0.24911000000000003
2020-03-19,Comm,0.03651833333333333
2020-03-19,Consumer,0.021880500000000004
2020-03-19,Energy,-0.018382
2020-03-19,Financials,-0.15799333333333332
2020-03-19,Healthcare,0.21280833333333335
2020-03-19,Industrials,0.07644
2020-03-19,Materials,0.08905466666666666
2020-03-19,RealEstate,0.13015333333333334
2020-03-19,Tech,-0.10737666666666665
2020-03-19,Utilities,0.24252666666666664
2020-03-20,Comm,0.01478833333333333
2020-03-20,Consumer,0.046295396103896116
2020-03-20,Energy,-0.10680738461538461
2020-03-20,Financials,-0.05972666666666667
2020-03-20,Healthcare,0.11065666666666667
2020-03-20,Industrials,0.1440170476190476
2020-03-20,Materials,0.045237999999999993
2020-03-20,RealEstate,0.049635
2020-03-20,Tech,0.19086
2020-03-20,Utilities,0.17613166666666666
2020-03-23,Comm,0.16331284415584416
2020-03-23,Consumer,0.05063993281228574
2020-03-23,Energy,-0.13521555555555556
2020-03-23,Financials,-0.02157
2020-03-23,Healthcare,0.044644329004329006
2020-03-23,Industrials,0.012568333333333325
2020-03-23,Materials,0.17433285714285712
2020-03-23,RealEstate,0.04302999999999999
2020-03-23,Tech,0.18370166666666665
2020-03-23,Utilities,-0.014680285714285724
2020-03-24,Comm,0.1751407619047619
2020-03-24,Consumer,0.1969957326007326
2020-03-24,Energy,0.11338933333333331
2020-03-24,Financials,0.39868000000000003
2020-03-24,Healthcare,0.27379619047619047
2020-03-24,Industrials,0.2409971111111111
2020-03-24,Materials,0.31854
2020-03-24,RealEstate,-0.011124999999999996
2020-03-24,Tech,0.4098681666666667
2020-03-24,Utilities,0.16380971428571428
2020-03-25,Comm,0.17759866666666665
2020-03-25,Consumer,0.17013257142857144
2020-03-25,Energy,0.16184666666666667
2020-03-25,Financials,0.19510500000000003
2020-03-25,Healthcare,0.18096380952380953
2020-03-25,Industrials,0.19890499999999997
2020-03-25,Materials,0.22616
2020-03-25,RealEstate,0.064675
2020-03-25,Tech,0.20627399999999999
2020-03-25,Utilities,0.29345
2020-03-26,Comm,0.12920166666666666
2020-03-26,Consumer,0.0860754761904762
2020-03-26,Energy,0.175266
2020-03-26,Financials,0.21854800000000002
2020-03-26,Healthcare,0.26740909090909093
2020-03-26,Industrials,0.1509714285714286
2020-03-26,Materials,0.19537066666666666
2020-03-26,RealEstate,0.3093933333333333
2020-03-26,Tech,0.293434
2020-03-26,Utilities,0.12445000000000002
2020-03-27,Comm,0.19410933333333333
2020-03-27,Consumer,0.04583217948717948
2020-03-27,Energy,0.28984471428571423
2020-03-27,Financials,0.15099666666666667
2020-03-27,Healthcare,0.30992600000000003
2020-03-27,Industrials,0.22001666666666667
2020-03-27,Materials,0.3154366666666667
2020-03-27,RealEstate,0.30251
2020-03-27,Tech,0.3283
2020-03-27,Utilities,0.30733466666666664
2020-03-30,Comm,0.183099
2020-03-30,Consumer,0.06934949122807017
2020-03-30,Energy,0.12272133333333332
2020-03-30,Financials,-0.18326533333333334
2020-03-30,Healthcare,0.14428057142857142
2020-03-30,Industrials,0.01895561904761905
2020-03-30,Materials,0.10744566666666669
2020-03-30,RealEstate,0.265285
2020-03-30,Tech,0.07616666666666666
2020-03-30,Utilities,0.13573785714285716
2020-03-31,Comm,0.25569333333333333
2020-03-31,Consumer,-0.023837333333333356
2020-03-31,Energy,0.006620833333333331
2020-03-31,Financials,0.05608466666666667
2020-03-31,Healthcare,0.08203857142857143
2020-03-31,Industrials,0.04034666666666666
2020-03-31,Materials,0.224695
2020-03-31,RealEstate,-0.138415
2020-03-31,Tech,0.018877333333333322
2020-03-31,Utilities,-0.140875
2020-04-01,Comm,0.15276666666666666
2020-04-01,Consumer,0.1795776666666667
2020-04-01,Energy,-0.05197047619047618
2020-04-01,Financials,0.046317904761904755
2020-04-01,Healthcare,0.10086333333333335
2020-04-01,Industrials,-0.018667999999999997
2020-04-01,Materials,0.04751466666666666
2020-04-01,RealEstate,-0.15246666666666664
2020-04-01,Tech,0.11331000000000002
2020-04-01,Utilities,-0.05755833333333332
2020-04-02,Comm,-0.09556
2020-04-02,Consumer,0.0435275
2020-04-02,Energy,-0.044638179487179484
2020-04-02,Financials,0.04325633333333333
2020-04-02,Healthcare,0.11523071428571427
2020-04-02,Industrials,-0.08770466666666667
2020-04-02,Materials,0.11831666666666667
2020-04-02,RealEstate,-0.031219999999999998
2020-04-02,Tech,0.095555
2020-04-02,Utilities,0.05787500000000001
2020-04-03,Comm,0.2131947619047619
2020-04-03,Consumer,-0.018479583333333334
2020-04-03,Energy,-0.018312380952380948
2020-04-03,Financials,0.09006214285714284
2020-04-03,Healthcare,0.16289404761904763
2020-04-03,Industrials,-0.2088713492063492
2020-04-03,Materials,0.051539999999999996
2020-04-03,RealEstate,0.08399000000000001
2020-04-03,Tech,-0.1759466666666667
2020-04-03,Utilities,0.21839999999999998
2020-04-06,Comm,0.3249033333333334
2020-04-06,Consumer,0.19159549783549784
2020-04-06,Energy,0.11251055555555556
2020-04-06,Financials,0.17170227272727273
2020-04-06,Healthcare,0.33347310344827585
2020-04-06,Industrials,0.10401600000000003
2020-04-06,Materials,0.074848
2020-04-06,RealEstate,0.15676333333333334
2020-04-06,Tech,0.28716742424242425
2020-04-06,Utilities,0.35653166666666664
2020-04-07,Comm,0.15798636363636362
2020-04-07,Consumer,0.24089971717171715
2020-04-07,Energy,0.3126607142857143
2020-04-07,Financials,0.14498366666666668
2020-04-07,Healthcare,0.04370877192982456
2020-04-07,Industrials,0.298147
2020-04-07,Materials,0.4134300000000001
2020-04-07,RealEstate,0.07574333333333334
2020-04-07,Tech,0.11083399999999999
2020-04-07,Utilities,0.18673266666666666
2020-04-08,Comm,0.11384399999999999
2020-04-08,Consumer,0.056441668421052624
2020-04-08,Energy,0.301839619047619
2020-04-08,Financials,0.09422012987012987
2020-04-08,Healthcare,0.12525555555555554
2020-04-08,Industrials,0.15880619047619046
2020-04-08,Materials,0.22084133333333336
2020-04-08,RealEstate,0.43206
2020-04-08,Tech,0.23468
2020-04-08,Utilities,0.19756666666666667
2020-04-09,Comm,-0.02296333333333333
2020-04-09,Consumer,0.16850095238095236
2020-04-09,Energy,0.1310592380952381
2020-04-09,Financials,0.16522466666666666
2020-04-09,Healthcare,0.03140166666666667
2020-04-09,Industrials,0.025403452380952363
2020-04-09,Materials,0.1181393650793651
2020-04-09,RealEstate,0.24424714285714283
2020-04-09,Tech,0.13129666666666667
2020-04-09,Utilities,0.39142
2020-04-13,Comm,0.07171666666666666
2020-04-13,Consumer,-0.01324125407925408
2020-04-13,Energy,0.12250822710622711
2020-04-13,Financials,0.07874942424242423
2020-04-13,Healthcare,-0.004051999999999989
2020-04-13,Industrials,0.019677474747474746
2020-04-13,Materials,0.06534738095238095
2020-04-13,RealEstate,-0.048139999999999995
2020-04-13,Tech,0.16562274509803923
2020-04-13,Utilities,-0.0022397619047619054
2020-04-14,Comm,0.22262228571428572
2020-04-14,Consumer,0.2220395
2020-04-14,Energy,0.07479250000000001
2020-04-14,Financials,0.1578839627039627
2020-04-14,Healthcare,0.1798114285714286
2020-04-14,Industrials,0.2206103888888889
2020-04-14,Materials,0.05009
2020-04-14,RealEstate,0.30794166666666667
2020-04-14,Tech,0.570381619047619
2020-04-14,Utilities,0.18238399999999996
2020-04-15,Comm,0.13729
2020-04-15,Consumer,0.09083093939393941
2020-04-15,Energy,0.09343782051282051
2020-04-15,Financials,0.10646266025641027
2020-04-15,Healthcare,-0.062183095238095246
2020-04-15,Industrials,0.00010999999999999899
2020-04-15,Materials,0.019474047619047613
2020-04-15,RealEstate,0.07126000000000002
2020-04-15,Tech,0.123804
2020-04-15,Utilities,0.043357
2020-04-16,Comm,0.242231
2020-04-16,Consumer,0.11577376811594202
2020-04-16,Energy,-0.01728035064935064
2020-04-16,Financials,0.04272316666666666
2020-04-16,Healthcare,0.2999842355889724
2020-04-16,Industrials,0.12975175757575758
2020-04-16,Materials,0.08621000000000001
2020-04-16,RealEstate,0.14595
2020-04-16,Tech,0.30889855555555557
2020-04-16,Utilities,0.20834000000000003
2020-04-17,Comm,0.07748599999999999
2020-04-17,Consumer,0.21409866666666666
2020-04-17,Energy,-0.09465570370370371
2020-04-17,Financials,0.07220504545454545
2020-04-17,Healthcare,0.2963773824593129
2020-04-17,Industrials,0.11932454545454545
2020-04-17,Materials,0.27202000000000004
2020-04-17,RealEstate,0.32406666666666667
2020-04-17,Tech,0.09648407142857143
2020-04-17,Utilities,0.30659642857142855
2020-04-20,Comm,0.057234999999999994
2020-04-20,Consumer,0.0704515873015873
2020-04-20,Energy,-0.1435638316080055
2020-04-20,Financials,0.18399761904761905
2020-04-20,Healthcare,-0.0469971914893617
2020-04-20,Industrials,0.07066666666666667
2020-04-20,Materials,0.21026666666666666
2020-04-20,RealEstate,0.04218333333333334
2020-04-20,Tech,0.24132791666666664
2020-04-20,Utilities,-0.02623933333333333
2020-04-21,Comm,0.08243333333333333
2020-04-21,Consumer,0.012584288288288292
2020-04-21,Energy,-0.2257781904761905
2020-04-21,Financials,-0.10992333333333333
2020-04-21,Healthcare,-0.017922476190476176
2020-04-21,Industrials,-0.008876999999999996
2020-04-21,Materials,0.11338666666666666
2020-04-21,RealEstate,0.030495
2020-04-21,Tech,-0.33475
2020-04-21,Utilities,-0.07370000000000002
2020-04-22,Comm,0.12742380952380952
2020-04-22,Consumer,0.1009368496732026
2020-04-22,Energy,-0.029024999999999995
2020-04-22,Financials,0.11385200000000002
2020-04-22,Healthcare,0.23577243589743588
2020-04-22,Industrials,0.12066666666666667
2020-04-22,Materials,0.219495
2020-04-22,RealEstate,0.192355
2020-04-22,Tech,0.3060380952380952
2020-04-22,Utilities,0.012886764705882344
2020-04-23,Comm,0.08730722222222223
2020-04-23,Consumer,0.08177963636363636
2020-04-23,Energy,0.18642186363636365
2020-04-23,Financials,0.13952
2020-04-23,Healthcare,0.15419
2020-04-23,Industrials,0.283292
2020-04-23,Materials,0.14747485714285716
2020-04-23,RealEstate,0.2669
2020-04-23,Tech,0.20845380952380954
2020-04-23,Utilities,0.14091
2020-04-24,Comm,0.015129090909090911
2020-04-24,Consumer,-0.003549333333333335
2020-04-24,Energy,0.07427607142857143
2020-04-24,Financials,0.04797166666666665
2020-04-24,Healthcare,0.06546185714285715
2020-04-24,Industrials,0.1543635294117647
2020-04-24,Materials,0.07501333333333333
2020-04-24,RealEstate,0.18323499999999998
2020-04-24,Tech,0.12841129032258064
2020-04-24,Utilities,-0.0029299999999999994
2020-04-27,Comm,0.08147666666666667
2020-04-27,Consumer,0.0866328888888889
2020-04-27,Energy,-0.011834166666666665
2020-04-27,Financials,0.09725249999999999
2020-04-27,Healthcare,-0.013337523809523796
2020-04-27,Industrials,0.11695567676767678
2020-04-27,Materials,0.2466066666666667
2020-04-27,RealEstate,0.05312333333333334
2020-04-27,Tech,0.14598163636363637
2020-04-27,Utilities,0.21103611111111112
2020-04-28,Comm,0.13426050505050505
2020-04-28,Consumer,0.06092956643356643
2020-04-28,Energy,-0.013607222222222225
2020-04-28,Financials,0.24410499999999996
2020-04-28,Healthcare,0.15199275384615385
2020-04-28,Industrials,0.08195640350877194
2020-04-28,Materials,0.053927666666666665
2020-04-28,RealEstate,0.08616499999999999
2020-04-28,Tech,0.11405460317460317
2020-04-28,Utilities,0.22996500000000003
2020-04-29,Comm,0.18466
2020-04-29,Consumer,0.10723711721611721
2020-04-29,Energy,0.18179214285714285
2020-04-29,Financials,0.11755166666666668
2020-04-29,Healthcare,0.03418616091954023
2020-04-29,Industrials,0.09884649735449735
2020-04-29,Materials,0.29078
2020-04-29,RealEstate,0.06166484848484849
2020-04-29,Tech,0.1726877142857143
2020-04-29,Utilities,0.04045000000000001
2020-04-30,Comm,0.09282874999999999
2020-04-30,Consumer,0.004515166666666665
2020-04-30,Energy,0.04404221356421357
2020-04-30,Financials,0.07254076190476191
2020-04-30,Healthcare,0.15098261538461538
2020-04-30,Industrials,-0.04491717948717948
2020-04-30,Materials,0.088055
2020-04-30,RealEstate,0.015673333333333338
2020-04-30,Tech,0.077652
2020-04-30,Utilities,0.08940000000000001
2020-05-01,Comm,-0.03192966666666666
2020-05-01,Consumer,0.18047183333333333
2020-05-01,Energy,-0.12447247619047619
2020-05-01,Financials,-0.06349833333333334
2020-05-01,Healthcare,0.04070619463753724
2020-05-01,Industrials,-0.07810254761904763
2020-05-01,Materials,0.132345
2020-05-01,RealEstate,0.051234999999999996
2020-05-01,Tech,-0.15798900000000002
2020-05-01,Utilities,0.1153775
2020-05-04,Comm,0.07946711111111111
2020-05-04,Consumer,0.15703503296703297
2020-05-04,Energy,-0.006829685314685313
2020-05-04,Financials,0.127824
2020-05-04,Healthcare,0.05139512820512819
2020-05-04,Industrials,0.07113238095238095
2020-05-04,Materials,0.029556666666666665
2020-05-04,RealEstate,0.031110000000000006
2020-05-04,Tech,0.3556464705882353
2020-05-04,Utilities,0.18414
2020-05-05,Comm,0.11926785714285715
2020-05-05,Consumer,0.14162709523809522
2020-05-05,Energy,0.09811813131313131
2020-05-05,Financials,0.02016333333333333
2020-05-05,Healthcare,0.167238431372549
2020-05-05,Industrials,0.2982255555555556
2020-05-05,Materials,0.15791498039215685
2020-05-05,RealEstate,0.09609333333333334
2020-05-05,Tech,0.292155
2020-05-05,Utilities,0.20274763636363638
2020-05-06,Comm,-0.01832600000000002
2020-05-06,Consumer,0.11139290196078433
2020-05-06,Energy,0.15253228571428573
2020-05-06,Financials,0.04762500000000001
2020-05-06,Healthcare,0.16397444444444442
2020-05-06,Industrials,0.150252
2020-05-06,Materials,-0.021528571428571435
2020-05-06,RealEstate,0.050906666666666656
2020-05-06,Tech,0.24205133333333334
2020-05-06,Utilities,0.24555733333333332
2020-05-07,Comm,0.15557800000000002
2020-05-07,Consumer,0.09888166666666667
2020-05-07,Energy,0.1820947619047619
2020-05-07,Financials,-0.09306333333333335
2020-05-07,Healthcare,0.17602833333333331
2020-05-07,Industrials,0.017405
2020-05-07,Materials,0.09727200000000001
2020-05-07,RealEstate,0.26164533333333334
2020-05-07,Tech,0.24068199999999998
2020-05-07,Utilities,0.14364333333333335
2020-05-08,Comm,0.167912
2020-05-08,Consumer,0.06855406493506495
2020-05-08,Energy,0.19152833333333333
2020-05-08,Financials,0.05417266666666665
2020-05-08,Healthcare,-0.024708472222222222
2020-05-08,Industrials,0.030977500000000012
2020-05-08,Materials,0.06367916666666666
2020-05-08,RealEstate,0.21756666666666669
2020-05-08,Tech,0.4422091428571429
2020-05-08,Utilities,0.08287806060606061
2020-05-11,Comm,0.12894285714285716
2020-05-11,Consumer,0.08602495833333333
2020-05-11,Energy,-0.05607011111111111
2020-05-11,Financials,0.161149
2020-05-11,Healthcare,0.029247487922705317
2020-05-11,Industrials,0.2866916666666667
2020-05-11,Materials,0.05690200000000001
2020-05-11,RealEstate,0.11045666666666668
2020-05-11,Tech,0.12826677777777779
2020-05-11,Utilities,0.19041166666666667
2020-05-12,Comm,0.068945
2020-05-12,Consumer,0.10019939999999998
2020-05-12,Energy,0.15184466666666666
2020-05-12,Financials,-0.1478297142857143
2020-05-12,Healthcare,-0.07803590476190475
2020-05-12,Industrials,0.02477818181818182
2020-05-12,Materials,0.05597266666666667
2020-05-12,RealEstate,-0.29967
2020-05-12,Tech,-0.04530033333333333
2020-05-12,Utilities,0.159517
2020-05-13,Comm,0.025479999999999996
2020-05-13,Consumer,0.06879209523809524
2020-05-13,Energy,-0.06230467532467532
2020-05-13,Financials,0.15864920779220779
2020-05-13,Healthcare,0.11921718259518259
2020-05-13,Industrials,-0.014755555555555555
2020-05-13,Materials,0.12836466666666665
2020-05-13,RealEstate,0.21844000000000002
2020-05-13,Tech,0.09257022222222222
2020-05-13,Utilities,0.304695
2020-05-14,Comm,0.1712533333333333
2020-05-14,Consumer,0.129311931372549
2020-05-14,Energy,-0.07579
2020-05-14,Financials,0.09045
2020-05-14,Healthcare,0.12298833333333332
2020-05-14,Industrials,0.04379055555555556
2020-05-14,Materials,0.114235
2020-05-14,RealEstate,0.15836666666666668
2020-05-14,Tech,0.15429166666666666
2020-05-14,Utilities,0.172935
2020-05-15,Comm,0.09845666666666666
2020-05-15,Consumer,0.08250251851851853
2020-05-15,Energy,0.1758016666666667
2020-05-15,Financials,0.19764214285714285
2020-05-15,Healthcare,-0.007057727272727276
2020-05-15,Industrials,-0.03289466666666667
2020-05-15,Materials,0.2266277777777778
2020-05-15,RealEstate,0.0057900000000000035
2020-05-15,Tech,-0.012865142857142842
2020-05-15,Utilities,0.1668552380952381
2020-05-18,Comm,0.14646866666666666
2020-05-18,Consumer,0.20182033333333335
2020-05-18,Energy,0.14312569841269843
2020-05-18,Financials,0.07014379365079365
2020-05-18,Healthcare,0.11098933333333334
2020-05-18,Industrials,0.3855335454545455
2020-05-18,Materials,0.11503000000000001
2020-05-18,RealEstate,0.4961666666666667
2020-05-18,Tech,0.015536666666666667
2020-05-18,Utilities,0.3198533333333333
2020-05-19,Comm,0.12955733333333336
2020-05-19,Consumer,-0.07248620512820514
2020-05-19,Energy,0.1490726666666667
2020-05-19,Financials,0.05999728571428572
2020-05-19,Healthcare,0.2208736666666667
2020-05-19,Industrials,-0.021584999999999986
2020-05-19,Materials,0.08143666666666667
2020-05-19,RealEstate,0.29918
2020-05-19,Tech,0.052261999999999996
2020-05-19,Utilities,0.3152933333333333
2020-05-20,Comm,-0.005675333333333333
2020-05-20,Consumer,-0.02694144957983192
2020-05-20,Energy,-0.022844285714285713
2020-05-20,Financials,0.37486
2020-05-20,Healthcare,0.14987197802197802
2020-05-20,Industrials,0.11932666666666665
2020-05-20,Materials,0.15232
2020-05-20,RealEstate,0.06369
2020-05-20,Tech,0.2370016666666667
2020-05-20,Utilities,0.15344333333333332
2020-05-21,Comm,0.10847199999999999
2020-05-21,Consumer,0.024796969696969696
2020-05-21,Energy,-0.04973999999999999
2020-05-21,Financials,0.08162500000000002
2020-05-21,Healthcare,0.093502
2020-05-21,Industrials,0.07319666666666666
2020-05-21,Materials,0.15098333333333333
2020-05-21,RealEstate,0.06369
2020-05-21,Tech,0.012136111111111115
2020-05-21,Utilities,0.320362
2020-05-22,Comm,-0.05059
2020-05-22,Consumer,0.028552969696969695
2020-05-22,Energy,-0.04422533333333334
2020-05-22,Financials,0.19980333333333336
2020-05-22,Healthcare,0.127765
2020-05-22,Industrials,0.13516999999999998
2020-05-22,Materials,0.09679
2020-05-22,RealEstate,0.11059250000000001
2020-05-22,Tech,-0.17001400000000003
2020-05-22,Utilities,0.26755
2020-05-26,Comm,0.13780466666666666
2020-05-26,Consumer,0.20328895238095238
2020-05-26,Energy,0.10177142857142858
2020-05-26,Financials,0.1617402380952381
2020-05-26,Healthcare,0.03672219047619048
2020-05-26,Industrials,0.3014
2020-05-26,Materials,0.17339833333333332
2020-05-26,RealEstate,0.08645416666666665
2020-05-26,Tech,0.06429245238095238
2020-05-26,Utilities,0.31604
2020-05-27,Comm,0.15016333333333334
2020-05-27,Consumer,0.15308409090909092
2020-05-27,Energy,-0.024703999999999997
2020-05-27,Financials,0.2774827142857143
2020-05-27,Healthcare,-0.018775111111111104
2020-05-27,Industrials,0.35518857142857146
2020-05-27,Materials,0.05464
2020-05-27,RealEstate,0.07976749999999999
2020-05-27,Tech,0.15682333333333334
2020-05-27,Utilities,0.20811000000000002
2020-05-28,Comm,0.09534436363636364
2020-05-28,Consumer,0.08792483333333333
2020-05-28,Energy,0.14303
2020-05-28,Financials,0.0135845
2020-05-28,Healthcare,-0.06203166666666667
2020-05-28,Industrials,0.13117661904761907
2020-05-28,Materials,0.127
2020-05-28,RealEstate,0.1872475
2020-05-28,Tech,0.10204952380952381
2020-05-28,Utilities,0.14816000000000001
2020-05-29,Comm,0.10081000000000002
2020-05-29,Consumer,0.08072742857142859
2020-05-29,Energy,0.13018000000000002
2020-05-29,Financials,0.041302000000000005
2020-05-29,Healthcare,0.15832388888888888
2020-05-29,Industrials,0.18922933333333333
2020-05-29,Materials,0.11579999999999999
2020-05-29,RealEstate,0.05134000000000001
2020-05-29,Tech,0.135827
2020-05-29,Utilities,0.17097333333333334
2020-06-01,Comm,0.15972342857142857
2020-06-01,Consumer,0.08122420414673046
2020-06-01,Energy,-0.016152575757575754
2020-06-01,Financials,0.06342099999999999
2020-06-01,Healthcare,0.18343555555555555
2020-06-01,Industrials,0.11371499999999998
2020-06-01,Materials,0.05464
2020-06-01,RealEstate,-0.08438000000000001
2020-06-01,Tech,0.14087666666666665
2020-06-01,Utilities,0.05445333333333333
2020-06-02,Comm,0.17357666666666666
2020-06-02,Consumer,-0.11654666666666666
2020-06-02,Energy,0.07529142857142856
2020-06-02,Financials,0.0899891111111111
2020-06-02,Healthcare,0.021175151515151515
2020-06-02,Industrials,0.36593166666666666
2020-06-02,Materials,0.219765
2020-06-02,RealEstate,-0.018140000000000007
2020-06-02,Tech,0.21934666666666666
2020-06-02,Utilities,0.131285
2020-06-03,Comm,-0.07269666666666666
2020-06-03,Consumer,0.1979542857142857
2020-06-03,Energy,0.48536999999999997
2020-06-03,Financials,0.21618428571428572
2020-06-03,Healthcare,0.25402650793650794
2020-06-03,Industrials,0.33503710144927534
2020-06-03,Materials,0.12638
2020-06-03,RealEstate,0.0872
2020-06-03,Tech,0.272044
2020-06-03,Utilities,0.07664499999999999
2020-06-04,Comm,0.160185
2020-06-04,Consumer,0.2916166666666667
2020-06-04,Energy,0.07703600000000001
2020-06-04,Financials,0.17758833333333332
2020-06-04,Healthcare,0.10282650793650794
2020-06-04,Industrials,0.22812619047619048
2020-06-04,Materials,-0.0256
2020-06-04,RealEstate,0.059199999999999996
2020-06-04,Tech,0.13592500000000002
2020-06-04,Utilities,-0.036432
2020-06-05,Comm,0.16920933333333332
2020-06-05,Consumer,0.32255866666666666
2020-06-05,Energy,0.25553666666666663
2020-06-05,Financials,0.37302366666666664
2020-06-05,Healthcare,0.12289722222222221
2020-06-05,Industrials,0.35077
2020-06-05,Materials,0.15984500000000001
2020-06-05,RealEstate,0.0
2020-06-05,Tech,0.19892555555555555
2020-06-05,Utilities,-0.014644999999999997
2020-06-08,Comm,-0.1130925
2020-06-08,Consumer,0.16258666666666666
2020-06-08,Energy,0.12971057142857145
2020-06-08,Financials,0.2058357142857143
2020-06-08,Healthcare,0.055461315789473685
2020-06-08,Industrials,0.07758941176470587
2020-06-08,Materials,0.018120000000000004
2020-06-08,RealEstate,0.10444
2020-06-08,Tech,0.09585333333333333
2020-06-08,Utilities,0.301595
2020-06-09,Comm,-0.11814999999999998
2020-06-09,Consumer,0.06025104761904763
2020-06-09,Energy,0.4114893333333334
2020-06-09,Financials,0.10131190476190477
2020-06-09,Healthcare,0.02794083333333333
2020-06-09,Industrials,0.20820800000000003
2020-06-09,Materials,0.08648000000000002
2020-06-09,RealEstate,0.13014
2020-06-09,Tech,0.29664238095238094
2020-06-09,Utilities,0.27276500000000004
2020-06-10,Comm,0.009570000000000013
2020-06-10,Consumer,-0.022498963636363632
2020-06-10,Energy,-0.15578888888888887
2020-06-10,Financials,0.1500709523809524
2020-06-10,Healthcare,0.10565777777777778
2020-06-10,Industrials,0.15185333333333334
2020-06-10,Materials,0.08648000000000002
2020-06-10,RealEstate,0.135055
2020-06-10,Tech,0.007861666666666666
2020-06-10,Utilities,0.23986000000000002
2020-06-11,Comm,0.006903809523809526
2020-06-11,Consumer,0.04995316017316017
2020-06-11,Energy,-0.098045
2020-06-11,Financials,0.07997088888888888
2020-06-11,Healthcare,0.21064
2020-06-11,Industrials,0.10845095238095237
2020-06-11,Materials,0.07664
2020-06-11,RealEstate,0.15267
2020-06-11,Tech,0.21909166666666668
2020-06-11,Utilities,0.20902000000000004
2020-06-12,Comm,0.05869333333333333
2020-06-12,Consumer,0.07265361904761905
2020-06-12,Energy,0.027370000000000016
2020-06-12,Financials,0.06477200000000001
2020-06-12,Healthcare,0.12720800000000002
2020-06-12,Industrials,-0.025042
2020-06-12,Materials,0.11499000000000001
2020-06-12,RealEstate,0.14823
2020-06-12,Tech,0.13409666666666667
2020-06-12,Utilities,0.20002
2020-06-15,Comm,0.023173333333333324
2020-06-15,Consumer,0.00854649350649351
2020-06-15,Energy,-0.12991688888888886
2020-06-15,Financials,0.031587
2020-06-15,Healthcare,0.17032571428571427
2020-06-15,Industrials,0.005926571428571425
2020-06-15,Materials,0.16963
2020-06-15,RealEstate,0.18841999999999998
2020-06-15,Tech,0.19600666666666666
2020-06-15,Utilities,0.3343
2020-06-16,Comm,0.09305
2020-06-16,Consumer,0.19475
2020-06-16,Energy,0.1422275
2020-06-16,Financials,0.04038533333333334
2020-06-16,Healthcare,0.05510666666666665
2020-06-16,Industrials,0.131533
2020-06-16,Materials,0.11499000000000001
2020-06-16,RealEstate,0.19426000000000002
2020-06-16,Tech,0.19455
2020-06-16,Utilities,0.33887
2020-06-17,Comm,0.12827833333333333
2020-06-17,Consumer,0.17689083333333333
2020-06-17,Energy,0.026904
2020-06-17,Financials,-0.025888
2020-06-17,Healthcare,-0.15136
2020-06-17,Industrials,0.04976666666666667
2020-06-17,Materials,0.045179999999999984
2020-06-17,RealEstate,0.07899999999999999
2020-06-17,Tech,0.09115
2020-06-17,Utilities,0.05574
2020-06-18,Comm,0.001315666666666665
2020-06-18,Consumer,0.06908252380952382
2020-06-18,Energy,0.04320266666666666
2020-06-18,Financials,-0.09981999999999999
2020-06-18,Healthcare,0.20376333333333335
2020-06-18,Industrials,0.012585666666666667
2020-06-18,Materials,0.0
2020-06-18,RealEstate,0.22799
2020-06-18,Tech,0.16786
2020-06-18,Utilities,0.08632
2020-06-19,Comm,0.11635999999999999
2020-06-19,Consumer,0.00780155555555555
2020-06-19,Energy,0.2169090476190476
2020-06-19,Financials,-0.14238
2020-06-19,Healthcare,0.21704333333333334
2020-06-19,Industrials,0.11308
2020-06-19,Materials,-0.04526
2020-06-19,RealEstate,0.20776
2020-06-19,Tech,-0.008600000000000007
2020-06-19,Utilities,0.12854000000000002
2020-06-22,Comm,0.14001666666666665
2020-06-22,Consumer,0.04642333333333333
2020-06-22,Energy,0.2095390476190476
2020-06-22,Financials,-0.1109
2020-06-22,Healthcare,0.2720066666666666
2020-06-22,Industrials,0.10251333333333332
2020-06-22,Materials,-0.003320000000000001
2020-06-22,RealEstate,0.20776
2020-06-22,Tech,0.17910114285714288
2020-06-22,Utilities,-0.06698333333333333
2020-06-23,Comm,0.09857833333333332
2020-06-23,Consumer,0.17650266666666667
2020-06-23,Energy,0.19058999999999998
2020-06-23,Financials,0.03487
2020-06-23,Healthcare,0.1305725
2020-06-23,Industrials,0.17159799999999997
2020-06-23,Materials,0.04588
2020-06-23,RealEstate,0.20776
2020-06-23,Tech,0.059653333333333336
2020-06-23,Utilities,0.05464
2020-06-24,Comm,0.10274121212121212
2020-06-24,Consumer,0.015461000000000003
2020-06-24,Energy,-0.1898207142857143
2020-06-24,Financials,0.058322000000000006
2020-06-24,Healthcare,0.14314666666666667
2020-06-24,Industrials,-0.034453333333333336
2020-06-24,Materials,0.04588
2020-06-24,RealEstate,0.05514
2020-06-24,Tech,-0.12457666666666664
2020-06-24,Utilities,0.0341
2020-06-25,Comm,0.08696533333333334
2020-06-25,Consumer,0.0876294
2020-06-25,Energy,0.11410380952380952
2020-06-25,Financials,-0.01028685714285715
2020-06-25,Healthcare,0.0956825
2020-06-25,Industrials,-0.07009470588235295
2020-06-25,Materials,0.12625999999999998
2020-06-25,RealEstate,0.05514
2020-06-25,Tech,-0.29334
2020-06-25,Utilities,0.05464
2020-06-26,Comm,0.24067333333333335
2020-06-26,Consumer,0.1670535294117647
2020-06-26,Energy,0.07093333333333333
2020-06-26,Financials,0.010400476190476193
2020-06-26,Healthcare,-0.007250999999999999
2020-06-26,Industrials,-0.14709111111111112
2020-06-26,Materials,0.14838
2020-06-26,RealEstate,-0.06842000000000001
2020-06-26,Tech,-0.20956000000000002
2020-06-26,Utilities,0.068
2020-06-29,Comm,0.020961025641025643
2020-06-29,Consumer,0.04655276923076923
2020-06-29,Energy,-0.019459999999999984
2020-06-29,Financials,0.13596133333333332
2020-06-29,Healthcare,0.167875
2020-06-29,Industrials,-0.06634357142857142
2020-06-29,Materials,0.04526
2020-06-29,RealEstate,-0.07224
2020-06-29,Tech,0.060903333333333344
2020-06-29,Utilities,0.068
2020-06-30,Comm,0.11430761904761906
2020-06-30,Consumer,0.057023333333333336
2020-06-30,Energy,0.07800466666666668
2020-06-30,Financials,0.03491928571428572
2020-06-30,Healthcare,0.08506000000000002
2020-06-30,Industrials,-0.113116
2020-06-30,Materials,0.04046
2020-06-30,RealEstate,0.14436
2020-06-30,Tech,0.143846
2020-06-30,Utilities,0.034
2020-07-01,Comm,-0.005466666666666664
2020-07-01,Consumer,-0.1007424025974026
2020-07-01,Energy,0.10210333333333332
2020-07-01,Financials,-0.14882499999999999
2020-07-01,Healthcare,0.1957788888888889
2020-07-01,Industrials,0.07701666666666666
2020-07-01,Materials,0.04046
2020-07-01,RealEstate,0.14436
2020-07-01,Tech,0.07222999999999999
2020-07-01,Utilities,0.14079999999999998
2020-07-02,Comm,0.013078333333333334
2020-07-02,Consumer,0.16190600000000002
2020-07-02,Energy,0.17867757575757576
2020-07-02,Financials,0.07885
2020-07-02,Healthcare,0.15533055555555558
2020-07-02,Industrials,-0.1247175
2020-07-02,Materials,0.04046
2020-07-02,RealEstate,-0.0256
2020-07-02,Tech,0.20164999999999997
2020-07-02,Utilities,0.34319
2020-07-06,Comm,0.04434400000000001
2020-07-06,Consumer,0.0012227619047619042
2020-07-06,Energy,0.12836380952380952
2020-07-06,Financials,0.040134
2020-07-06,Healthcare,0.09275857142857143
2020-07-06,Industrials,0.008782727272727272
2020-07-06,Materials,-0.005310000000000004
2020-07-06,RealEstate,-0.06364
2020-07-06,Tech,0.05821532467532468
2020-07-06,Utilities,0.1439150724637681
2020-07-07,Comm,0.08076000000000001
2020-07-07,Consumer,0.09484545454545454
2020-07-07,Energy,0.022263571428571417
2020-07-07,Financials,0.012999999999999989
2020-07-07,Healthcare,0.11636333333333333
2020-07-07,Industrials,0.013162857142857143
2020-07-07,Materials,-0.005310000000000004
2020-07-07,RealEstate,0.03313000000000001
2020-07-07,Tech,0.20445714285714284
2020-07-07,Utilities,0.005579999999999996
2020-07-08,Comm,-0.072725
2020-07-08,Consumer,0.18475666666666668
2020-07-08,Energy,0.12094857142857143
2020-07-08,Financials,0.20814000000000005
2020-07-08,Healthcare,0.1696019047619048
2020-07-08,Industrials,0.134395
2020-07-08,Materials,0.17263
2020-07-08,RealEstate,-0.02311000000000001
2020-07-08,Tech,0.08254114285714285
2020-07-08,Utilities,-0.05780166666666666
2020-07-09,Comm,0.034595
2020-07-09,Consumer,0.08616750000000001
2020-07-09,Energy,0.14581000000000002
2020-07-09,Financials,0.14452166666666666
2020-07-09,Healthcare,0.08916333333333334
2020-07-09,Industrials,0.07370833333333336
2020-07-09,Materials,0.05825
2020-07-09,RealEstate,-0.11988000000000001
2020-07-09,Tech,0.10877428571428571
2020-07-09,Utilities,0.10533999999999999
2020-07-10,Comm,-0.011450000000000005
2020-07-10,Consumer,0.007357142857142847
2020-07-10,Energy,0.17794666666666667
2020-07-10,Financials,0.04296
2020-07-10,Healthcare,0.22027181818181818
2020-07-10,Industrials,-0.04353714285714285
2020-07-10,Materials,0.0
2020-07-10,RealEstate,-0.10444
2020-07-10,Tech,0.0
2020-07-10,Utilities,0.14728
2020-07-13,Comm,0.021599999999999998
2020-07-13,Consumer,0.16700771428571426
2020-07-13,Energy,0.28731333333333336
2020-07-13,Financials,0.03127666666666666
2020-07-13,Healthcare,0.05238
2020-07-13,Industrials,0.29148666666666667
2020-07-13,Materials,0.0
2020-07-13,RealEstate,-0.10444
2020-07-13,Tech,0.26386000000000004
2020-07-13,Utilities,0.0162
2020-07-14,Comm,0.03231714285714286
2020-07-14,Consumer,0.08158119047619047
2020-07-14,Energy,0.26394
2020-07-14,Financials,0.009121722222222219
2020-07-14,Healthcare,0.22698999999999997
2020-07-14,Industrials,0.09359300000000001
2020-07-14,Materials,0.0
2020-07-14,RealEstate,0.01544
2020-07-14,Tech,0.086656
2020-07-14,Utilities,0.09741999999999999
2020-07-15,Comm,0.05775333333333332
2020-07-15,Consumer,0.12762828571428572
2020-07-15,Energy,-0.049015
2020-07-15,Financials,0.29622365217391305
2020-07-15,Healthcare,0.20084999999999997
2020-07-15,Industrials,0.16625
2020-07-15,Materials,0.0
2020-07-15,RealEstate,0.00857
2020-07-15,Tech,0.06254
2020-07-15,Utilities,0.3174
2020-07-16,Comm,0.13065333333333334
2020-07-16,Consumer,0.17396198412698413
2020-07-16,Energy,0.18037
2020-07-16,Financials,0.1212908484848485
2020-07-16,Healthcare,0.140734
2020-07-16,Industrials,0.03852
2020-07-16,Materials,0.01032
2020-07-16,RealEstate,0.00857
2020-07-16,Tech,-0.0067773333333333245
2020-07-16,Utilities,0.11438
2020-07-17,Comm,0.036019999999999996
2020-07-17,Consumer,0.09583222222222224
2020-07-17,Energy,0.018699999999999998
2020-07-17,Financials,-0.01978438095238095
2020-07-17,Healthcare,-0.12045333333333334
2020-07-17,Industrials,0.047925
2020-07-17,Materials,0.01032
2020-07-17,RealEstate,0.00857
2020-07-17,Tech,-0.034548
2020-07-17,Utilities,0.30619999999999997
2020-07-20,Comm,0.13273
2020-07-20,Consumer,0.106904329004329
2020-07-20,Energy,0.08381055555555557
2020-07-20,Financials,0.07658799999999999
2020-07-20,Healthcare,0.07155500000000001
2020-07-20,Industrials,0.17091818181818183
2020-07-20,Materials,0.01032
2020-07-20,RealEstate,0.00857
2020-07-20,Tech,0.10221384615384617
2020-07-20,Utilities,0.12223999999999999
2020-07-21,Comm,0.17599666666666666
2020-07-21,Consumer,0.21607577639751555
2020-07-21,Energy,0.24793843711843713
2020-07-21,Financials,0.1515055238095238
2020-07-21,Healthcare,0.19736
2020-07-21,Industrials,0.17962285714285717
2020-07-21,Materials,0.01032
2020-07-21,RealEstate,0.026185999999999997
2020-07-21,Tech,0.19012800000000002
2020-07-21,Utilities,0.14819
2020-07-22,Comm,0.15954
2020-07-22,Consumer,0.091004
2020-07-22,Energy,0.158025
2020-07-22,Financials,0.05301433333333333
2020-07-22,Healthcare,0.39098
2020-07-22,Industrials,0.0027833333333333286
2020-07-22,Materials,0.06495999999999999
2020-07-22,RealEstate,0.056055999999999995
2020-07-22,Tech,0.13414333333333334
2020-07-22,Utilities,0.14819
2020-07-23,Comm,-0.11882999999999999
2020-07-23,Consumer,0.048864294871794875
2020-07-23,Energy,0.01755
2020-07-23,Financials,0.010518333333333334
2020-07-23,Healthcare,-0.06659999999999998
2020-07-23,Industrials,0.2657075
2020-07-23,Materials,0.0074540000000000075
2020-07-23,RealEstate,0.076816
2020-07-23,Tech,0.19647777777777778
2020-07-23,Utilities,0.14972
2020-07-24,Comm,-0.09532749999999998
2020-07-24,Consumer,-0.008540833333333333
2020-07-24,Energy,0.16979923076923079
2020-07-24,Financials,-0.010969999999999997
2020-07-24,Healthcare,0.164015
2020-07-24,Industrials,0.26293
2020-07-24,Materials,0.10402
2020-07-24,RealEstate,0.059199999999999996
2020-07-24,Tech,0.20967714285714284
2020-07-24,Utilities,0.15888
2020-07-27,Comm,-0.04253999999999999
2020-07-27,Consumer,0.09007888888888889
2020-07-27,Energy,0.026238
2020-07-27,Financials,0.13596166666666668
2020-07-27,Healthcare,-0.0036657142857142847
2020-07-27,Industrials,0.22545333333333334
2020-07-27,Materials,0.019756000000000003
2020-07-27,RealEstate,0.1637
2020-07-27,Tech,0.13139666666666666
2020-07-27,Utilities,-0.010634999999999995
2020-07-28,Comm,-0.045329999999999995
2020-07-28,Consumer,0.09230752380952381
2020-07-28,Energy,0.07622999999999999
2020-07-28,Financials,0.04396
2020-07-28,Healthcare,0.0381
2020-07-28,Industrials,0.14129836842105264
2020-07-28,Materials,0.11329499999999999
2020-07-28,RealEstate,0.1637
2020-07-28,Tech,0.05361214285714285
2020-07-28,Utilities,0.07555500000000001
2020-07-29,Comm,-0.094745
2020-07-29,Consumer,0.04226472222222223
2020-07-29,Energy,0.24017
2020-07-29,Financials,0.06744380952380953
2020-07-29,Healthcare,0.138288
2020-07-29,Industrials,0.1501652564102564
2020-07-29,Materials,0.046134999999999995
2020-07-29,RealEstate,0.10452999999999998
2020-07-29,Tech,0.18626552371541502
2020-07-29,Utilities,0.16524
2020-07-30,Comm,0.06398833333333334
2020-07-30,Consumer,0.10741133333333334
2020-07-30,Energy,0.058042666666666666
2020-07-30,Financials,0.164128
2020-07-30,Healthcare,0.0971075
2020-07-30,Industrials,0.0753268376068376
2020-07-30,Materials,0.0039000000000000033
2020-07-30,RealEstate,-0.09534000000000001
2020-07-30,Tech,0.03265888888888889
2020-07-30,Utilities,0.15929
2020-07-31,Comm,0.09729
2020-07-31,Consumer,0.029280285714285714
2020-07-31,Energy,-0.0036864761904761866
2020-07-31,Financials,0.06129
2020-07-31,Healthcare,0.1525548717948718
2020-07-31,Industrials,-0.010027999999999999
2020-07-31,Materials,0.031220000000000005
2020-07-31,RealEstate,0.02183999999999999
2020-07-31,Tech,0.09967333333333332
2020-07-31,Utilities,0.17617
2020-08-03,Comm,0.24238400000000002
2020-08-03,Consumer,0.050337607843137254
2020-08-03,Energy,0.10191750000000002
2020-08-03,Financials,0.05421
2020-08-03,Healthcare,0.05058619047619047
2020-08-03,Industrials,-0.11562018181818183
2020-08-03,Materials,0.30703
2020-08-03,RealEstate,-0.01032
2020-08-03,Tech,0.11536866666666667
2020-08-03,Utilities,0.24440666666666666
2020-08-04,Comm,0.08877538461538462
2020-08-04,Consumer,0.20537616161616162
2020-08-04,Energy,0.116955
2020-08-04,Financials,0.028711666666666656
2020-08-04,Healthcare,0.017150000000000002
2020-08-04,Industrials,-0.084692
2020-08-04,Materials,0.20648
2020-08-04,RealEstate,-0.07026
2020-08-04,Tech,0.10375169696969697
2020-08-04,Utilities,0.23578000000000002
2020-08-05,Comm,0.18969
2020-08-05,Consumer,0.020249411764705884
2020-08-05,Energy,0.21675499999999998
2020-08-05,Financials,0.070348
2020-08-05,Healthcare,-0.058089999999999996
2020-08-05,Industrials,0.12022249999999998
2020-08-05,Materials,0.048929999999999994
2020-08-05,RealEstate,0.01928
2020-08-05,Tech,0.06801928571428573
2020-08-05,Utilities,0.025939999999999998
2020-08-06,Comm,0.13417809523809524
2020-08-06,Consumer,0.060406
2020-08-06,Energy,0.19407833333333332
2020-08-06,Financials,0.002500000000000005
2020-08-06,Healthcare,0.222255
2020-08-06,Industrials,0.18303999999999998
2020-08-06,Materials,0.19749
2020-08-06,RealEstate,0.0
2020-08-06,Tech,0.022594999999999997
2020-08-06,Utilities,0.07365
2020-08-07,Comm,0.1154451282051282
2020-08-07,Consumer,0.11740533333333332
2020-08-07,Energy,0.029141333333333335
2020-08-07,Financials,-0.061325000000000005
2020-08-07,Healthcare,0.2503357142857143
2020-08-07,Industrials,0.059156666666666656
2020-08-07,Materials,0.19749
2020-08-07,RealEstate,0.27158
2020-08-07,Tech,0.13545000000000001
2020-08-07,Utilities,0.02717
2020-08-10,Comm,0.23690333333333333
2020-08-10,Consumer,0.09989385281385281
2020-08-10,Energy,0.19686977777777778
2020-08-10,Financials,0.26968333333333333
2020-08-10,Healthcare,0.16553333333333334
2020-08-10,Industrials,-0.04358
2020-08-10,Materials,0.21772666666666668
2020-08-10,RealEstate,0.24198
2020-08-10,Tech,0.09708
2020-08-10,Utilities,0.01937666666666667
2020-08-11,Comm,0.22663000000000003
2020-08-11,Consumer,0.08539826190476191
2020-08-11,Energy,0.17973357142857144
2020-08-11,Financials,0.17205
2020-08-11,Healthcare,0.10846
2020-08-11,Industrials,0.013562222222222229
2020-08-11,Materials,0.09034666666666666
2020-08-11,RealEstate,0.22024
2020-08-11,Tech,0.18465099999999998
2020-08-11,Utilities,0.17334
2020-08-12,Comm,0.13660333333333333
2020-08-12,Consumer,0.04102516666666667
2020-08-12,Energy,0.16271333333333332
2020-08-12,Financials,0.09184111111111112
2020-08-12,Healthcare,0.04046
2020-08-12,Industrials,0.012624999999999997
2020-08-12,Materials,0.09034666666666666
2020-08-12,RealEstate,0.13986
2020-08-12,Tech,-0.05931095238095239
2020-08-12,Utilities,0.02732
2020-08-13,Comm,0.11237333333333335
2020-08-13,Consumer,0.053421666666666645
2020-08-13,Energy,0.1587633333333333
2020-08-13,Financials,-0.09380333333333332
2020-08-13,Healthcare,-0.13394
2020-08-13,Industrials,-0.10216
2020-08-13,Materials,0.09034666666666666
2020-08-13,RealEstate,0.13986
2020-08-13,Tech,0.04298857142857142
2020-08-13,Utilities,0.02732
2020-08-14,Comm,-0.06364
2020-08-14,Consumer,0.11046749999999998
2020-08-14,Energy,0.177065
2020-08-14,Financials,0.02203333333333332
2020-08-14,Healthcare,0.04046
2020-08-14,Industrials,0.008364999999999989
2020-08-14,Materials,0.04046
2020-08-14,RealEstate,0.07636
2020-08-14,Tech,0.2233566666666667
2020-08-14,Utilities,0.25476
2020-08-17,Comm,0.12658666666666668
2020-08-17,Consumer,0.18120333333333336
2020-08-17,Energy,-0.061919999999999996
2020-08-17,Financials,0.12029333333333334
2020-08-17,Healthcare,0.28033
2020-08-17,Industrials,0.020839999999999997
2020-08-17,Materials,0.22696
2020-08-17,RealEstate,0.12738
2020-08-17,Tech,-0.0008940000000000059
2020-08-17,Utilities,0.31689
2020-08-18,Comm,0.12132666666666667
2020-08-18,Consumer,0.08419410714285715
2020-08-18,Energy,0.01127333333333333
2020-08-18,Financials,0.12776166666666666
2020-08-18,Healthcare,0.03578
2020-08-18,Industrials,0.1805
2020-08-18,Materials,0.15453999999999998
2020-08-18,RealEstate,0.23925999999999997
2020-08-18,Tech,0.03285666666666667
2020-08-18,Utilities,0.40841000000000005
2020-08-19,Comm,0.12132666666666667
2020-08-19,Consumer,0.15142939393939395
2020-08-19,Energy,0.053013333333333336
2020-08-19,Financials,0.089782
2020-08-19,Healthcare,0.17457166666666665
2020-08-19,Industrials,0.08305599999999999
2020-08-19,Materials,0.15453999999999998
2020-08-19,RealEstate,0.0
2020-08-19,Tech,0.012120000000000006
2020-08-19,Utilities,0.40841000000000005
2020-08-20,Comm,0.0932
2020-08-20,Consumer,0.072577
2020-08-20,Energy,0.047895999999999994
2020-08-20,Financials,0.1723692857142857
2020-08-20,Healthcare,0.044259999999999994
2020-08-20,Industrials,0.07526
2020-08-20,Materials,0.15453999999999998
2020-08-20,RealEstate,0.0
2020-08-20,Tech,-0.06445444444444445
2020-08-20,Utilities,0.18508
2020-08-21,Comm,0.12368666666666668
2020-08-21,Consumer,0.23626966666666668
2020-08-21,Energy,0.045533333333333335
2020-08-21,Financials,0.21390333333333333
2020-08-21,Healthcare,0.04069
2020-08-21,Industrials,-0.03522
2020-08-21,Materials,0.12894
2020-08-21,RealEstate,0.03374666666666666
2020-08-21,Tech,0.05089866666666667
2020-08-21,Utilities,0.24791
2020-08-24,Comm,0.011139999999999994
2020-08-24,Consumer,0.07899285714285714
2020-08-24,Energy,0.07997555555555556
2020-08-24,Financials,0.36158666666666667
2020-08-24,Healthcare,0.18137
2020-08-24,Industrials,0.24386499999999994
2020-08-24,Materials,0.1102
2020-08-24,RealEstate,-0.02054
2020-08-24,Tech,0.09717166666666666
2020-08-24,Utilities,0.04411999999999998
2020-08-25,Comm,0.007576666666666665
2020-08-25,Consumer,0.040056666666666664
2020-08-25,Energy,0.07238
2020-08-25,Financials,0.30066000000000004
2020-08-25,Healthcare,0.20036777777777778
2020-08-25,Industrials,0.1547
2020-08-25,Materials,0.004880000000000001
2020-08-25,RealEstate,0.05
2020-08-25,Tech,0.041188999999999996
2020-08-25,Utilities,0.011889999999999989
2020-08-26,Comm,0.098772
2020-08-26,Consumer,0.13396190476190478
2020-08-26,Energy,0.11475142857142857
2020-08-26,Financials,0.18224
2020-08-26,Healthcare,0.117564
2020-08-26,Industrials,-0.105765
2020-08-26,Materials,0.09966
2020-08-26,RealEstate,0.09176
2020-08-26,Tech,0.09202666666666666
2020-08-26,Utilities,0.272808
2020-08-27,Comm,0.11682
2020-08-27,Consumer,-0.02580105263157894
2020-08-27,Energy,0.02362514285714285
2020-08-27,Financials,0.07358
2020-08-27,Healthcare,0.11295866666666665
2020-08-27,Industrials,0.07160333333333332
2020-08-27,Materials,0.04046
2020-08-27,RealEstate,0.19455
2020-08-27,Tech,0.07884166666666667
2020-08-27,Utilities,0.134318
2020-08-28,Comm,0.16213166666666667
2020-08-28,Consumer,0.027411794871794876
2020-08-28,Energy,0.08272499999999999
2020-08-28,Financials,-0.11062500000000001
2020-08-28,Healthcare,-0.014042666666666665
2020-08-28,Industrials,0.09235
2020-08-28,Materials,-0.015086666666666668
2020-08-28,RealEstate,0.11839999999999999
2020-08-28,Tech,0.2096283333333333
2020-08-28,Utilities,0.134318
2020-08-31,Comm,0.15215166666666666
2020-08-31,Consumer,0.03242941176470589
2020-08-31,Energy,-0.007902857142857139
2020-08-31,Financials,0.08676999999999999
2020-08-31,Healthcare,0.1798311111111111
2020-08-31,Industrials,0.319384
2020-08-31,Materials,0.0
2020-08-31,RealEstate,0.30096
2020-08-31,Tech,0.09978190476190477
2020-08-31,Utilities,0.03904333333333333
2020-09-01,Comm,0.136055
2020-09-01,Consumer,0.07172476190476192
2020-09-01,Energy,0.036559999999999995
2020-09-01,Financials,0.13754666666666665
2020-09-01,Healthcare,0.1095352380952381
2020-09-01,Industrials,0.19709000000000002
2020-09-01,Materials,0.0
2020-09-01,RealEstate,0.08409
2020-09-01,Tech,0.015585000000000005
2020-09-01,Utilities,0.00258
2020-09-02,Comm,0.2752833333333333
2020-09-02,Consumer,0.2
2020-09-02,Energy,0.0024499999999999925
2020-09-02,Financials,0.18320133333333333
2020-09-02,Healthcare,-0.164755
2020-09-02,Industrials,0.2462133333333333
2020-09-02,Materials,0.0
2020-09-02,RealEstate,0.12168000000000001
2020-09-02,Tech,0.12892738095238093
2020-09-02,Utilities,0.35608
2020-09-03,Comm,0.15649857142857143
2020-09-03,Consumer,0.20869285714285715
2020-09-03,Energy,0.09323600000000001
2020-09-03,Financials,0.13491666666666666
2020-09-03,Healthcare,0.027005
2020-09-03,Industrials,0.08002333333333334
2020-09-03,Materials,-0.0317
2020-09-03,RealEstate,0.12168000000000001
2020-09-03,Tech,0.09183071428571428
2020-09-03,Utilities,0.38211
2020-09-04,Comm,0.10863666666666667
2020-09-04,Consumer,0.052898
2020-09-04,Energy,0.015275
2020-09-04,Financials,-0.06926
2020-09-04,Healthcare,0.02828142857142858
2020-09-04,Industrials,0.030233333333333327
2020-09-04,Materials,0.029599999999999998
2020-09-04,RealEstate,0.09341333333333332
2020-09-04,Tech,0.22383000000000003
2020-09-04,Utilities,0.28064999999999996
2020-09-08,Comm,0.13778800000000002
2020-09-08,Consumer,0.10680690909090909
2020-09-08,Energy,-0.1019097142857143
2020-09-08,Financials,0.09639499999999998
2020-09-08,Healthcare,0.047805
2020-09-08,Industrials,-0.039342
2020-09-08,Materials,0.05
2020-09-08,RealEstate,0.12136333333333334
2020-09-08,Tech,0.122785
2020-09-08,Utilities,-0.16006857142857142
2020-09-09,Comm,0.18718
2020-09-09,Consumer,0.12460545454545455
2020-09-09,Energy,-0.12430400000000001
2020-09-09,Financials,-0.10632
2020-09-09,Healthcare,0.133745
2020-09-09,Industrials,0.07667333333333333
2020-09-09,Materials,0.05
2020-09-09,RealEstate,-0.003616666666666668
2020-09-09,Tech,0.077465
2020-09-09,Utilities,-0.06996
2020-09-10,Comm,0.15996000000000002
2020-09-10,Consumer,0.1711475
2020-09-10,Energy,-0.03436
2020-09-10,Financials,0.0035333333333333328
2020-09-10,Healthcare,0.245695
2020-09-10,Industrials,0.055479999999999995
2020-09-10,Materials,0.11581999999999999
2020-09-10,RealEstate,-0.003616666666666668
2020-09-10,Tech,0.09523333333333334
2020-09-10,Utilities,0.03932
2020-09-11,Comm,0.06782
2020-09-11,Consumer,0.14713166666666666
2020-09-11,Energy,0.14622000000000002
2020-09-11,Financials,-0.05328000000000001
2020-09-11,Healthcare,-0.05620666666666667
2020-09-11,Industrials,0.090952
2020-09-11,Materials,0.0066200000000000035
2020-09-11,RealEstate,-0.05656999999999999
2020-09-11,Tech,0.11845666666666665
2020-09-11,Utilities,0.03932
2020-09-14,Comm,0.01885166666666667
2020-09-14,Consumer,0.06580914285714287
2020-09-14,Energy,0.08470642857142857
2020-09-14,Financials,-0.015710000000000002
2020-09-14,Healthcare,0.12028834782608695
2020-09-14,Industrials,0.06732
2020-09-14,Materials,0.021075
2020-09-14,RealEstate,0.13210000000000002
2020-09-14,Tech,0.061204999999999996
2020-09-14,Utilities,-0.008745000000000003
2020-09-15,Comm,0.028493333333333332
2020-09-15,Consumer,0.1365338095238095
2020-09-15,Energy,0.006593333333333321
2020-09-15,Financials,0.13044333333333333
2020-09-15,Healthcare,0.16348666666666667
2020-09-15,Industrials,0.12875333333333333
2020-09-15,Materials,0.021075
2020-09-15,RealEstate,0.09661666666666666
2020-09-15,Tech,-0.10886266666666666
2020-09-15,Utilities,-0.040236666666666664
2020-09-16,Comm,0.04826999999999999
2020-09-16,Consumer,0.14413499999999999
2020-09-16,Energy,0.16382166666666667
2020-09-16,Financials,-0.019540000000000002
2020-09-16,Healthcare,-0.05527
2020-09-16,Industrials,0.2767721212121212
2020-09-16,Materials,0.0
2020-09-16,RealEstate,0.06369
2020-09-16,Tech,0.20246399999999998
2020-09-16,Utilities,0.047685
2020-09-17,Comm,0.15084666666666666
2020-09-17,Consumer,0.2760896666666667
2020-09-17,Energy,0.24977
2020-09-17,Financials,0.07329
2020-09-17,Healthcare,0.081785
2020-09-17,Industrials,0.15977113636363635
2020-09-17,Materials,0.097435
2020-09-17,RealEstate,-0.12248
2020-09-17,Tech,0.2031795238095238
2020-09-17,Utilities,0.047685
2020-09-18,Comm,0.027525
2020-09-18,Consumer,0.002136298701298711
2020-09-18,Energy,0.14979666666666666
2020-09-18,Financials,0.08238000000000001
2020-09-18,Healthcare,-0.018558999999999992
2020-09-18,Industrials,0.20768666666666666
2020-09-18,Materials,0.097435
2020-09-18,RealEstate,0.08808
2020-09-18,Tech,0.08058666666666667
2020-09-18,Utilities,0.0
2020-09-21,Comm,0.0836375
2020-09-21,Consumer,0.0007178666666666625
2020-09-21,Energy,-0.04809333333333334
2020-09-21,Financials,-0.041182
2020-09-21,Healthcare,-0.205646
2020-09-21,Industrials,0.018131333333333343
2020-09-21,Materials,0.20777
2020-09-21,RealEstate,0.08808
2020-09-21,Tech,0.06363333333333333
2020-09-21,Utilities,0.11148
2020-09-22,Comm,0.18247
2020-09-22,Consumer,0.18445739316239315
2020-09-22,Energy,0.20084
2020-09-22,Financials,0.04909
2020-09-22,Healthcare,0.348794
2020-09-22,Industrials,0.13790333333333332
2020-09-22,Materials,0.20777
2020-09-22,RealEstate,0.0
2020-09-22,Tech,0.09086666666666668
2020-09-22,Utilities,0.08808
2020-09-23,Comm,0.15525
2020-09-23,Consumer,0.09492866666666668
2020-09-23,Energy,0.19655499999999998
2020-09-23,Financials,0.134876
2020-09-23,Healthcare,0.2439373333333333
2020-09-23,Industrials,0.16777999999999998
2020-09-23,Materials,0.13141
2020-09-23,RealEstate,0.0
2020-09-23,Tech,0.09299333333333334
2020-09-23,Utilities,0.0
2020-09-24,Comm,0.131078
2020-09-24,Consumer,0.06529190476190476
2020-09-24,Energy,0.22007666666666664
2020-09-24,Financials,0.1426225
2020-09-24,Healthcare,9.399999999999409e-05
2020-09-24,Industrials,-0.04377666666666667
2020-09-24,Materials,0.22267
2020-09-24,RealEstate,0.0
2020-09-24,Tech,0.123915
2020-09-24,Utilities,0.0
2020-09-25,Comm,-0.04554199999999999
2020-09-25,Consumer,0.022583333333333327
2020-09-25,Energy,0.007350000000000001
2020-09-25,Financials,0.11752
2020-09-25,Healthcare,0.13239733333333334
2020-09-25,Industrials,0.07852111111111112
2020-09-25,Materials,0.16784000000000002
2020-09-25,RealEstate,0.0
2020-09-25,Tech,-0.030586666666666668
2020-09-25,Utilities,0.0
2020-09-28,Comm,0.1542255
2020-09-28,Consumer,0.06900727272727272
2020-09-28,Energy,0.07356
2020-09-28,Financials,0.22749333333333333
2020-09-28,Healthcare,0.09614200000000002
2020-09-28,Industrials,0.022410392156862757
2020-09-28,Materials,-0.01996
2020-09-28,RealEstate,0.04046
2020-09-28,Tech,0.19356833333333331
2020-09-28,Utilities,0.065564
2020-09-29,Comm,0.1110975
2020-09-29,Consumer,0.21098349206349204
2020-09-29,Energy,0.25221
2020-09-29,Financials,-0.05424
2020-09-29,Healthcare,0.23325
2020-09-29,Industrials,0.11299999999999999
2020-09-29,Materials,-0.01996
2020-09-29,RealEstate,0.0
2020-09-29,Tech,0.18038666666666664
2020-09-29,Utilities,0.0598
2020-09-30,Comm,0.17758
2020-09-30,Consumer,0.22516666666666665
2020-09-30,Energy,0.018696666666666667
2020-09-30,Financials,-0.0040694285714285685
2020-09-30,Healthcare,0.235825
2020-09-30,Industrials,0.20257966666666666
2020-09-30,Materials,-0.04019
2020-09-30,RealEstate,0.07636
2020-09-30,Tech,0.08016
2020-09-30,Utilities,0.213744
2020-10-01,Comm,0.06265666666666667
2020-10-01,Consumer,0.1727206666666667
2020-10-01,Energy,0.06487111111111112
2020-10-01,Financials,0.177948
2020-10-01,Healthcare,0.19103166666666666
2020-10-01,Industrials,0.37104875000000004
2020-10-01,Materials,-0.04019
2020-10-01,RealEstate,0.07636
2020-10-01,Tech,0.04198
2020-10-01,Utilities,0.27494
2020-10-02,Comm,-0.12972
2020-10-02,Consumer,0.16362190476190477
2020-10-02,Energy,0.2222254761904762
2020-10-02,Financials,0.28202222222222223
2020-10-02,Healthcare,0.009844999999999993
2020-10-02,Industrials,0.27636
2020-10-02,Materials,-0.04019
2020-10-02,RealEstate,0.07636
2020-10-02,Tech,0.06639466666666667
2020-10-02,Utilities,0.40514
2020-10-05,Comm,0.07788750000000001
2020-10-05,Consumer,0.12436752380952383
2020-10-05,Energy,0.12921316666666666
2020-10-05,Financials,0.18571866666666664
2020-10-05,Healthcare,0.08913222222222222
2020-10-05,Industrials,0.1825749523809524
2020-10-05,Materials,0.01767
2020-10-05,RealEstate,0.11438
2020-10-05,Tech,0.10325200000000001
2020-10-05,Utilities,0.44755500000000004
2020-10-06,Comm,0.09578
2020-10-06,Consumer,0.17313444444444442
2020-10-06,Energy,0.0167
2020-10-06,Financials,0.2608566666666666
2020-10-06,Healthcare,0.12832333333333332
2020-10-06,Industrials,0.04873
2020-10-06,Materials,0.05786
2020-10-06,RealEstate,0.20246
2020-10-06,Tech,-0.041666666666666664
2020-10-06,Utilities,0.40896
2020-10-07,Comm,0.22238000000000002
2020-10-07,Consumer,0.11839885714285717
2020-10-07,Energy,0.059264000000000004
2020-10-07,Financials,0.18901066666666666
2020-10-07,Healthcare,0.2207547619047619
2020-10-07,Industrials,0.07102555555555554
2020-10-07,Materials,0.0
2020-10-07,RealEstate,0.20246
2020-10-07,Tech,0.26556
2020-10-07,Utilities,0.3375
2020-10-08,Comm,-0.016493999999999995
2020-10-08,Consumer,0.10740821428571427
2020-10-08,Energy,0.1628861904761905
2020-10-08,Financials,0.19073041666666665
2020-10-08,Healthcare,0.06906833333333333
2020-10-08,Industrials,0.09301999999999999
2020-10-08,Materials,0.0
2020-10-08,RealEstate,0.20246
2020-10-08,Tech,0.15804190476190477
2020-10-08,Utilities,0.15676
2020-10-09,Comm,0.13680785714285715
2020-10-09,Consumer,0.04635571428571428
2020-10-09,Energy,0.1628861904761905
2020-10-09,Financials,0.26195
2020-10-09,Healthcare,-0.060580999999999996
2020-10-09,Industrials,0.19955799999999999
2020-10-09,Materials,0.0
2020-10-09,RealEstate,0.20246
2020-10-09,Tech,0.15352133333333334
2020-10-09,Utilities,0.23768000000000003
2020-10-12,Comm,0.001497878787878787
2020-10-12,Consumer,0.27188425641025643
2020-10-12,Energy,0.1787275
2020-10-12,Financials,0.21966012210012212
2020-10-12,Healthcare,0.027217500000000006
2020-10-12,Industrials,0.1533261904761905
2020-10-12,Materials,0.04046
2020-10-12,RealEstate,0.11438
2020-10-12,Tech,0.14646333333333333
2020-10-12,Utilities,0.28578000000000003
2020-10-13,Comm,-0.06806142857142858
2020-10-13,Consumer,-0.08431622807017544
2020-10-13,Energy,-0.09545999999999999
2020-10-13,Financials,0.06127583333333334
2020-10-13,Healthcare,-0.073055
2020-10-13,Industrials,0.19986866666666664
2020-10-13,Materials,0.04046
2020-10-13,RealEstate,0.0
2020-10-13,Tech,0.017176666666666673
2020-10-13,Utilities,0.0861
2020-10-14,Comm,0.22808200000000003
2020-10-14,Consumer,0.0279325
2020-10-14,Energy,0.02732
2020-10-14,Financials,0.1328304347826087
2020-10-14,Healthcare,0.05168400000000001
2020-10-14,Industrials,0.18359
2020-10-14,Materials,0.13740999999999998
2020-10-14,RealEstate,0.052669999999999995
2020-10-14,Tech,0.05197
2020-10-14,Utilities,0.21856
2020-10-15,Comm,0.29738333333333333
2020-10-15,Consumer,0.12813709090909092
2020-10-15,Energy,0.26669
2020-10-15,Financials,0.16293033333333334
2020-10-15,Healthcare,0.18227333333333334
2020-10-15,Industrials,0.14697333333333334
2020-10-15,Materials,0.14011
2020-10-15,RealEstate,0.052669999999999995
2020-10-15,Tech,0.14579666666666666
2020-10-15,Utilities,0.2783
2020-10-16,Comm,0.20124499999999998
2020-10-16,Consumer,0.23147333333333334
2020-10-16,Energy,0.09309125
2020-10-16,Financials,0.56552
2020-10-16,Healthcare,0.06095461538461537
2020-10-16,Industrials,0.17515025641025642
2020-10-16,Materials,0.25135
2020-10-16,RealEstate,0.052669999999999995
2020-10-16,Tech,0.11413333333333334
2020-10-16,Utilities,0.2783
2020-10-19,Comm,0.2748366666666667
2020-10-19,Consumer,0.24128
2020-10-19,Energy,0.0239189696969697
2020-10-19,Financials,0.17970666666666665
2020-10-19,Healthcare,0.17096166666666665
2020-10-19,Industrials,0.214345
2020-10-19,Materials,0.47354
2020-10-19,RealEstate,0.052669999999999995
2020-10-19,Tech,0.020802499999999995
2020-10-19,Utilities,0.24313
2020-10-20,Comm,0.21497000000000002
2020-10-20,Consumer,0.272005
2020-10-20,Energy,0.06860533333333334
2020-10-20,Financials,0.2647316666666667
2020-10-20,Healthcare,0.30983
2020-10-20,Industrials,0.12984
2020-10-20,Materials,0.47354
2020-10-20,RealEstate,0.19805
2020-10-20,Tech,0.03482500000000001
2020-10-20,Utilities,0.10928
2020-10-21,Comm,0.21910666666666664
2020-10-21,Consumer,0.2694498095238095
2020-10-21,Energy,-0.030614999999999983
2020-10-21,Financials,0.13103800000000002
2020-10-21,Healthcare,0.30391599999999996
2020-10-21,Industrials,0.10532
2020-10-21,Materials,0.34222
2020-10-21,RealEstate,0.22765
2020-10-21,Tech,0.14243
2020-10-21,Utilities,0.11440999999999998
2020-10-22,Comm,0.09438333333333333
2020-10-22,Consumer,0.016974727272727273
2020-10-22,Energy,-0.009681666666666654
2020-10-22,Financials,0.22907333333333332
2020-10-22,Healthcare,0.19340600000000002
2020-10-22,Industrials,0.038388571428571425
2020-10-22,Materials,0.24653333333333335
2020-10-22,RealEstate,0.025499999999999988
2020-10-22,Tech,0.23733750000000003
2020-10-22,Utilities,0.10132
2020-10-23,Comm,0.214535
2020-10-23,Consumer,0.285165
2020-10-23,Energy,0.025655000000000004
2020-10-23,Financials,0.42074
2020-10-23,Healthcare,0.02636600000000001
2020-10-23,Industrials,0.32852
2020-10-23,Materials,0.09729333333333333
2020-10-23,RealEstate,0.025499999999999988
2020-10-23,Tech,0.18452181818181818
2020-10-23,Utilities,0.05105
2020-10-26,Comm,0.09944857142857141
2020-10-26,Consumer,0.05901955555555555
2020-10-26,Energy,0.06980433333333333
2020-10-26,Financials,0.129016
2020-10-26,Healthcare,0.08909777777777779
2020-10-26,Industrials,0.22682555555555556
2020-10-26,Materials,0.09729333333333333
2020-10-26,RealEstate,0.04009999999999998
2020-10-26,Tech,0.029770000000000008
2020-10-26,Utilities,-0.004865000000000008
2020-10-27,Comm,0.007340000000000002
2020-10-27,Consumer,0.06558499999999999
2020-10-27,Energy,0.009468333333333334
2020-10-27,Financials,0.0037400000000000046
2020-10-27,Healthcare,0.06143714285714286
2020-10-27,Industrials,-0.021290256410256413
2020-10-27,Materials,0.09729333333333333
2020-10-27,RealEstate,0.04009999999999998
2020-10-27,Tech,0.14720908571428573
2020-10-27,Utilities,-0.005299999999999999
2020-10-28,Comm,0.04177399999999999
2020-10-28,Consumer,0.146606
2020-10-28,Energy,0.058988571428571425
2020-10-28,Financials,0.03187761904761905
2020-10-28,Healthcare,-0.008314666666666665
2020-10-28,Industrials,0.13525713636363637
2020-10-28,Materials,0.09729333333333333
2020-10-28,RealEstate,0.14616
2020-10-28,Tech,0.06721142857142856
2020-10-28,Utilities,-0.005299999999999999
2020-10-29,Comm,0.17301
2020-10-29,Consumer,0.11301533333333333
2020-10-29,Energy,-0.08975857142857142
2020-10-29,Financials,0.10489000000000001
2020-10-29,Healthcare,0.20504466666666668
2020-10-29,Industrials,-0.063477
2020-10-29,Materials,0.06969533333333333
2020-10-29,RealEstate,0.05464
2020-10-29,Tech,0.12096
2020-10-29,Utilities,0.03768
2020-10-30,Comm,0.22374
2020-10-30,Consumer,0.17318155555555556
2020-10-30,Energy,-0.0013335000000000027
2020-10-30,Financials,0.08553200000000001
2020-10-30,Healthcare,0.08732345454545455
2020-10-30,Industrials,0.05957685714285714
2020-10-30,Materials,0.04040200000000001
2020-10-30,RealEstate,0.05464
2020-10-30,Tech,0.05574
2020-10-30,Utilities,0.07665999999999999
2020-11-02,Comm,0.06413833333333332
2020-11-02,Consumer,0.09203722222222223
2020-11-02,Energy,-0.08184083333333333
2020-11-02,Financials,0.09402999999999999
2020-11-02,Healthcare,0.12432555555555555
2020-11-02,Industrials,0.1615075
2020-11-02,Materials,0.13285
2020-11-02,RealEstate,0.05464
2020-11-02,Tech,0.031911499999999995
2020-11-02,Utilities,-0.0005300000000000082
2020-11-03,Comm,-0.06955933333333333
2020-11-03,Consumer,0.14961866666666665
2020-11-03,Energy,-0.0017549999999999955
2020-11-03,Financials,0.08199309523809524
2020-11-03,Healthcare,0.16307733333333332
2020-11-03,Industrials,0.16295866666666664
2020-11-03,Materials,0.18391
2020-11-03,RealEstate,0.0
2020-11-03,Tech,0.07976000000000001
2020-11-03,Utilities,0.041489999999999985
2020-11-04,Comm,0.08431599999999999
2020-11-04,Consumer,0.11511780952380953
2020-11-04,Energy,0.146974
2020-11-04,Financials,0.1607625
2020-11-04,Healthcare,0.18835777777777776
2020-11-04,Industrials,0.18168666666666666
2020-11-04,Materials,0.18391
2020-11-04,RealEstate,0.0
2020-11-04,Tech,0.08558666666666667
2020-11-04,Utilities,-0.11505499999999999
2020-11-05,Comm,-0.031197000000000003
2020-11-05,Consumer,0.15840928571428572
2020-11-05,Energy,0.04858666666666666
2020-11-05,Financials,0.12442
2020-11-05,Healthcare,0.047150000000000004
2020-11-05,Industrials,0.09215666666666666
2020-11-05,Materials,0.18391
2020-11-05,RealEstate,0.02679333333333333
2020-11-05,Tech,0.09168
2020-11-05,Utilities,0.13588
2020-11-06,Comm,0.09671144607843138
2020-11-06,Consumer,0.05510857142857143
2020-11-06,Energy,0.051188333333333336
2020-11-06,Financials,0.1398
2020-11-06,Healthcare,0.0
2020-11-06,Industrials,-0.009405714285714285
2020-11-06,Materials,0.14196
2020-11-06,RealEstate,0.09966
2020-11-06,Tech,0.12655
2020-11-06,Utilities,0.14980000000000002
2020-11-09,Comm,0.2057085714285714
2020-11-09,Consumer,0.03587714285714285
2020-11-09,Energy,0.16904728205128206
2020-11-09,Financials,0.04666642857142857
2020-11-09,Healthcare,0.20935333333333334
2020-11-09,Industrials,0.2142726666666667
2020-11-09,Materials,0.14196
2020-11-09,RealEstate,0.20396
2020-11-09,Tech,-0.01575333333333333
2020-11-09,Utilities,0.08789142857142858
2020-11-10,Comm,0.02692500000000001
2020-11-10,Consumer,0.09780488888888889
2020-11-10,Energy,0.026431000000000017
2020-11-10,Financials,0.1362
2020-11-10,Healthcare,0.212596
2020-11-10,Industrials,0.18589733333333336
2020-11-10,Materials,-0.068
2020-11-10,RealEstate,0.20396
2020-11-10,Tech,-0.022237333333333338
2020-11-10,Utilities,0.1366
2020-11-11,Comm,-0.023634999999999996
2020-11-11,Consumer,0.08898266666666668
2020-11-11,Energy,0.09073000000000002
2020-11-11,Financials,0.1478335238095238
2020-11-11,Healthcare,0.12934
2020-11-11,Industrials,0.039290000000000005
2020-11-11,Materials,0.049333333333333326
2020-11-11,RealEstate,0.20600000000000002
2020-11-11,Tech,0.11465619047619047
2020-11-11,Utilities,0.08646
2020-11-12,Comm,0.15018
2020-11-12,Consumer,0.12410580086580085
2020-11-12,Energy,0.3424666666666667
2020-11-12,Financials,0.1692842564102564
2020-11-12,Healthcare,0.018690000000000002
2020-11-12,Industrials,0.03413333333333333
2020-11-12,Materials,0.04404
2020-11-12,RealEstate,0.20600000000000002
2020-11-12,Tech,0.18486666666666668
2020-11-12,Utilities,0.24905
2020-11-13,Comm,0.223765
2020-11-13,Consumer,0.19342049689440993
2020-11-13,Energy,0.29847333333333337
2020-11-13,Financials,0.11451333333333333
2020-11-13,Healthcare,0.17160000000000003
2020-11-13,Industrials,0.09176
2020-11-13,Materials,0.19241999999999998
2020-11-13,RealEstate,0.16454
2020-11-13,Tech,0.08130533333333334
2020-11-13,Utilities,0.24905
2020-11-16,Comm,0.125346
2020-11-16,Consumer,0.18227977777777776
2020-11-16,Energy,0.3368525
2020-11-16,Financials,0.12498400000000001
2020-11-16,Healthcare,0.029619000000000006
2020-11-16,Industrials,0.18144428571428572
2020-11-16,Materials,0.19221
2020-11-16,RealEstate,0.10533999999999999
2020-11-16,Tech,0.28620666666666666
2020-11-16,Utilities,0.031710000000000016
2020-11-17,Comm,0.115872
2020-11-17,Consumer,0.2666457894736842
2020-11-17,Energy,0.26647
2020-11-17,Financials,-0.013095999999999997
2020-11-17,Healthcare,-0.028674999999999996
2020-11-17,Industrials,0.11739000000000002
2020-11-17,Materials,0.18151
2020-11-17,RealEstate,0.10533999999999999
2020-11-17,Tech,0.27347666666666665
2020-11-17,Utilities,0.031710000000000016
2020-11-18,Comm,0.008979999999999998
2020-11-18,Consumer,0.26361666666666667
2020-11-18,Energy,0.23636833333333335
2020-11-18,Financials,0.11738833333333332
2020-11-18,Healthcare,0.09573333333333334
2020-11-18,Industrials,-0.02584111111111111
2020-11-18,Materials,0.18151
2020-11-18,RealEstate,0.19341999999999998
2020-11-18,Tech,0.200415
2020-11-18,Utilities,0.04068000000000001
2020-11-19,Comm,-0.01834142857142857
2020-11-19,Consumer,-0.03740416666666666
2020-11-19,Energy,0.257295
2020-11-19,Financials,0.19852933333333334
2020-11-19,Healthcare,0.12472333333333334
2020-11-19,Industrials,-0.022214285714285714
2020-11-19,Materials,0.1706
2020-11-19,RealEstate,0.19341999999999998
2020-11-19,Tech,-0.021269999999999994
2020-11-19,Utilities,-0.11612
2020-11-20,Comm,-0.036219999999999995
2020-11-20,Consumer,-0.02673630952380952
2020-11-20,Energy,0.049534999999999996
2020-11-20,Financials,0.10204666666666666
2020-11-20,Healthcare,0.0351975
2020-11-20,Industrials,0.030329333333333337
2020-11-20,Materials,0.1706
2020-11-20,RealEstate,0.19341999999999998
2020-11-20,Tech,0.13120333333333334
2020-11-20,Utilities,-0.09490666666666667
2020-11-23,Comm,0.03452666666666667
2020-11-23,Consumer,0.17166674725274725
2020-11-23,Energy,-0.02423785714285715
2020-11-23,Financials,0.028933999999999998
2020-11-23,Healthcare,0.1924425238095238
2020-11-23,Industrials,0.12892571428571428
2020-11-23,Materials,0.04046
2020-11-23,RealEstate,0.0
2020-11-23,Tech,0.07102
2020-11-23,Utilities,0.006766666666666676
2020-11-24,Comm,0.14435333333333333
2020-11-24,Consumer,0.070819
2020-11-24,Energy,-0.14315
2020-11-24,Financials,0.135245
2020-11-24,Healthcare,0.12328466666666667
2020-11-24,Industrials,0.045141190476190474
2020-11-24,Materials,0.12854000000000002
2020-11-24,RealEstate,0.06427000000000001
2020-11-24,Tech,0.04964
2020-11-24,Utilities,0.13152666666666665
2020-11-25,Comm,0.16753200000000001
2020-11-25,Consumer,0.17553666666666667
2020-11-25,Energy,0.12261249999999999
2020-11-25,Financials,0.0005153333333333343
2020-11-25,Healthcare,0.04019
2020-11-25,Industrials,0.22318666666666664
2020-11-25,Materials,0.14763333333333334
2020-11-25,RealEstate,0.06427000000000001
2020-11-25,Tech,0.07454666666666668
2020-11-25,Utilities,0.18330000000000002
2020-11-27,Comm,0.30104
2020-11-27,Consumer,0.11065
2020-11-27,Energy,0.1803125
2020-11-27,Financials,0.2263633333333333
2020-11-27,Healthcare,-0.03129333333333334
2020-11-27,Industrials,0.18269238095238094
2020-11-27,Materials,0.14763333333333334
2020-11-27,RealEstate,0.00506
2020-11-27,Tech,0.16755
2020-11-27,Utilities,0.20056
2020-11-30,Comm,0.27708666666666665
2020-11-30,Consumer,0.14838400000000002
2020-11-30,Energy,0.2151790476190476
2020-11-30,Financials,0.022825000000000012
2020-11-30,Healthcare,0.16828333333333334
2020-11-30,Industrials,0.09554457142857144
2020-11-30,Materials,0.10771333333333333
2020-11-30,RealEstate,0.1343
2020-11-30,Tech,0.031301666666666665
2020-11-30,Utilities,0.10889
2020-12-01,Comm,0.21306000000000003
2020-12-01,Consumer,0.18097400000000002
2020-12-01,Energy,0.10927
2020-12-01,Financials,0.33335499999999996
2020-12-01,Healthcare,0.04019
2020-12-01,Industrials,0.09652600000000001
2020-12-01,Materials,0.16294000000000003
2020-12-01,RealEstate,0.16183999999999998
2020-12-01,Tech,0.026776666666666664
2020-12-01,Utilities,0.16353
2020-12-02,Comm,0.07024
2020-12-02,Consumer,0.015388222222222223
2020-12-02,Energy,0.14893133333333333
2020-12-02,Financials,0.11765
2020-12-02,Healthcare,0.207675
2020-12-02,Industrials,-0.001566666666666669
2020-12-02,Materials,0.21400000000000002
2020-12-02,RealEstate,0.22056
2020-12-02,Tech,0.160195
2020-12-02,Utilities,0.27591
2020-12-03,Comm,0.07187428571428571
2020-12-03,Consumer,0.09779
2020-12-03,Energy,0.012890000000000002
2020-12-03,Financials,0.11369
2020-12-03,Healthcare,0.24151499999999998
2020-12-03,Industrials,0.11542369747899159
2020-12-03,Materials,0.21400000000000002
2020-12-03,RealEstate,0.31794
2020-12-03,Tech,0.11124333333333333
2020-12-03,Utilities,0.27591
2020-12-04,Comm,0.14455
2020-12-04,Consumer,0.07866666666666666
2020-12-04,Energy,0.003914126984126978
2020-12-04,Financials,-0.021160000000000005
2020-12-04,Healthcare,0.18651333333333336
2020-12-04,Industrials,0.08516
2020-12-04,Materials,0.21400000000000002
2020-12-04,RealEstate,0.24158
2020-12-04,Tech,0.15045
2020-12-04,Utilities,0.2794
2020-12-07,Comm,0.039542222222222215
2020-12-07,Consumer,0.09896714285714285
2020-12-07,Energy,0.060094888888888885
2020-12-07,Financials,0.04854066666666666
2020-12-07,Healthcare,0.010719999999999997
2020-12-07,Industrials,0.07255666666666667
2020-12-07,Materials,0.21400000000000002
2020-12-07,RealEstate,0.33692
2020-12-07,Tech,0.07000777777777778
2020-12-07,Utilities,0.28403999999999996
2020-12-08,Comm,0.061161818181818185
2020-12-08,Consumer,0.06071333333333334
2020-12-08,Energy,0.062224999999999996
2020-12-08,Financials,0.047122
2020-12-08,Healthcare,0.16099333333333332
2020-12-08,Industrials,-0.0016377777777777825
2020-12-08,Materials,0.2054666666666667
2020-12-08,RealEstate,0.16333999999999999
2020-12-08,Tech,0.10758999999999999
2020-12-08,Utilities,0.24369999999999997
2020-12-09,Comm,0.209395
2020-12-09,Consumer,0.019139878787878782
2020-12-09,Energy,0.047018000000000004
2020-12-09,Financials,0.08054333333333333
2020-12-09,Healthcare,0.013816666666666666
2020-12-09,Industrials,-0.04326555555555555
2020-12-09,Materials,0.14189333333333334
2020-12-09,RealEstate,0.09792000000000001
2020-12-09,Tech,0.21740733333333334
2020-12-09,Utilities,0.41856
2020-12-10,Comm,0.2286975
2020-12-10,Consumer,0.21859968253968254
2020-12-10,Energy,0.256854
2020-12-10,Financials,0.140775
2020-12-10,Healthcare,0.06313500000000001
2020-12-10,Industrials,0.00019066666666667578
2020-12-10,Materials,0.059199999999999996
2020-12-10,RealEstate,0.09792000000000001
2020-12-10,Tech,0.23603833333333335
2020-12-10,Utilities,0.23910666666666666
2020-12-11,Comm,0.13661142857142855
2020-12-11,Consumer,0.14347326315789474
2020-12-11,Energy,-0.233304
2020-12-11,Financials,0.09013499999999999
2020-12-11,Healthcare,0.301453
2020-12-11,Industrials,-0.07586066666666669
2020-12-11,Materials,0.059199999999999996
2020-12-11,RealEstate,0.00258
2020-12-11,Tech,0.045279
2020-12-11,Utilities,0.21715999999999996
2020-12-14,Comm,0.0482675
2020-12-14,Consumer,0.04732166666666667
2020-12-14,Energy,0.07815000000000001
2020-12-14,Financials,0.16589
2020-12-14,Healthcare,0.14211500000000002
2020-12-14,Industrials,0.09333297619047619
2020-12-14,Materials,0.059199999999999996
2020-12-14,RealEstate,0.017852
2020-12-14,Tech,0.07591600000000001
2020-12-14,Utilities,0.07998999999999999
2020-12-15,Comm,0.1282575
2020-12-15,Consumer,0.18401190476190477
2020-12-15,Energy,0.20113333333333333
2020-12-15,Financials,0.261165
2020-12-15,Healthcare,0.25432166666666667
2020-12-15,Industrials,0.252
2020-12-15,Materials,0.0
2020-12-15,RealEstate,0.08424000000000001
2020-12-15,Tech,0.064346
2020-12-15,Utilities,0.07998999999999999
2020-12-16,Comm,0.07403178571428572
2020-12-16,Consumer,0.27887399999999996
2020-12-16,Energy,0.06356666666666667
2020-12-16,Financials,0.3079866666666667
2020-12-16,Healthcare,0.332135
2020-12-16,Industrials,0.17599
2020-12-16,Materials,0.0
2020-12-16,RealEstate,0.18118
2020-12-16,Tech,0.04046
2020-12-16,Utilities,0.07998999999999999
2020-12-17,Comm,0.09116428571428573
2020-12-17,Consumer,0.17273999999999998
2020-12-17,Energy,0.11717999999999999
2020-12-17,Financials,0.38241933333333333
2020-12-17,Healthcare,0.05570533333333333
2020-12-17,Industrials,0.1944925
2020-12-17,Materials,0.08808
2020-12-17,RealEstate,0.0
2020-12-17,Tech,0.2327142857142857
2020-12-17,Utilities,0.12379
2020-12-18,Comm,0.025975499999999995
2020-12-18,Consumer,0.2572413333333333
2020-12-18,Energy,0.036699999999999997
2020-12-18,Financials,0.13206
2020-12-18,Healthcare,0.17989000000000002
2020-12-18,Industrials,0.026724499999999995
2020-12-18,Materials,0.09069999999999999
2020-12-18,RealEstate,0.03637
2020-12-18,Tech,0.19258000000000003
2020-12-18,Utilities,0.12963
2020-12-21,Comm,0.062107333333333334
2020-12-21,Consumer,0.12752141125541125
2020-12-21,Energy,0.13405733333333333
2020-12-21,Financials,-0.029942657894736845
2020-12-21,Healthcare,0.27162
2020-12-21,Industrials,0.22704149999999998
2020-12-21,Materials,0.23371
2020-12-21,RealEstate,0.06369
2020-12-21,Tech,0.16126114285714285
2020-12-21,Utilities,0.24393000000000004
2020-12-22,Comm,0.0025566666666666698
2020-12-22,Consumer,0.086088
2020-12-22,Energy,-0.018831999999999995
2020-12-22,Financials,0.09145800000000001
2020-12-22,Healthcare,0.040535999999999996
2020-12-22,Industrials,0.23307333333333333
2020-12-22,Materials,0.12138
2020-12-22,RealEstate,0.06369
2020-12-22,Tech,0.16148
2020-12-22,Utilities,0.18497
2020-12-23,Comm,0.03396166666666667
2020-12-23,Consumer,0.13125683333333332
2020-12-23,Energy,0.13622
2020-12-23,Financials,0.19798
2020-12-23,Healthcare,0.10367222222222221
2020-12-23,Industrials,0.40626666666666666
2020-12-23,Materials,0.12138
2020-12-23,RealEstate,0.06369
2020-12-23,Tech,0.15230000000000002
2020-12-23,Utilities,0.21000999999999997
2020-12-24,Comm,0.023236666666666666
2020-12-24,Consumer,0.19487114285714285
2020-12-24,Energy,0.18150666666666668
2020-12-24,Financials,0.32642
2020-12-24,Healthcare,0.24567
2020-12-24,Industrials,0.48685
2020-12-24,Materials,0.12138
2020-12-24,RealEstate,0.11539999999999999
2020-12-24,Tech,0.13464333333333334
2020-12-24,Utilities,0.21000999999999997
2020-12-28,Comm,0.18002249999999997
2020-12-28,Consumer,0.24526172727272727
2020-12-28,Energy,0.09058
2020-12-28,Financials,0.10080111111111112
2020-12-28,Healthcare,0.14919
2020-12-28,Industrials,0.3131285714285714
2020-12-28,Materials,0.04046
2020-12-28,RealEstate,0.00678
2020-12-28,Tech,0.14590916666666667
2020-12-28,Utilities,0.27189
2020-12-29,Comm,0.21598
2020-12-29,Consumer,0.16010577777777776
2020-12-29,Energy,0.09786999999999998
2020-12-29,Financials,-0.33083999999999997
2020-12-29,Healthcare,0.12786666666666666
2020-12-29,Industrials,0.199215
2020-12-29,Materials,0.1358
2020-12-29,RealEstate,0.02732
2020-12-29,Tech,-0.019561999999999996
2020-12-29,Utilities,0.27189
2020-12-30,Comm,0.26442
2020-12-30,Consumer,0.35562
2020-12-30,Energy,0.06642
2020-12-30,Financials,0.03512
2020-12-30,Healthcare,0.13432666666666665
2020-12-30,Industrials,0.072314
2020-12-30,Materials,0.15897999999999998
2020-12-30,RealEstate,0.0
2020-12-30,Tech,0.169955
2020-12-30,Utilities,0.18381
2020-12-31,Comm,0.2359990476190476
2020-12-31,Consumer,0.3254826666666667
2020-12-31,Energy,0.04671333333333334
2020-12-31,Financials,0.30639066666666664
2020-12-31,Healthcare,0.21127666666666664
2020-12-31,Industrials,0.14057866666666666
2020-12-31,Materials,0.17572000000000002
2020-12-31,RealEstate,0.04074
2020-12-31,Tech,0.19521000000000002
2020-12-31,Utilities,0.14272
2021-01-04,Comm,0.19355333333333333
2021-01-04,Consumer,0.10702622222222222
2021-01-04,Energy,0.06635833333333332
2021-01-04,Financials,0.19774166666666665
2021-01-04,Healthcare,0.16366
2021-01-04,Industrials,0.18553944444444445
2021-01-04,Materials,0.04404
2021-01-04,RealEstate,0.0
2021-01-04,Tech,0.10636999999999999
2021-01-04,Utilities,0.093865
2021-01-05,Comm,0.06041166666666666
2021-01-05,Consumer,0.09015666666666668
2021-01-05,Energy,0.12317666666666667
2021-01-05,Financials,0.2242366666666667
2021-01-05,Healthcare,0.27824499999999996
2021-01-05,Industrials,0.1389266666666667
2021-01-05,Materials,0.12264
2021-01-05,RealEstate,0.0
2021-01-05,Tech,0.05659499999999999
2021-01-05,Utilities,0.12738
2021-01-06,Comm,0.11120171428571428
2021-01-06,Consumer,0.06937000000000001
2021-01-06,Energy,-0.019253333333333334
2021-01-06,Financials,0.25573583333333333
2021-01-06,Healthcare,0.04191
2021-01-06,Industrials,0.17658133333333334
2021-01-06,Materials,0.20693999999999999
2021-01-06,RealEstate,0.029599999999999998
2021-01-06,Tech,0.11454566666666666
2021-01-06,Utilities,0.12738
2021-01-07,Comm,0.16188
2021-01-07,Consumer,0.107911
2021-01-07,Energy,0.05487333333333333
2021-01-07,Financials,0.12210380952380953
2021-01-07,Healthcare,-0.047700000000000006
2021-01-07,Industrials,-0.07347333333333333
2021-01-07,Materials,0.0707
2021-01-07,RealEstate,0.029599999999999998
2021-01-07,Tech,0.010460666666666663
2021-01-07,Utilities,0.05464
2021-01-08,Comm,0.06883
2021-01-08,Consumer,0.208589
2021-01-08,Energy,0.09342071428571429
2021-01-08,Financials,0.16796666666666668
2021-01-08,Healthcare,-0.012906666666666669
2021-01-08,Industrials,0.0015688888888888864
2021-01-08,Materials,0.149868
2021-01-08,RealEstate,0.08424000000000001
2021-01-08,Tech,0.03439333333333333
2021-01-08,Utilities,0.10117000000000001
2021-01-11,Comm,0.21936999999999998
2021-01-11,Consumer,0.14755666666666667
2021-01-11,Energy,0.12099
2021-01-11,Financials,0.12951217391304348
2021-01-11,Healthcare,-0.10957285714285714
2021-01-11,Industrials,0.06807250000000001
2021-01-11,Materials,0.143248
2021-01-11,RealEstate,0.17246
2021-01-11,Tech,0.05332138888888889
2021-01-11,Utilities,0.16032
2021-01-12,Comm,0.075815
2021-01-12,Consumer,0.14030083333333335
2021-01-12,Energy,-0.008301333333333327
2021-01-12,Financials,0.038448833333333335
2021-01-12,Healthcare,0.09381500000000001
2021-01-12,Industrials,0.15655333333333332
2021-01-12,Materials,0.15342
2021-01-12,RealEstate,0.06051333333333333
2021-01-12,Tech,0.06903000000000001
2021-01-12,Utilities,0.38197
2021-01-13,Comm,-0.04492999999999999
2021-01-13,Consumer,0.15792666666666666
2021-01-13,Energy,0.07438166666666668
2021-01-13,Financials,0.08364833333333334
2021-01-13,Healthcare,0.159065
2021-01-13,Industrials,0.31360363636363636
2021-01-13,Materials,0.09878
2021-01-13,RealEstate,0.14032666666666666
2021-01-13,Tech,0.0712023602484472
2021-01-13,Utilities,0.1972066666666667
2021-01-14,Comm,0.032802
2021-01-14,Consumer,0.06798000000000001
2021-01-14,Energy,0.07271166666666666
2021-01-14,Financials,-0.013831428571428573
2021-01-14,Healthcare,0.1252
2021-01-14,Industrials,0.37122666666666665
2021-01-14,Materials,0.09878
2021-01-14,RealEstate,0.12059333333333333
2021-01-14,Tech,0.12327999999999999
2021-01-14,Utilities,0.04860666666666667
2021-01-15,Comm,0.03881333333333333
2021-01-15,Consumer,0.15279666666666666
2021-01-15,Energy,0.1922497435897436
2021-01-15,Financials,0.23589064935064935
2021-01-15,Healthcare,0.12534499999999998
2021-01-15,Industrials,0.08051
2021-01-15,Materials,0.09878
2021-01-15,RealEstate,0.18456999999999998
2021-01-15,Tech,0.072098
2021-01-15,Utilities,0.2130466666666667
2021-01-19,Comm,0.08876599999999998
2021-01-19,Consumer,0.0835878787878788
2021-01-19,Energy,0.21166666666666667
2021-01-19,Financials,0.17653755555555556
2021-01-19,Healthcare,0.10955
2021-01-19,Industrials,0.029585882352941174
2021-01-19,Materials,-0.07134000000000003
2021-01-19,RealEstate,0.12738
2021-01-19,Tech,0.06089938461538461
2021-01-19,Utilities,0.11539999999999999
2021-01-20,Comm,-0.2
2021-01-20,Consumer,-0.070288
2021-01-20,Energy,0.16994666666666666
2021-01-20,Financials,0.06819890756302521
2021-01-20,Healthcare,0.366
2021-01-20,Industrials,0.029599999999999998
2021-01-20,Materials,-0.068
2021-01-20,RealEstate,0.12993000000000002
2021-01-20,Tech,0.10948666666666666
2021-01-20,Utilities,0.10830999999999999
2021-01-21,Comm,-0.1837146666666667
2021-01-21,Consumer,-0.050777
2021-01-21,Energy,-0.23058499999999998
2021-01-21,Financials,0.089455
2021-01-21,Healthcare,0.16784
2021-01-21,Industrials,0.03776999999999999
2021-01-21,Materials,-0.017220000000000003
2021-01-21,RealEstate,0.12993000000000002
2021-01-21,Tech,0.16850333333333334
2021-01-21,Utilities,0.10830999999999999
2021-01-22,Comm,-0.06190500000000001
2021-01-22,Consumer,0.016847499999999998
2021-01-22,Energy,0.0399575
2021-01-22,Financials,0.047206
2021-01-22,Healthcare,0.12738
2021-01-22,Industrials,0.09595000000000001
2021-01-22,Materials,0.05502
2021-01-22,RealEstate,0.12993000000000002
2021-01-22,Tech,0.13180333333333333
2021-01-22,Utilities,0.09966
2021-01-25,Comm,0.0754752380952381
2021-01-25,Consumer,0.05452
2021-01-25,Energy,0.14127499999999998
2021-01-25,Financials,0.18912833333333331
2021-01-25,Healthcare,0.1696185
2021-01-25,Industrials,0.2363
2021-01-25,Materials,0.0679
2021-01-25,RealEstate,0.21038666666666667
2021-01-25,Tech,0.11713538461538461
2021-01-25,Utilities,0.11417000000000002
2021-01-26,Comm,0.001291428571428574
2021-01-26,Consumer,0.11258138888888888
2021-01-26,Energy,0.37005999999999994
2021-01-26,Financials,0.17325944444444447
2021-01-26,Healthcare,-0.003666666666666668
2021-01-26,Industrials,0.22736766917293233
2021-01-26,Materials,-0.012873333333333325
2021-01-26,RealEstate,0.10274000000000001
2021-01-26,Tech,0.07855300000000001
2021-01-26,Utilities,0.0890675
2021-01-27,Comm,-0.0010720000000000007
2021-01-27,Consumer,0.024555357142857143
2021-01-27,Energy,0.3212533333333333
2021-01-27,Financials,0.0007266666666666643
2021-01-27,Healthcare,0.08873714285714285
2021-01-27,Industrials,0.06298579710144928
2021-01-27,Materials,-0.022713333333333335
2021-01-27,RealEstate,0.16771333333333335
2021-01-27,Tech,0.24008433333333334
2021-01-27,Utilities,0.29238
2021-01-28,Comm,0.18308833333333333
2021-01-28,Consumer,0.1124907619047619
2021-01-28,Energy,0.17101833333333333
2021-01-28,Financials,0.08810722222222223
2021-01-28,Healthcare,0.18121199999999998
2021-01-28,Industrials,0.1171835
2021-01-28,Materials,0.09229166666666666
2021-01-28,RealEstate,0.053733333333333334
2021-01-28,Tech,-0.0830511111111111
2021-01-28,Utilities,0.27714
2021-01-29,Comm,0.058776666666666665
2021-01-29,Consumer,0.14155833333333334
2021-01-29,Energy,-0.10678166666666664
2021-01-29,Financials,0.098247
2021-01-29,Healthcare,-0.028199999999999996
2021-01-29,Industrials,0.10917833333333334
2021-01-29,Materials,0.057821666666666674
2021-01-29,RealEstate,-0.008476666666666665
2021-01-29,Tech,0.105405
2021-01-29,Utilities,0.15839999999999999
2021-02-01,Comm,0.41345333333333334
2021-02-01,Consumer,0.07755583333333334
2021-02-01,Energy,0.09943151515151516
2021-02-01,Financials,0.072459
2021-02-01,Healthcare,0.23296999999999998
2021-02-01,Industrials,-0.04230342857142857
2021-02-01,Materials,0.016076
2021-02-01,RealEstate,0.14471333333333333
2021-02-01,Tech,0.2274197142857143
2021-02-01,Utilities,0.12591999999999998
2021-02-02,Comm,0.12638333333333335
2021-02-02,Consumer,0.19279333333333332
2021-02-02,Energy,0.009486140350877196
2021-02-02,Financials,0.24018333333333333
2021-02-02,Healthcare,0.19766500000000004
2021-02-02,Industrials,0.02530115384615384
2021-02-02,Materials,0.016076
2021-02-02,RealEstate,0.060193333333333335
2021-02-02,Tech,0.32508
2021-02-02,Utilities,0.18572
2021-02-03,Comm,0.08967333333333333
2021-02-03,Consumer,0.0663888888888889
2021-02-03,Energy,-0.003117000000000003
2021-02-03,Financials,0.20355600000000001
2021-02-03,Healthcare,0.08067166666666667
2021-02-03,Industrials,0.08577615384615384
2021-02-03,Materials,0.02064
2021-02-03,RealEstate,0.15488
2021-02-03,Tech,0.1762525
2021-02-03,Utilities,0.11614333333333333
2021-02-04,Comm,-0.023813333333333343
2021-02-04,Consumer,0.2132893333333333
2021-02-04,Energy,0.12944
2021-02-04,Financials,-0.020971999999999998
2021-02-04,Healthcare,0.10124318181818182
2021-02-04,Industrials,0.14103615384615384
2021-02-04,Materials,0.02064
2021-02-04,RealEstate,0.12084000000000002
2021-02-04,Tech,0.11484164502164503
2021-02-04,Utilities,0.21251333333333333
2021-02-05,Comm,0.068705
2021-02-05,Consumer,-0.14214833333333332
2021-02-05,Energy,0.03696133333333333
2021-02-05,Financials,0.08035666666666666
2021-02-05,Healthcare,0.3976346666666667
2021-02-05,Industrials,0.017579999999999995
2021-02-05,Materials,0.01032
2021-02-05,RealEstate,0.13757
2021-02-05,Tech,0.17195333333333335
2021-02-05,Utilities,0.23529999999999998
2021-02-08,Comm,-0.007988333333333333
2021-02-08,Consumer,0.09790980952380952
2021-02-08,Energy,0.11955750000000001
2021-02-08,Financials,-0.007614095238095234
2021-02-08,Healthcare,-0.027191999999999994
2021-02-08,Industrials,0.20295904761904762
2021-02-08,Materials,0.08928
2021-02-08,RealEstate,0.2386
2021-02-08,Tech,0.11529
2021-02-08,Utilities,0.26638
2021-02-09,Comm,0.03059095238095238
2021-02-09,Consumer,0.05041428571428571
2021-02-09,Energy,0.14195
2021-02-09,Financials,0.010079999999999995
2021-02-09,Healthcare,0.22651
2021-02-09,Industrials,0.08408666666666667
2021-02-09,Materials,0.09921333333333332
2021-02-09,RealEstate,0.22214
2021-02-09,Tech,0.11127000000000001
2021-02-09,Utilities,0.32101999999999997
2021-02-10,Comm,-0.0066810476190476255
2021-02-10,Consumer,0.09682190476190476
2021-02-10,Energy,-0.018936666666666668
2021-02-10,Financials,-0.017513333333333332
2021-02-10,Healthcare,0.19983599999999999
2021-02-10,Industrials,0.11515142857142857
2021-02-10,Materials,0.14509333333333332
2021-02-10,RealEstate,0.22214
2021-02-10,Tech,0.06581999999999999
2021-02-10,Utilities,0.26375000000000004
2021-02-11,Comm,0.120215
2021-02-11,Consumer,0.09395555555555557
2021-02-11,Energy,0.043355000000000005
2021-02-11,Financials,0.14275833333333332
2021-02-11,Healthcare,0.03291
2021-02-11,Industrials,-0.027669999999999993
2021-02-11,Materials,0.14509333333333332
2021-02-11,RealEstate,0.08808
2021-02-11,Tech,0.08913599999999999
2021-02-11,Utilities,-0.009659999999999998
2021-02-12,Comm,0.19704000000000002
2021-02-12,Consumer,0.043276999999999996
2021-02-12,Energy,0.019594666666666673
2021-02-12,Financials,0.053059999999999996
2021-02-12,Healthcare,0.07707000000000001
2021-02-12,Industrials,0.22464666666666666
2021-02-12,Materials,0.14509333333333332
2021-02-12,RealEstate,0.5176999999999999
2021-02-12,Tech,0.09473333333333335
2021-02-12,Utilities,0.13408
2021-02-16,Comm,0.10841757575757578
2021-02-16,Consumer,0.06202557142857144
2021-02-16,Energy,0.09949250000000001
2021-02-16,Financials,0.1003685
2021-02-16,Healthcare,0.0019100000000000117
2021-02-16,Industrials,-0.18483285714285713
2021-02-16,Materials,0.13835000000000003
2021-02-16,RealEstate,0.50265
2021-02-16,Tech,0.03869
2021-02-16,Utilities,0.33837
2021-02-17,Comm,0.07452666666666667
2021-02-17,Consumer,0.10958166666666666
2021-02-17,Energy,0.01710481818181818
2021-02-17,Financials,0.24346600000000002
2021-02-17,Healthcare,0.03251333333333334
2021-02-17,Industrials,-0.06665285714285714
2021-02-17,Materials,0.11623999999999998
2021-02-17,RealEstate,0.28719
2021-02-17,Tech,0.1284013333333333
2021-02-17,Utilities,0.2889
2021-02-18,Comm,0.1707
2021-02-18,Consumer,0.1916569523809524
2021-02-18,Energy,0.15594166666666667
2021-02-18,Financials,0.12531
2021-02-18,Healthcare,0.11442000000000001
2021-02-18,Industrials,0.08548428571428571
2021-02-18,Materials,0.06462
2021-02-18,RealEstate,0.28719
2021-02-18,Tech,0.07062
2021-02-18,Utilities,0.27871
2021-02-19,Comm,0.18639999999999998
2021-02-19,Consumer,0.1446842857142857
2021-02-19,Energy,0.30261499999999997
2021-02-19,Financials,0.16882000000000003
2021-02-19,Healthcare,0.13655333333333336
2021-02-19,Industrials,0.16968133333333335
2021-02-19,Materials,0.11130999999999999
2021-02-19,RealEstate,0.034
2021-02-19,Tech,0.15548
2021-02-19,Utilities,0.42367
2021-02-22,Comm,0.147552
2021-02-22,Consumer,0.06962695238095237
2021-02-22,Energy,0.1703438888888889
2021-02-22,Financials,0.035070000000000004
2021-02-22,Healthcare,0.191966
2021-02-22,Industrials,0.10063333333333332
2021-02-22,Materials,0.010286666666666666
2021-02-22,RealEstate,0.0
2021-02-22,Tech,0.18841999999999998
2021-02-22,Utilities,0.40422
2021-02-23,Comm,0.26206666666666667
2021-02-23,Consumer,0.10079380952380952
2021-02-23,Energy,0.2876333333333333
2021-02-23,Financials,0.009557777777777776
2021-02-23,Healthcare,-0.010640000000000005
2021-02-23,Industrials,0.09949333333333334
2021-02-23,Materials,0.009569999999999995
2021-02-23,RealEstate,0.04046
2021-02-23,Tech,0.21879833333333334
2021-02-23,Utilities,0.24420000000000003
2021-02-24,Comm,-0.019178571428571423
2021-02-24,Consumer,0.04783845238095238
2021-02-24,Energy,-0.025846333333333325
2021-02-24,Financials,0.101365
2021-02-24,Healthcare,0.11243
2021-02-24,Industrials,-0.08522166666666668
2021-02-24,Materials,-0.03062
2021-02-24,RealEstate,0.02266666666666667
2021-02-24,Tech,0.12608666666666668
2021-02-24,Utilities,0.022760000000000002
2021-02-25,Comm,0.0044977777777777785
2021-02-25,Consumer,0.12287166666666667
2021-02-25,Energy,0.10586999999999999
2021-02-25,Financials,0.20924133333333333
2021-02-25,Healthcare,0.2481325
2021-02-25,Industrials,0.11347888888888888
2021-02-25,Materials,0.0
2021-02-25,RealEstate,0.031408000000000005
2021-02-25,Tech,-0.006279999999999999
2021-02-25,Utilities,0.05464
2021-02-26,Comm,0.028349999999999997
2021-02-26,Consumer,0.1821105
2021-02-26,Energy,0.10174000000000001
2021-02-26,Financials,0.11745333333333334
2021-02-26,Healthcare,0.016120000000000002
2021-02-26,Industrials,0.09814166666666667
2021-02-26,Materials,0.029599999999999998
2021-02-26,RealEstate,0.07034
2021-02-26,Tech,0.08162166666666668
2021-02-26,Utilities,-0.059199999999999996
2021-03-01,Comm,0.016930000000000004
2021-03-01,Consumer,0.20921833333333334
2021-03-01,Energy,0.2517376666666667
2021-03-01,Financials,0.001716000000000001
2021-03-01,Healthcare,0.25453000000000003
2021-03-01,Industrials,-0.04041875
2021-03-01,Materials,0.0026699999999999944
2021-03-01,RealEstate,0.4231
2021-03-01,Tech,0.10367
2021-03-01,Utilities,0.037380000000000004
2021-03-02,Comm,0.16122
2021-03-02,Consumer,0.06511
2021-03-02,Energy,0.08687933333333334
2021-03-02,Financials,0.24867600000000004
2021-03-02,Healthcare,0.28883000000000003
2021-03-02,Industrials,-0.09616
2021-03-02,Materials,0.0026699999999999944
2021-03-02,RealEstate,0.29572000000000004
2021-03-02,Tech,-0.04197333333333332
2021-03-02,Utilities,-0.05671999999999999
2021-03-03,Comm,0.056625999999999996
2021-03-03,Consumer,0.029797619047619052
2021-03-03,Energy,0.14455909090909091
2021-03-03,Financials,0.011080476190476191
2021-03-03,Healthcare,0.32574000000000003
2021-03-03,Industrials,0.03332714285714286
2021-03-03,Materials,0.0026699999999999944
2021-03-03,RealEstate,0.00172
2021-03-03,Tech,0.13616
2021-03-03,Utilities,0.00939000000000001
2021-03-04,Comm,0.154
2021-03-04,Consumer,-0.08179681818181818
2021-03-04,Energy,0.10244500000000001
2021-03-04,Financials,0.13841199999999998
2021-03-04,Healthcare,0.031912499999999996
2021-03-04,Industrials,0.08532500000000001
2021-03-04,Materials,0.11187
2021-03-04,RealEstate,0.11148
2021-03-04,Tech,0.05234
2021-03-04,Utilities,0.21241
2021-03-05,Comm,0.10985733333333333
2021-03-05,Consumer,0.1252625
2021-03-05,Energy,0.11253333333333333
2021-03-05,Financials,0.128544
2021-03-05,Healthcare,-0.01999
2021-03-05,Industrials,0.03994285714285715
2021-03-05,Materials,0.068
2021-03-05,RealEstate,0.0
2021-03-05,Tech,0.05286
2021-03-05,Utilities,0.14009
2021-03-08,Comm,-0.068966
2021-03-08,Consumer,0.10533833333333334
2021-03-08,Energy,0.10406866666666667
2021-03-08,Financials,0.125455
2021-03-08,Healthcare,0.09863999999999999
2021-03-08,Industrials,0.12299833333333332
2021-03-08,Materials,0.059693333333333334
2021-03-08,RealEstate,0.22386
2021-03-08,Tech,0.21138200000000001
2021-03-08,Utilities,0.05944000000000001
2021-03-09,Comm,0.195184
2021-03-09,Consumer,0.09810533333333335
2021-03-09,Energy,-0.04901238095238096
2021-03-09,Financials,-0.013512000000000001
2021-03-09,Healthcare,0.059199999999999996
2021-03-09,Industrials,0.16402333333333333
2021-03-09,Materials,0.03996
2021-03-09,RealEstate,0.22386
2021-03-09,Tech,-0.010104999999999998
2021-03-09,Utilities,0.026570000000000003
2021-03-10,Comm,0.1099375
2021-03-10,Consumer,0.15128748051948052
2021-03-10,Energy,0.11134999999999999
2021-03-10,Financials,0.19598333333333334
2021-03-10,Healthcare,0.14432
2021-03-10,Industrials,0.06894615384615385
2021-03-10,Materials,0.08274000000000001
2021-03-10,RealEstate,0.25944
2021-03-10,Tech,0.12498000000000001
2021-03-10,Utilities,0.15676
2021-03-11,Comm,0.13156600000000002
2021-03-11,Consumer,0.08439571428571428
2021-03-11,Energy,0.2518033333333333
2021-03-11,Financials,0.17150666666666667
2021-03-11,Healthcare,0.028587999999999995
2021-03-11,Industrials,0.24921733333333335
2021-03-11,Materials,0.17105
2021-03-11,RealEstate,0.32308
2021-03-11,Tech,0.07936857142857143
2021-03-11,Utilities,0.15676
2021-03-12,Comm,0.15660857142857143
2021-03-12,Consumer,0.14918285714285714
2021-03-12,Energy,0.29297
2021-03-12,Financials,0.07102333333333335
2021-03-12,Healthcare,-0.0035800000000000025
2021-03-12,Industrials,0.31282333333333334
2021-03-12,Materials,0.14217
2021-03-12,RealEstate,0.08768000000000001
2021-03-12,Tech,0.19107000000000002
2021-03-12,Utilities,0.26946000000000003
2021-03-15,Comm,0.08673833333333333
2021-03-15,Consumer,0.2340242857142857
2021-03-15,Energy,0.1456633333333333
2021-03-15,Financials,0.17318499999999998
2021-03-15,Healthcare,0.20649314285714288
2021-03-15,Industrials,0.24321333333333334
2021-03-15,Materials,0.08297
2021-03-15,RealEstate,0.28554666666666667
2021-03-15,Tech,0.06636800000000001
2021-03-15,Utilities,0.3238
2021-03-16,Comm,0.10238133333333335
2021-03-16,Consumer,0.1937245
2021-03-16,Energy,0.015209999999999996
2021-03-16,Financials,0.07153499999999999
2021-03-16,Healthcare,0.19187714285714286
2021-03-16,Industrials,0.14379
2021-03-16,Materials,0.04278
2021-03-16,RealEstate,0.02163333333333333
2021-03-16,Tech,-0.03512
2021-03-16,Utilities,0.18091333333333334
2021-03-17,Comm,0.1295
2021-03-17,Consumer,0.09070249999999999
2021-03-17,Energy,0.08198
2021-03-17,Financials,0.15256999999999998
2021-03-17,Healthcare,0.15264714285714284
2021-03-17,Industrials,0.04066499999999999
2021-03-17,Materials,0.07010000000000001
2021-03-17,RealEstate,-0.02571
2021-03-17,Tech,0.1967
2021-03-17,Utilities,0.18091333333333334
2021-03-18,Comm,-0.007813333333333328
2021-03-18,Consumer,0.12857933333333332
2021-03-18,Energy,-0.03853333333333335
2021-03-18,Financials,0.161465
2021-03-18,Healthcare,0.11881333333333333
2021-03-18,Industrials,-0.09712999999999998
2021-03-18,Materials,0.02732
2021-03-18,RealEstate,0.17936000000000002
2021-03-18,Tech,0.17273333333333335
2021-03-18,Utilities,0.10633333333333335
2021-03-19,Comm,0.11760666666666668
2021-03-19,Consumer,0.05442238095238096
2021-03-19,Energy,0.20394666666666666
2021-03-19,Financials,0.014035999999999993
2021-03-19,Healthcare,0.20043333333333332
2021-03-19,Industrials,-0.11494999999999997
2021-03-19,Materials,0.09532
2021-03-19,RealEstate,0.17936000000000002
2021-03-19,Tech,0.14728
2021-03-19,Utilities,0.10633333333333335
2021-03-22,Comm,0.056714999999999995
2021-03-22,Consumer,0.087212
2021-03-22,Energy,0.0432
2021-03-22,Financials,0.262805
2021-03-22,Healthcare,0.11120400000000004
2021-03-22,Industrials,0.07047
2021-03-22,Materials,0.06777999999999999
2021-03-22,RealEstate,0.17936000000000002
2021-03-22,Tech,0.07941099999999998
2021-03-22,Utilities,0.10633333333333335
2021-03-23,Comm,0.08136399999999999
2021-03-23,Consumer,0.164563
2021-03-23,Energy,-0.12369277777777779
2021-03-23,Financials,0.279235
2021-03-23,Healthcare,0.08232999999999999
2021-03-23,Industrials,0.11825000000000001
2021-03-23,Materials,-0.05
2021-03-23,RealEstate,0.025019999999999997
2021-03-23,Tech,0.20391666666666666
2021-03-23,Utilities,0.07988
2021-03-24,Comm,0.18495
2021-03-24,Consumer,0.2874051515151515
2021-03-24,Energy,-0.04711066666666667
2021-03-24,Financials,0.18848
2021-03-24,Healthcare,0.17994000000000002
2021-03-24,Industrials,0.09499333333333333
2021-03-24,Materials,0.05464
2021-03-24,RealEstate,0.04046
2021-03-24,Tech,-0.025705000000000006
2021-03-24,Utilities,0.09532
2021-03-25,Comm,-0.002475999999999998
2021-03-25,Consumer,0.08411571428571428
2021-03-25,Energy,0.14115333333333333
2021-03-25,Financials,0.074788
2021-03-25,Healthcare,0.14908000000000002
2021-03-25,Industrials,0.04965999999999999
2021-03-25,Materials,0.10568999999999999
2021-03-25,RealEstate,0.11968000000000001
2021-03-25,Tech,-0.005879999999999994
2021-03-25,Utilities,0.17795999999999998
2021-03-26,Comm,0.034595
2021-03-26,Consumer,0.015152619047619048
2021-03-26,Energy,0.2526423333333333
2021-03-26,Financials,0.210324
2021-03-26,Healthcare,0.03299833333333333
2021-03-26,Industrials,-0.018038571428571442
2021-03-26,Materials,-0.040029999999999996
2021-03-26,RealEstate,0.11968000000000001
2021-03-26,Tech,-0.008109999999999992
2021-03-26,Utilities,0.23715999999999998
2021-03-29,Comm,0.11353444444444442
2021-03-29,Consumer,0.2614518831168831
2021-03-29,Energy,0.1914
2021-03-29,Financials,0.018072444444444443
2021-03-29,Healthcare,0.28385666666666665
2021-03-29,Industrials,0.22221033333333334
2021-03-29,Materials,-0.040029999999999996
2021-03-29,RealEstate,0.06455
2021-03-29,Tech,0.15544
2021-03-29,Utilities,0.248635
2021-03-30,Comm,0.12869000000000003
2021-03-30,Consumer,0.105048
2021-03-30,Energy,0.2677733333333333
2021-03-30,Financials,0.02265807692307693
2021-03-30,Healthcare,0.05071000000000001
2021-03-30,Industrials,0.26120666666666664
2021-03-30,Materials,-0.040029999999999996
2021-03-30,RealEstate,0.08668
2021-03-30,Tech,0.22842333333333334
2021-03-30,Utilities,0.248635
2021-03-31,Comm,0.02023
2021-03-31,Consumer,0.125685
2021-03-31,Energy,0.16796333333333333
2021-03-31,Financials,0.063425
2021-03-31,Healthcare,0.050409999999999996
2021-03-31,Industrials,0.2513283333333333
2021-03-31,Materials,0.07837
2021-03-31,RealEstate,0.08668
2021-03-31,Tech,0.10668666666666667
2021-03-31,Utilities,0.13502
2021-04-01,Comm,0.06819
2021-04-01,Consumer,0.023636666666666667
2021-04-01,Energy,-0.2929
2021-04-01,Financials,0.15350199999999997
2021-04-01,Healthcare,0.02037000000000001
2021-04-01,Industrials,0.17572333333333331
2021-04-01,Materials,0.0
2021-04-01,RealEstate,0.027839999999999993
2021-04-01,Tech,0.002878000000000014
2021-04-01,Utilities,0.17731333333333335
2021-04-05,Comm,0.344484
2021-04-05,Consumer,0.14930333333333332
2021-04-05,Energy,-0.0076959999999999945
2021-04-05,Financials,0.16381264069264068
2021-04-05,Healthcare,0.16691533333333336
2021-04-05,Industrials,0.261592
2021-04-05,Materials,0.061890000000000014
2021-04-05,RealEstate,-0.015433333333333344
2021-04-05,Tech,0.09194307692307693
2021-04-05,Utilities,0.10788
2021-04-06,Comm,0.2324809523809524
2021-04-06,Consumer,0.132396
2021-04-06,Energy,0.026503999999999993
2021-04-06,Financials,-0.02278800000000001
2021-04-06,Healthcare,0.15532200000000002
2021-04-06,Industrials,-0.007865
2021-04-06,Materials,0.15667
2021-04-06,RealEstate,0.13874666666666666
2021-04-06,Tech,-0.00928066666666667
2021-04-06,Utilities,0.08196
2021-04-07,Comm,0.15944000000000003
2021-04-07,Consumer,-0.07609066666666667
2021-04-07,Energy,-0.07508000000000001
2021-04-07,Financials,0.118085
2021-04-07,Healthcare,0.24366000000000004
2021-04-07,Industrials,0.06357333333333333
2021-04-07,Materials,-0.028059999999999995
2021-04-07,RealEstate,0.25207999999999997
2021-04-07,Tech,0.11566000000000001
2021-04-07,Utilities,0.08196
2021-04-08,Comm,0.2307666666666667
2021-04-08,Consumer,0.29276928571428573
2021-04-08,Energy,0.07392
2021-04-08,Financials,0.013633333333333334
2021-04-08,Healthcare,0.18567799999999998
2021-04-08,Industrials,0.08981333333333333
2021-04-08,Materials,0.16572
2021-04-08,RealEstate,0.08038
2021-04-08,Tech,0.0522
2021-04-08,Utilities,0.26708000000000004
2021-04-09,Comm,0.122094
2021-04-09,Consumer,0.19055714285714284
2021-04-09,Energy,-0.15111
2021-04-09,Financials,0.02396190476190476
2021-04-09,Healthcare,0.16857
2021-04-09,Industrials,0.18125761904761906
2021-04-09,Materials,0.16572
2021-04-09,RealEstate,0.08038
2021-04-09,Tech,0.12228166666666666
2021-04-09,Utilities,0.2944
2021-04-12,Comm,-0.02026000000000001
2021-04-12,Consumer,0.17996428571428572
2021-04-12,Energy,0.01261000000000001
2021-04-12,Financials,0.19945612698412699
2021-04-12,Healthcare,0.08036833333333333
2021-04-12,Industrials,0.16821999999999998
2021-04-12,Materials,0.15642
2021-04-12,RealEstate,0.19771999999999998
2021-04-12,Tech,0.07679499999999999
2021-04-12,Utilities,0.32344
2021-04-13,Comm,0.277324
2021-04-13,Consumer,0.14032833333333333
2021-04-13,Energy,0.24666666666666667
2021-04-13,Financials,0.24116333333333334
2021-04-13,Healthcare,-0.02839666666666667
2021-04-13,Industrials,0.325995
2021-04-13,Materials,0.15642
2021-04-13,RealEstate,0.19771999999999998
2021-04-13,Tech,0.08186333333333333
2021-04-13,Utilities,0.10017333333333334
2021-04-14,Comm,0.16172
2021-04-14,Consumer,-0.008063333333333329
2021-04-14,Energy,0.11983333333333332
2021-04-14,Financials,0.1197823284457478
2021-04-14,Healthcare,-0.01144666666666666
2021-04-14,Industrials,0.17314166666666667
2021-04-14,Materials,0.11750000000000001
2021-04-14,RealEstate,0.12972
2021-04-14,Tech,0.07398666666666667
2021-04-14,Utilities,0.34237
2021-04-15,Comm,0.17260999999999999
2021-04-15,Consumer,-0.013320571428571432
2021-04-15,Energy,0.0017400000000000083
2021-04-15,Financials,0.08326666666666667
2021-04-15,Healthcare,0.10661000000000001
2021-04-15,Industrials,0.340515
2021-04-15,Materials,0.11750000000000001
2021-04-15,RealEstate,0.09176
2021-04-15,Tech,0.16139
2021-04-15,Utilities,0.30904
2021-04-16,Comm,0.17172
2021-04-16,Consumer,0.1554375
2021-04-16,Energy,0.08471333333333333
2021-04-16,Financials,0.2014628571428571
2021-04-16,Healthcare,-0.007079999999999999
2021-04-16,Industrials,0.09418666666666667
2021-04-16,Materials,0.07704
2021-04-16,RealEstate,0.09176
2021-04-16,Tech,0.012846000000000002
2021-04-16,Utilities,0.30904
2021-04-19,Comm,0.0013050000000000006
2021-04-19,Consumer,0.0603304248366013
2021-04-19,Energy,0.0023583333333333347
2021-04-19,Financials,0.16203535714285716
2021-04-19,Healthcare,0.044012857142857145
2021-04-19,Industrials,0.196787
2021-04-19,Materials,0.3733
2021-04-19,RealEstate,0.10767
2021-04-19,Tech,0.04011695238095238
2021-04-19,Utilities,0.19418
2021-04-20,Comm,0.01864285714285714
2021-04-20,Consumer,0.021135952380952387
2021-04-20,Energy,0.11605333333333334
2021-04-20,Financials,0.26226
2021-04-20,Healthcare,0.08759333333333333
2021-04-20,Industrials,0.007821818181818197
2021-04-20,Materials,0.36814
2021-04-20,RealEstate,0.10767
2021-04-20,Tech,0.0656235
2021-04-20,Utilities,0.23341000000000003
2021-04-21,Comm,0.0497688888888889
2021-04-21,Consumer,0.08473666666666667
2021-04-21,Energy,0.028654999999999996
2021-04-21,Financials,0.19099333333333335
2021-04-21,Healthcare,0.24697
2021-04-21,Industrials,0.03623666666666666
2021-04-21,Materials,0.27968000000000004
2021-04-21,RealEstate,0.10767
2021-04-21,Tech,0.027980000000000005
2021-04-21,Utilities,0.16410428571428573
2021-04-22,Comm,0.08867212121212122
2021-04-22,Consumer,0.22545833333333337
2021-04-22,Energy,0.011080000000000001
2021-04-22,Financials,0.17380333333333337
2021-04-22,Healthcare,0.048555
2021-04-22,Industrials,0.09017
2021-04-22,Materials,0.1684557142857143
2021-04-22,RealEstate,0.09629
2021-04-22,Tech,0.13453299999999999
2021-04-22,Utilities,0.093495
2021-04-23,Comm,0.20769433333333334
2021-04-23,Consumer,0.11434333333333332
2021-04-23,Energy,-0.047299999999999995
2021-04-23,Financials,0.23498333333333338
2021-04-23,Healthcare,0.04348
2021-04-23,Industrials,0.08455
2021-04-23,Materials,0.19658571428571428
2021-04-23,RealEstate,0.25195
2021-04-23,Tech,0.0606751282051282
2021-04-23,Utilities,0.016309999999999998
2021-04-26,Comm,0.03106333333333335
2021-04-26,Consumer,0.1408921568627451
2021-04-26,Energy,-0.015539999999999993
2021-04-26,Financials,0.22928833333333337
2021-04-26,Healthcare,0.241355
2021-04-26,Industrials,0.008293333333333323
2021-04-26,Materials,0.19658571428571428
2021-04-26,RealEstate,0.0636
2021-04-26,Tech,0.14296222222222224
2021-04-26,Utilities,0.0655
2021-04-27,Comm,0.031104444444444445
2021-04-27,Consumer,0.071742
2021-04-27,Energy,0.03794666666666666
2021-04-27,Financials,0.23048085714285715
2021-04-27,Healthcare,0.22128166666666668
2021-04-27,Industrials,0.1168425992063492
2021-04-27,Materials,0.26498571428571427
2021-04-27,RealEstate,0.0636
2021-04-27,Tech,0.147788
2021-04-27,Utilities,0.04525
2021-04-28,Comm,0.21570666666666666
2021-04-28,Consumer,0.15206150000000002
2021-04-28,Energy,0.247226
2021-04-28,Financials,0.06365666666666667
2021-04-28,Healthcare,0.1388272380952381
2021-04-28,Industrials,-0.015243368421052627
2021-04-28,Materials,0.33242571428571427
2021-04-28,RealEstate,0.17568666666666669
2021-04-28,Tech,0.05417688311688312
2021-04-28,Utilities,0.10695999999999999
2021-04-29,Comm,0.24272100000000002
2021-04-29,Consumer,0.11794466666666667
2021-04-29,Energy,0.27493333333333336
2021-04-29,Financials,0.1488
2021-04-29,Healthcare,0.12076885714285715
2021-04-29,Industrials,0.005193461538461541
2021-04-29,Materials,0.19961333333333334
2021-04-29,RealEstate,0.162866
2021-04-29,Tech,0.10840000000000001
2021-04-29,Utilities,0.10695999999999999
2021-04-30,Comm,0.2264266666666667
2021-04-30,Consumer,0.20978666666666665
2021-04-30,Energy,0.20397500000000002
2021-04-30,Financials,0.150719
2021-04-30,Healthcare,0.15298984615384617
2021-04-30,Industrials,0.04303600000000001
2021-04-30,Materials,0.13462000000000002
2021-04-30,RealEstate,0.25803000000000004
2021-04-30,Tech,0.10357666666666668
2021-04-30,Utilities,0.197405
2021-05-03,Comm,0.15644666666666668
2021-05-03,Consumer,0.07941866666666667
2021-05-03,Energy,0.09553500000000001
2021-05-03,Financials,0.22597499999999998
2021-05-03,Healthcare,0.20693433333333333
2021-05-03,Industrials,0.029850476190476188
2021-05-03,Materials,0.023880000000000002
2021-05-03,RealEstate,0.37956
2021-05-03,Tech,0.11773416666666667
2021-05-03,Utilities,0.40988500000000005
2021-05-04,Comm,0.319456
2021-05-04,Consumer,0.07958849999999999
2021-05-04,Energy,0.04163471428571429
2021-05-04,Financials,0.14647642857142856
2021-05-04,Healthcare,0.10430999999999999
2021-05-04,Industrials,0.104168
2021-05-04,Materials,-0.012937500000000001
2021-05-04,RealEstate,0.37956
2021-05-04,Tech,-0.021805
2021-05-04,Utilities,0.33708499999999997
2021-05-05,Comm,0.232668
2021-05-05,Consumer,0.027283333333333337
2021-05-05,Energy,0.06742999999999999
2021-05-05,Financials,0.05547799999999999
2021-05-05,Healthcare,0.22193000000000002
2021-05-05,Industrials,0.19239699999999998
2021-05-05,Materials,0.15888249999999998
2021-05-05,RealEstate,0.07194
2021-05-05,Tech,0.12877666666666668
2021-05-05,Utilities,0.090295
2021-05-06,Comm,0.22630133333333333
2021-05-06,Consumer,0.13727833333333334
2021-05-06,Energy,0.25497000000000003
2021-05-06,Financials,0.083508
2021-05-06,Healthcare,0.03660999999999999
2021-05-06,Industrials,0.25837
2021-05-06,Materials,0.21586
2021-05-06,RealEstate,0.059840000000000004
2021-05-06,Tech,0.22243
2021-05-06,Utilities,0.090295
2021-05-07,Comm,0.25273333333333337
2021-05-07,Consumer,0.007150000000000001
2021-05-07,Energy,0.09751499999999999
2021-05-07,Financials,0.03286333333333333
2021-05-07,Healthcare,0.03864
2021-05-07,Industrials,0.07986
2021-05-07,Materials,0.21586
2021-05-07,RealEstate,0.059840000000000004
2021-05-07,Tech,0.15118666666666666
2021-05-07,Utilities,0.16848000000000002
2021-05-10,Comm,-0.11144033333333334
2021-05-10,Consumer,0.09880000000000001
2021-05-10,Energy,0.11302133333333333
2021-05-10,Financials,0.043842000000000006
2021-05-10,Healthcare,0.08046266666666667
2021-05-10,Industrials,0.23698999999999998
2021-05-10,Materials,0.15298
2021-05-10,RealEstate,0.059840000000000004
2021-05-10,Tech,0.17268
2021-05-10,Utilities,0.3546714285714286
2021-05-11,Comm,0.20482
2021-05-11,Consumer,0.03266299999999999
2021-05-11,Energy,-0.015452000000000004
2021-05-11,Financials,-0.013030000000000003
2021-05-11,Healthcare,0.11195333333333332
2021-05-11,Industrials,0.14259750000000002
2021-05-11,Materials,0.22105999999999998
2021-05-11,RealEstate,0.047099999999999996
2021-05-11,Tech,0.0018399999999999992
2021-05-11,Utilities,0.3546714285714286
2021-05-12,Comm,0.08715
2021-05-12,Consumer,-0.004383333333333331
2021-05-12,Energy,0.11560666666666668
2021-05-12,Financials,0.06290333333333334
2021-05-12,Healthcare,0.4131600000000001
2021-05-12,Industrials,0.08220857142857144
2021-05-12,Materials,0.25176
2021-05-12,RealEstate,0.12747999999999998
2021-05-12,Tech,0.13212000000000002
2021-05-12,Utilities,0.37238000000000004
2021-05-13,Comm,0.08715
2021-05-13,Consumer,0.264254
2021-05-13,Energy,0.08052000000000001
2021-05-13,Financials,0.12655333333333332
2021-05-13,Healthcare,0.26453333333333334
2021-05-13,Industrials,0.03765
2021-05-13,Materials,0.15298
2021-05-13,RealEstate,0.059199999999999996
2021-05-13,Tech,-0.02023
2021-05-13,Utilities,0.24098000000000003
2021-05-14,Comm,0.025
2021-05-14,Consumer,0.127520615942029
2021-05-14,Energy,0.010286666666666666
2021-05-14,Financials,0.15668833333333335
2021-05-14,Healthcare,0.13678
2021-05-14,Industrials,0.05667
2021-05-14,Materials,0.21217999999999998
2021-05-14,RealEstate,0.059199999999999996
2021-05-14,Tech,0.08216
2021-05-14,Utilities,0.23312
2021-05-17,Comm,0.00817589743589744
2021-05-17,Consumer,0.06819395252837979
2021-05-17,Energy,0.21077533333333331
2021-05-17,Financials,0.29199571428571425
2021-05-17,Healthcare,0.123194
2021-05-17,Industrials,0.15174142857142858
2021-05-17,Materials,0.198496
2021-05-17,RealEstate,0.059199999999999996
2021-05-17,Tech,0.10749666666666666
2021-05-17,Utilities,0.15676
2021-05-18,Comm,0.0013776666666666631
2021-05-18,Consumer,0.1164475
2021-05-18,Energy,0.070185
2021-05-18,Financials,0.3380666666666666
2021-05-18,Healthcare,0.17913
2021-05-18,Industrials,0.007116
2021-05-18,Materials,0.13942000000000002
2021-05-18,RealEstate,0.0
2021-05-18,Tech,0.16133
2021-05-18,Utilities,0.07224
2021-05-19,Comm,0.014016
2021-05-19,Consumer,0.07002933333333333
2021-05-19,Energy,0.034275
2021-05-19,Financials,0.37431000000000003
2021-05-19,Healthcare,0.09308
2021-05-19,Industrials,0.029969999999999997
2021-05-19,Materials,-0.02133999999999999
2021-05-19,RealEstate,0.0
2021-05-19,Tech,-0.11640857142857144
2021-05-19,Utilities,0.2104
2021-05-20,Comm,0.109577
2021-05-20,Consumer,0.2060375
2021-05-20,Energy,0.0951
2021-05-20,Financials,0.26456666666666667
2021-05-20,Healthcare,0.15234666666666669
2021-05-20,Industrials,0.13894
2021-05-20,Materials,0.05904
2021-05-20,RealEstate,0.0
2021-05-20,Tech,0.13196466666666667
2021-05-20,Utilities,0.19334999999999997
2021-05-21,Comm,0.21222285714285713
2021-05-21,Consumer,0.09479619047619048
2021-05-21,Energy,0.02989
2021-05-21,Financials,0.01351
2021-05-21,Healthcare,0.24296
2021-05-21,Industrials,0.24493
2021-05-21,Materials,0.09086000000000001
2021-05-21,RealEstate,0.0
2021-05-21,Tech,0.22671999999999998
2021-05-21,Utilities,0.18456999999999998
2021-05-24,Comm,-0.015649999999999997
2021-05-24,Consumer,0.1670268888888889
2021-05-24,Energy,0.11589333333333333
2021-05-24,Financials,0.031190000000000002
2021-05-24,Healthcare,0.3381686666666667
2021-05-24,Industrials,0.242395
2021-05-24,Materials,0.08449999999999999
2021-05-24,RealEstate,0.04632
2021-05-24,Tech,0.29067
2021-05-24,Utilities,0.22541000000000003
2021-05-25,Comm,0.19827
2021-05-25,Consumer,0.16832888888888892
2021-05-25,Energy,0.22863277777777777
2021-05-25,Financials,0.12618666666666667
2021-05-25,Healthcare,0.2245066666666667
2021-05-25,Industrials,0.22432
2021-05-25,Materials,0.12083999999999999
2021-05-25,RealEstate,0.23349000000000003
2021-05-25,Tech,0.036546
2021-05-25,Utilities,0.22286
2021-05-26,Comm,0.23640857142857144
2021-05-26,Consumer,0.07906878787878788
2021-05-26,Energy,0.309022
2021-05-26,Financials,0.07502499999999998
2021-05-26,Healthcare,0.12940666666666667
2021-05-26,Industrials,0.03629666666666666
2021-05-26,Materials,0.12083999999999999
2021-05-26,RealEstate,0.0
2021-05-26,Tech,0.26042
2021-05-26,Utilities,0.19694
2021-05-27,Comm,0.118326
2021-05-27,Consumer,0.22668250000000004
2021-05-27,Energy,0.24360133333333334
2021-05-27,Financials,0.009452499999999997
2021-05-27,Healthcare,0.19927
2021-05-27,Industrials,0.07439777777777777
2021-05-27,Materials,0.14282
2021-05-27,RealEstate,-0.01027
2021-05-27,Tech,0.18085199999999996
2021-05-27,Utilities,0.26802000000000004
2021-05-28,Comm,0.4019236666666666
2021-05-28,Consumer,0.34120666666666666
2021-05-28,Energy,0.028807999999999993
2021-05-28,Financials,0.20167666666666667
2021-05-28,Healthcare,0.18086666666666668
2021-05-28,Industrials,0.07224
2021-05-28,Materials,0.08954
2021-05-28,RealEstate,0.20112000000000002
2021-05-28,Tech,0.11633
2021-05-28,Utilities,0.17728000000000002
2021-06-01,Comm,0.4275346666666667
2021-06-01,Consumer,0.26591628205128204
2021-06-01,Energy,0.08505438095238095
2021-06-01,Financials,0.17109955555555553
2021-06-01,Healthcare,0.16207066666666664
2021-06-01,Industrials,0.14226
2021-06-01,Materials,0.07872
2021-06-01,RealEstate,0.13889999999999997
2021-06-01,Tech,0.095579
2021-06-01,Utilities,0.24325000000000002
2021-06-02,Comm,0.12601
2021-06-02,Consumer,0.15471809523809524
2021-06-02,Energy,0.13728400000000002
2021-06-02,Financials,0.16560400000000003
2021-06-02,Healthcare,0.15079
2021-06-02,Industrials,0.11981
2021-06-02,Materials,0.02408
2021-06-02,RealEstate,0.26037
2021-06-02,Tech,0.10558666666666668
2021-06-02,Utilities,0.26078
2021-06-03,Comm,0.03159333333333334
2021-06-03,Consumer,0.20841000000000004
2021-06-03,Energy,0.22661000000000003
2021-06-03,Financials,-0.005325000000000002
2021-06-03,Healthcare,0.17524
2021-06-03,Industrials,0.17161333333333334
2021-06-03,Materials,0.16076
2021-06-03,RealEstate,0.16021999999999997
2021-06-03,Tech,0.049510000000000005
2021-06-03,Utilities,0.0
2021-06-04,Comm,0.295435
2021-06-04,Consumer,0.11211533333333334
2021-06-04,Energy,0.06751
2021-06-04,Financials,0.27615
2021-06-04,Healthcare,0.11159333333333332
2021-06-04,Industrials,0.13876
2021-06-04,Materials,0.16076
2021-06-04,RealEstate,0.13904
2021-06-04,Tech,0.090086
2021-06-04,Utilities,0.12493000000000001
2021-06-07,Comm,0.1335111111111111
2021-06-07,Consumer,0.08687416666666667
2021-06-07,Energy,-0.2298
2021-06-07,Financials,0.21601809523809523
2021-06-07,Healthcare,0.08859999999999998
2021-06-07,Industrials,0.23135500000000003
2021-06-07,Materials,0.088285
2021-06-07,RealEstate,0.17313
2021-06-07,Tech,0.1879285
2021-06-07,Utilities,0.12493000000000001
2021-06-08,Comm,0.36702666666666667
2021-06-08,Consumer,0.06388866666666666
2021-06-08,Energy,0.08360999999999999
2021-06-08,Financials,0.23598666666666665
2021-06-08,Healthcare,0.08334
2021-06-08,Industrials,0.18885
2021-06-08,Materials,0.09632
2021-06-08,RealEstate,0.11393
2021-06-08,Tech,0.225936
2021-06-08,Utilities,0.12498000000000001
2021-06-09,Comm,0.29006
2021-06-09,Consumer,0.10986666666666664
2021-06-09,Energy,0.005316000000000003
2021-06-09,Financials,0.30442366666666665
2021-06-09,Healthcare,-0.016589090909090907
2021-06-09,Industrials,0.09079000000000001
2021-06-09,Materials,0.09632
2021-06-09,RealEstate,0.01032
2021-06-09,Tech,0.07993000000000001
2021-06-09,Utilities,0.05464
2021-06-10,Comm,0.06415371428571429
2021-06-10,Consumer,0.061589500000000005
2021-06-10,Energy,0.12267000000000002
2021-06-10,Financials,0.16646166666666667
2021-06-10,Healthcare,0.12728
2021-06-10,Industrials,0.11079333333333334
2021-06-10,Materials,0.02408
2021-06-10,RealEstate,0.15928
2021-06-10,Tech,0.11970750000000001
2021-06-10,Utilities,0.05464
2021-06-11,Comm,0.05206238095238096
2021-06-11,Consumer,0.026685000000000004
2021-06-11,Energy,0.101855
2021-06-11,Financials,0.25991166666666665
2021-06-11,Healthcare,0.09422833333333333
2021-06-11,Industrials,0.2827
2021-06-11,Materials,0.02408
2021-06-11,RealEstate,0.0
2021-06-11,Tech,-0.0059849999999999955
2021-06-11,Utilities,0.0
2021-06-14,Comm,0.0021466666666666743
2021-06-14,Consumer,0.15620126984126986
2021-06-14,Energy,0.20434800000000003
2021-06-14,Financials,0.062363333333333326
2021-06-14,Healthcare,0.14745833333333333
2021-06-14,Industrials,0.06364
2021-06-14,Materials,0.22782
2021-06-14,RealEstate,-0.01544
2021-06-14,Tech,-0.025934000000000002
2021-06-14,Utilities,0.141205
2021-06-15,Comm,0.09738
2021-06-15,Consumer,0.29696466666666665
2021-06-15,Energy,0.23552933333333334
2021-06-15,Financials,0.18226
2021-06-15,Healthcare,0.27434333333333333
2021-06-15,Industrials,0.05438666666666666
2021-06-15,Materials,0.20373999999999998
2021-06-15,RealEstate,-0.059199999999999996
2021-06-15,Tech,0.016076
2021-06-15,Utilities,0.22454000000000002
2021-06-16,Comm,0.22462
2021-06-16,Consumer,0.09042457142857144
2021-06-16,Energy,0.229142
2021-06-16,Financials,0.01782333333333333
2021-06-16,Healthcare,0.11725333333333335
2021-06-16,Industrials,0.16980166666666668
2021-06-16,Materials,0.07636
2021-06-16,RealEstate,0.019733333333333335
2021-06-16,Tech,0.10911333333333333
2021-06-16,Utilities,0.09956000000000001
2021-06-17,Comm,0.33214333333333335
2021-06-17,Consumer,0.072525
2021-06-17,Energy,0.03200666666666667
2021-06-17,Financials,0.05872766666666666
2021-06-17,Healthcare,0.11111333333333333
2021-06-17,Industrials,0.011315
2021-06-17,Materials,0.11177199999999998
2021-06-17,RealEstate,0.09534000000000001
2021-06-17,Tech,0.04302244444444444
2021-06-17,Utilities,0.17994
2021-06-18,Comm,0.14004
2021-06-18,Consumer,0.268815
2021-06-18,Energy,0.12274
2021-06-18,Financials,0.10187833333333333
2021-06-18,Healthcare,0.21502333333333334
2021-06-18,Industrials,0.013140000000000002
2021-06-18,Materials,0.17325200000000002
2021-06-18,RealEstate,0.15689000000000003
2021-06-18,Tech,0.075038
2021-06-18,Utilities,0.17994
2021-06-21,Comm,0.21744
2021-06-21,Consumer,0.030614325396825393
2021-06-21,Energy,0.10162749999999998
2021-06-21,Financials,0.03667666666666667
2021-06-21,Healthcare,0.32198266666666664
2021-06-21,Industrials,0.12130999999999999
2021-06-21,Materials,0.09426533333333334
2021-06-21,RealEstate,0.15689000000000003
2021-06-21,Tech,0.10342250000000001
2021-06-21,Utilities,0.12790166666666666
2021-06-22,Comm,0.06438000000000002
2021-06-22,Consumer,-0.002868999999999999
2021-06-22,Energy,0.09020500000000001
2021-06-22,Financials,-0.103095
2021-06-22,Healthcare,0.23020666666666667
2021-06-22,Industrials,-0.04833333333333334
2021-06-22,Materials,0.07721533333333333
2021-06-22,RealEstate,0.018739999999999996
2021-06-22,Tech,0.09933
2021-06-22,Utilities,0.10058166666666665
2021-06-23,Comm,0.12380733333333334
2021-06-23,Consumer,0.13532316666666666
2021-06-23,Energy,0.13546
2021-06-23,Financials,0.11712
2021-06-23,Healthcare,0.28624
2021-06-23,Industrials,0.07343666666666666
2021-06-23,Materials,0.07721533333333333
2021-06-23,RealEstate,0.018739999999999996
2021-06-23,Tech,0.11822600000000001
2021-06-23,Utilities,0.00896499999999999
2021-06-24,Comm,0.01747333333333332
2021-06-24,Consumer,0.1748625
2021-06-24,Energy,0.14267166666666667
2021-06-24,Financials,0.16315452380952383
2021-06-24,Healthcare,0.27443999999999996
2021-06-24,Industrials,0.013486666666666666
2021-06-24,Materials,0.10591333333333333
2021-06-24,RealEstate,-0.11682
2021-06-24,Tech,0.21494666666666667
2021-06-24,Utilities,0.211455
2021-06-25,Comm,0.10543666666666666
2021-06-25,Consumer,0.05823883333333334
2021-06-25,Energy,0.21838333333333332
2021-06-25,Financials,-0.03056357142857143
2021-06-25,Healthcare,0.09732600000000001
2021-06-25,Industrials,0.0167
2021-06-25,Materials,0.05712666666666667
2021-06-25,RealEstate,-0.012669999999999992
2021-06-25,Tech,0.33717
2021-06-25,Utilities,0.28922
2021-06-28,Comm,0.32045599999999996
2021-06-28,Consumer,0.08975714285714284
2021-06-28,Energy,-0.057014999999999996
2021-06-28,Financials,0.03969066666666667
2021-06-28,Healthcare,0.11354000000000002
2021-06-28,Industrials,0.14506000000000002
2021-06-28,Materials,0.026973333333333332
2021-06-28,RealEstate,-0.06347333333333333
2021-06-28,Tech,0.05321733333333334
2021-06-28,Utilities,0.13274999999999998
2021-06-29,Comm,0.21665600000000002
2021-06-29,Consumer,-0.024838571428571425
2021-06-29,Energy,0.509124
2021-06-29,Financials,0.09911
2021-06-29,Healthcare,0.1072
2021-06-29,Industrials,0.17492000000000002
2021-06-29,Materials,0.00516
2021-06-29,RealEstate,-0.07636
2021-06-29,Tech,0.266095
2021-06-29,Utilities,0.32389999999999997
2021-06-30,Comm,0.25463909090909087
2021-06-30,Consumer,-0.027970238095238083
2021-06-30,Energy,0.24012333333333333
2021-06-30,Financials,0.04118844444444445
2021-06-30,Healthcare,0.132515
2021-06-30,Industrials,0.08970666666666666
2021-06-30,Materials,0.00516
2021-06-30,RealEstate,-0.07636
2021-06-30,Tech,0.062078666666666685
2021-06-30,Utilities,0.23137
2021-07-01,Comm,0.21166000000000001
2021-07-01,Consumer,0.102725
2021-07-01,Energy,0.09315999999999999
2021-07-01,Financials,0.1044458181818182
2021-07-01,Healthcare,0.0976
2021-07-01,Industrials,0.21637
2021-07-01,Materials,0.04562
2021-07-01,RealEstate,0.29901999999999995
2021-07-01,Tech,0.1283933333333333
2021-07-01,Utilities,0.20404999999999998
2021-07-02,Comm,0.0216
2021-07-02,Consumer,0.18076
2021-07-02,Energy,0.286435
2021-07-02,Financials,0.038106666666666664
2021-07-02,Healthcare,0.45387000000000005
2021-07-02,Industrials,0.031610000000000006
2021-07-02,Materials,0.10482
2021-07-02,RealEstate,0.5466
2021-07-02,Tech,-0.08425333333333333
2021-07-02,Utilities,0.20929999999999999
2021-07-06,Comm,0.08536
2021-07-06,Consumer,0.12166666666666666
2021-07-06,Energy,0.044146666666666654
2021-07-06,Financials,-0.1296565
2021-07-06,Healthcare,0.23586800000000002
2021-07-06,Industrials,0.09309999999999999
2021-07-06,Materials,0.12281
2021-07-06,RealEstate,0.37326
2021-07-06,Tech,0.16202333333333335
2021-07-06,Utilities,0.21589999999999998
2021-07-07,Comm,0.07236400000000001
2021-07-07,Consumer,0.1907725
2021-07-07,Energy,0.013188333333333333
2021-07-07,Financials,-0.12600142857142854
2021-07-07,Healthcare,0.24808
2021-07-07,Industrials,0.12718666666666667
2021-07-07,Materials,0.06817
2021-07-07,RealEstate,0.39932
2021-07-07,Tech,0.21429333333333336
2021-07-07,Utilities,0.18334
2021-07-08,Comm,0.16462000000000002
2021-07-08,Consumer,0.0016099999999999893
2021-07-08,Energy,0.15350533333333333
2021-07-08,Financials,0.10945111111111112
2021-07-08,Healthcare,0.11994500000000001
2021-07-08,Industrials,0.11898666666666666
2021-07-08,Materials,0.01032
2021-07-08,RealEstate,0.23211999999999997
2021-07-08,Tech,0.163475
2021-07-08,Utilities,0.18617
2021-07-09,Comm,0.26493333333333335
2021-07-09,Consumer,0.09102
2021-07-09,Energy,0.15546
2021-07-09,Financials,0.20595476190476192
2021-07-09,Healthcare,0.05778
2021-07-09,Industrials,0.04166
2021-07-09,Materials,0.01032
2021-07-09,RealEstate,0.08762
2021-07-09,Tech,0.11637499999999998
2021-07-09,Utilities,0.21349
2021-07-12,Comm,0.09792500000000001
2021-07-12,Consumer,0.09840222222222222
2021-07-12,Energy,0.20542833333333332
2021-07-12,Financials,0.15077380952380953
2021-07-12,Healthcare,0.07500333333333334
2021-07-12,Industrials,0.16555999999999998
2021-07-12,Materials,0.07636
2021-07-12,RealEstate,0.02842
2021-07-12,Tech,0.10748333333333333
2021-07-12,Utilities,0.09562666666666667
2021-07-13,Comm,0.11024
2021-07-13,Consumer,0.16199416666666666
2021-07-13,Energy,0.04046
2021-07-13,Financials,0.1380897435897436
2021-07-13,Healthcare,0.12481333333333333
2021-07-13,Industrials,-0.08556
2021-07-13,Materials,0.0
2021-07-13,RealEstate,0.02842
2021-07-13,Tech,0.16002
2021-07-13,Utilities,0.07824666666666667
2021-07-14,Comm,0.02266666666666667
2021-07-14,Consumer,0.052529000000000006
2021-07-14,Energy,0.08196
2021-07-14,Financials,0.13293692307692306
2021-07-14,Healthcare,0.2577333333333333
2021-07-14,Industrials,0.04404
2021-07-14,Materials,-0.059199999999999996
2021-07-14,RealEstate,0.02023
2021-07-14,Tech,0.013888000000000003
2021-07-14,Utilities,0.018866666666666677
2021-07-15,Comm,0.05035333333333334
2021-07-15,Consumer,0.04116083333333333
2021-07-15,Energy,0.11068133333333334
2021-07-15,Financials,0.04679361111111111
2021-07-15,Healthcare,0.07990333333333333
2021-07-15,Industrials,0.0
2021-07-15,Materials,0.021179999999999997
2021-07-15,RealEstate,0.0
2021-07-15,Tech,0.030106
2021-07-15,Utilities,0.04078666666666668
2021-07-16,Comm,0.017055999999999998
2021-07-16,Consumer,0.08981666666666666
2021-07-16,Energy,0.09062533333333334
2021-07-16,Financials,0.1601466666666667
2021-07-16,Healthcare,0.22715333333333332
2021-07-16,Industrials,0.07506
2021-07-16,Materials,0.14838
2021-07-16,RealEstate,0.0
2021-07-16,Tech,0.0740236923076923
2021-07-16,Utilities,0.13027000000000002
2021-07-19,Comm,0.27175666666666665
2021-07-19,Consumer,0.017716363636363638
2021-07-19,Energy,-0.13666166666666665
2021-07-19,Financials,0.15700275324675325
2021-07-19,Healthcare,-0.010580000000000003
2021-07-19,Industrials,0.058589999999999996
2021-07-19,Materials,0.05437000000000001
2021-07-19,RealEstate,-0.11438
2021-07-19,Tech,-0.058755476190476184
2021-07-19,Utilities,-0.02954
2021-07-20,Comm,0.321286
2021-07-20,Consumer,0.13879400000000003
2021-07-20,Energy,0.43355999999999995
2021-07-20,Financials,0.19368939393939394
2021-07-20,Healthcare,0.00996
2021-07-20,Industrials,0.058589999999999996
2021-07-20,Materials,0.06118
2021-07-20,RealEstate,-0.11438
2021-07-20,Tech,0.09946999999999999
2021-07-20,Utilities,-0.02954
2021-07-21,Comm,0.03065
2021-07-21,Consumer,0.10402625000000001
2021-07-21,Energy,0.29711333333333334
2021-07-21,Financials,0.22480809523809525
2021-07-21,Healthcare,0.0
2021-07-21,Industrials,0.059250000000000004
2021-07-21,Materials,0.011053333333333332
2021-07-21,RealEstate,-0.11438
2021-07-21,Tech,0.07971500000000001
2021-07-21,Utilities,-0.040819999999999995
2021-07-22,Comm,0.1972025
2021-07-22,Consumer,0.08915025000000001
2021-07-22,Energy,0.09316333333333333
2021-07-22,Financials,0.24903999999999998
2021-07-22,Healthcare,-0.033357142857142856
2021-07-22,Industrials,0.07470500000000001
2021-07-22,Materials,0.095724
2021-07-22,RealEstate,0.059199999999999996
2021-07-22,Tech,0.068195
2021-07-22,Utilities,0.096335
2021-07-23,Comm,0.10828666666666664
2021-07-23,Consumer,0.16142325
2021-07-23,Energy,0.238368
2021-07-23,Financials,0.10755
2021-07-23,Healthcare,-0.05
2021-07-23,Industrials,0.07255500000000001
2021-07-23,Materials,0.066364
2021-07-23,RealEstate,0.059199999999999996
2021-07-23,Tech,-0.038142333333333334
2021-07-23,Utilities,0.15548
2021-07-26,Comm,0.10838533333333333
2021-07-26,Consumer,0.11404325000000001
2021-07-26,Energy,0.15395266666666668
2021-07-26,Financials,0.023042857142857136
2021-07-26,Healthcare,0.15766
2021-07-26,Industrials,0.010603333333333334
2021-07-26,Materials,0.12980399999999997
2021-07-26,RealEstate,0.15591
2021-07-26,Tech,0.10098634615384613
2021-07-26,Utilities,0.27130333333333334
2021-07-27,Comm,0.049993333333333334
2021-07-27,Consumer,0.15872291666666666
2021-07-27,Energy,0.11397666666666666
2021-07-27,Financials,0.16570619047619048
2021-07-27,Healthcare,-0.03525999999999998
2021-07-27,Industrials,0.10027650793650793
2021-07-27,Materials,0.211464
2021-07-27,RealEstate,0.15591
2021-07-27,Tech,0.015841919191919192
2021-07-27,Utilities,0.21059333333333333
2021-07-28,Comm,0.04188666666666667
2021-07-28,Consumer,0.24356666666666665
2021-07-28,Energy,0.18828833333333334
2021-07-28,Financials,0.07306316666666665
2021-07-28,Healthcare,0.12277666666666669
2021-07-28,Industrials,0.19906888888888888
2021-07-28,Materials,0.211464
2021-07-28,RealEstate,0.12631
2021-07-28,Tech,0.10124714285714287
2021-07-28,Utilities,0.12256333333333332
2021-07-29,Comm,0.13379309523809524
2021-07-29,Consumer,0.1990632380952381
2021-07-29,Energy,0.12434133333333333
2021-07-29,Financials,0.25199
2021-07-29,Healthcare,0.09557716666666667
2021-07-29,Industrials,0.12869222222222224
2021-07-29,Materials,0.273094
2021-07-29,RealEstate,-0.068
2021-07-29,Tech,0.11806833333333333
2021-07-29,Utilities,0.09878
2021-07-30,Comm,0.06667000000000001
2021-07-30,Consumer,0.041459523809523814
2021-07-30,Energy,0.2095515909090909
2021-07-30,Financials,0.026839999999999996
2021-07-30,Healthcare,0.10626366666666667
2021-07-30,Industrials,0.08924422222222222
2021-07-30,Materials,0.24569999999999997
2021-07-30,RealEstate,-0.068
2021-07-30,Tech,0.154325
2021-07-30,Utilities,0.0
2021-08-02,Comm,0.06247333333333334
2021-08-02,Consumer,0.19744757575757577
2021-08-02,Energy,0.040445666666666664
2021-08-02,Financials,0.32739666666666667
2021-08-02,Healthcare,0.171493
2021-08-02,Industrials,0.08247333333333333
2021-08-02,Materials,0.18418
2021-08-02,RealEstate,-0.044020000000000004
2021-08-02,Tech,0.0845836507936508
2021-08-02,Utilities,-0.09324999999999999
2021-08-03,Comm,0.13033333333333333
2021-08-03,Consumer,0.07422571428571428
2021-08-03,Energy,0.24889666666666668
2021-08-03,Financials,0.213888
2021-08-03,Healthcare,0.16650133333333333
2021-08-03,Industrials,0.06224333333333333
2021-08-03,Materials,0.237605
2021-08-03,RealEstate,0.014569999999999994
2021-08-03,Tech,0.0825675
2021-08-03,Utilities,-0.09324999999999999
2021-08-04,Comm,0.14044
2021-08-04,Consumer,0.03111
2021-08-04,Energy,0.17738
2021-08-04,Financials,0.06202
2021-08-04,Healthcare,0.14198499999999997
2021-08-04,Industrials,0.11500999999999999
2021-08-04,Materials,0.0
2021-08-04,RealEstate,0.014569999999999994
2021-08-04,Tech,-0.027654166666666664
2021-08-04,Utilities,0.014450000000000001
2021-08-05,Comm,0.11742333333333335
2021-08-05,Consumer,0.26166500000000004
2021-08-05,Energy,0.08897866666666668
2021-08-05,Financials,-0.04152399999999999
2021-08-05,Healthcare,0.19514499999999999
2021-08-05,Industrials,0.141575
2021-08-05,Materials,0.0
2021-08-05,RealEstate,0.014569999999999994
2021-08-05,Tech,0.0809004761904762
2021-08-05,Utilities,0.17333333333333334
2021-08-06,Comm,0.10008333333333333
2021-08-06,Consumer,0.21716000000000002
2021-08-06,Energy,0.024866666666666683
2021-08-06,Financials,-0.04407833333333333
2021-08-06,Healthcare,0.13759
2021-08-06,Industrials,0.080815
2021-08-06,Materials,0.0
2021-08-06,RealEstate,0.0888
2021-08-06,Tech,0.06175200000000001
2021-08-06,Utilities,0.23984333333333333
2021-08-09,Comm,0.14785666666666666
2021-08-09,Consumer,0.12404181818181818
2021-08-09,Energy,-0.018156666666666647
2021-08-09,Financials,0.14374916666666668
2021-08-09,Healthcare,0.146725
2021-08-09,Industrials,0.16862333333333332
2021-08-09,Materials,0.018213333333333335
2021-08-09,RealEstate,0.083665
2021-08-09,Tech,0.043475
2021-08-09,Utilities,0.25077
2021-08-10,Comm,0.05222333333333333
2021-08-10,Consumer,0.056369999999999996
2021-08-10,Energy,-0.11564714285714287
2021-08-10,Financials,0.162755
2021-08-10,Healthcare,0.046906666666666666
2021-08-10,Industrials,0.07560333333333333
2021-08-10,Materials,0.01366
2021-08-10,RealEstate,0.27538
2021-08-10,Tech,0.014351
2021-08-10,Utilities,0.2008
2021-08-11,Comm,0.027790000000000016
2021-08-11,Consumer,0.04983
2021-08-11,Energy,0.11838666666666667
2021-08-11,Financials,0.14228666666666667
2021-08-11,Healthcare,0.13584666666666667
2021-08-11,Industrials,-0.06555400000000002
2021-08-11,Materials,-0.08430444444444445
2021-08-11,RealEstate,0.29412
2021-08-11,Tech,0.010115
2021-08-11,Utilities,0.17348
2021-08-12,Comm,0.2661266666666667
2021-08-12,Consumer,0.06666250000000001
2021-08-12,Energy,0.022860000000000002
2021-08-12,Financials,0.17793285714285714
2021-08-12,Healthcare,0.24107000000000003
2021-08-12,Industrials,-0.11466000000000001
2021-08-12,Materials,0.08038
2021-08-12,RealEstate,0.29412
2021-08-12,Tech,0.13406166666666666
2021-08-12,Utilities,0.10607
2021-08-13,Comm,0.23788333333333336
2021-08-13,Consumer,0.30790592105263154
2021-08-13,Energy,0.014799999999999999
2021-08-13,Financials,0.07516833333333332
2021-08-13,Healthcare,0.16148
2021-08-13,Industrials,-0.01928
2021-08-13,Materials,0.08038
2021-08-13,RealEstate,0.29412
2021-08-13,Tech,0.11764166666666667
2021-08-13,Utilities,0.14579999999999999
2021-08-16,Comm,0.08180261904761907
2021-08-16,Consumer,0.06066973684210526
2021-08-16,Energy,0.05001428571428572
2021-08-16,Financials,0.06406333333333333
2021-08-16,Healthcare,0.09712799999999999
2021-08-16,Industrials,0.04722499999999998
2021-08-16,Materials,0.04046
2021-08-16,RealEstate,0.10316999999999998
2021-08-16,Tech,0.11722666666666667
2021-08-16,Utilities,0.11480333333333334
2021-08-17,Comm,0.10211428571428571
2021-08-17,Consumer,0.05988922222222222
2021-08-17,Energy,-0.153445
2021-08-17,Financials,0.023705571428571427
2021-08-17,Healthcare,0.25926
2021-08-17,Industrials,0.16373500000000002
2021-08-17,Materials,0.14350000000000002
2021-08-17,RealEstate,0.19795
2021-08-17,Tech,-0.02628666666666667
2021-08-17,Utilities,0.14083
2021-08-18,Comm,-0.056956428571428575
2021-08-18,Consumer,0.07509816666666666
2021-08-18,Energy,0.017855
2021-08-18,Financials,0.133995
2021-08-18,Healthcare,0.21948000000000004
2021-08-18,Industrials,-0.025280000000000014
2021-08-18,Materials,0.12294000000000001
2021-08-18,RealEstate,0.41389999999999993
2021-08-18,Tech,0.30077175
2021-08-18,Utilities,0.14083
2021-08-19,Comm,-0.036111
2021-08-19,Consumer,0.10698333333333335
2021-08-19,Energy,0.03970404761904761
2021-08-19,Financials,0.25477
2021-08-19,Healthcare,0.17089000000000001
2021-08-19,Industrials,-0.06124
2021-08-19,Materials,0.11207
2021-08-19,RealEstate,0.41450999999999993
2021-08-19,Tech,0.0635257142857143
2021-08-19,Utilities,0.14083
2021-08-20,Comm,0.030883333333333336
2021-08-20,Consumer,0.14573466666666668
2021-08-20,Energy,-0.172215
2021-08-20,Financials,0.02708
2021-08-20,Healthcare,0.15946000000000002
2021-08-20,Industrials,-0.11474999999999999
2021-08-20,Materials,0.12021
2021-08-20,RealEstate,0.36837
2021-08-20,Tech,-0.014069999999999994
2021-08-20,Utilities,0.35269999999999996
2021-08-23,Comm,0.21510166666666666
2021-08-23,Consumer,0.031409285714285716
2021-08-23,Energy,0.09965530303030304
2021-08-23,Financials,0.17448
2021-08-23,Healthcare,-0.055709999999999996
2021-08-23,Industrials,0.06836333333333333
2021-08-23,Materials,0.16943999999999998
2021-08-23,RealEstate,0.28863
2021-08-23,Tech,0.10318545454545455
2021-08-23,Utilities,0.12994
2021-08-24,Comm,0.3282
2021-08-24,Consumer,0.019065714285714287
2021-08-24,Energy,0.022696666666666664
2021-08-24,Financials,0.13621
2021-08-24,Healthcare,0.10170333333333334
2021-08-24,Industrials,0.2178
2021-08-24,Materials,0.12083999999999999
2021-08-24,RealEstate,0.22283999999999998
2021-08-24,Tech,0.00973936507936508
2021-08-24,Utilities,0.08763333333333333
2021-08-25,Comm,0.3467866666666667
2021-08-25,Consumer,0.14315938095238095
2021-08-25,Energy,0.05494333333333333
2021-08-25,Financials,0.22293333333333334
2021-08-25,Healthcare,0.05234
2021-08-25,Industrials,0.17446
2021-08-25,Materials,0.04046
2021-08-25,RealEstate,0.16002
2021-08-25,Tech,0.01366
2021-08-25,Utilities,0.10913999999999999
2021-08-26,Comm,0.29781
2021-08-26,Consumer,0.12436049999999998
2021-08-26,Energy,0.055644000000000006
2021-08-26,Financials,-0.0505
2021-08-26,Healthcare,0.08684
2021-08-26,Industrials,0.0
2021-08-26,Materials,0.09966
2021-08-26,RealEstate,0.16002
2021-08-26,Tech,0.18797099999999997
2021-08-26,Utilities,0.10913999999999999
2021-08-27,Comm,0.43975
2021-08-27,Consumer,0.05777272727272727
2021-08-27,Energy,0.002534999999999998
2021-08-27,Financials,0.07888
2021-08-27,Healthcare,0.2544433333333333
2021-08-27,Industrials,0.09516166666666667
2021-08-27,Materials,0.19844
2021-08-27,RealEstate,0.08849
2021-08-27,Tech,-0.010700000000000005
2021-08-27,Utilities,0.15914
2021-08-30,Comm,0.181382
2021-08-30,Consumer,0.15870595238095236
2021-08-30,Energy,-0.1371757142857143
2021-08-30,Financials,0.08292000000000001
2021-08-30,Healthcare,0.1803566666666667
2021-08-30,Industrials,0.09005166666666667
2021-08-30,Materials,0.11148
2021-08-30,RealEstate,0.001999999999999999
2021-08-30,Tech,0.2700786666666667
2021-08-30,Utilities,0.21960000000000002
2021-08-31,Comm,0.12099866666666666
2021-08-31,Consumer,0.06124047619047619
2021-08-31,Energy,0.08014733333333332
2021-08-31,Financials,0.19993285714285713
2021-08-31,Healthcare,-0.01909
2021-08-31,Industrials,0.2168016666666667
2021-08-31,Materials,0.1341466666666667
2021-08-31,RealEstate,0.029599999999999998
2021-08-31,Tech,0.020035
2021-08-31,Utilities,0.02075
2021-09-01,Comm,0.12099866666666666
2021-09-01,Consumer,0.24788095238095237
2021-09-01,Energy,-0.06276238095238094
2021-09-01,Financials,0.081215
2021-09-01,Healthcare,0.07129666666666666
2021-09-01,Industrials,0.111595
2021-09-01,Materials,0.11148
2021-09-01,RealEstate,0.08424000000000001
2021-09-01,Tech,-0.02976333333333333
2021-09-01,Utilities,0.07665999999999999
2021-09-02,Comm,0.040642
2021-09-02,Consumer,0.024860666666666663
2021-09-02,Energy,0.2158341794871795
2021-09-02,Financials,0.18016066666666666
2021-09-02,Healthcare,0.12527333333333332
2021-09-02,Industrials,0.05753499999999999
2021-09-02,Materials,0.0
2021-09-02,RealEstate,0.05464
2021-09-02,Tech,0.25962999999999997
2021-09-02,Utilities,0.18314
2021-09-03,Comm,0.18952666666666668
2021-09-03,Consumer,0.20468666666666668
2021-09-03,Energy,0.14354178571428572
2021-09-03,Financials,0.07333333333333333
2021-09-03,Healthcare,0.12527333333333332
2021-09-03,Industrials,0.09151000000000001
2021-09-03,Materials,0.0
2021-09-03,RealEstate,0.06495999999999999
2021-09-03,Tech,0.2505233333333333
2021-09-03,Utilities,0.21046
2021-09-07,Comm,0.26884
2021-09-07,Consumer,0.19995857142857143
2021-09-07,Energy,0.20011433333333334
2021-09-07,Financials,-0.06371250000000002
2021-09-07,Healthcare,0.2293216666666667
2021-09-07,Industrials,0.159808
2021-09-07,Materials,0.02679333333333333
2021-09-07,RealEstate,0.12201999999999999
2021-09-07,Tech,0.1948952380952381
2021-09-07,Utilities,0.045766666666666664
2021-09-08,Comm,0.25418166666666664
2021-09-08,Consumer,0.103635
2021-09-08,Energy,0.18531142857142857
2021-09-08,Financials,0.16177000000000002
2021-09-08,Healthcare,-0.02143
2021-09-08,Industrials,0.23692666666666665
2021-09-08,Materials,-0.10744000000000001
2021-09-08,RealEstate,0.07954
2021-09-08,Tech,0.16455
2021-09-08,Utilities,0.018446666666666663
2021-09-09,Comm,-0.07891285714285715
2021-09-09,Consumer,0.06483666666666667
2021-09-09,Energy,0.30797942857142857
2021-09-09,Financials,-0.03893500000000001
2021-09-09,Healthcare,0.008284523809523818
2021-09-09,Industrials,0.15674
2021-09-09,Materials,-0.07902
2021-09-09,RealEstate,0.06282
2021-09-09,Tech,0.18947166666666665
2021-09-09,Utilities,0.018446666666666663
2021-09-10,Comm,0.16050999999999999
2021-09-10,Consumer,0.16809866666666667
2021-09-10,Energy,0.050124999999999996
2021-09-10,Financials,-0.10399666666666665
2021-09-10,Healthcare,-0.04741547619047618
2021-09-10,Industrials,-0.02471
2021-09-10,Materials,-0.14701999999999998
2021-09-10,RealEstate,0.13578666666666667
2021-09-10,Tech,-0.10527333333333336
2021-09-10,Utilities,0.12476666666666666
2021-09-13,Comm,0.24411571428571427
2021-09-13,Consumer,0.1336848051948052
2021-09-13,Energy,0.06427607142857143
2021-09-13,Financials,0.047966666666666664
2021-09-13,Healthcare,0.26873111111111114
2021-09-13,Industrials,0.060873333333333335
2021-09-13,Materials,0.07007333333333333
2021-09-13,RealEstate,0.0
2021-09-13,Tech,0.05269966666666666
2021-09-13,Utilities,0.05704666666666667
2021-09-14,Comm,0.12824333333333332
2021-09-14,Consumer,0.15592833333333334
2021-09-14,Energy,0.02529
2021-09-14,Financials,0.133525
2021-09-14,Healthcare,0.2563311111111111
2021-09-14,Industrials,0.019733333333333332
2021-09-14,Materials,0.13493333333333332
2021-09-14,RealEstate,0.20424000000000003
2021-09-14,Tech,0.194275
2021-09-14,Utilities,0.02972666666666666
2021-09-15,Comm,0.10630633333333332
2021-09-15,Consumer,0.02382
2021-09-15,Energy,-0.03437066666666667
2021-09-15,Financials,0.19832333333333335
2021-09-15,Healthcare,0.21820166666666668
2021-09-15,Industrials,0.009983333333333334
2021-09-15,Materials,0.13493333333333332
2021-09-15,RealEstate,0.10212000000000002
2021-09-15,Tech,0.09602428571428571
2021-09-15,Utilities,0.43908
2021-09-16,Comm,0.08634
2021-09-16,Consumer,-0.022213999999999994
2021-09-16,Energy,-0.021932
2021-09-16,Financials,0.1476
2021-09-16,Healthcare,0.27022
2021-09-16,Industrials,0.04652666666666667
2021-09-16,Materials,0.059199999999999996
2021-09-16,RealEstate,0.014100000000000001
2021-09-16,Tech,0.20064333333333334
2021-09-16,Utilities,0.39484
2021-09-17,Comm,0.08275009523809525
2021-09-17,Consumer,0.23132133333333335
2021-09-17,Energy,0.008574666666666664
2021-09-17,Financials,0.13742666666666667
2021-09-17,Healthcare,0.034284999999999996
2021-09-17,Industrials,0.019733333333333332
2021-09-17,Materials,0.12798
2021-09-17,RealEstate,-0.08556
2021-09-17,Tech,-0.004446666666666654
2021-09-17,Utilities,0.33120000000000005
2021-09-20,Comm,0.3034075757575757
2021-09-20,Consumer,0.1654626153846154
2021-09-20,Energy,0.053949000000000004
2021-09-20,Financials,-0.0891647619047619
2021-09-20,Healthcare,0.06995133333333335
2021-09-20,Industrials,-0.002529999999999993
2021-09-20,Materials,0.12561
2021-09-20,RealEstate,0.058589999999999996
2021-09-20,Tech,0.2929433333333334
2021-09-20,Utilities,0.25273
2021-09-21,Comm,0.22721333333333335
2021-09-21,Consumer,0.11219888888888888
2021-09-21,Energy,0.12421
2021-09-21,Financials,-0.020776999999999997
2021-09-21,Healthcare,0.09808800000000001
2021-09-21,Industrials,-0.02263
2021-09-21,Materials,0.05484666666666667
2021-09-21,RealEstate,0.034
2021-09-21,Tech,0.1111717857142857
2021-09-21,Utilities,0.31491
2021-09-22,Comm,0.15978399999999998
2021-09-22,Consumer,0.24298333333333333
2021-09-22,Energy,0.09969333333333334
2021-09-22,Financials,0.10247904761904762
2021-09-22,Healthcare,-0.06726
2021-09-22,Industrials,0.029360000000000004
2021-09-22,Materials,0.03682
2021-09-22,RealEstate,0.09469000000000001
2021-09-22,Tech,0.08091866666666667
2021-09-22,Utilities,0.34843999999999997
2021-09-23,Comm,0.04259
2021-09-23,Consumer,0.22173380952380956
2021-09-23,Energy,0.17425166666666664
2021-09-23,Financials,0.07460800000000001
2021-09-23,Healthcare,0.219124
2021-09-23,Industrials,0.26409333333333335
2021-09-23,Materials,0.03682
2021-09-23,RealEstate,0.09469000000000001
2021-09-23,Tech,0.04324833333333335
2021-09-23,Utilities,0.25147
2021-09-24,Comm,-0.02844
2021-09-24,Consumer,0.07220925
2021-09-24,Energy,0.036939999999999994
2021-09-24,Financials,0.1464
2021-09-24,Healthcare,-0.020922666666666666
2021-09-24,Industrials,0.03953333333333334
2021-09-24,Materials,0.04019
2021-09-24,RealEstate,0.07446
2021-09-24,Tech,0.17522000000000001
2021-09-24,Utilities,0.25147
2021-09-27,Comm,0.15547000000000002
2021-09-27,Consumer,0.1272409523809524
2021-09-27,Energy,0.003622222222222221
2021-09-27,Financials,0.150233
2021-09-27,Healthcare,0.263595
2021-09-27,Industrials,0.042776
2021-09-27,Materials,0.08038
2021-09-27,RealEstate,0.14803
2021-09-27,Tech,0.18366033333333334
2021-09-27,Utilities,0.24369000000000002
2021-09-28,Comm,0.140023
2021-09-28,Consumer,0.10505333333333333
2021-09-28,Energy,0.0075466666666666685
2021-09-28,Financials,0.2564447619047619
2021-09-28,Healthcare,0.18062133333333333
2021-09-28,Industrials,0.10014266666666667
2021-09-28,Materials,0.04019
2021-09-28,RealEstate,0.25337
2021-09-28,Tech,0.151244
2021-09-28,Utilities,0.11893500000000001
2021-09-29,Comm,-0.054200000000000005
2021-09-29,Consumer,0.18826900000000002
2021-09-29,Energy,0.0408197619047619
2021-09-29,Financials,0.19233
2021-09-29,Healthcare,0.27834166666666665
2021-09-29,Industrials,0.15802266666666667
2021-09-29,Materials,0.04019
2021-09-29,RealEstate,0.13494
2021-09-29,Tech,0.2259253333333333
2021-09-29,Utilities,0.171605
2021-09-30,Comm,0.10342666666666667
2021-09-30,Consumer,0.08550666666666666
2021-09-30,Energy,0.09925333333333333
2021-09-30,Financials,0.07618133333333332
2021-09-30,Healthcare,0.0035899999999999986
2021-09-30,Industrials,0.13932666666666665
2021-09-30,Materials,0.12498000000000001
2021-09-30,RealEstate,0.15044
2021-09-30,Tech,0.16957166666666665
2021-09-30,Utilities,-0.007573333333333332
2021-10-01,Comm,0.24498999999999999
2021-10-01,Consumer,0.19297961904761904
2021-10-01,Energy,0.16495333333333334
2021-10-01,Financials,0.1536286666666667
2021-10-01,Healthcare,0.018995555555555554
2021-10-01,Industrials,0.15698666666666666
2021-10-01,Materials,0.12498000000000001
2021-10-01,RealEstate,0.12083999999999999
2021-10-01,Tech,-0.171766
2021-10-01,Utilities,-0.007639999999999999
2021-10-04,Comm,0.018139999999999996
2021-10-04,Consumer,0.18449090476190477
2021-10-04,Energy,0.20055833333333334
2021-10-04,Financials,0.036401
2021-10-04,Healthcare,0.09252160000000001
2021-10-04,Industrials,0.096746
2021-10-04,Materials,0.12498000000000001
2021-10-04,RealEstate,0.0
2021-10-04,Tech,0.16395857142857145
2021-10-04,Utilities,-0.05553333333333334
2021-10-05,Comm,-0.004519999999999999
2021-10-05,Consumer,-0.021574666666666666
2021-10-05,Energy,0.21606
2021-10-05,Financials,0.0472
2021-10-05,Healthcare,0.040473999999999996
2021-10-05,Industrials,0.019733333333333332
2021-10-05,Materials,-0.00411999999999999
2021-10-05,RealEstate,0.0
2021-10-05,Tech,0.13896000000000003
2021-10-05,Utilities,0.021766666666666667
2021-10-06,Comm,0.021336666666666667
2021-10-06,Consumer,0.166974
2021-10-06,Energy,0.28916
2021-10-06,Financials,0.12173333333333333
2021-10-06,Healthcare,0.08540666666666667
2021-10-06,Industrials,-0.143421
2021-10-06,Materials,0.1747809523809524
2021-10-06,RealEstate,0.14811000000000002
2021-10-06,Tech,0.1050845
2021-10-06,Utilities,0.021766666666666667
2021-10-07,Comm,0.23674166666666668
2021-10-07,Consumer,0.06719
2021-10-07,Energy,0.11381857142857141
2021-10-07,Financials,0.062368
2021-10-07,Healthcare,0.11442266666666667
2021-10-07,Industrials,-0.100486
2021-10-07,Materials,0.19962
2021-10-07,RealEstate,0.14811000000000002
2021-10-07,Tech,-0.010751666666666677
2021-10-07,Utilities,0.12054666666666666
2021-10-08,Comm,0.09957
2021-10-08,Consumer,0.07654999999999998
2021-10-08,Energy,0.13416571428571428
2021-10-08,Financials,0.14272
2021-10-08,Healthcare,0.08892866666666666
2021-10-08,Industrials,-0.061316
2021-10-08,Materials,0.27538
2021-10-08,RealEstate,0.27549
2021-10-08,Tech,0.05983433333333334
2021-10-08,Utilities,0.12054666666666666
2021-10-11,Comm,0.18658333333333332
2021-10-11,Consumer,0.10502971861471862
2021-10-11,Energy,0.11508666666666667
2021-10-11,Financials,0.16343003663003663
2021-10-11,Healthcare,0.04161923076923077
2021-10-11,Industrials,0.37551999999999996
2021-10-11,Materials,0.1889
2021-10-11,RealEstate,0.08038
2021-10-11,Tech,0.07834266666666667
2021-10-11,Utilities,0.15591666666666665
2021-10-12,Comm,0.27293
2021-10-12,Consumer,0.1514995
2021-10-12,Energy,0.1286
2021-10-12,Financials,0.08390500000000001
2021-10-12,Healthcare,0.22478571428571428
2021-10-12,Industrials,0.29122
2021-10-12,Materials,0.06917
2021-10-12,RealEstate,0.08038
2021-10-12,Tech,0.21382933333333334
2021-10-12,Utilities,0.15591666666666665
2021-10-13,Comm,-0.01207666666666667
2021-10-13,Consumer,0.097222
2021-10-13,Energy,0.17314666666666667
2021-10-13,Financials,0.136771
2021-10-13,Healthcare,-0.055432
2021-10-13,Industrials,0.0965
2021-10-13,Materials,0.142105
2021-10-13,RealEstate,0.20754
2021-10-13,Tech,0.11946333333333334
2021-10-13,Utilities,0.02903000000000001
2021-10-14,Comm,-0.09812499999999999
2021-10-14,Consumer,0.2279002380952381
2021-10-14,Energy,0.11113500000000001
2021-10-14,Financials,0.28640611904761903
2021-10-14,Healthcare,0.0
2021-10-14,Industrials,0.15963
2021-10-14,Materials,-0.032320000000000015
2021-10-14,RealEstate,0.19206333333333334
2021-10-14,Tech,0.07378599999999999
2021-10-14,Utilities,0.020450000000000003
2021-10-15,Comm,0.035234999999999995
2021-10-15,Consumer,0.41039523809523815
2021-10-15,Energy,0.173063
2021-10-15,Financials,0.2152540873015873
2021-10-15,Healthcare,0.1066
2021-10-15,Industrials,0.228335
2021-10-15,Materials,-0.032320000000000015
2021-10-15,RealEstate,0.21822
2021-10-15,Tech,0.12802
2021-10-15,Utilities,0.19592
2021-10-18,Comm,0.26771
2021-10-18,Consumer,0.1389889393939394
2021-10-18,Energy,0.09308
2021-10-18,Financials,0.03196966666666666
2021-10-18,Healthcare,0.23418085714285714
2021-10-18,Industrials,0.12445333333333333
2021-10-18,Materials,0.033460000000000004
2021-10-18,RealEstate,0.15698
2021-10-18,Tech,0.07923111904761904
2021-10-18,Utilities,0.26382000000000005
2021-10-19,Comm,0.16258666666666666
2021-10-19,Consumer,0.11935791666666669
2021-10-19,Energy,0.23352599999999998
2021-10-19,Financials,-0.1389766666666667
2021-10-19,Healthcare,0.03384714285714286
2021-10-19,Industrials,0.08896
2021-10-19,Materials,0.07392
2021-10-19,RealEstate,0.10595999999999998
2021-10-19,Tech,0.2747116666666667
2021-10-19,Utilities,0.03612
2021-10-20,Comm,0.21756666666666663
2021-10-20,Consumer,0.26698
2021-10-20,Energy,0.22690166666666664
2021-10-20,Financials,-0.030470000000000004
2021-10-20,Healthcare,0.06966399999999999
2021-10-20,Industrials,0.02940000000000001
2021-10-20,Materials,-0.01779
2021-10-20,RealEstate,0.15596
2021-10-20,Tech,0.13825333333333334
2021-10-20,Utilities,0.182548
2021-10-21,Comm,-0.01299357142857142
2021-10-21,Consumer,0.003927
2021-10-21,Energy,0.13354166666666667
2021-10-21,Financials,0.024579285714285713
2021-10-21,Healthcare,0.24110499999999999
2021-10-21,Industrials,0.05244
2021-10-21,Materials,0.08891833333333335
2021-10-21,RealEstate,0.128
2021-10-21,Tech,0.087662
2021-10-21,Utilities,0.182548
2021-10-22,Comm,0.23778833333333335
2021-10-22,Consumer,0.08992666666666668
2021-10-22,Energy,0.1351022857142857
2021-10-22,Financials,-0.09915333333333334
2021-10-22,Healthcare,0.090161
2021-10-22,Industrials,0.18987
2021-10-22,Materials,0.18731333333333333
2021-10-22,RealEstate,0.1836
2021-10-22,Tech,0.21745066666666668
2021-10-22,Utilities,0.269428
2021-10-25,Comm,0.41015100000000004
2021-10-25,Consumer,0.11121433333333333
2021-10-25,Energy,0.17395373015873017
2021-10-25,Financials,0.008700833333333335
2021-10-25,Healthcare,0.03323
2021-10-25,Industrials,0.030143333333333345
2021-10-25,Materials,0.16006333333333334
2021-10-25,RealEstate,0.03055
2021-10-25,Tech,-0.02313166666666666
2021-10-25,Utilities,0.34687999999999997
2021-10-26,Comm,0.2707571428571428
2021-10-26,Consumer,0.023364
2021-10-26,Energy,0.20035333333333333
2021-10-26,Financials,0.15556333333333333
2021-10-26,Healthcare,-0.08076833333333333
2021-10-26,Industrials,0.05543866666666666
2021-10-26,Materials,0.12452333333333332
2021-10-26,RealEstate,0.10883000000000001
2021-10-26,Tech,0.09469119047619048
2021-10-26,Utilities,0.22793999999999998
2021-10-27,Comm,0.3082971428571429
2021-10-27,Consumer,0.20314083333333333
2021-10-27,Energy,0.021904285714285716
2021-10-27,Financials,0.05774761904761905
2021-10-27,Healthcare,0.13348642857142856
2021-10-27,Industrials,0.011033333333333329
2021-10-27,Materials,0.17522333333333331
2021-10-27,RealEstate,0.027600000000000006
2021-10-27,Tech,0.09342185714285715
2021-10-27,Utilities,0.07582
2021-10-28,Comm,0.17975
2021-10-28,Consumer,0.0068558333333333275
2021-10-28,Energy,0.08302833333333333
2021-10-28,Financials,0.13113928571428574
2021-10-28,Healthcare,0.10892876923076922
2021-10-28,Industrials,0.14222581818181818
2021-10-28,Materials,0.07951
2021-10-28,RealEstate,0.16318
2021-10-28,Tech,0.25319
2021-10-28,Utilities,-0.023719999999999998
2021-10-29,Comm,0.18426
2021-10-29,Consumer,0.06731133333333332
2021-10-29,Energy,0.34194722222222224
2021-10-29,Financials,0.19227733333333333
2021-10-29,Healthcare,0.08928063025210084
2021-10-29,Industrials,0.02379
2021-10-29,Materials,0.06506999999999999
2021-10-29,RealEstate,0.14464333333333335
2021-10-29,Tech,0.13058133333333333
2021-10-29,Utilities,0.07111
2021-11-01,Comm,0.147205
2021-11-01,Consumer,0.10802833333333335
2021-11-01,Energy,0.19116916666666667
2021-11-01,Financials,0.20181900000000003
2021-11-01,Healthcare,0.2846013333333334
2021-11-01,Industrials,0.053570000000000007
2021-11-01,Materials,-0.01531
2021-11-01,RealEstate,0.043289999999999995
2021-11-01,Tech,0.25267833333333334
2021-11-01,Utilities,0.23079999999999998
2021-11-02,Comm,0.23997000000000002
2021-11-02,Consumer,0.18696400000000002
2021-11-02,Energy,0.16088666666666668
2021-11-02,Financials,0.04775214285714286
2021-11-02,Healthcare,0.2376333333333333
2021-11-02,Industrials,0.032240000000000005
2021-11-02,Materials,-0.13376363636363636
2021-11-02,RealEstate,0.05677666666666666
2021-11-02,Tech,0.15081666666666665
2021-11-02,Utilities,0.17616
2021-11-03,Comm,0.1210305
2021-11-03,Consumer,0.17677380952380953
2021-11-03,Energy,0.2001
2021-11-03,Financials,0.09209
2021-11-03,Healthcare,0.20703333333333332
2021-11-03,Industrials,0.02863
2021-11-03,Materials,-0.11845363636363634
2021-11-03,RealEstate,0.05677666666666666
2021-11-03,Tech,0.20185400000000003
2021-11-03,Utilities,0.09895000000000001
2021-11-04,Comm,0.13950533333333331
2021-11-04,Consumer,0.10844666666666666
2021-11-04,Energy,0.20731833333333335
2021-11-04,Financials,0.22290000000000001
2021-11-04,Healthcare,0.15223939393939392
2021-11-04,Industrials,-0.024639999999999995
2021-11-04,Materials,-0.11194
2021-11-04,RealEstate,0.1357
2021-11-04,Tech,0.2003686944634313
2021-11-04,Utilities,0.15260500000000002
2021-11-05,Comm,0.18048666666666666
2021-11-05,Consumer,0.27509
2021-11-05,Energy,0.21077833333333335
2021-11-05,Financials,0.10617999999999998
2021-11-05,Healthcare,0.26802000000000004
2021-11-05,Industrials,0.2154333333333333
2021-11-05,Materials,0.04215
2021-11-05,RealEstate,0.0765
2021-11-05,Tech,-0.023136666666666656
2021-11-05,Utilities,0.13907833333333336
2021-11-08,Comm,-0.15794666666666668
2021-11-08,Consumer,0.09303066666666666
2021-11-08,Energy,0.14157866666666669
2021-11-08,Financials,0.015729999999999997
2021-11-08,Healthcare,0.14769092307692305
2021-11-08,Industrials,0.009496666666666664
2021-11-08,Materials,0.094256
2021-11-08,RealEstate,0.00996
2021-11-08,Tech,0.063098
2021-11-08,Utilities,0.06551
2021-11-09,Comm,-0.01454000000000002
2021-11-09,Consumer,0.10217999999999998
2021-11-09,Energy,0.058188
2021-11-09,Financials,0.04347333333333333
2021-11-09,Healthcare,0.1305575
2021-11-09,Industrials,0.07014625
2021-11-09,Materials,0.15345599999999998
2021-11-09,RealEstate,0.13899
2021-11-09,Tech,0.11493666666666669
2021-11-09,Utilities,-0.012599999999999995
2021-11-10,Comm,-0.18147333333333332
2021-11-10,Consumer,0.13460717948717948
2021-11-10,Energy,0.013239999999999993
2021-11-10,Financials,0.049413
2021-11-10,Healthcare,-0.006000000000000007
2021-11-10,Industrials,-0.0963516666666667
2021-11-10,Materials,0.18454933333333334
2021-11-10,RealEstate,0.13899
2021-11-10,Tech,0.09087277777777779
2021-11-10,Utilities,0.06777999999999999
2021-11-11,Comm,-0.014333333333333347
2021-11-11,Consumer,0.030333600000000006
2021-11-11,Energy,0.045579999999999996
2021-11-11,Financials,0.036383000000000006
2021-11-11,Healthcare,0.19598666666666667
2021-11-11,Industrials,0.133815
2021-11-11,Materials,0.15814333333333336
2021-11-11,RealEstate,0.23664000000000002
2021-11-11,Tech,0.19683439393939395
2021-11-11,Utilities,0.02474
2021-11-12,Comm,0.058373333333333347
2021-11-12,Consumer,-0.015451428571428566
2021-11-12,Energy,0.045579999999999996
2021-11-12,Financials,0.004248000000000002
2021-11-12,Healthcare,0.117395
2021-11-12,Industrials,0.27281
2021-11-12,Materials,0.17187999999999998
2021-11-12,RealEstate,0.16812
2021-11-12,Tech,0.08585499999999999
2021-11-12,Utilities,0.10904
2021-11-15,Comm,0.129412
2021-11-15,Consumer,-0.02384780701754386
2021-11-15,Energy,0.017591666666666672
2021-11-15,Financials,0.21119428571428572
2021-11-15,Healthcare,0.10009666666666668
2021-11-15,Industrials,0.22657500000000003
2021-11-15,Materials,0.21767333333333333
2021-11-15,RealEstate,0.1699986666666667
2021-11-15,Tech,0.14626166666666668
2021-11-15,Utilities,0.39994999999999997
2021-11-16,Comm,0.0203
2021-11-16,Consumer,0.09876221014492753
2021-11-16,Energy,-0.032016
2021-11-16,Financials,0.144544
2021-11-16,Healthcare,0.166726
2021-11-16,Industrials,0.070465
2021-11-16,Materials,0.16397333333333333
2021-11-16,RealEstate,0.15507666666666667
2021-11-16,Tech,0.2018772727272727
2021-11-16,Utilities,0.20591999999999996
2021-11-17,Comm,-0.0023999999999999994
2021-11-17,Consumer,0.2867257142857143
2021-11-17,Energy,-0.009854285714285715
2021-11-17,Financials,0.005269323308270675
2021-11-17,Healthcare,0.258895
2021-11-17,Industrials,0.07259333333333333
2021-11-17,Materials,0.23429333333333333
2021-11-17,RealEstate,0.16519166666666668
2021-11-17,Tech,0.09941343137254902
2021-11-17,Utilities,0.28803999999999996
2021-11-18,Comm,0.09115
2021-11-18,Consumer,0.13585857142857144
2021-11-18,Energy,-0.02236666666666667
2021-11-18,Financials,0.2992
2021-11-18,Healthcare,0.04713000000000001
2021-11-18,Industrials,0.12729333333333331
2021-11-18,Materials,0.1696
2021-11-18,RealEstate,0.3014166666666666
2021-11-18,Tech,0.1034529392446634
2021-11-18,Utilities,0.059199999999999996
2021-11-19,Comm,0.04325
2021-11-19,Consumer,0.086488
2021-11-19,Energy,-0.0799804761904762
2021-11-19,Financials,0.18721866666666664
2021-11-19,Healthcare,0.13001000000000001
2021-11-19,Industrials,0.0066500000000000005
2021-11-19,Materials,0.09324
2021-11-19,RealEstate,0.3014166666666666
2021-11-19,Tech,0.09595473684210526
2021-11-19,Utilities,0.17637999999999998
2021-11-22,Comm,0.05504833333333333
2021-11-22,Consumer,0.11859752380952382
2021-11-22,Energy,-0.11720333333333333
2021-11-22,Financials,0.28179999999999994
2021-11-22,Healthcare,-0.09375214285714285
2021-11-22,Industrials,0.091125
2021-11-22,Materials,0.25709499999999996
2021-11-22,RealEstate,0.24979666666666667
2021-11-22,Tech,0.18750116666666666
2021-11-22,Utilities,0.21952666666666665
2021-11-23,Comm,0.13581400000000002
2021-11-23,Consumer,0.13702766666666666
2021-11-23,Energy,0.23304399999999997
2021-11-23,Financials,0.064789
2021-11-23,Healthcare,0.017700000000000004
2021-11-23,Industrials,0.14454
2021-11-23,Materials,0.19970000000000002
2021-11-23,RealEstate,0.19996666666666668
2021-11-23,Tech,0.33617600000000003
2021-11-23,Utilities,0.15118
2021-11-24,Comm,0.19305499999999998
2021-11-24,Consumer,0.06570266666666666
2021-11-24,Energy,0.10753733333333333
2021-11-24,Financials,0.10677999999999999
2021-11-24,Healthcare,-0.24781999999999998
2021-11-24,Industrials,0.04576
2021-11-24,Materials,0.08092
2021-11-24,RealEstate,0.25916666666666666
2021-11-24,Tech,-0.004705555555555551
2021-11-24,Utilities,0.21918
2021-11-26,Comm,0.08984666666666666
2021-11-26,Consumer,0.27336733333333335
2021-11-26,Energy,-0.03554
2021-11-26,Financials,-0.07245966666666667
2021-11-26,Healthcare,0.004666666666666664
2021-11-26,Industrials,0.016
2021-11-26,Materials,0.04046
2021-11-26,RealEstate,0.2823966666666667
2021-11-26,Tech,0.02046
2021-11-26,Utilities,0.21918
2021-11-29,Comm,-0.12824
2021-11-29,Consumer,0.04122575757575757
2021-11-29,Energy,0.0037500000000000033
2021-11-29,Financials,0.05996433333333333
2021-11-29,Healthcare,0.10093717948717948
2021-11-29,Industrials,0.02026
2021-11-29,Materials,0.04046
2021-11-29,RealEstate,0.12578
2021-11-29,Tech,0.12805257142857143
2021-11-29,Utilities,0.26673
2021-11-30,Comm,-0.11933
2021-11-30,Consumer,0.21220733333333333
2021-11-30,Energy,0.03344499999999998
2021-11-30,Financials,0.19243466666666667
2021-11-30,Healthcare,0.09838761904761906
2021-11-30,Industrials,0.04284666666666667
2021-11-30,Materials,0.08065
2021-11-30,RealEstate,0.0
2021-11-30,Tech,0.02141722222222222
2021-11-30,Utilities,0.21913
2021-12-01,Comm,0.14463333333333334
2021-12-01,Consumer,-0.080848
2021-12-01,Energy,0.21672333333333332
2021-12-01,Financials,0.021405
2021-12-01,Healthcare,-0.048593333333333336
2021-12-01,Industrials,-0.08699
2021-12-01,Materials,0.0005000000000000004
2021-12-01,RealEstate,0.04046
2021-12-01,Tech,-0.06669999999999998
2021-12-01,Utilities,0.08981
2021-12-02,Comm,-0.064
2021-12-02,Consumer,0.12208357142857143
2021-12-02,Energy,0.11395873015873015
2021-12-02,Financials,-0.008119166666666655
2021-12-02,Healthcare,-0.12022666666666666
2021-12-02,Industrials,-0.0025499999999999993
2021-12-02,Materials,-0.18216666666666667
2021-12-02,RealEstate,0.22946
2021-12-02,Tech,0.17711696969696972
2021-12-02,Utilities,0.02732
2021-12-03,Comm,-0.021913333333333333
2021-12-03,Consumer,0.22299014285714286
2021-12-03,Energy,0.07136166666666667
2021-12-03,Financials,0.007251999999999992
2021-12-03,Healthcare,0.21332833333333334
2021-12-03,Industrials,0.12738
2021-12-03,Materials,0.011770000000000001
2021-12-03,RealEstate,0.02109999999999999
2021-12-03,Tech,0.14342482142857144
2021-12-03,Utilities,0.19344
2021-12-06,Comm,0.037622222222222224
2021-12-06,Consumer,0.07901809523809526
2021-12-06,Energy,0.03752988095238095
2021-12-06,Financials,0.03060933333333334
2021-12-06,Healthcare,0.17400722222222223
2021-12-06,Industrials,0.11961733333333333
2021-12-06,Materials,0.047670000000000004
2021-12-06,RealEstate,-0.0048100000000000035
2021-12-06,Tech,0.15547971212121212
2021-12-06,Utilities,0.27214
2021-12-07,Comm,0.15863333333333335
2021-12-07,Consumer,-0.027633333333333343
2021-12-07,Energy,0.10275233333333333
2021-12-07,Financials,0.06895055555555556
2021-12-07,Healthcare,0.07263833333333333
2021-12-07,Industrials,0.13554
2021-12-07,Materials,0.047670000000000004
2021-12-07,RealEstate,-0.05464
2021-12-07,Tech,0.18975738687782806
2021-12-07,Utilities,0.28539
2021-12-08,Comm,0.20429
2021-12-08,Consumer,0.06788999999999999
2021-12-08,Energy,0.16829666666666665
2021-12-08,Financials,-0.045172000000000004
2021-12-08,Healthcare,0.03953166666666667
2021-12-08,Industrials,-0.020325
2021-12-08,Materials,0.08808
2021-12-08,RealEstate,-0.04544
2021-12-08,Tech,0.06750083333333332
2021-12-08,Utilities,0.23075
2021-12-09,Comm,0.150055
2021-12-09,Consumer,0.119395
2021-12-09,Energy,0.046975
2021-12-09,Financials,0.19018666666666667
2021-12-09,Healthcare,0.046439999999999995
2021-12-09,Industrials,0.12252999999999999
2021-12-09,Materials,0.19453
2021-12-09,RealEstate,0.18891999999999998
2021-12-09,Tech,0.13742472727272725
2021-12-09,Utilities,0.20343
2021-12-10,Comm,0.15510666666666667
2021-12-10,Consumer,0.0253
2021-12-10,Energy,0.181544
2021-12-10,Financials,0.055742
2021-12-10,Healthcare,0.05132166666666667
2021-12-10,Industrials,0.10919666666666668
2021-12-10,Materials,0.26253000000000004
2021-12-10,RealEstate,0.20424000000000003
2021-12-10,Tech,0.11526363636363637
2021-12-10,Utilities,0.17454999999999998
2021-12-13,Comm,0.040465
2021-12-13,Consumer,0.05103
2021-12-13,Energy,0.09875380952380952
2021-12-13,Financials,0.292502
2021-12-13,Healthcare,0.21109166666666668
2021-12-13,Industrials,-0.021665
2021-12-13,Materials,0.10819000000000001
2021-12-13,RealEstate,0.013486666666666666
2021-12-13,Tech,0.08031590909090909
2021-12-13,Utilities,0.29634
2021-12-14,Comm,0.08975333333333332
2021-12-14,Consumer,0.10391733333333333
2021-12-14,Energy,0.23407
2021-12-14,Financials,0.10726666666666666
2021-12-14,Healthcare,0.049760000000000006
2021-12-14,Industrials,0.10634999999999999
2021-12-14,Materials,0.18571
2021-12-14,RealEstate,0.29263666666666666
2021-12-14,Tech,0.02925833333333333
2021-12-14,Utilities,0.20065999999999998
2021-12-15,Comm,0.11925400000000001
2021-12-15,Consumer,0.30734500000000003
2021-12-15,Energy,0.1956
2021-12-15,Financials,0.10769599999999999
2021-12-15,Healthcare,-0.014914999999999994
2021-12-15,Industrials,0.07432444444444444
2021-12-15,Materials,0.13557999999999998
2021-12-15,RealEstate,0.1783266666666667
2021-12-15,Tech,0.20407466666666668
2021-12-15,Utilities,0.1464
2021-12-16,Comm,0.19804
2021-12-16,Consumer,0.30762999999999996
2021-12-16,Energy,0.09286999999999998
2021-12-16,Financials,0.0021969999999999932
2021-12-16,Healthcare,0.011853999999999998
2021-12-16,Industrials,-0.027255
2021-12-16,Materials,0.06671333333333333
2021-12-16,RealEstate,0.12493000000000001
2021-12-16,Tech,0.08213541666666667
2021-12-16,Utilities,0.09176
2021-12-17,Comm,-0.029759999999999998
2021-12-17,Consumer,0.10430390476190476
2021-12-17,Energy,0.250992
2021-12-17,Financials,0.11059133333333335
2021-12-17,Healthcare,0.191208
2021-12-17,Industrials,0.029676285714285718
2021-12-17,Materials,0.06671333333333333
2021-12-17,RealEstate,0.10772999999999999
2021-12-17,Tech,-0.12269000000000001
2021-12-17,Utilities,0.0
2021-12-20,Comm,0.19402
2021-12-20,Consumer,0.12491312217194572
2021-12-20,Energy,0.10825333333333334
2021-12-20,Financials,0.022780606060606074
2021-12-20,Healthcare,0.11151933333333333
2021-12-20,Industrials,0.019167499999999983
2021-12-20,Materials,0.07782
2021-12-20,RealEstate,0.15667
2021-12-20,Tech,0.022605000000000007
2021-12-20,Utilities,0.17284000000000002
2021-12-21,Comm,0.1272
2021-12-21,Consumer,0.20727894736842106
2021-12-21,Energy,0.08093333333333333
2021-12-21,Financials,0.14662
2021-12-21,Healthcare,0.16676285714285713
2021-12-21,Industrials,-0.006874666666666673
2021-12-21,Materials,0.07782
2021-12-21,RealEstate,0.27568000000000004
2021-12-21,Tech,0.1621288888888889
2021-12-21,Utilities,0.29096
2021-12-22,Comm,0.27316
2021-12-22,Consumer,0.1332233333333333
2021-12-22,Energy,0.12057
2021-12-22,Financials,0.16199999999999998
2021-12-22,Healthcare,0.016012500000000006
2021-12-22,Industrials,0.28531333333333336
2021-12-22,Materials,0.07782
2021-12-22,RealEstate,0.23521999999999998
2021-12-22,Tech,0.5457966666666667
2021-12-22,Utilities,0.22271999999999997
2021-12-23,Comm,0.14253333333333335
2021-12-23,Consumer,0.0744225
2021-12-23,Energy,-0.015326666666666669
2021-12-23,Financials,0.09492999999999999
2021-12-23,Healthcare,0.21105372549019608
2021-12-23,Industrials,0.07708533333333334
2021-12-23,Materials,0.16787000000000002
2021-12-23,RealEstate,0.12083999999999999
2021-12-23,Tech,0.12270833333333334
2021-12-23,Utilities,0.15072000000000002
2021-12-27,Comm,0.16246583333333334
2021-12-27,Consumer,0.060158333333333314
2021-12-27,Energy,0.18410833333333332
2021-12-27,Financials,0.19610999999999998
2021-12-27,Healthcare,0.18295433333333333
2021-12-27,Industrials,0.23122533333333334
2021-12-27,Materials,0.07016
2021-12-27,RealEstate,-0.0251
2021-12-27,Tech,0.1307965
2021-12-27,Utilities,0.03896999999999999
2021-12-28,Comm,0.0971
2021-12-28,Consumer,-0.06501900000000001
2021-12-28,Energy,-0.03384666666666667
2021-12-28,Financials,0.15820333333333333
2021-12-28,Healthcare,0.15225999999999998
2021-12-28,Industrials,0.13264700000000001
2021-12-28,Materials,0.18919
2021-12-28,RealEstate,0.059199999999999996
2021-12-28,Tech,0.18943031818181819
2021-12-28,Utilities,-0.00633999999999999
2021-12-29,Comm,0.013486666666666666
2021-12-29,Consumer,-0.08779083333333333
2021-12-29,Energy,0.16665333333333335
2021-12-29,Financials,-0.05865666666666667
2021-12-29,Healthcare,0.14785999999999996
2021-12-29,Industrials,0.18997000000000003
2021-12-29,Materials,0.28667
2021-12-29,RealEstate,0.1775
2021-12-29,Tech,0.16931966666666667
2021-12-29,Utilities,0.023370000000000023
2021-12-30,Comm,0.12137066666666665
2021-12-30,Consumer,0.07742833333333334
2021-12-30,Energy,0.080425
2021-12-30,Financials,0.3046933333333333
2021-12-30,Healthcare,0.1374338095238095
2021-12-30,Industrials,0.19578
2021-12-30,Materials,0.27755
2021-12-30,RealEstate,0.17148999999999998
2021-12-30,Tech,0.15874000000000002
2021-12-30,Utilities,0.09288
2021-12-31,Comm,0.013193333333333335
2021-12-31,Consumer,0.05556333333333334
2021-12-31,Energy,0.26161
2021-12-31,Financials,0.08067300000000001
2021-12-31,Healthcare,0.11529333333333332
2021-12-31,Industrials,0.0843
2021-12-31,Materials,0.27755
2021-12-31,RealEstate,0.14518999999999999
2021-12-31,Tech,0.2338704285714286
2021-12-31,Utilities,0.17560000000000003
2022-01-03,Comm,0.04105538461538462
2022-01-03,Consumer,0.0528665
2022-01-03,Energy,0.07005714285714286
2022-01-03,Financials,0.06696171428571428
2022-01-03,Healthcare,0.17695504761904762
2022-01-03,Industrials,0.24409
2022-01-03,Materials,0.20803
2022-01-03,RealEstate,0.10752999999999999
2022-01-03,Tech,0.2739595238095238
2022-01-03,Utilities,0.11578
2022-01-04,Comm,0.0671
2022-01-04,Consumer,0.0
2022-01-04,Energy,0.06787333333333334
2022-01-04,Financials,0.08620244444444444
2022-01-04,Healthcare,0.06027466666666668
2022-01-04,Industrials,0.20781999999999998
2022-01-04,Materials,0.12738
2022-01-04,RealEstate,0.16673
2022-01-04,Tech,0.061587843137254905
2022-01-04,Utilities,0.20779999999999998
2022-01-05,Comm,0.2681733333333333
2022-01-05,Consumer,0.05369055555555556
2022-01-05,Energy,0.14951333333333333
2022-01-05,Financials,0.12962600000000002
2022-01-05,Healthcare,0.00662333333333334
2022-01-05,Industrials,0.10925333333333334
2022-01-05,Materials,0.018213333333333335
2022-01-05,RealEstate,0.10682
2022-01-05,Tech,0.13513872727272727
2022-01-05,Utilities,0.14078
2022-01-06,Comm,0.259594
2022-01-06,Consumer,0.15405466666666667
2022-01-06,Energy,-0.03813999999999999
2022-01-06,Financials,0.07243
2022-01-06,Healthcare,0.31234
2022-01-06,Industrials,0.08702333333333334
2022-01-06,Materials,0.14086666666666667
2022-01-06,RealEstate,0.17759999999999998
2022-01-06,Tech,0.15982
2022-01-06,Utilities,0.19998
2022-01-07,Comm,0.133331
2022-01-07,Consumer,0.007654999999999995
2022-01-07,Energy,0.19563999999999998
2022-01-07,Financials,0.06870333333333334
2022-01-07,Healthcare,0.26008333333333333
2022-01-07,Industrials,0.063317
2022-01-07,Materials,0.18105666666666667
2022-01-07,RealEstate,0.17759999999999998
2022-01-07,Tech,0.046414
2022-01-07,Utilities,0.25060000000000004
2022-01-10,Comm,0.11034857142857142
2022-01-10,Consumer,0.08441433333333333
2022-01-10,Energy,0.117794
2022-01-10,Financials,0.1865315714285714
2022-01-10,Healthcare,0.22336666666666666
2022-01-10,Industrials,0.1759342857142857
2022-01-10,Materials,0.24025666666666665
2022-01-10,RealEstate,0.30498000000000003
2022-01-10,Tech,0.0809375
2022-01-10,Utilities,0.39019000000000004
2022-01-11,Comm,0.080425
2022-01-11,Consumer,0.13477333333333336
2022-01-11,Energy,0.1694538095238095
2022-01-11,Financials,0.11200333333333332
2022-01-11,Healthcare,0.18610333333333334
2022-01-11,Industrials,0.165048
2022-01-11,Materials,0.20006666666666667
2022-01-11,RealEstate,0.012219999999999976
2022-01-11,Tech,0.11937288888888889
2022-01-11,Utilities,0.30216000000000004
2022-01-12,Comm,0.15800533333333333
2022-01-12,Consumer,0.11597333333333334
2022-01-12,Energy,0.25407583333333333
2022-01-12,Financials,0.20444772727272728
2022-01-12,Healthcare,0.10244666666666666
2022-01-12,Industrials,0.19689833333333334
2022-01-12,Materials,0.14086666666666667
2022-01-12,RealEstate,-0.174105
2022-01-12,Tech,0.14554
2022-01-12,Utilities,0.30216000000000004
2022-01-13,Comm,0.2048
2022-01-13,Consumer,0.255645
2022-01-13,Energy,0.14125766666666667
2022-01-13,Financials,0.13047952380952382
2022-01-13,Healthcare,0.11591100000000001
2022-01-13,Industrials,0.08069833333333333
2022-01-13,Materials,0.23784
2022-01-13,RealEstate,-0.006319999999999992
2022-01-13,Tech,0.22538711111111112
2022-01-13,Utilities,0.32587
2022-01-14,Comm,0.0408
2022-01-14,Consumer,-0.029882500000000013
2022-01-14,Energy,0.12425400000000002
2022-01-14,Financials,0.09833298534798535
2022-01-14,Healthcare,0.20001000000000002
2022-01-14,Industrials,0.19151555555555558
2022-01-14,Materials,0.19232666666666667
2022-01-14,RealEstate,0.1226
2022-01-14,Tech,0.20481952380952378
2022-01-14,Utilities,0.16258
2022-01-18,Comm,-0.048118081232493
2022-01-18,Consumer,0.032895820512820514
2022-01-18,Energy,0.21999
2022-01-18,Financials,0.152250417794971
2022-01-18,Healthcare,0.14133233333333334
2022-01-18,Industrials,0.06635179487179486
2022-01-18,Materials,0.07902533333333334
2022-01-18,RealEstate,-0.04019
2022-01-18,Tech,0.18140290476190474
2022-01-18,Utilities,0.38975333333333334
2022-01-19,Comm,0.06328333333333333
2022-01-19,Consumer,0.064398
2022-01-19,Energy,0.13234666666666667
2022-01-19,Financials,0.12486406679594915
2022-01-19,Healthcare,0.049434000000000006
2022-01-19,Industrials,0.060601333333333327
2022-01-19,Materials,0.15393866666666667
2022-01-19,RealEstate,0.13741
2022-01-19,Tech,0.1899003333333333
2022-01-19,Utilities,0.1315366666666667
2022-01-20,Comm,0.2773515151515151
2022-01-20,Consumer,0.10373746031746034
2022-01-20,Energy,0.14776416666666667
2022-01-20,Financials,0.13082880952380954
2022-01-20,Healthcare,0.03701533333333333
2022-01-20,Industrials,0.16089933333333334
2022-01-20,Materials,0.09753333333333333
2022-01-20,RealEstate,0.27708
2022-01-20,Tech,0.22160061904761905
2022-01-20,Utilities,0.38592
2022-01-21,Comm,0.32354
2022-01-21,Consumer,0.17677039215686274
2022-01-21,Energy,0.115761
2022-01-21,Financials,0.2109495238095238
2022-01-21,Healthcare,-0.07991866666666667
2022-01-21,Industrials,0.07250933333333333
2022-01-21,Materials,0.08034666666666666
2022-01-21,RealEstate,0.31821
2022-01-21,Tech,0.18006272727272726
2022-01-21,Utilities,0.20318
2022-01-24,Comm,0.13162333333333334
2022-01-24,Consumer,0.08680333333333333
2022-01-24,Energy,0.04217333333333334
2022-01-24,Financials,0.24184999999999998
2022-01-24,Healthcare,0.006001944444444447
2022-01-24,Industrials,0.149028
2022-01-24,Materials,0.13701999999999998
2022-01-24,RealEstate,0.16029
2022-01-24,Tech,0.15312506604506604
2022-01-24,Utilities,0.09129499999999999
2022-01-25,Comm,0.07506666666666667
2022-01-25,Consumer,0.07974366666666666
2022-01-25,Energy,0.21794466666666668
2022-01-25,Financials,0.16253628571428572
2022-01-25,Healthcare,-0.057996666666666676
2022-01-25,Industrials,0.10481539969834089
2022-01-25,Materials,0.09738
2022-01-25,RealEstate,0.204535
2022-01-25,Tech,0.030626333333333332
2022-01-25,Utilities,0.2609933333333333
2022-01-26,Comm,0.28685617647058825
2022-01-26,Consumer,0.11051176470588235
2022-01-26,Energy,0.16246611111111112
2022-01-26,Financials,0.08993333333333334
2022-01-26,Healthcare,0.06533857142857143
2022-01-26,Industrials,0.0781668115942029
2022-01-26,Materials,0.07742
2022-01-26,RealEstate,0.153515
2022-01-26,Tech,0.06644259968102073
2022-01-26,Utilities,0.31431
2022-01-27,Comm,0.15853011904761904
2022-01-27,Consumer,0.01929738095238095
2022-01-27,Energy,0.08199115384615384
2022-01-27,Financials,0.1779895
2022-01-27,Healthcare,0.18564833333333336
2022-01-27,Industrials,0.14601899999999998
2022-01-27,Materials,0.11991749999999998
2022-01-27,RealEstate,0.30445
2022-01-27,Tech,0.11782531818181818
2022-01-27,Utilities,0.35874666666666666
2022-01-28,Comm,-0.142852
2022-01-28,Consumer,0.021233714285714286
2022-01-28,Energy,0.12719680555555554
2022-01-28,Financials,0.10907421245421245
2022-01-28,Healthcare,0.10758000000000001
2022-01-28,Industrials,0.1273485
2022-01-28,Materials,0.0625425
2022-01-28,RealEstate,0.06345999999999999
2022-01-28,Tech,0.1749627619047619
2022-01-28,Utilities,0.22712666666666664
2022-01-31,Comm,0.093698
2022-01-31,Consumer,0.13369066666666668
2022-01-31,Energy,0.145155
2022-01-31,Financials,0.05790333333333333
2022-01-31,Healthcare,0.13813385714285714
2022-01-31,Industrials,0.16099541666666667
2022-01-31,Materials,0.0016050000000000064
2022-01-31,RealEstate,0.42042999999999997
2022-01-31,Tech,0.09670966666666667
2022-01-31,Utilities,0.19514
2022-02-01,Comm,0.03691142857142857
2022-02-01,Consumer,-0.07741499999999998
2022-02-01,Energy,0.10670556521739132
2022-02-01,Financials,0.07575704761904761
2022-02-01,Healthcare,0.08748273504273504
2022-02-01,Industrials,0.0732878947368421
2022-02-01,Materials,0.09629833333333335
2022-02-01,RealEstate,0.39248000000000005
2022-02-01,Tech,0.12699370370370372
2022-02-01,Utilities,0.35632
2022-02-02,Comm,0.13944238095238096
2022-02-02,Consumer,-0.04913452380952379
2022-02-02,Energy,0.13313799999999998
2022-02-02,Financials,0.252546
2022-02-02,Healthcare,0.03654304761904763
2022-02-02,Industrials,0.16695833333333332
2022-02-02,Materials,0.12924333333333335
2022-02-02,RealEstate,0.18727
2022-02-02,Tech,0.18780171179883945
2022-02-02,Utilities,0.21882666666666667
2022-02-03,Comm,0.20904238095238098
2022-02-03,Consumer,0.2271516666666667
2022-02-03,Energy,0.075375
2022-02-03,Financials,0.17485333333333333
2022-02-03,Healthcare,0.10934499999999998
2022-02-03,Industrials,0.144049
2022-02-03,Materials,0.0005600000000000049
2022-02-03,RealEstate,0.19870000000000002
2022-02-03,Tech,0.14016726984126984
2022-02-03,Utilities,0.38072
2022-02-04,Comm,0.037856
2022-02-04,Consumer,0.08700666666666665
2022-02-04,Energy,0.10103499999999999
2022-02-04,Financials,0.11635714285714285
2022-02-04,Healthcare,-0.15523333333333333
2022-02-04,Industrials,0.38427500000000003
2022-02-04,Materials,0.12264
2022-02-04,RealEstate,0.19870000000000002
2022-02-04,Tech,0.027996666666666663
2022-02-04,Utilities,0.26482
2022-02-07,Comm,0.18579466666666666
2022-02-07,Consumer,0.07478772727272727
2022-02-07,Energy,0.1113692857142857
2022-02-07,Financials,0.03795133333333333
2022-02-07,Healthcare,0.17959238095238095
2022-02-07,Industrials,0.3402
2022-02-07,Materials,0.13164
2022-02-07,RealEstate,0.062490000000000004
2022-02-07,Tech,0.08864738095238094
2022-02-07,Utilities,0.14033333333333334
2022-02-08,Comm,0.084515
2022-02-08,Consumer,0.15476884848484848
2022-02-08,Energy,0.220518
2022-02-08,Financials,0.15966466666666665
2022-02-08,Healthcare,0.06341285714285713
2022-02-08,Industrials,0.013299999999999996
2022-02-08,Materials,0.046630000000000005
2022-02-08,RealEstate,0.08823
2022-02-08,Tech,0.2332439285714286
2022-02-08,Utilities,0.2003
2022-02-09,Comm,0.256076
2022-02-09,Consumer,0.07301061904761905
2022-02-09,Energy,0.18821
2022-02-09,Financials,0.16081666666666666
2022-02-09,Healthcare,0.23379333333333335
2022-02-09,Industrials,0.013679999999999998
2022-02-09,Materials,0.04362
2022-02-09,RealEstate,0.06493
2022-02-09,Tech,0.14765569230769232
2022-02-09,Utilities,0.26162
2022-02-10,Comm,0.4204933333333334
2022-02-10,Consumer,0.14308610559006213
2022-02-10,Energy,0.040017142857142855
2022-02-10,Financials,0.012031666666666668
2022-02-10,Healthcare,0.006826666666666664
2022-02-10,Industrials,0.022134
2022-02-10,Materials,-0.03612
2022-02-10,RealEstate,0.19182000000000002
2022-02-10,Tech,0.07350999999999999
2022-02-10,Utilities,0.22026399999999996
2022-02-11,Comm,0.014603333333333334
2022-02-11,Consumer,-0.003965000000000003
2022-02-11,Energy,0.19684200000000002
2022-02-11,Financials,0.05312133333333333
2022-02-11,Healthcare,0.24928333333333336
2022-02-11,Industrials,0.08159666666666668
2022-02-11,Materials,0.15433999999999998
2022-02-11,RealEstate,0.10942
2022-02-11,Tech,0.04092277777777777
2022-02-11,Utilities,0.147532
2022-02-14,Comm,0.18856933333333334
2022-02-14,Consumer,0.10104091269841271
2022-02-14,Energy,0.10457031746031746
2022-02-14,Financials,-0.03953460317460318
2022-02-14,Healthcare,-0.011488095238095238
2022-02-14,Industrials,-0.07985833333333334
2022-02-14,Materials,0.068
2022-02-14,RealEstate,0.37519
2022-02-14,Tech,0.053582275641025634
2022-02-14,Utilities,0.24826
2022-02-15,Comm,0.29796
2022-02-15,Consumer,0.1757313888888889
2022-02-15,Energy,0.097322
2022-02-15,Financials,0.10678266666666666
2022-02-15,Healthcare,0.023863333333333337
2022-02-15,Industrials,0.05438166666666666
2022-02-15,Materials,0.0
2022-02-15,RealEstate,0.38062
2022-02-15,Tech,0.1272938823529412
2022-02-15,Utilities,0.2973
2022-02-16,Comm,0.14061
2022-02-16,Consumer,0.16758466666666666
2022-02-16,Energy,0.15267
2022-02-16,Financials,0.10663
2022-02-16,Healthcare,0.134112
2022-02-16,Industrials,-0.0040321428571428505
2022-02-16,Materials,-0.003920000000000002
2022-02-16,RealEstate,0.38026
2022-02-16,Tech,0.14363227450980393
2022-02-16,Utilities,0.22294666666666668
2022-02-17,Comm,0.17063285714285711
2022-02-17,Consumer,0.049109275362318836
2022-02-17,Energy,0.09064399999999999
2022-02-17,Financials,-0.04827509090909091
2022-02-17,Healthcare,0.11351771428571429
2022-02-17,Industrials,0.058735
2022-02-17,Materials,0.0
2022-02-17,RealEstate,0.04166
2022-02-17,Tech,0.1114956
2022-02-17,Utilities,0.17450333333333334
2022-02-18,Comm,0.13194
2022-02-18,Consumer,0.02026083333333334
2022-02-18,Energy,0.14910333333333334
2022-02-18,Financials,0.05961333333333334
2022-02-18,Healthcare,0.16795666666666667
2022-02-18,Industrials,0.030375000000000003
2022-02-18,Materials,-0.15641599999999997
2022-02-18,RealEstate,-0.01779
2022-02-18,Tech,0.14117266666666667
2022-02-18,Utilities,0.09725500000000001
2022-02-22,Comm,-0.06219857142857142
2022-02-22,Consumer,0.10521680952380952
2022-02-22,Energy,0.06802
2022-02-22,Financials,0.06306714285714285
2022-02-22,Healthcare,0.12414047619047619
2022-02-22,Industrials,0.0899625
2022-02-22,Materials,0.10001666666666668
2022-02-22,RealEstate,0.106737
2022-02-22,Tech,0.14458807142857144
2022-02-22,Utilities,0.03414133333333334
2022-02-23,Comm,-0.13194
2022-02-23,Consumer,-0.010833333333333316
2022-02-23,Energy,0.12198883333333335
2022-02-23,Financials,-0.048138333333333325
2022-02-23,Healthcare,0.05464
2022-02-23,Industrials,-0.06950999999999999
2022-02-23,Materials,0.23998999999999998
2022-02-23,RealEstate,0.05957000000000001
2022-02-23,Tech,0.21207666666666664
2022-02-23,Utilities,0.045533333333333335
2022-02-24,Comm,0.02401000000000001
2022-02-24,Consumer,0.013923333333333333
2022-02-24,Energy,-0.03851633333333333
2022-02-24,Financials,0.025797142857142852
2022-02-24,Healthcare,0.20776500000000003
2022-02-24,Industrials,0.04623666666666667
2022-02-24,Materials,0.22519
2022-02-24,RealEstate,0.234458
2022-02-24,Tech,0.06595333333333335
2022-02-24,Utilities,0.03681333333333332
2022-02-25,Comm,0.05846
2022-02-25,Consumer,0.09116333333333332
2022-02-25,Energy,0.08576076923076922
2022-02-25,Financials,0.009335999999999994
2022-02-25,Healthcare,-0.03182
2022-02-25,Industrials,0.038463333333333335
2022-02-25,Materials,0.0
2022-02-25,RealEstate,0.2160966666666667
2022-02-25,Tech,-0.11011523809523807
2022-02-25,Utilities,0.05332
2022-02-28,Comm,0.1937188888888889
2022-02-28,Consumer,0.18484591208791207
2022-02-28,Energy,0.07023499999999999
2022-02-28,Financials,-0.03913910714285714
2022-02-28,Healthcare,0.10059833333333335
2022-02-28,Industrials,0.145776
2022-02-28,Materials,0.0
2022-02-28,RealEstate,0.04884666666666666
2022-02-28,Tech,0.14586272727272726
2022-02-28,Utilities,0.16144333333333333
2022-03-01,Comm,0.19804000000000002
2022-03-01,Consumer,0.011299285714285715
2022-03-01,Energy,0.055955870927318296
2022-03-01,Financials,-0.0969582380952381
2022-03-01,Healthcare,0.10758666666666668
2022-03-01,Industrials,0.13415733333333332
2022-03-01,Materials,0.10212000000000002
2022-03-01,RealEstate,0.053946666666666664
2022-03-01,Tech,0.1823533333333333
2022-03-01,Utilities,0.08951333333333333
2022-03-02,Comm,0.031563999999999995
2022-03-02,Consumer,0.1420520634920635
2022-03-02,Energy,0.1656017857142857
2022-03-02,Financials,0.08833047619047618
2022-03-02,Healthcare,0.06908
2022-03-02,Industrials,0.11243533333333333
2022-03-02,Materials,0.07998999999999999
2022-03-02,RealEstate,0.06597
2022-03-02,Tech,0.275344
2022-03-02,Utilities,0.08951333333333333
2022-03-03,Comm,-0.039318
2022-03-03,Consumer,0.07471171428571428
2022-03-03,Energy,0.06556373626373627
2022-03-03,Financials,0.21699000000000002
2022-03-03,Healthcare,0.060719999999999996
2022-03-03,Industrials,0.14815666666666666
2022-03-03,Materials,0.07998999999999999
2022-03-03,RealEstate,0.174575
2022-03-03,Tech,0.06495651515151515
2022-03-03,Utilities,-0.03632
2022-03-04,Comm,-0.10259
2022-03-04,Consumer,0.07359085714285715
2022-03-04,Energy,-0.016020333333333327
2022-03-04,Financials,0.09630666666666668
2022-03-04,Healthcare,0.12006999999999998
2022-03-04,Industrials,0.13381666666666664
2022-03-04,Materials,-0.0041799999999999945
2022-03-04,RealEstate,0.26384833333333335
2022-03-04,Tech,0.05196861904761905
2022-03-04,Utilities,0.15630666666666668
2022-03-07,Comm,0.05576333333333333
2022-03-07,Consumer,0.1106945238095238
2022-03-07,Energy,0.053553879120879125
2022-03-07,Financials,-0.005925230769230771
2022-03-07,Healthcare,0.20492166666666667
2022-03-07,Industrials,0.14560333333333336
2022-03-07,Materials,0.04526
2022-03-07,RealEstate,0.12240666666666669
2022-03-07,Tech,0.018420619047619054
2022-03-07,Utilities,0.14495166666666667
2022-03-08,Comm,0.09051333333333332
2022-03-08,Consumer,0.17687952380952382
2022-03-08,Energy,0.12523977777777778
2022-03-08,Financials,0.0681
2022-03-08,Healthcare,-0.085295
2022-03-08,Industrials,-0.0048099999999999974
2022-03-08,Materials,0.078325
2022-03-08,RealEstate,0.1826866666666667
2022-03-08,Tech,0.08416133333333334
2022-03-08,Utilities,0.09120666666666666
2022-03-09,Comm,0.10213000000000001
2022-03-09,Consumer,0.041648214285714295
2022-03-09,Energy,0.10806633333333333
2022-03-09,Financials,0.11169633333333333
2022-03-09,Healthcare,0.05889
2022-03-09,Industrials,0.1468838095238095
2022-03-09,Materials,0.05589999999999999
2022-03-09,RealEstate,0.03414000000000001
2022-03-09,Tech,0.07840942857142856
2022-03-09,Utilities,0.03909666666666666
2022-03-10,Comm,0.11886666666666668
2022-03-10,Consumer,0.07316199999999999
2022-03-10,Energy,0.11546928571428569
2022-03-10,Financials,-0.019381428571428567
2022-03-10,Healthcare,0.012920000000000001
2022-03-10,Industrials,-0.03280285714285714
2022-03-10,Materials,0.09483
2022-03-10,RealEstate,0.10200000000000001
2022-03-10,Tech,0.2778336923076923
2022-03-10,Utilities,0.062360000000000006
2022-03-11,Comm,0.079255
2022-03-11,Consumer,0.07675266666666666
2022-03-11,Energy,0.13963555555555557
2022-03-11,Financials,0.01792428571428571
2022-03-11,Healthcare,0.1535975
2022-03-11,Industrials,0.11408
2022-03-11,Materials,0.10415333333333335
2022-03-11,RealEstate,0.18164000000000002
2022-03-11,Tech,0.07941400000000001
2022-03-11,Utilities,0.17384
2022-03-14,Comm,0.10785928571428571
2022-03-14,Consumer,0.060792857142857135
2022-03-14,Energy,0.1908568333333333
2022-03-14,Financials,0.17312
2022-03-14,Healthcare,0.24507666666666666
2022-03-14,Industrials,0.27364
2022-03-14,Materials,0.15415333333333334
2022-03-14,RealEstate,0.12754000000000001
2022-03-14,Tech,0.26458244444444445
2022-03-14,Utilities,0.06917333333333334
2022-03-15,Comm,0.151826
2022-03-15,Consumer,0.14180444444444446
2022-03-15,Energy,0.18263992857142858
2022-03-15,Financials,0.004542666666666672
2022-03-15,Healthcare,-0.07027000000000001
2022-03-15,Industrials,0.17779333333333333
2022-03-15,Materials,0.21619333333333332
2022-03-15,RealEstate,0.22911333333333334
2022-03-15,Tech,0.09321386868686868
2022-03-15,Utilities,0.15655333333333332
2022-03-16,Comm,0.19770000000000001
2022-03-16,Consumer,0.08664166666666666
2022-03-16,Energy,0.18090438311688312
2022-03-16,Financials,0.1659182857142857
2022-03-16,Healthcare,0.09095785714285715
2022-03-16,Industrials,0.05753285714285714
2022-03-16,Materials,0.22168333333333332
2022-03-16,RealEstate,0.30772
2022-03-16,Tech,0.15264024675324675
2022-03-16,Utilities,0.12
2022-03-17,Comm,0.07490666666666668
2022-03-17,Consumer,0.01987111111111112
2022-03-17,Energy,0.13675818181818183
2022-03-17,Financials,0.2077064285714286
2022-03-17,Healthcare,0.13521133333333335
2022-03-17,Industrials,0.18343363636363635
2022-03-17,Materials,0.15849
2022-03-17,RealEstate,0.30772
2022-03-17,Tech,0.07387716666666666
2022-03-17,Utilities,0.05798
2022-03-18,Comm,0.28582
2022-03-18,Consumer,0.11450876190476192
2022-03-18,Energy,0.07074333333333332
2022-03-18,Financials,0.13341333333333333
2022-03-18,Healthcare,0.20897333333333332
2022-03-18,Industrials,0.10451717948717949
2022-03-18,Materials,0.010940000000000016
2022-03-18,RealEstate,0.07003000000000001
2022-03-18,Tech,0.1473853333333333
2022-03-18,Utilities,0.13835999999999998
2022-03-21,Comm,0.163078
2022-03-21,Consumer,0.30715233333333336
2022-03-21,Energy,0.0998901948051948
2022-03-21,Financials,0.05901466666666666
2022-03-21,Healthcare,0.18445333333333333
2022-03-21,Industrials,0.030477999999999995
2022-03-21,Materials,0.16297333333333336
2022-03-21,RealEstate,0.09498666666666666
2022-03-21,Tech,0.10049066666666664
2022-03-21,Utilities,-0.00516
2022-03-22,Comm,-0.009299999999999985
2022-03-22,Consumer,0.22460666666666668
2022-03-22,Energy,0.13208666666666669
2022-03-22,Financials,0.11040666666666665
2022-03-22,Healthcare,-0.06053833333333332
2022-03-22,Industrials,-0.06732666666666667
2022-03-22,Materials,0.1183
2022-03-22,RealEstate,0.11564666666666668
2022-03-22,Tech,0.12455219047619046
2022-03-22,Utilities,0.18883999999999998
2022-03-23,Comm,0.15801500000000002
2022-03-23,Consumer,0.1509675
2022-03-23,Energy,0.04383416666666667
2022-03-23,Financials,0.3455833333333333
2022-03-23,Healthcare,0.05826000000000001
2022-03-23,Industrials,-0.06891333333333333
2022-03-23,Materials,0.034
2022-03-23,RealEstate,0.20372666666666667
2022-03-23,Tech,0.06218736363636364
2022-03-23,Utilities,0.24348
2022-03-24,Comm,0.173215
2022-03-24,Consumer,-0.04295523809523809
2022-03-24,Energy,0.10499238461538463
2022-03-24,Financials,0.05980704761904763
2022-03-24,Healthcare,0.161075
2022-03-24,Industrials,-0.10988571428571428
2022-03-24,Materials,0.10037000000000003
2022-03-24,RealEstate,0.12196666666666667
2022-03-24,Tech,0.11436908158508156
2022-03-24,Utilities,0.35276
2022-03-25,Comm,0.020915000000000007
2022-03-25,Consumer,0.11713083333333334
2022-03-25,Energy,0.30355533333333334
2022-03-25,Financials,0.20247199999999999
2022-03-25,Healthcare,0.158885
2022-03-25,Industrials,0.12291999999999999
2022-03-25,Materials,0.17660666666666666
2022-03-25,RealEstate,0.09628
2022-03-25,Tech,0.13006791666666667
2022-03-25,Utilities,0.25748
2022-03-28,Comm,0.06674133333333333
2022-03-28,Consumer,0.15206422619047616
2022-03-28,Energy,0.2789433333333334
2022-03-28,Financials,0.021341428571428574
2022-03-28,Healthcare,0.017685
2022-03-28,Industrials,0.17419333333333334
2022-03-28,Materials,0.21276
2022-03-28,RealEstate,0.15168
2022-03-28,Tech,0.26842
2022-03-28,Utilities,0.361012
2022-03-29,Comm,0.10362533333333332
2022-03-29,Consumer,0.10560083333333334
2022-03-29,Energy,0.11205909090909091
2022-03-29,Financials,-0.049535
2022-03-29,Healthcare,0.040900000000000006
2022-03-29,Industrials,0.12603266666666668
2022-03-29,Materials,-0.0010066666666666668
2022-03-29,RealEstate,0.24170666666666665
2022-03-29,Tech,0.13618295238095238
2022-03-29,Utilities,0.150156
2022-03-30,Comm,0.07804000000000001
2022-03-30,Consumer,0.17972380952380954
2022-03-30,Energy,0.29473333333333335
2022-03-30,Financials,0.022506666666666675
2022-03-30,Healthcare,0.11191333333333334
2022-03-30,Industrials,0.37058222222222226
2022-03-30,Materials,0.068
2022-03-30,RealEstate,0.3529966666666667
2022-03-30,Tech,0.14768283333333335
2022-03-30,Utilities,0.44968
2022-03-31,Comm,0.14542
2022-03-31,Consumer,0.051818333333333334
2022-03-31,Energy,0.01515666666666667
2022-03-31,Financials,0.009513333333333329
2022-03-31,Healthcare,0.11594000000000002
2022-03-31,Industrials,0.20839333333333335
2022-03-31,Materials,0.30779
2022-03-31,RealEstate,0.07752
2022-03-31,Tech,0.1397956349206349
2022-03-31,Utilities,0.37373
2022-04-01,Comm,0.060160000000000005
2022-04-01,Consumer,0.019857761904761906
2022-04-01,Energy,0.173538
2022-04-01,Financials,0.11787044444444446
2022-04-01,Healthcare,0.29203
2022-04-01,Industrials,-0.00860399999999999
2022-04-01,Materials,0.43063
2022-04-01,RealEstate,0.2728
2022-04-01,Tech,0.09031396736596738
2022-04-01,Utilities,0.41662333333333335
2022-04-04,Comm,0.147815
2022-04-04,Consumer,0.08438292016806723
2022-04-04,Energy,0.046625666666666676
2022-04-04,Financials,-0.005731384615384613
2022-04-04,Healthcare,0.07585700000000002
2022-04-04,Industrials,0.150995
2022-04-04,Materials,0.19585
2022-04-04,RealEstate,0.162575
2022-04-04,Tech,0.11491586466165413
2022-04-04,Utilities,0.2465
2022-04-05,Comm,-0.069578
2022-04-05,Consumer,0.08657761904761904
2022-04-05,Energy,0.086984
2022-04-05,Financials,0.189116
2022-04-05,Healthcare,0.161048
2022-04-05,Industrials,0.025967619047619052
2022-04-05,Materials,0.12086999999999999
2022-04-05,RealEstate,0.191888
2022-04-05,Tech,0.021702346153846152
2022-04-05,Utilities,0.24348
2022-04-06,Comm,-0.05691666666666666
2022-04-06,Consumer,0.07396133333333335
2022-04-06,Energy,0.23173500000000002
2022-04-06,Financials,0.11085699999999998
2022-04-06,Healthcare,0.095205
2022-04-06,Industrials,0.107702
2022-04-06,Materials,0.16645333333333334
2022-04-06,RealEstate,0.156888
2022-04-06,Tech,0.1552212857142857
2022-04-06,Utilities,0.31173
2022-04-07,Comm,-0.08574166666666667
2022-04-07,Consumer,0.014387444444444447
2022-04-07,Energy,0.139066
2022-04-07,Financials,0.06855766666666667
2022-04-07,Healthcare,0.14268999999999998
2022-04-07,Industrials,0.05160285714285714
2022-04-07,Materials,0.16132
2022-04-07,RealEstate,0.08236
2022-04-07,Tech,0.23489771428571432
2022-04-07,Utilities,0.16868333333333335
2022-04-08,Comm,-0.064635
2022-04-08,Consumer,0.14961166666666664
2022-04-08,Energy,0.23777428571428572
2022-04-08,Financials,0.03279450980392156
2022-04-08,Healthcare,0.358438
2022-04-08,Industrials,0.034914999999999995
2022-04-08,Materials,0.17911000000000002
2022-04-08,RealEstate,0.11839999999999999
2022-04-08,Tech,0.38193333333333335
2022-04-08,Utilities,0.16868333333333335
2022-04-11,Comm,0.03854676470588235
2022-04-11,Consumer,0.1837059285714286
2022-04-11,Energy,0.3137158333333333
2022-04-11,Financials,0.004413142857142854
2022-04-11,Healthcare,0.09281966666666666
2022-04-11,Industrials,0.07996222222222223
2022-04-11,Materials,0.33958
2022-04-11,RealEstate,0.057823333333333324
2022-04-11,Tech,0.234682331002331
2022-04-11,Utilities,0.21238
2022-04-12,Comm,0.20783000000000001
2022-04-12,Consumer,0.12629857142857143
2022-04-12,Energy,0.18135844444444443
2022-04-12,Financials,0.07644481818181818
2022-04-12,Healthcare,0.09319999999999999
2022-04-12,Industrials,0.06599066666666667
2022-04-12,Materials,0.15298099999999998
2022-04-12,RealEstate,0.28442
2022-04-12,Tech,0.12285428571428572
2022-04-12,Utilities,0.2871
2022-04-13,Comm,0.27252166666666666
2022-04-13,Consumer,0.012541999999999998
2022-04-13,Energy,0.25183994444444446
2022-04-13,Financials,0.1319242222222222
2022-04-13,Healthcare,0.08409666666666668
2022-04-13,Industrials,0.11536666666666669
2022-04-13,Materials,0.2803916666666667
2022-04-13,RealEstate,0.24861
2022-04-13,Tech,0.12568166666666664
2022-04-13,Utilities,0.2871
2022-04-14,Comm,0.025556000000000002
2022-04-14,Consumer,0.10697214285714285
2022-04-14,Energy,0.28400333333333333
2022-04-14,Financials,0.16878082857142856
2022-04-14,Healthcare,0.09729342857142856
2022-04-14,Industrials,0.07676000000000001
2022-04-14,Materials,0.071135
2022-04-14,RealEstate,0.26885000000000003
2022-04-14,Tech,0.006591666666666667
2022-04-14,Utilities,0.37732
2022-04-18,Comm,0.035902857142857146
2022-04-18,Consumer,0.180084
2022-04-18,Energy,0.31963444444444444
2022-04-18,Financials,0.24753025974025972
2022-04-18,Healthcare,0.09386666666666665
2022-04-18,Industrials,0.09792
2022-04-18,Materials,0.12001500000000001
2022-04-18,RealEstate,0.128055
2022-04-18,Tech,0.09197
2022-04-18,Utilities,0.23332000000000003
2022-04-19,Comm,-0.03867466666666666
2022-04-19,Consumer,0.10732969047619045
2022-04-19,Energy,0.21925599999999998
2022-04-19,Financials,0.19647561904761907
2022-04-19,Healthcare,-0.007743523809523811
2022-04-19,Industrials,0.11024133333333333
2022-04-19,Materials,0.051439999999999986
2022-04-19,RealEstate,-0.09386399999999999
2022-04-19,Tech,0.17060755555555557
2022-04-19,Utilities,0.29446000000000006
2022-04-20,Comm,0.07302833333333333
2022-04-20,Consumer,-0.014678333333333324
2022-04-20,Energy,0.19884000000000002
2022-04-20,Financials,0.04578
2022-04-20,Healthcare,0.2030675
2022-04-20,Industrials,0.10845400000000001
2022-04-20,Materials,0.06941133333333334
2022-04-20,RealEstate,-0.080534
2022-04-20,Tech,0.220681
2022-04-20,Utilities,0.14286000000000004
2022-04-21,Comm,0.15636494736842105
2022-04-21,Consumer,0.14994066666666667
2022-04-21,Energy,0.23556266666666667
2022-04-21,Financials,-0.08960666666666668
2022-04-21,Healthcare,0.12141666666666669
2022-04-21,Industrials,0.2278
2022-04-21,Materials,0.06708044444444444
2022-04-21,RealEstate,0.027645000000000003
2022-04-21,Tech,0.04024880952380951
2022-04-21,Utilities,0.094915
2022-04-22,Comm,0.04176857142857143
2022-04-22,Consumer,0.15205190476190475
2022-04-22,Energy,0.07542666666666667
2022-04-22,Financials,0.138025
2022-04-22,Healthcare,0.08154000000000002
2022-04-22,Industrials,-0.08736000000000001
2022-04-22,Materials,0.006568888888888888
2022-04-22,RealEstate,0.11336500000000001
2022-04-22,Tech,0.027360000000000002
2022-04-22,Utilities,0.13824533333333333
2022-04-25,Comm,0.068066
2022-04-25,Consumer,0.07431406666666666
2022-04-25,Energy,0.11920595093795094
2022-04-25,Financials,0.14123233333333335
2022-04-25,Healthcare,0.23023733333333332
2022-04-25,Industrials,0.16140285714285713
2022-04-25,Materials,0.19062083333333335
2022-04-25,RealEstate,0.13704666666666668
2022-04-25,Tech,0.1535740238095238
2022-04-25,Utilities,0.160215
2022-04-26,Comm,0.2819006666666667
2022-04-26,Consumer,0.07064
2022-04-26,Energy,0.13172160173160175
2022-04-26,Financials,0.15742644444444445
2022-04-26,Healthcare,-0.04502071428571428
2022-04-26,Industrials,-0.02389881385281385
2022-04-26,Materials,0.17514000000000002
2022-04-26,RealEstate,0.0
2022-04-26,Tech,0.135942
2022-04-26,Utilities,0.28776
2022-04-27,Comm,0.07301071428571429
2022-04-27,Consumer,0.05156588888888889
2022-04-27,Energy,0.2651357777777778
2022-04-27,Financials,0.05123577777777779
2022-04-27,Healthcare,0.08906333333333334
2022-04-27,Industrials,0.05259499999999999
2022-04-27,Materials,0.08981
2022-04-27,RealEstate,0.046045
2022-04-27,Tech,0.12966955555555554
2022-04-27,Utilities,0.12302333333333333
2022-04-28,Comm,0.02522
2022-04-28,Consumer,0.17100166666666666
2022-04-28,Energy,0.2515092857142857
2022-04-28,Financials,-0.01419095238095237
2022-04-28,Healthcare,0.10540552380952381
2022-04-28,Industrials,0.043520714285714274
2022-04-28,Materials,0.045476666666666665
2022-04-28,RealEstate,0.121685
2022-04-28,Tech,0.08434943181818182
2022-04-28,Utilities,0.11132666666666666
2022-04-29,Comm,-0.0002589999999999981
2022-04-29,Consumer,0.08041375324675325
2022-04-29,Energy,-0.08109881481481482
2022-04-29,Financials,0.13811
2022-04-29,Healthcare,0.09682833333333334
2022-04-29,Industrials,0.2221973333333333
2022-04-29,Materials,0.045476666666666665
2022-04-29,RealEstate,0.22458999999999998
2022-04-29,Tech,0.0014425108225108194
2022-04-29,Utilities,0.17195333333333335
2022-05-02,Comm,0.121806
2022-05-02,Consumer,0.11714738095238095
2022-05-02,Energy,0.153194
2022-05-02,Financials,0.11630000000000003
2022-05-02,Healthcare,0.226363
2022-05-02,Industrials,0.06344066666666666
2022-05-02,Materials,-0.018213333333333335
2022-05-02,RealEstate,0.19521
2022-05-02,Tech,0.04577086580086581
2022-05-02,Utilities,0.19469466666666665
2022-05-03,Comm,0.09468000000000001
2022-05-03,Consumer,0.11965
2022-05-03,Energy,0.1915303333333333
2022-05-03,Financials,0.21465666666666666
2022-05-03,Healthcare,0.16511499999999998
2022-05-03,Industrials,0.22546666666666665
2022-05-03,Materials,-0.03238666666666666
2022-05-03,RealEstate,0.12713000000000002
2022-05-03,Tech,-0.014621587301587297
2022-05-03,Utilities,0.24270999999999998
2022-05-04,Comm,-0.051759999999999994
2022-05-04,Consumer,0.0771423188405797
2022-05-04,Energy,0.04779911111111111
2022-05-04,Financials,0.09532
2022-05-04,Healthcare,0.0951
2022-05-04,Industrials,0.11836666666666666
2022-05-04,Materials,0.054253333333333334
2022-05-04,RealEstate,0.11455333333333333
2022-05-04,Tech,-0.09706685897435897
2022-05-04,Utilities,0.022884761904761908
2022-05-05,Comm,-0.027333333333333328
2022-05-05,Consumer,-0.09383695238095237
2022-05-05,Energy,0.2955449047619048
2022-05-05,Financials,0.127162
2022-05-05,Healthcare,0.05953333333333334
2022-05-05,Industrials,0.0011606666666666653
2022-05-05,Materials,0.14361333333333334
2022-05-05,RealEstate,0.13503333333333334
2022-05-05,Tech,0.27581316666666666
2022-05-05,Utilities,0.03735333333333333
2022-05-06,Comm,0.2111406666666667
2022-05-06,Consumer,0.035270571428571436
2022-05-06,Energy,0.16832407142857142
2022-05-06,Financials,-0.13598333333333334
2022-05-06,Healthcare,0.11988000000000001
2022-05-06,Industrials,0.077624
2022-05-06,Materials,0.08238666666666668
2022-05-06,RealEstate,0.07346
2022-05-06,Tech,0.07282428571428572
2022-05-06,Utilities,0.086524
2022-05-09,Comm,-0.024980000000000002
2022-05-09,Consumer,0.12882402597402595
2022-05-09,Energy,0.09269655411255412
2022-05-09,Financials,0.025053333333333334
2022-05-09,Healthcare,0.04971333333333333
2022-05-09,Industrials,0.1487765
2022-05-09,Materials,0.01752666666666668
2022-05-09,RealEstate,0.13553
2022-05-09,Tech,0.08908256410256411
2022-05-09,Utilities,0.049454999999999985
2022-05-10,Comm,0.04537285714285714
2022-05-10,Consumer,0.09924055555555555
2022-05-10,Energy,0.13113142857142857
2022-05-10,Financials,0.14088
2022-05-10,Healthcare,0.14197200000000001
2022-05-10,Industrials,0.13055166666666668
2022-05-10,Materials,0.2419
2022-05-10,RealEstate,0.04052000000000001
2022-05-10,Tech,0.19980564102564102
2022-05-10,Utilities,-0.0045550000000000035
2022-05-11,Comm,-0.03325399999999999
2022-05-11,Consumer,-0.023896000000000008
2022-05-11,Energy,0.2774572222222222
2022-05-11,Financials,0.08363833333333333
2022-05-11,Healthcare,0.021426666666666677
2022-05-11,Industrials,0.0881952380952381
2022-05-11,Materials,0.2419
2022-05-11,RealEstate,0.006476666666666675
2022-05-11,Tech,0.10732678571428571
2022-05-11,Utilities,0.07471999999999998
2022-05-12,Comm,0.033082
2022-05-12,Consumer,0.05801480392156864
2022-05-12,Energy,0.10331690476190476
2022-05-12,Financials,0.09586833333333333
2022-05-12,Healthcare,-0.005173333333333319
2022-05-12,Industrials,0.17373333333333335
2022-05-12,Materials,0.3014266666666666
2022-05-12,RealEstate,0.26493333333333335
2022-05-12,Tech,0.03639452380952381
2022-05-12,Utilities,-0.025934999999999996
2022-05-13,Comm,0.09770999999999999
2022-05-13,Consumer,0.06429476190476191
2022-05-13,Energy,0.13880777777777778
2022-05-13,Financials,0.11499199999999998
2022-05-13,Healthcare,0.03925
2022-05-13,Industrials,0.09239266666666665
2022-05-13,Materials,0.2880366666666666
2022-05-13,RealEstate,0.19337
2022-05-13,Tech,0.09926212121212122
2022-05-13,Utilities,0.10208999999999999
2022-05-16,Comm,0.09121000000000001
2022-05-16,Consumer,0.019957333333333334
2022-05-16,Energy,0.08721899145299146
2022-05-16,Financials,0.03664714285714284
2022-05-16,Healthcare,0.048321666666666666
2022-05-16,Industrials,0.137495
2022-05-16,Materials,0.24240666666666666
2022-05-16,RealEstate,0.15299666666666667
2022-05-16,Tech,0.017866
2022-05-16,Utilities,0.17319
2022-05-17,Comm,0.009181333333333333
2022-05-17,Consumer,0.07727725490196077
2022-05-17,Energy,0.035641757575757584
2022-05-17,Financials,0.050210333333333336
2022-05-17,Healthcare,-0.017347500000000002
2022-05-17,Industrials,0.11529199999999999
2022-05-17,Materials,0.20361166666666666
2022-05-17,RealEstate,0.23020000000000002
2022-05-17,Tech,0.16402091575091576
2022-05-17,Utilities,0.31206
2022-05-18,Comm,-0.021075
2022-05-18,Consumer,0.01716661290322581
2022-05-18,Energy,0.09223620512820511
2022-05-18,Financials,0.10264333333333335
2022-05-18,Healthcare,0.17670999999999998
2022-05-18,Industrials,0.00029333333333333436
2022-05-18,Materials,0.26281166666666667
2022-05-18,RealEstate,0.0026599999999999957
2022-05-18,Tech,0.269345
2022-05-18,Utilities,0.0863
2022-05-19,Comm,0.04399000000000001
2022-05-19,Consumer,0.15134
2022-05-19,Energy,0.11894180952380953
2022-05-19,Financials,0.14355400000000001
2022-05-19,Healthcare,0.11071499999999998
2022-05-19,Industrials,0.22133000000000003
2022-05-19,Materials,0.21696666666666667
2022-05-19,RealEstate,-0.012945000000000002
2022-05-19,Tech,0.24959613636363637
2022-05-19,Utilities,0.21747
2022-05-20,Comm,0.16309
2022-05-20,Consumer,0.13630524844720496
2022-05-20,Energy,0.21657
2022-05-20,Financials,0.22629666666666667
2022-05-20,Healthcare,-0.03602333333333334
2022-05-20,Industrials,0.10857944444444445
2022-05-20,Materials,0.23373
2022-05-20,RealEstate,0.07935999999999999
2022-05-20,Tech,0.2797958333333333
2022-05-20,Utilities,0.16720833333333335
2022-05-23,Comm,0.043784000000000003
2022-05-23,Consumer,0.06651283540372671
2022-05-23,Energy,0.10954800000000002
2022-05-23,Financials,-0.02240766666666666
2022-05-23,Healthcare,0.18671
2022-05-23,Industrials,0.13944666666666666
2022-05-23,Materials,0.286215
2022-05-23,RealEstate,0.098474
2022-05-23,Tech,0.1603996591478697
2022-05-23,Utilities,0.17482333333333333
2022-05-24,Comm,0.09552799999999999
2022-05-24,Consumer,0.19893866666666668
2022-05-24,Energy,0.17849844444444446
2022-05-24,Financials,0.32992
2022-05-24,Healthcare,0.013724000000000009
2022-05-24,Industrials,0.40959466666666666
2022-05-24,Materials,0.06038
2022-05-24,RealEstate,0.28472400000000003
2022-05-24,Tech,0.24001999999999998
2022-05-24,Utilities,0.15623833333333334
2022-05-25,Comm,0.20104285714285713
2022-05-25,Consumer,0.023675047619047616
2022-05-25,Energy,0.16752
2022-05-25,Financials,0.15884666666666666
2022-05-25,Healthcare,-0.10386500000000001
2022-05-25,Industrials,0.208432
2022-05-25,Materials,0.2143066666666667
2022-05-25,RealEstate,0.24749
2022-05-25,Tech,0.0241180808080808
2022-05-25,Utilities,0.16169
2022-05-26,Comm,0.21776
2022-05-26,Consumer,0.09165325
2022-05-26,Energy,0.1650985
2022-05-26,Financials,0.177105
2022-05-26,Healthcare,0.20277809523809526
2022-05-26,Industrials,0.21142333333333335
2022-05-26,Materials,0.035645
2022-05-26,RealEstate,0.14989000000000002
2022-05-26,Tech,0.2421684210526316
2022-05-26,Utilities,0.15460000000000002
2022-05-27,Comm,0.10021666666666666
2022-05-27,Consumer,0.11223100000000001
2022-05-27,Energy,0.25107380952380953
2022-05-27,Financials,0.11309
2022-05-27,Healthcare,0.07639500000000002
2022-05-27,Industrials,0.12723666666666666
2022-05-27,Materials,-0.07432
2022-05-27,RealEstate,0.16845000000000002
2022-05-27,Tech,-0.004007777777777782
2022-05-27,Utilities,0.20364
2022-05-31,Comm,0.14244266666666666
2022-05-31,Consumer,0.13059444444444446
2022-05-31,Energy,0.22741289377289378
2022-05-31,Financials,0.06108333333333334
2022-05-31,Healthcare,0.32664666666666664
2022-05-31,Industrials,0.298388
2022-05-31,Materials,0.07277
2022-05-31,RealEstate,0.135575
2022-05-31,Tech,0.2941422222222222
2022-05-31,Utilities,0.21101166666666665
2022-06-01,Comm,0.12583333333333332
2022-06-01,Consumer,-0.05751166666666667
2022-06-01,Energy,0.2107964285714286
2022-06-01,Financials,0.10417999999999998
2022-06-01,Healthcare,0.12492833333333334
2022-06-01,Industrials,0.238698
2022-06-01,Materials,0.0791
2022-06-01,RealEstate,0.20380000000000004
2022-06-01,Tech,0.2726561111111111
2022-06-01,Utilities,0.38575499999999996
2022-06-02,Comm,-0.07633000000000001
2022-06-02,Consumer,0.17414066666666667
2022-06-02,Energy,0.32685400000000003
2022-06-02,Financials,0.06271999999999998
2022-06-02,Healthcare,-0.07786000000000001
2022-06-02,Industrials,0.07098266666666667
2022-06-02,Materials,0.08426
2022-06-02,RealEstate,0.11127000000000001
2022-06-02,Tech,0.10932380952380952
2022-06-02,Utilities,0.47722
2022-06-03,Comm,0.08467866666666667
2022-06-03,Consumer,0.1791616666666667
2022-06-03,Energy,0.19836666666666666
2022-06-03,Financials,-0.03326
2022-06-03,Healthcare,0.052653333333333344
2022-06-03,Industrials,0.11674666666666667
2022-06-03,Materials,0.04046
2022-06-03,RealEstate,0.18933
2022-06-03,Tech,0.11425733333333335
2022-06-03,Utilities,0.25523
2022-06-06,Comm,-0.012226666666666669
2022-06-06,Consumer,0.08790466666666666
2022-06-06,Energy,0.17718483516483516
2022-06-06,Financials,0.23270833333333335
2022-06-06,Healthcare,0.09547209523809526
2022-06-06,Industrials,0.039518666666666674
2022-06-06,Materials,0.05872999999999999
2022-06-06,RealEstate,0.06822199999999999
2022-06-06,Tech,0.06840833333333333
2022-06-06,Utilities,0.23138666666666668
2022-06-07,Comm,0.068715
2022-06-07,Consumer,0.17995916666666667
2022-06-07,Energy,0.095547
2022-06-07,Financials,0.13640666666666668
2022-06-07,Healthcare,0.19447142857142857
2022-06-07,Industrials,0.32036000000000003
2022-06-07,Materials,0.031019999999999992
2022-06-07,RealEstate,0.04432666666666667
2022-06-07,Tech,0.06256533333333333
2022-06-07,Utilities,0.16316
2022-06-08,Comm,0.191892
2022-06-08,Consumer,0.14056000000000002
2022-06-08,Energy,0.18043984126984128
2022-06-08,Financials,0.06619714285714287
2022-06-08,Healthcare,0.29625142857142855
2022-06-08,Industrials,0.13089
2022-06-08,Materials,-0.024929999999999997
2022-06-08,RealEstate,0.11264400000000001
2022-06-08,Tech,0.035632750000000005
2022-06-08,Utilities,0.19480000000000003
2022-06-09,Comm,0.08032133333333333
2022-06-09,Consumer,0.004124714285714287
2022-06-09,Energy,0.19186
2022-06-09,Financials,-0.00770666666666667
2022-06-09,Healthcare,0.06922666666666667
2022-06-09,Industrials,0.21109383333333334
2022-06-09,Materials,0.023219999999999998
2022-06-09,RealEstate,0.16446666666666668
2022-06-09,Tech,0.065266
2022-06-09,Utilities,0.10734666666666666
2022-06-10,Comm,-0.031369999999999995
2022-06-10,Consumer,0.07040472727272726
2022-06-10,Energy,0.09383333333333334
2022-06-10,Financials,0.07261866666666666
2022-06-10,Healthcare,0.04625533333333333
2022-06-10,Industrials,0.158853
2022-06-10,Materials,-0.05716000000000001
2022-06-10,RealEstate,0.15456666666666666
2022-06-10,Tech,0.04853750000000001
2022-06-10,Utilities,0.24147
2022-06-13,Comm,0.09076999999999999
2022-06-13,Consumer,0.11722030303030304
2022-06-13,Energy,0.1252779292929293
2022-06-13,Financials,0.12708233333333332
2022-06-13,Healthcare,0.16624357142857143
2022-06-13,Industrials,-0.012410000000000004
2022-06-13,Materials,-0.060529999999999994
2022-06-13,RealEstate,0.09178800000000001
2022-06-13,Tech,0.12153770634920633
2022-06-13,Utilities,0.10225
2022-06-14,Comm,0.25620750000000003
2022-06-14,Consumer,0.10051690476190475
2022-06-14,Energy,0.1712075
2022-06-14,Financials,-0.09208476190476192
2022-06-14,Healthcare,-0.030830000000000003
2022-06-14,Industrials,0.18406466666666668
2022-06-14,Materials,0.12944
2022-06-14,RealEstate,0.08678999999999999
2022-06-14,Tech,0.1344104761904762
2022-06-14,Utilities,0.11625
2022-06-15,Comm,0.040440000000000004
2022-06-15,Consumer,-0.09682500000000001
2022-06-15,Energy,0.2154575
2022-06-15,Financials,0.058606666666666675
2022-06-15,Healthcare,0.08589900000000002
2022-06-15,Industrials,0.17115181818181818
2022-06-15,Materials,0.17692000000000002
2022-06-15,RealEstate,-0.02241
2022-06-15,Tech,0.23473300000000002
2022-06-15,Utilities,0.10230999999999998
2022-06-16,Comm,0.022036666666666666
2022-06-16,Consumer,0.08174111111111113
2022-06-16,Energy,0.06751
2022-06-16,Financials,-0.008701666666666672
2022-06-16,Healthcare,0.24372
2022-06-16,Industrials,0.07423400000000001
2022-06-16,Materials,0.249804
2022-06-16,RealEstate,0.08519
2022-06-16,Tech,0.08834822510822511
2022-06-16,Utilities,0.03946000000000001
2022-06-17,Comm,0.13694599999999998
2022-06-17,Consumer,0.14481
2022-06-17,Energy,0.19483333333333333
2022-06-17,Financials,0.08931000000000001
2022-06-17,Healthcare,0.2884133333333333
2022-06-17,Industrials,0.21332
2022-06-17,Materials,0.11843
2022-06-17,RealEstate,0.31608400000000003
2022-06-17,Tech,0.14203833333333332
2022-06-17,Utilities,0.1525
2022-06-21,Comm,0.1759742857142857
2022-06-21,Consumer,0.03636007575757576
2022-06-21,Energy,0.10539926470588235
2022-06-21,Financials,-0.02925466666666666
2022-06-21,Healthcare,0.3733659523809524
2022-06-21,Industrials,0.18726833333333331
2022-06-21,Materials,0.14652
2022-06-21,RealEstate,0.22520333333333334
2022-06-21,Tech,0.11818778205128204
2022-06-21,Utilities,0.10598
2022-06-22,Comm,0.162925
2022-06-22,Consumer,0.15841818181818182
2022-06-22,Energy,0.042227777777777774
2022-06-22,Financials,0.12378
2022-06-22,Healthcare,0.018083333333333333
2022-06-22,Industrials,-0.030042777777777797
2022-06-22,Materials,0.16743333333333332
2022-06-22,RealEstate,0.22565
2022-06-22,Tech,0.18884190476190477
2022-06-22,Utilities,0.3825033333333333
2022-06-23,Comm,0.05360833333333333
2022-06-23,Consumer,0.1562095
2022-06-23,Energy,0.08919472222222222
2022-06-23,Financials,0.049767166666666675
2022-06-23,Healthcare,-0.09467933333333332
2022-06-23,Industrials,0.130004
2022-06-23,Materials,0.11695666666666667
2022-06-23,RealEstate,0.20191999999999996
2022-06-23,Tech,0.1661
2022-06-23,Utilities,0.35591333333333336
2022-06-24,Comm,-0.006850666666666667
2022-06-24,Consumer,0.022115000000000003
2022-06-24,Energy,-0.08981416666666667
2022-06-24,Financials,0.3014328333333333
2022-06-24,Healthcare,0.22572114285714284
2022-06-24,Industrials,0.0032333333333333324
2022-06-24,Materials,0.09104666666666666
2022-06-24,RealEstate,-0.03928
2022-06-24,Tech,-0.009807999999999994
2022-06-24,Utilities,0.2665533333333333
2022-06-27,Comm,0.09763000000000001
2022-06-27,Consumer,0.11678600000000001
2022-06-27,Energy,0.10657933333333333
2022-06-27,Financials,0.030147333333333342
2022-06-27,Healthcare,0.3290894285714286
2022-06-27,Industrials,0.12119071428571429
2022-06-27,Materials,0.2773466666666667
2022-06-27,RealEstate,0.08831
2022-06-27,Tech,0.2142255238095238
2022-06-27,Utilities,0.3238533333333334
2022-06-28,Comm,0.11567000000000001
2022-06-28,Consumer,0.13665487719298247
2022-06-28,Energy,0.269013081232493
2022-06-28,Financials,0.13470916666666666
2022-06-28,Healthcare,0.21575333333333332
2022-06-28,Industrials,0.046588571428571424
2022-06-28,Materials,0.2679666666666667
2022-06-28,RealEstate,0.0913
2022-06-28,Tech,0.07973964285714286
2022-06-28,Utilities,0.2621833333333333
2022-06-29,Comm,0.073245
2022-06-29,Consumer,0.021086051948051944
2022-06-29,Energy,0.24087314285714284
2022-06-29,Financials,0.07374166666666668
2022-06-29,Healthcare,0.3998571428571428
2022-06-29,Industrials,0.17250666666666667
2022-06-29,Materials,0.15828666666666666
2022-06-29,RealEstate,0.14173
2022-06-29,Tech,0.16612555555555555
2022-06-29,Utilities,0.15225999999999998
2022-06-30,Comm,0.1959216666666667
2022-06-30,Consumer,0.11716798534798537
2022-06-30,Energy,-0.04983449999999999
2022-06-30,Financials,0.1354057142857143
2022-06-30,Healthcare,0.1809
2022-06-30,Industrials,0.2640533333333333
2022-06-30,Materials,0.10093666666666667
2022-06-30,RealEstate,0.1464
2022-06-30,Tech,0.12980755555555554
2022-06-30,Utilities,0.14246
2022-07-01,Comm,0.37637
2022-07-01,Consumer,0.07471178571428572
2022-07-01,Energy,0.22599
2022-07-01,Financials,0.06918333333333333
2022-07-01,Healthcare,0.17799700000000002
2022-07-01,Industrials,0.18412
2022-07-01,Materials,0.15865
2022-07-01,RealEstate,0.09706
2022-07-01,Tech,0.17648452380952379
2022-07-01,Utilities,-0.03318
2022-07-05,Comm,0.27784333333333333
2022-07-05,Consumer,0.11166799145299144
2022-07-05,Energy,0.07907858682983684
2022-07-05,Financials,0.17731780952380954
2022-07-05,Healthcare,0.13635250000000002
2022-07-05,Industrials,0.294865
2022-07-05,Materials,0.15793000000000001
2022-07-05,RealEstate,0.12405333333333332
2022-07-05,Tech,0.29129277777777773
2022-07-05,Utilities,0.049440000000000005
2022-07-06,Comm,0.049781666666666655
2022-07-06,Consumer,0.11930133333333334
2022-07-06,Energy,0.32752042857142855
2022-07-06,Financials,0.034421999999999994
2022-07-06,Healthcare,0.0004700000000000037
2022-07-06,Industrials,0.153915
2022-07-06,Materials,0.18658000000000002
2022-07-06,RealEstate,-0.13765999999999998
2022-07-06,Tech,0.131968
2022-07-06,Utilities,0.1894
2022-07-07,Comm,0.20790166666666665
2022-07-07,Consumer,0.010063333333333337
2022-07-07,Energy,0.26227666666666666
2022-07-07,Financials,0.18813266666666667
2022-07-07,Healthcare,0.014607142857142864
2022-07-07,Industrials,0.0772725
2022-07-07,Materials,-0.040319999999999995
2022-07-07,RealEstate,0.04120666666666666
2022-07-07,Tech,0.06432939682539682
2022-07-07,Utilities,0.38391000000000003
2022-07-08,Comm,0.18768333333333334
2022-07-08,Consumer,-0.03122466666666666
2022-07-08,Energy,0.16988
2022-07-08,Financials,0.02326333333333334
2022-07-08,Healthcare,0.30364
2022-07-08,Industrials,0.13131500000000002
2022-07-08,Materials,-0.008350000000000002
2022-07-08,RealEstate,0.19090000000000001
2022-07-08,Tech,0.09711866666666667
2022-07-08,Utilities,0.13770666666666667
2022-07-11,Comm,0.18240933333333334
2022-07-11,Consumer,0.10116133333333335
2022-07-11,Energy,0.09242533333333333
2022-07-11,Financials,0.1806987728937729
2022-07-11,Healthcare,0.038387142857142856
2022-07-11,Industrials,0.17235166666666665
2022-07-11,Materials,-0.018499999999999996
2022-07-11,RealEstate,0.29322
2022-07-11,Tech,0.2371707142857143
2022-07-11,Utilities,0.13067333333333334
2022-07-12,Comm,0.16039333333333333
2022-07-12,Consumer,0.1937422077922078
2022-07-12,Energy,0.23591047619047617
2022-07-12,Financials,0.12979409523809524
2022-07-12,Healthcare,0.013692619047619047
2022-07-12,Industrials,0.125746
2022-07-12,Materials,-0.018499999999999996
2022-07-12,RealEstate,0.12677999999999998
2022-07-12,Tech,0.1152452380952381
2022-07-12,Utilities,0.13067333333333334
2022-07-13,Comm,-0.05716000000000001
2022-07-13,Consumer,0.16275714285714288
2022-07-13,Energy,0.16536833333333334
2022-07-13,Financials,-0.020761923076923077
2022-07-13,Healthcare,0.1998071428571429
2022-07-13,Industrials,0.18887666666666666
2022-07-13,Materials,0.02324000000000001
2022-07-13,RealEstate,0.26909
2022-07-13,Tech,0.01983603174603175
2022-07-13,Utilities,0.08038
2022-07-14,Comm,0.04177000000000001
2022-07-14,Consumer,0.176815
2022-07-14,Energy,0.18075333333333335
2022-07-14,Financials,-0.02765692857142857
2022-07-14,Healthcare,0.00046200000000001795
2022-07-14,Industrials,0.14362333333333333
2022-07-14,Materials,0.08929666666666666
2022-07-14,RealEstate,0.25259
2022-07-14,Tech,0.15716000000000002
2022-07-14,Utilities,0.14577
2022-07-15,Comm,-0.07432
2022-07-15,Consumer,0.05306621212121212
2022-07-15,Energy,0.27465833333333334
2022-07-15,Financials,0.03811099999999999
2022-07-15,Healthcare,0.025687500000000002
2022-07-15,Industrials,-0.01765333333333333
2022-07-15,Materials,-0.04153
2022-07-15,RealEstate,-0.196442
2022-07-15,Tech,0.15673071428571428
2022-07-15,Utilities,0.277982
2022-07-18,Comm,-0.03536892857142857
2022-07-18,Consumer,0.1495052857142857
2022-07-18,Energy,0.26950738095238097
2022-07-18,Financials,0.12111054621848741
2022-07-18,Healthcare,0.100544
2022-07-18,Industrials,0.07782400000000002
2022-07-18,Materials,0.034970000000000015
2022-07-18,RealEstate,0.09613
2022-07-18,Tech,0.2379355714285714
2022-07-18,Utilities,0.21922533333333333
2022-07-19,Comm,0.20059
2022-07-19,Consumer,0.10810542857142857
2022-07-19,Energy,0.32101999999999997
2022-07-19,Financials,0.08478533333333332
2022-07-19,Healthcare,0.029859285714285717
2022-07-19,Industrials,0.145044
2022-07-19,Materials,0.0768
2022-07-19,RealEstate,0.01341
2022-07-19,Tech,0.040014
2022-07-19,Utilities,0.19366333333333335
2022-07-20,Comm,0.045456666666666666
2022-07-20,Consumer,0.013165000000000007
2022-07-20,Energy,0.17309214285714286
2022-07-20,Financials,0.12118999999999999
2022-07-20,Healthcare,0.25867927272727276
2022-07-20,Industrials,0.09295828571428573
2022-07-20,Materials,0.04224
2022-07-20,RealEstate,0.17764000000000002
2022-07-20,Tech,0.13325464285714286
2022-07-20,Utilities,0.12423
2022-07-21,Comm,0.09383133333333334
2022-07-21,Consumer,0.04345619047619048
2022-07-21,Energy,0.112725
2022-07-21,Financials,0.22336499999999998
2022-07-21,Healthcare,0.07744295454545455
2022-07-21,Industrials,0.022421619047619048
2022-07-21,Materials,0.04207333333333334
2022-07-21,RealEstate,0.26352000000000003
2022-07-21,Tech,0.17586166666666667
2022-07-21,Utilities,0.0866
2022-07-22,Comm,0.08600266666666667
2022-07-22,Consumer,0.16752261904761903
2022-07-22,Energy,0.18882181818181817
2022-07-22,Financials,-0.009238333333333335
2022-07-22,Healthcare,0.278042
2022-07-22,Industrials,0.057284
2022-07-22,Materials,0.032003333333333335
2022-07-22,RealEstate,0.35218000000000005
2022-07-22,Tech,0.20978
2022-07-22,Utilities,0.03426
2022-07-25,Comm,-0.022425
2022-07-25,Consumer,0.09171264102564101
2022-07-25,Energy,0.33997331601731606
2022-07-25,Financials,0.128082
2022-07-25,Healthcare,0.060343999999999995
2022-07-25,Industrials,0.04948971428571429
2022-07-25,Materials,0.16135803921568628
2022-07-25,RealEstate,0.21288
2022-07-25,Tech,0.07361013636363636
2022-07-25,Utilities,0.10441
2022-07-26,Comm,0.0
2022-07-26,Consumer,0.006381675362318842
2022-07-26,Energy,0.071235
2022-07-26,Financials,-0.046189999999999995
2022-07-26,Healthcare,0.15696333333333334
2022-07-26,Industrials,0.12473948412698413
2022-07-26,Materials,0.026933333333333337
2022-07-26,RealEstate,0.10462
2022-07-26,Tech,0.008584666666666668
2022-07-26,Utilities,0.19828800000000002
2022-07-27,Comm,0.06653666666666666
2022-07-27,Consumer,0.05354960784313726
2022-07-27,Energy,0.11778666666666666
2022-07-27,Financials,0.21092500000000003
2022-07-27,Healthcare,0.04655
2022-07-27,Industrials,0.027773928571428574
2022-07-27,Materials,0.14861047619047618
2022-07-27,RealEstate,0.24497866666666662
2022-07-27,Tech,0.13333233766233765
2022-07-27,Utilities,0.16386
2022-07-28,Comm,0.10078333333333334
2022-07-28,Consumer,0.009316888888888895
2022-07-28,Energy,0.1399291818181818
2022-07-28,Financials,-0.0035026666666666665
2022-07-28,Healthcare,0.151388
2022-07-28,Industrials,0.09701619047619048
2022-07-28,Materials,0.08068714285714286
2022-07-28,RealEstate,0.13893499999999998
2022-07-28,Tech,0.08416427272727273
2022-07-28,Utilities,0.17211714285714286
2022-07-29,Comm,0.11484000000000001
2022-07-29,Consumer,0.13318714285714287
2022-07-29,Energy,0.2862748717948718
2022-07-29,Financials,0.05444
2022-07-29,Healthcare,0.054347333333333324
2022-07-29,Industrials,0.1281447619047619
2022-07-29,Materials,0.011837142857142855
2022-07-29,RealEstate,0.26866
2022-07-29,Tech,0.22549713450292397
2022-07-29,Utilities,0.27461
2022-08-01,Comm,0.044908333333333335
2022-08-01,Consumer,0.12408014285714286
2022-08-01,Energy,0.057070222222222224
2022-08-01,Financials,0.18658000000000002
2022-08-01,Healthcare,0.10002133333333334
2022-08-01,Industrials,0.174929
2022-08-01,Materials,0.011837142857142855
2022-08-01,RealEstate,0.35557
2022-08-01,Tech,0.20560694444444444
2022-08-01,Utilities,0.14271
2022-08-02,Comm,0.0475925
2022-08-02,Consumer,0.0666237777777778
2022-08-02,Energy,0.08251642857142857
2022-08-02,Financials,0.19557600000000003
2022-08-02,Healthcare,0.1607875
2022-08-02,Industrials,-0.0007046153846153813
2022-08-02,Materials,0.050631142857142854
2022-08-02,RealEstate,0.3383216666666667
2022-08-02,Tech,-0.04006928571428571
2022-08-02,Utilities,0.17604166666666668
2022-08-03,Comm,0.015399999999999987
2022-08-03,Consumer,0.07798764069264069
2022-08-03,Energy,0.25675920855614975
2022-08-03,Financials,0.183295
2022-08-03,Healthcare,0.27491833333333326
2022-08-03,Industrials,0.06034871794871795
2022-08-03,Materials,0.12335399999999999
2022-08-03,RealEstate,0.14196999999999999
2022-08-03,Tech,0.18894114285714286
2022-08-03,Utilities,0.134932
2022-08-04,Comm,0.08297333333333332
2022-08-04,Consumer,0.06134833333333334
2022-08-04,Energy,0.13704785714285714
2022-08-04,Financials,0.149669
2022-08-04,Healthcare,0.08806577777777777
2022-08-04,Industrials,0.044055384615384614
2022-08-04,Materials,0.04609
2022-08-04,RealEstate,0.10949333333333336
2022-08-04,Tech,0.050596666666666665
2022-08-04,Utilities,0.2568114285714286
2022-08-05,Comm,0.19222333333333333
2022-08-05,Consumer,0.029545000000000023
2022-08-05,Energy,0.198822
2022-08-05,Financials,0.15424066666666664
2022-08-05,Healthcare,0.17775833333333332
2022-08-05,Industrials,0.094845
2022-08-05,Materials,0.07774
2022-08-05,RealEstate,0.22848000000000002
2022-08-05,Tech,0.14875333333333335
2022-08-05,Utilities,0.10177
2022-08-08,Comm,-0.1625
2022-08-08,Consumer,0.0893464761904762
2022-08-08,Energy,0.2256347619047619
2022-08-08,Financials,0.12589142857142857
2022-08-08,Healthcare,0.10529599999999999
2022-08-08,Industrials,0.15710000000000002
2022-08-08,Materials,0.14816000000000001
2022-08-08,RealEstate,0.15362
2022-08-08,Tech,0.1125482962962963
2022-08-08,Utilities,0.108074
2022-08-09,Comm,-0.10722999999999998
2022-08-09,Consumer,0.08117031746031744
2022-08-09,Energy,0.1645799365079365
2022-08-09,Financials,0.12110000000000001
2022-08-09,Healthcare,0.21446666666666667
2022-08-09,Industrials,-0.019219999999999998
2022-08-09,Materials,0.2204
2022-08-09,RealEstate,0.27804
2022-08-09,Tech,0.0713476923076923
2022-08-09,Utilities,0.152584
2022-08-10,Comm,0.170978
2022-08-10,Consumer,0.08854678787878788
2022-08-10,Energy,0.16080609523809525
2022-08-10,Financials,0.2238425
2022-08-10,Healthcare,0.23693
2022-08-10,Industrials,0.11624166666666666
2022-08-10,Materials,0.19866
2022-08-10,RealEstate,0.11800000000000002
2022-08-10,Tech,0.08451339682539682
2022-08-10,Utilities,0.2230233333333333
2022-08-11,Comm,0.03246166666666668
2022-08-11,Consumer,0.06565648148148148
2022-08-11,Energy,0.16389199999999998
2022-08-11,Financials,-0.04968499999999999
2022-08-11,Healthcare,0.027904000000000005
2022-08-11,Industrials,0.10042500000000001
2022-08-11,Materials,0.19866
2022-08-11,RealEstate,0.25048
2022-08-11,Tech,0.09493837662337663
2022-08-11,Utilities,0.11289999999999997
2022-08-12,Comm,0.0695
2022-08-12,Consumer,0.22668885714285714
2022-08-12,Energy,0.23702199999999998
2022-08-12,Financials,0.242618
2022-08-12,Healthcare,0.018516
2022-08-12,Industrials,0.14311666666666667
2022-08-12,Materials,0.14401999999999998
2022-08-12,RealEstate,0.08175
2022-08-12,Tech,0.27806766666666666
2022-08-12,Utilities,0.20007333333333333
2022-08-15,Comm,0.08424833333333334
2022-08-15,Consumer,0.0570818484848485
2022-08-15,Energy,0.14137850505050506
2022-08-15,Financials,0.09562333333333332
2022-08-15,Healthcare,0.008049999999999998
2022-08-15,Industrials,0.26516
2022-08-15,Materials,0.09979333333333332
2022-08-15,RealEstate,-0.03005000000000002
2022-08-15,Tech,0.17435819047619047
2022-08-15,Utilities,0.2487633333333333
2022-08-16,Comm,0.11510833333333333
2022-08-16,Consumer,0.11442392857142858
2022-08-16,Energy,0.20379866666666668
2022-08-16,Financials,0.06856
2022-08-16,Healthcare,0.06571666666666667
2022-08-16,Industrials,-0.12504
2022-08-16,Materials,0.03612
2022-08-16,RealEstate,0.14214000000000002
2022-08-16,Tech,0.19299066666666667
2022-08-16,Utilities,0.104555
2022-08-17,Comm,-0.00653333333333333
2022-08-17,Consumer,0.0408883574879227
2022-08-17,Energy,0.31836366666666666
2022-08-17,Financials,0.06278000000000002
2022-08-17,Healthcare,0.01909
2022-08-17,Industrials,0.022730000000000004
2022-08-17,Materials,0.04404
2022-08-17,RealEstate,0.175945
2022-08-17,Tech,0.15619555555555556
2022-08-17,Utilities,0.26467999999999997
2022-08-18,Comm,0.004529999999999999
2022-08-18,Consumer,0.03643533333333334
2022-08-18,Energy,-0.03893566666666665
2022-08-18,Financials,0.20482266666666665
2022-08-18,Healthcare,0.05664400000000001
2022-08-18,Industrials,0.013026666666666686
2022-08-18,Materials,0.06667000000000001
2022-08-18,RealEstate,0.104845
2022-08-18,Tech,0.10242
2022-08-18,Utilities,0.25243000000000004
2022-08-19,Comm,-0.174035
2022-08-19,Consumer,0.03893066666666667
2022-08-19,Energy,0.11820766666666667
2022-08-19,Financials,0.09653333333333333
2022-08-19,Healthcare,-0.028240000000000008
2022-08-19,Industrials,0.10250666666666668
2022-08-19,Materials,0.06667000000000001
2022-08-19,RealEstate,0.33251
2022-08-19,Tech,0.16227
2022-08-19,Utilities,0.22715000000000002
2022-08-22,Comm,0.21372
2022-08-22,Consumer,0.13030733333333333
2022-08-22,Energy,0.2210671111111111
2022-08-22,Financials,0.044505
2022-08-22,Healthcare,0.21191333333333331
2022-08-22,Industrials,0.15896095238095237
2022-08-22,Materials,0.09827
2022-08-22,RealEstate,0.38418199999999997
2022-08-22,Tech,0.25741533333333333
2022-08-22,Utilities,0.2706733333333333
2022-08-23,Comm,0.17838333333333334
2022-08-23,Consumer,0.07946685714285714
2022-08-23,Energy,0.1240711111111111
2022-08-23,Financials,0.248447
2022-08-23,Healthcare,0.15182666666666667
2022-08-23,Industrials,0.1887
2022-08-23,Materials,0.06087
2022-08-23,RealEstate,0.228762
2022-08-23,Tech,0.041184
2022-08-23,Utilities,0.0407
2022-08-24,Comm,0.13018666666666664
2022-08-24,Consumer,-0.04626866666666666
2022-08-24,Energy,0.012638
2022-08-24,Financials,0.054753333333333334
2022-08-24,Healthcare,0.15272833333333333
2022-08-24,Industrials,0.1059
2022-08-24,Materials,0.013486666666666666
2022-08-24,RealEstate,0.16047000000000003
2022-08-24,Tech,0.14824991596638654
2022-08-24,Utilities,0.15559
2022-08-25,Comm,0.07669166666666666
2022-08-25,Consumer,0.150502
2022-08-25,Energy,0.1050217857142857
2022-08-25,Financials,0.017446
2022-08-25,Healthcare,0.10454666666666668
2022-08-25,Industrials,0.19708
2022-08-25,Materials,0.00258
2022-08-25,RealEstate,0.30311000000000005
2022-08-25,Tech,0.16630333333333333
2022-08-25,Utilities,0.09844800000000001
2022-08-26,Comm,-0.10375083333333335
2022-08-26,Consumer,0.0048238095238095245
2022-08-26,Energy,0.09218333333333334
2022-08-26,Financials,0.11271666666666666
2022-08-26,Healthcare,0.17026666666666665
2022-08-26,Industrials,0.05389666666666668
2022-08-26,Materials,0.057730000000000004
2022-08-26,RealEstate,0.38002
2022-08-26,Tech,0.1917832380952381
2022-08-26,Utilities,0.1366
2022-08-29,Comm,0.157895
2022-08-29,Consumer,0.13825961904761905
2022-08-29,Energy,0.18382174603174603
2022-08-29,Financials,0.218335
2022-08-29,Healthcare,0.2640533333333333
2022-08-29,Industrials,0.034608
2022-08-29,Materials,0.001809999999999995
2022-08-29,RealEstate,0.19603833333333334
2022-08-29,Tech,0.07502333333333333
2022-08-29,Utilities,0.34294
2022-08-30,Comm,-0.05725999999999999
2022-08-30,Consumer,0.14592999999999998
2022-08-30,Energy,0.09114714285714286
2022-08-30,Financials,0.02409
2022-08-30,Healthcare,0.040433333333333335
2022-08-30,Industrials,0.142605
2022-08-30,Materials,0.024589999999999994
2022-08-30,RealEstate,0.148545
2022-08-30,Tech,0.11686649999999998
2022-08-30,Utilities,0.10764
2022-08-31,Comm,0.15776333333333334
2022-08-31,Consumer,0.0524675
2022-08-31,Energy,0.18320554545454545
2022-08-31,Financials,0.061616666666666674
2022-08-31,Healthcare,-0.20458499999999996
2022-08-31,Industrials,0.15382666666666667
2022-08-31,Materials,0.02794
2022-08-31,RealEstate,0.22335
2022-08-31,Tech,0.14944666666666667
2022-08-31,Utilities,0.0992
2022-09-01,Comm,0.08216666666666667
2022-09-01,Consumer,0.168611
2022-09-01,Energy,0.164953
2022-09-01,Financials,0.277945
2022-09-01,Healthcare,0.11460166666666667
2022-09-01,Industrials,0.181505
2022-09-01,Materials,0.09111
2022-09-01,RealEstate,0.18867
2022-09-01,Tech,0.007841267507002809
2022-09-01,Utilities,0.11444000000000001
2022-09-02,Comm,0.10773000000000002
2022-09-02,Consumer,0.039372000000000004
2022-09-02,Energy,0.19711547619047617
2022-09-02,Financials,0.11016466666666666
2022-09-02,Healthcare,0.15142666666666665
2022-09-02,Industrials,0.09512666666666666
2022-09-02,Materials,0.09152
2022-09-02,RealEstate,0.17004000000000002
2022-09-02,Tech,0.22613571428571427
2022-09-02,Utilities,0.18512666666666666
2022-09-06,Comm,0.17733
2022-09-06,Consumer,0.18459799999999998
2022-09-06,Energy,0.11953100000000001
2022-09-06,Financials,0.06870833333333334
2022-09-06,Healthcare,0.23609266666666665
2022-09-06,Industrials,0.18913933333333333
2022-09-06,Materials,0.0
2022-09-06,RealEstate,0.29121
2022-09-06,Tech,0.10662194444444444
2022-09-06,Utilities,0.27142999999999995
2022-09-07,Comm,0.07006952380952383
2022-09-07,Consumer,0.16424232142857145
2022-09-07,Energy,0.17913
2022-09-07,Financials,0.00998
2022-09-07,Healthcare,0.07590866666666667
2022-09-07,Industrials,0.0864
2022-09-07,Materials,0.026530000000000005
2022-09-07,RealEstate,0.05066666666666666
2022-09-07,Tech,0.11469166666666668
2022-09-07,Utilities,0.19389
2022-09-08,Comm,0.22610076190476192
2022-09-08,Consumer,0.07027000000000001
2022-09-08,Energy,0.27588999999999997
2022-09-08,Financials,0.154652
2022-09-08,Healthcare,0.17820533333333333
2022-09-08,Industrials,0.005136666666666678
2022-09-08,Materials,0.18839
2022-09-08,RealEstate,0.23678
2022-09-08,Tech,0.02906000000000001
2022-09-08,Utilities,0.15284333333333336
2022-09-09,Comm,-0.028329999999999987
2022-09-09,Consumer,0.23171916666666664
2022-09-09,Energy,0.048162666666666666
2022-09-09,Financials,0.216123
2022-09-09,Healthcare,-0.008273333333333322
2022-09-09,Industrials,-0.09302999999999999
2022-09-09,Materials,0.14855999999999997
2022-09-09,RealEstate,0.5577
2022-09-09,Tech,0.14664866666666668
2022-09-09,Utilities,0.24855
2022-09-12,Comm,-0.029178095238095236
2022-09-12,Consumer,0.15747616666666667
2022-09-12,Energy,0.1512875
2022-09-12,Financials,0.082844
2022-09-12,Healthcare,0.27932633333333334
2022-09-12,Industrials,-0.005328999999999984
2022-09-12,Materials,-0.05408999999999999
2022-09-12,RealEstate,0.33622833333333335
2022-09-12,Tech,0.03785035714285714
2022-09-12,Utilities,0.32169333333333333
2022-09-13,Comm,-0.07895066666666666
2022-09-13,Consumer,0.18866866666666665
2022-09-13,Energy,0.26301147619047616
2022-09-13,Financials,0.17917
2022-09-13,Healthcare,0.05998666666666667
2022-09-13,Industrials,0.250115
2022-09-13,Materials,0.04583
2022-09-13,RealEstate,0.09451000000000001
2022-09-13,Tech,0.025618333333333333
2022-09-13,Utilities,0.07361333333333334
2022-09-14,Comm,0.09447333333333334
2022-09-14,Consumer,0.19535309523809524
2022-09-14,Energy,0.15459083333333334
2022-09-14,Financials,-0.008446666666666658
2022-09-14,Healthcare,-0.002516666666666667
2022-09-14,Industrials,0.085735
2022-09-14,Materials,0.10938666666666667
2022-09-14,RealEstate,0.12735000000000002
2022-09-14,Tech,0.09731583333333334
2022-09-14,Utilities,0.26733333333333337
2022-09-15,Comm,0.1273216666666667
2022-09-15,Consumer,0.15915142857142858
2022-09-15,Energy,0.22320444444444446
2022-09-15,Financials,0.21970642857142858
2022-09-15,Healthcare,-0.008235000000000003
2022-09-15,Industrials,-0.01531
2022-09-15,Materials,0.06001333333333334
2022-09-15,RealEstate,0.25329999999999997
2022-09-15,Tech,-0.007140478260869566
2022-09-15,Utilities,0.29800166666666666
2022-09-16,Comm,0.11408666666666667
2022-09-16,Consumer,0.13598533333333335
2022-09-16,Energy,0.495585
2022-09-16,Financials,0.100016
2022-09-16,Healthcare,0.06192933333333332
2022-09-16,Industrials,0.08033176470588234
2022-09-16,Materials,0.03398666666666667
2022-09-16,RealEstate,0.268376
2022-09-16,Tech,0.053075714285714296
2022-09-16,Utilities,0.3941733333333334
2022-09-19,Comm,0.03698963636363636
2022-09-19,Consumer,0.31008199999999997
2022-09-19,Energy,0.09387814285714287
2022-09-19,Financials,0.06296333333333333
2022-09-19,Healthcare,0.015823809523809525
2022-09-19,Industrials,0.17700119047619048
2022-09-19,Materials,-0.08276
2022-09-19,RealEstate,0.237128
2022-09-19,Tech,0.09093066666666666
2022-09-19,Utilities,0.325896
2022-09-20,Comm,0.09642500000000001
2022-09-20,Consumer,0.027582857142857138
2022-09-20,Energy,0.22261999999999998
2022-09-20,Financials,0.06292633333333333
2022-09-20,Healthcare,0.026494285714285713
2022-09-20,Industrials,0.10869333333333334
2022-09-20,Materials,-0.08276
2022-09-20,RealEstate,0.21516833333333335
2022-09-20,Tech,0.07047895238095239
2022-09-20,Utilities,0.06808
2022-09-21,Comm,0.14043199999999997
2022-09-21,Consumer,0.08188507936507936
2022-09-21,Energy,0.24372500000000002
2022-09-21,Financials,0.028435
2022-09-21,Healthcare,-0.08621999999999999
2022-09-21,Industrials,0.07578333333333334
2022-09-21,Materials,0.03658
2022-09-21,RealEstate,0.09312000000000001
2022-09-21,Tech,0.03157551282051283
2022-09-21,Utilities,0.19684
2022-09-22,Comm,0.05356000000000001
2022-09-22,Consumer,0.17846171428571428
2022-09-22,Energy,0.11057333333333333
2022-09-22,Financials,-0.043146666666666667
2022-09-22,Healthcare,0.16976666666666668
2022-09-22,Industrials,-0.014527333333333326
2022-09-22,Materials,0.17302666666666666
2022-09-22,RealEstate,-0.05183
2022-09-22,Tech,0.1434662857142857
2022-09-22,Utilities,0.18235166666666666
2022-09-23,Comm,0.133952
2022-09-23,Consumer,-0.04957666666666667
2022-09-23,Energy,-0.05615450000000001
2022-09-23,Financials,0.09322666666666665
2022-09-23,Healthcare,0.08872
2022-09-23,Industrials,0.07465600000000001
2022-09-23,Materials,0.2218866666666667
2022-09-23,RealEstate,6.666666666671484e-06
2022-09-23,Tech,0.02783228571428572
2022-09-23,Utilities,0.227685
2022-09-26,Comm,0.10272333333333335
2022-09-26,Consumer,0.19545261904761904
2022-09-26,Energy,0.07940833333333334
2022-09-26,Financials,0.18393866666666664
2022-09-26,Healthcare,0.015480000000000002
2022-09-26,Industrials,-0.00046499999999999737
2022-09-26,Materials,0.23052
2022-09-26,RealEstate,0.07312142857142859
2022-09-26,Tech,0.08646011904761904
2022-09-26,Utilities,0.57756
2022-09-27,Comm,0.20870166666666665
2022-09-27,Consumer,0.018224999999999998
2022-09-27,Energy,-0.013984285714285716
2022-09-27,Financials,0.08595411111111112
2022-09-27,Healthcare,0.16542166666666666
2022-09-27,Industrials,-0.04014999999999999
2022-09-27,Materials,0.23052
2022-09-27,RealEstate,0.2414214285714286
2022-09-27,Tech,0.18781806349206348
2022-09-27,Utilities,0.32047
2022-09-28,Comm,0.14380266666666666
2022-09-28,Consumer,0.060516190476190466
2022-09-28,Energy,0.18127833333333332
2022-09-28,Financials,0.14922222222222223
2022-09-28,Healthcare,0.14720499999999997
2022-09-28,Industrials,-0.062208333333333324
2022-09-28,Materials,0.06695333333333334
2022-09-28,RealEstate,0.056676666666666674
2022-09-28,Tech,-0.012209844155844151
2022-09-28,Utilities,-0.04951666666666665
2022-09-29,Comm,0.05316333333333334
2022-09-29,Consumer,0.12367428571428571
2022-09-29,Energy,0.144942
2022-09-29,Financials,0.10194055555555555
2022-09-29,Healthcare,0.16065999999999997
2022-09-29,Industrials,0.04576
2022-09-29,Materials,0.011219999999999999
2022-09-29,RealEstate,0.13099666666666668
2022-09-29,Tech,0.0904715
2022-09-29,Utilities,0.05525333333333334
2022-09-30,Comm,0.04426833333333334
2022-09-30,Consumer,0.18351712121212121
2022-09-30,Energy,0.22345190476190474
2022-09-30,Financials,0.2542522222222222
2022-09-30,Healthcare,0.0843
2022-09-30,Industrials,0.08808
2022-09-30,Materials,0.00516
2022-09-30,RealEstate,0.26187
2022-09-30,Tech,-0.1387766666666667
2022-09-30,Utilities,0.14143333333333336
2022-10-03,Comm,0.24489099999999997
2022-10-03,Consumer,0.11644590476190478
2022-10-03,Energy,0.09041141025641025
2022-10-03,Financials,0.265568
2022-10-03,Healthcare,0.04760000000000001
2022-10-03,Industrials,0.22721999999999998
2022-10-03,Materials,0.07601
2022-10-03,RealEstate,0.25506
2022-10-03,Tech,0.31188523809523805
2022-10-03,Utilities,0.18566
2022-10-04,Comm,0.11383999999999998
2022-10-04,Consumer,-0.011166666666666668
2022-10-04,Energy,0.13308
2022-10-04,Financials,0.2805754761904762
2022-10-04,Healthcare,-0.08459
2022-10-04,Industrials,0.03653
2022-10-04,Materials,0.15816000000000002
2022-10-04,RealEstate,0.33353
2022-10-04,Tech,0.1498364935064935
2022-10-04,Utilities,0.214865
2022-10-05,Comm,0.26416
2022-10-05,Consumer,0.05573066666666667
2022-10-05,Energy,0.2191266666666667
2022-10-05,Financials,0.16485333333333335
2022-10-05,Healthcare,-0.014866666666666662
2022-10-05,Industrials,0.2699533333333333
2022-10-05,Materials,0.055900000000000005
2022-10-05,RealEstate,0.19954999999999998
2022-10-05,Tech,0.11293427777777779
2022-10-05,Utilities,0.22012
2022-10-06,Comm,0.079815
2022-10-06,Consumer,0.17427222222222222
2022-10-06,Energy,0.137495
2022-10-06,Financials,0.10615523809523811
2022-10-06,Healthcare,-0.19216000000000003
2022-10-06,Industrials,0.17912999999999998
2022-10-06,Materials,-0.11454
2022-10-06,RealEstate,0.0843
2022-10-06,Tech,0.014379999999999993
2022-10-06,Utilities,0.04499000000000001
2022-10-07,Comm,0.16219666666666668
2022-10-07,Consumer,0.01323333333333333
2022-10-07,Energy,0.26992971428571433
2022-10-07,Financials,0.11608500000000002
2022-10-07,Healthcare,0.00484
2022-10-07,Industrials,0.016614999999999998
2022-10-07,Materials,-0.12161999999999999
2022-10-07,RealEstate,0.13022499999999998
2022-10-07,Tech,0.0563086842105263
2022-10-07,Utilities,0.2694833333333333
2022-10-10,Comm,0.06091
2022-10-10,Consumer,0.13132928571428573
2022-10-10,Energy,0.13325833333333334
2022-10-10,Financials,0.10799600000000001
2022-10-10,Healthcare,0.326336
2022-10-10,Industrials,0.11046
2022-10-10,Materials,0.09469000000000001
2022-10-10,RealEstate,0.10796999999999998
2022-10-10,Tech,0.07669666666666666
2022-10-10,Utilities,0.29439333333333334
2022-10-11,Comm,0.04307066666666667
2022-10-11,Consumer,0.2022442857142857
2022-10-11,Energy,0.12273800000000001
2022-10-11,Financials,-0.283775
2022-10-11,Healthcare,0.22581185714285718
2022-10-11,Industrials,0.24306
2022-10-11,Materials,0.04046
2022-10-11,RealEstate,0.04206
2022-10-11,Tech,-0.04785666666666667
2022-10-11,Utilities,0.34816
2022-10-12,Comm,0.13851
2022-10-12,Consumer,0.1837997619047619
2022-10-12,Energy,0.24595146153846154
2022-10-12,Financials,-0.10776266666666667
2022-10-12,Healthcare,0.13620416666666665
2022-10-12,Industrials,0.30991
2022-10-12,Materials,0.10846
2022-10-12,RealEstate,0.11249
2022-10-12,Tech,-0.029268888888888872
2022-10-12,Utilities,0.15802
2022-10-13,Comm,-0.09549499999999998
2022-10-13,Consumer,0.022599999999999988
2022-10-13,Energy,0.10111555555555556
2022-10-13,Financials,0.048717333333333335
2022-10-13,Healthcare,-0.16806333333333331
2022-10-13,Industrials,0.07923
2022-10-13,Materials,0.08065
2022-10-13,RealEstate,0.05
2022-10-13,Tech,0.002154999999999997
2022-10-13,Utilities,0.21266
2022-10-14,Comm,-0.134185
2022-10-14,Consumer,-0.031166666666666676
2022-10-14,Energy,0.11390866666666666
2022-10-14,Financials,0.13777425787106448
2022-10-14,Healthcare,0.17491333333333334
2022-10-14,Industrials,0.0991
2022-10-14,Materials,0.08065
2022-10-14,RealEstate,0.04164000000000001
2022-10-14,Tech,0.07374
2022-10-14,Utilities,0.24008000000000002
2022-10-17,Comm,0.221326
2022-10-17,Consumer,0.09302980952380953
2022-10-17,Energy,0.07120083333333334
2022-10-17,Financials,0.12281533333333335
2022-10-17,Healthcare,0.120345
2022-10-17,Industrials,-0.07432
2022-10-17,Materials,-0.011839999999999995
2022-10-17,RealEstate,0.10390800000000003
2022-10-17,Tech,0.061792
2022-10-17,Utilities,-0.09354
2022-10-18,Comm,0.1565
2022-10-18,Consumer,0.06945333333333334
2022-10-18,Energy,-0.013294999999999998
2022-10-18,Financials,0.10424
2022-10-18,Healthcare,0.01213000000000002
2022-10-18,Industrials,0.08990499999999998
2022-10-18,Materials,0.06652
2022-10-18,RealEstate,0.169123
2022-10-18,Tech,0.13744
2022-10-18,Utilities,0.22241999999999998
2022-10-19,Comm,0.04041666666666668
2022-10-19,Consumer,0.169599
2022-10-19,Energy,0.15616066666666667
2022-10-19,Financials,0.07913333333333332
2022-10-19,Healthcare,0.05185714285714286
2022-10-19,Industrials,0.07511166666666666
2022-10-19,Materials,0.00516
2022-10-19,RealEstate,0.15442
2022-10-19,Tech,-0.09869666666666668
2022-10-19,Utilities,0.06396666666666667
2022-10-20,Comm,0.09561666666666666
2022-10-20,Consumer,0.19209266666666666
2022-10-20,Energy,0.130947
2022-10-20,Financials,0.09071333333333334
2022-10-20,Healthcare,0.05519533333333333
2022-10-20,Industrials,0.13463333333333333
2022-10-20,Materials,0.022308333333333336
2022-10-20,RealEstate,0.21181999999999998
2022-10-20,Tech,0.20392000000000002
2022-10-20,Utilities,0.12504666666666667
2022-10-21,Comm,0.11342444444444447
2022-10-21,Consumer,0.09912333333333334
2022-10-21,Energy,0.09009577777777777
2022-10-21,Financials,0.014503333333333323
2022-10-21,Healthcare,0.11581599999999999
2022-10-21,Industrials,0.12562
2022-10-21,Materials,0.12295333333333333
2022-10-21,RealEstate,0.300555
2022-10-21,Tech,0.026856
2022-10-21,Utilities,0.11818499999999998
2022-10-24,Comm,0.13608499999999998
2022-10-24,Consumer,0.120034
2022-10-24,Energy,0.08828255555555556
2022-10-24,Financials,-0.02624111111111112
2022-10-24,Healthcare,0.05149
2022-10-24,Industrials,0.09972222222222223
2022-10-24,Materials,0.11548666666666667
2022-10-24,RealEstate,0.25793
2022-10-24,Tech,-0.0023473809523809524
2022-10-24,Utilities,0.22193999999999997
2022-10-25,Comm,0.07677111111111111
2022-10-25,Consumer,0.05301
2022-10-25,Energy,0.13362933333333335
2022-10-25,Financials,0.2061398333333333
2022-10-25,Healthcare,0.049883333333333335
2022-10-25,Industrials,0.03365728937728937
2022-10-25,Materials,0.1836066666666667
2022-10-25,RealEstate,0.09152
2022-10-25,Tech,-0.022908666666666657
2022-10-25,Utilities,0.13629333333333332
2022-10-26,Comm,0.040766666666666666
2022-10-26,Consumer,0.06580916666666667
2022-10-26,Energy,0.05316533333333333
2022-10-26,Financials,0.16643945454545453
2022-10-26,Healthcare,0.03878166666666667
2022-10-26,Industrials,0.030434666666666665
2022-10-26,Materials,0.11560666666666668
2022-10-26,RealEstate,0.06871000000000001
2022-10-26,Tech,0.27627999999999997
2022-10-26,Utilities,0.10364666666666666
2022-10-27,Comm,0.21100933333333333
2022-10-27,Consumer,0.06421416666666666
2022-10-27,Energy,0.1154789090909091
2022-10-27,Financials,0.19666066666666668
2022-10-27,Healthcare,0.14586623376623375
2022-10-27,Industrials,0.21664222222222224
2022-10-27,Materials,0.1825
2022-10-27,RealEstate,-0.005024000000000001
2022-10-27,Tech,0.01415511111111111
2022-10-27,Utilities,0.13141333333333333
2022-10-28,Comm,0.20041714285714285
2022-10-28,Consumer,0.044164
2022-10-28,Energy,0.12420655555555556
2022-10-28,Financials,0.029960000000000004
2022-10-28,Healthcare,0.00938888888888888
2022-10-28,Industrials,0.15372999999999998
2022-10-28,Materials,0.08038
2022-10-28,RealEstate,-0.005024000000000001
2022-10-28,Tech,0.07004151515151515
2022-10-28,Utilities,0.12877333333333332
2022-10-31,Comm,0.22740114285714289
2022-10-31,Consumer,0.06973016666666668
2022-10-31,Energy,0.11650491666666667
2022-10-31,Financials,0.21303999999999998
2022-10-31,Healthcare,-0.02801777777777778
2022-10-31,Industrials,0.11263000000000001
2022-10-31,Materials,0.08038
2022-10-31,RealEstate,0.19326714285714286
2022-10-31,Tech,0.13955349999999997
2022-10-31,Utilities,0.3995866666666667
2022-11-01,Comm,0.1543415
2022-11-01,Consumer,0.05618500000000002
2022-11-01,Energy,0.1213322510822511
2022-11-01,Financials,0.06302333333333335
2022-11-01,Healthcare,0.13551666666666667
2022-11-01,Industrials,0.068
2022-11-01,Materials,-0.015815000000000003
2022-11-01,RealEstate,0.11007666666666667
2022-11-01,Tech,0.10052133333333332
2022-11-01,Utilities,0.4055066666666667
2022-11-02,Comm,0.013989999999999999
2022-11-02,Consumer,0.27115433333333333
2022-11-02,Energy,0.24664961904761906
2022-11-02,Financials,0.16016666666666668
2022-11-02,Healthcare,-0.098025
2022-11-02,Industrials,0.07636
2022-11-02,Materials,-0.05076166666666666
2022-11-02,RealEstate,0.04720333333333333
2022-11-02,Tech,0.13055866666666666
2022-11-02,Utilities,0.27768
2022-11-03,Comm,0.07632000000000001
2022-11-03,Consumer,-0.002811666666666668
2022-11-03,Energy,0.30889
2022-11-03,Financials,-0.007953333333333333
2022-11-03,Healthcare,-0.126033
2022-11-03,Industrials,0.023738666666666665
2022-11-03,Materials,0.03182
2022-11-03,RealEstate,0.021670000000000002
2022-11-03,Tech,0.02506619047619047
2022-11-03,Utilities,0.23855833333333334
2022-11-04,Comm,0.014044999999999997
2022-11-04,Consumer,-0.010599999999999997
2022-11-04,Energy,0.057296666666666676
2022-11-04,Financials,0.10698666666666665
2022-11-04,Healthcare,0.07681166666666668
2022-11-04,Industrials,0.158
2022-11-04,Materials,0.03182
2022-11-04,RealEstate,-0.03297
2022-11-04,Tech,0.055600000000000004
2022-11-04,Utilities,0.22671999999999998
2022-11-07,Comm,-0.11038666666666666
2022-11-07,Consumer,0.08283149999999999
2022-11-07,Energy,0.07273981818181818
2022-11-07,Financials,-0.02329333333333334
2022-11-07,Healthcare,0.022810000000000007
2022-11-07,Industrials,0.0
2022-11-07,Materials,0.0
2022-11-07,RealEstate,0.096945
2022-11-07,Tech,0.15052076190476188
2022-11-07,Utilities,-0.012233333333333332
2022-11-08,Comm,0.04923
2022-11-08,Consumer,0.03053
2022-11-08,Energy,0.11889916666666667
2022-11-08,Financials,0.003986666666666666
2022-11-08,Healthcare,-0.052500000000000005
2022-11-08,Industrials,0.052469999999999996
2022-11-08,Materials,0.027465714285714295
2022-11-08,RealEstate,0.17766500000000002
2022-11-08,Tech,0.09983095238095238
2022-11-08,Utilities,0.10218
2022-11-09,Comm,0.04476
2022-11-09,Consumer,0.07644333333333334
2022-11-09,Energy,-0.050116666666666664
2022-11-09,Financials,0.12582
2022-11-09,Healthcare,0.019005333333333332
2022-11-09,Industrials,0.0843
2022-11-09,Materials,0.08808
2022-11-09,RealEstate,0.163675
2022-11-09,Tech,0.055045
2022-11-09,Utilities,0.13596
2022-11-10,Comm,0.04046
2022-11-10,Consumer,-0.02396952380952381
2022-11-10,Energy,0.09074266666666667
2022-11-10,Financials,0.0256
2022-11-10,Healthcare,0.12435
2022-11-10,Industrials,0.073
2022-11-10,Materials,0.0
2022-11-10,RealEstate,0.080805
2022-11-10,Tech,0.07427292307692308
2022-11-10,Utilities,0.33995
2022-11-11,Comm,0.0
2022-11-11,Consumer,0.1656473333333333
2022-11-11,Energy,0.060730571428571425
2022-11-11,Financials,0.10765333333333334
2022-11-11,Healthcare,0.27403666666666665
2022-11-11,Industrials,0.16201333333333334
2022-11-11,Materials,0.0765
2022-11-11,RealEstate,0.31813499999999995
2022-11-11,Tech,0.1276092857142857
2022-11-11,Utilities,0.11735999999999999
2022-11-14,Comm,0.352572619047619
2022-11-14,Consumer,0.16784295900178253
2022-11-14,Energy,0.12069488344988347
2022-11-14,Financials,0.20764666666666667
2022-11-14,Healthcare,0.15980500000000003
2022-11-14,Industrials,-0.03398000000000001
2022-11-14,Materials,0.06600000000000002
2022-11-14,RealEstate,0.18204833333333334
2022-11-14,Tech,0.07508962148962149
2022-11-14,Utilities,0.048155
2022-11-15,Comm,0.0497
2022-11-15,Consumer,0.06878066666666667
2022-11-15,Energy,0.3191528571428571
2022-11-15,Financials,0.08613
2022-11-15,Healthcare,0.20067000000000004
2022-11-15,Industrials,0.04543
2022-11-15,Materials,0.23030999999999996
2022-11-15,RealEstate,0.19061333333333336
2022-11-15,Tech,0.129782
2022-11-15,Utilities,0.075935
2022-11-16,Comm,0.08627333333333334
2022-11-16,Consumer,0.07187133333333334
2022-11-16,Energy,0.20551
2022-11-16,Financials,-0.0038599999999999967
2022-11-16,Healthcare,0.23342000000000002
2022-11-16,Industrials,0.08882
2022-11-16,Materials,0.23030999999999996
2022-11-16,RealEstate,0.20833333333333331
2022-11-16,Tech,-0.01643138888888889
2022-11-16,Utilities,0.14994999999999997
2022-11-17,Comm,-0.010206666666666668
2022-11-17,Consumer,0.3145645
2022-11-17,Energy,0.04165033333333333
2022-11-17,Financials,0.213385
2022-11-17,Healthcare,0.013486666666666666
2022-11-17,Industrials,0.09228499999999999
2022-11-17,Materials,0.20261
2022-11-17,RealEstate,0.20833333333333331
2022-11-17,Tech,0.08650733333333334
2022-11-17,Utilities,0.14994999999999997
2022-11-18,Comm,-0.010206666666666668
2022-11-18,Consumer,-0.057420000000000006
2022-11-18,Energy,0.06643600000000001
2022-11-18,Financials,0.22988499999999998
2022-11-18,Healthcare,0.08378333333333333
2022-11-18,Industrials,0.05193166666666667
2022-11-18,Materials,0.17526666666666668
2022-11-18,RealEstate,0.0818533333333333
2022-11-18,Tech,0.24541
2022-11-18,Utilities,0.19272
2022-11-21,Comm,0.19752333333333333
2022-11-21,Consumer,0.2542560740740741
2022-11-21,Energy,0.1497365
2022-11-21,Financials,0.15359685714285715
2022-11-21,Healthcare,0.1700377777777778
2022-11-21,Industrials,0.055113333333333334
2022-11-21,Materials,0.21030000000000001
2022-11-21,RealEstate,0.23056000000000001
2022-11-21,Tech,0.176582
2022-11-21,Utilities,0.06885
2022-11-22,Comm,0.27471666666666666
2022-11-22,Consumer,0.013168666666666657
2022-11-22,Energy,-0.07602533333333333
2022-11-22,Financials,0.231296
2022-11-22,Healthcare,0.12752090476190475
2022-11-22,Industrials,0.14694733333333332
2022-11-22,Materials,0.21030000000000001
2022-11-22,RealEstate,0.05503999999999998
2022-11-22,Tech,0.004435
2022-11-22,Utilities,0.0
2022-11-23,Comm,0.16834666666666667
2022-11-23,Consumer,0.26413507936507935
2022-11-23,Energy,0.24129490476190477
2022-11-23,Financials,0.20916
2022-11-23,Healthcare,0.11769571428571428
2022-11-23,Industrials,0.053517333333333326
2022-11-23,Materials,0.1654
2022-11-23,RealEstate,0.35184
2022-11-23,Tech,0.242815
2022-11-23,Utilities,0.19207999999999997
2022-11-25,Comm,0.33623166666666665
2022-11-25,Consumer,0.18268244047619048
2022-11-25,Energy,0.21078200000000002
2022-11-25,Financials,0.14007733333333333
2022-11-25,Healthcare,0.13861742857142856
2022-11-25,Industrials,0.062564
2022-11-25,Materials,0.12494000000000001
2022-11-25,RealEstate,0.3568
2022-11-25,Tech,0.06496000000000002
2022-11-25,Utilities,0.17414000000000002
2022-11-28,Comm,0.37889333333333336
2022-11-28,Consumer,0.10316591208791208
2022-11-28,Energy,0.007767250000000003
2022-11-28,Financials,0.12988666666666665
2022-11-28,Healthcare,0.2016811904761905
2022-11-28,Industrials,0.005905999999999999
2022-11-28,Materials,0.16540000000000002
2022-11-28,RealEstate,0.36463
2022-11-28,Tech,0.11016784615384616
2022-11-28,Utilities,0.15676
2022-11-29,Comm,0.39729333333333333
2022-11-29,Consumer,0.061149999999999996
2022-11-29,Energy,0.04276863636363636
2022-11-29,Financials,0.3196833333333333
2022-11-29,Healthcare,0.19279
2022-11-29,Industrials,0.11987999999999999
2022-11-29,Materials,0.029599999999999998
2022-11-29,RealEstate,0.36463
2022-11-29,Tech,-0.08916533333333333
2022-11-29,Utilities,0.20578000000000002
2022-11-30,Comm,0.29488
2022-11-30,Consumer,0.047473999999999995
2022-11-30,Energy,0.16537638095238097
2022-11-30,Financials,0.16699666666666668
2022-11-30,Healthcare,0.194033
2022-11-30,Industrials,0.10267333333333332
2022-11-30,Materials,0.22732000000000002
2022-11-30,RealEstate,0.16735
2022-11-30,Tech,0.09827666666666666
2022-11-30,Utilities,0.13735999999999998
2022-12-01,Comm,0.10304666666666666
2022-12-01,Consumer,0.16009666666666666
2022-12-01,Energy,0.20941666666666667
2022-12-01,Financials,-0.07454566666666666
2022-12-01,Healthcare,0.13513666666666668
2022-12-01,Industrials,0.23421333333333333
2022-12-01,Materials,0.12828666666666666
2022-12-01,RealEstate,0.25305999999999995
2022-12-01,Tech,0.19348100000000001
2022-12-01,Utilities,0.23772
2022-12-02,Comm,0.25708000000000003
2022-12-02,Consumer,0.1547509090909091
2022-12-02,Energy,0.3963233333333333
2022-12-02,Financials,0.1409753333333333
2022-12-02,Healthcare,-0.09792999999999999
2022-12-02,Industrials,-0.01729866666666667
2022-12-02,Materials,-0.07071333333333334
2022-12-02,RealEstate,0.16166
2022-12-02,Tech,0.06956190476190476
2022-12-02,Utilities,0.36744
2022-12-05,Comm,0.1378282857142857
2022-12-05,Consumer,0.05085187301587302
2022-12-05,Energy,0.2028145238095238
2022-12-05,Financials,0.20560666666666666
2022-12-05,Healthcare,0.098624
2022-12-05,Industrials,0.05641666666666667
2022-12-05,Materials,-0.07071333333333334
2022-12-05,RealEstate,0.26104000000000005
2022-12-05,Tech,0.06731428571428572
2022-12-05,Utilities,0.296015
2022-12-06,Comm,0.183246
2022-12-06,Consumer,0.11515
2022-12-06,Energy,0.2555476666666667
2022-12-06,Financials,-0.020333454545454543
2022-12-06,Healthcare,0.019797000000000002
2022-12-06,Industrials,-0.11722000000000002
2022-12-06,Materials,0.0056666666666666645
2022-12-06,RealEstate,0.23544
2022-12-06,Tech,0.006490666666666675
2022-12-06,Utilities,0.073155
2022-12-07,Comm,0.086216
2022-12-07,Consumer,0.17124833333333334
2022-12-07,Energy,0.08345619047619048
2022-12-07,Financials,-0.0019999999999999935
2022-12-07,Healthcare,-0.04130276190476189
2022-12-07,Industrials,-0.07134
2022-12-07,Materials,0.0056666666666666645
2022-12-07,RealEstate,0.32924
2022-12-07,Tech,0.21540485714285715
2022-12-07,Utilities,0.27612000000000003
2022-12-08,Comm,0.07769000000000001
2022-12-08,Consumer,0.10427266666666668
2022-12-08,Energy,0.22983543589743588
2022-12-08,Financials,0.11402799999999998
2022-12-08,Healthcare,0.035644999999999996
2022-12-08,Industrials,0.12439
2022-12-08,Materials,0.14166666666666666
2022-12-08,RealEstate,0.29524
2022-12-08,Tech,0.141103
2022-12-08,Utilities,0.1224
2022-12-09,Comm,-0.15739999999999998
2022-12-09,Consumer,0.2669816666666667
2022-12-09,Energy,0.08636095238095237
2022-12-09,Financials,0.0
2022-12-09,Healthcare,0.09072666666666668
2022-12-09,Industrials,0.14728
2022-12-09,Materials,0.13735666666666665
2022-12-09,RealEstate,0.47481
2022-12-09,Tech,0.10536500000000001
2022-12-09,Utilities,0.13620666666666667
2022-12-12,Comm,-0.097
2022-12-12,Consumer,0.1372908333333333
2022-12-12,Energy,0.2683230952380952
2022-12-12,Financials,0.07471611111111112
2022-12-12,Healthcare,0.00862671679197995
2022-12-12,Industrials,-0.029133333333333334
2022-12-12,Materials,-0.010629999999999995
2022-12-12,RealEstate,0.26774
2022-12-12,Tech,0.10959714285714287
2022-12-12,Utilities,0.24037999999999998
2022-12-13,Comm,-0.15662800000000002
2022-12-13,Consumer,0.09141702380952381
2022-12-13,Energy,0.149775
2022-12-13,Financials,0.13244166666666668
2022-12-13,Healthcare,0.11637752380952382
2022-12-13,Industrials,0.20892
2022-12-13,Materials,0.1562
2022-12-13,RealEstate,0.04482000000000001
2022-12-13,Tech,0.14314023809523807
2022-12-13,Utilities,0.197715
2022-12-14,Comm,-0.05557666666666666
2022-12-14,Consumer,0.15995583333333335
2022-12-14,Energy,-0.048950666666666656
2022-12-14,Financials,0.012729333333333325
2022-12-14,Healthcare,0.1824
2022-12-14,Industrials,0.24986000000000003
2022-12-14,Materials,0.10186999999999999
2022-12-14,RealEstate,0.10200000000000001
2022-12-14,Tech,0.004423333333333332
2022-12-14,Utilities,0.129715
2022-12-15,Comm,0.063461
2022-12-15,Consumer,0.128475
2022-12-15,Energy,0.03632
2022-12-15,Financials,0.3178533333333333
2022-12-15,Healthcare,0.16280466666666665
2022-12-15,Industrials,0.22676400000000002
2022-12-15,Materials,0.10186999999999999
2022-12-15,RealEstate,0.034526666666666664
2022-12-15,Tech,-0.06620595238095237
2022-12-15,Utilities,0.32604
2022-12-16,Comm,-0.136945
2022-12-16,Consumer,0.14439666666666667
2022-12-16,Energy,0.11407199999999999
2022-12-16,Financials,-0.06164999999999998
2022-12-16,Healthcare,0.16921666666666668
2022-12-16,Industrials,0.047772
2022-12-16,Materials,-0.023110000000000002
2022-12-16,RealEstate,0.24228666666666668
2022-12-16,Tech,0.07642216666666668
2022-12-16,Utilities,0.34153
2022-12-19,Comm,0.122645
2022-12-19,Consumer,0.14827978021978022
2022-12-19,Energy,0.07206955555555555
2022-12-19,Financials,0.034464952380952374
2022-12-19,Healthcare,0.05440266666666667
2022-12-19,Industrials,0.15825
2022-12-19,Materials,0.07110666666666667
2022-12-19,RealEstate,0.16439499999999999
2022-12-19,Tech,0.012095333333333328
2022-12-19,Utilities,0.32787
2022-12-20,Comm,0.29799000000000003
2022-12-20,Consumer,0.17754597402597402
2022-12-20,Energy,0.2606875
2022-12-20,Financials,0.25217757575757577
2022-12-20,Healthcare,0.1853138888888889
2022-12-20,Industrials,0.11798499999999998
2022-12-20,Materials,0.19609333333333334
2022-12-20,RealEstate,0.08515666666666667
2022-12-20,Tech,0.18766699999999997
2022-12-20,Utilities,0.38070666666666664
2022-12-21,Comm,-0.001319999999999999
2022-12-21,Consumer,-0.06510560606060607
2022-12-21,Energy,0.06837666666666667
2022-12-21,Financials,0.09259928571428572
2022-12-21,Healthcare,0.16837833333333335
2022-12-21,Industrials,0.3542409523809524
2022-12-21,Materials,0.14001999999999998
2022-12-21,RealEstate,0.02636
2022-12-21,Tech,0.18500171428571427
2022-12-21,Utilities,0.33596666666666664
2022-12-22,Comm,0.01531999999999999
2022-12-22,Consumer,0.05238833333333333
2022-12-22,Energy,0.378585
2022-12-22,Financials,0.293308
2022-12-22,Healthcare,0.07039333333333334
2022-12-22,Industrials,0.12306666666666666
2022-12-22,Materials,0.0
2022-12-22,RealEstate,0.02636
2022-12-22,Tech,-0.11699016666666666
2022-12-22,Utilities,0.20470000000000002
2022-12-23,Comm,0.16254
2022-12-23,Consumer,0.14015
2022-12-23,Energy,0.020424000000000005
2022-12-23,Financials,0.180484
2022-12-23,Healthcare,-0.06638999999999999
2022-12-23,Industrials,0.05006999999999999
2022-12-23,Materials,0.0
2022-12-23,RealEstate,0.02636
2022-12-23,Tech,0.046097833333333324
2022-12-23,Utilities,0.31110000000000004
2022-12-27,Comm,0.16654
2022-12-27,Consumer,0.22051240981240983
2022-12-27,Energy,0.19149595604395606
2022-12-27,Financials,0.14616
2022-12-27,Healthcare,0.10937800000000002
2022-12-27,Industrials,0.11210500000000001
2022-12-27,Materials,0.17012000000000002
2022-12-27,RealEstate,0.276205
2022-12-27,Tech,-0.02400274458874459
2022-12-27,Utilities,0.1396986666666667
2022-12-28,Comm,0.07746700000000001
2022-12-28,Consumer,0.10411272727272727
2022-12-28,Energy,0.16865333333333335
2022-12-28,Financials,0.13469
2022-12-28,Healthcare,0.176088
2022-12-28,Industrials,0.08550166666666667
2022-12-28,Materials,0.02732
2022-12-28,RealEstate,0.25238666666666665
2022-12-28,Tech,0.07834333333333333
2022-12-28,Utilities,0.1432
2022-12-29,Comm,0.027782000000000008
2022-12-29,Consumer,0.1583688888888889
2022-12-29,Energy,0.03945785714285715
2022-12-29,Financials,0.05306999999999999
2022-12-29,Healthcare,0.11639600000000001
2022-12-29,Industrials,0.05450166666666667
2022-12-29,Materials,0.05058
2022-12-29,RealEstate,0.14012
2022-12-29,Tech,0.17852666666666667
2022-12-29,Utilities,0.08802
2022-12-30,Comm,0.002432000000000001
2022-12-30,Consumer,0.11475514285714286
2022-12-30,Energy,0.16362000000000002
2022-12-30,Financials,0.12387999999999999
2022-12-30,Healthcare,0.068466
2022-12-30,Industrials,0.12053
2022-12-30,Materials,-0.008559999999999998
2022-12-30,RealEstate,0.11124999999999999
2022-12-30,Tech,0.044517714285714285
2022-12-30,Utilities,0.07731999999999999
2023-01-03,Comm,0.003713714285714284
2023-01-03,Consumer,0.09826857142857143
2023-01-03,Energy,0.28271022222222225
2023-01-03,Financials,0.10186999999999999
2023-01-03,Healthcare,0.17174166666666668
2023-01-03,Industrials,0.06232533333333333
2023-01-03,Materials,0.10212000000000002
2023-01-03,RealEstate,0.23373
2023-01-03,Tech,0.0988496229260935
2023-01-03,Utilities,0.16766
2023-01-04,Comm,0.028546666666666685
2023-01-04,Consumer,0.07606457142857143
2023-01-04,Energy,0.24394233333333332
2023-01-04,Financials,0.20074933333333336
2023-01-04,Healthcare,0.067055
2023-01-04,Industrials,0.08478166666666667
2023-01-04,Materials,0.04404
2023-01-04,RealEstate,0.22116000000000002
2023-01-04,Tech,0.0344045
2023-01-04,Utilities,0.15975
2023-01-05,Comm,0.069408
2023-01-05,Consumer,0.23768650793650795
2023-01-05,Energy,0.24221202380952384
2023-01-05,Financials,0.05521666666666666
2023-01-05,Healthcare,0.157785
2023-01-05,Industrials,0.13137
2023-01-05,Materials,0.12264
2023-01-05,RealEstate,0.21685333333333334
2023-01-05,Tech,0.22351533333333334
2023-01-05,Utilities,0.09878666666666666
2023-01-06,Comm,0.24178666666666668
2023-01-06,Consumer,0.19904000000000002
2023-01-06,Energy,0.15449438095238097
2023-01-06,Financials,0.14201333333333335
2023-01-06,Healthcare,0.06390333333333334
2023-01-06,Industrials,0.076625
2023-01-06,Materials,0.0
2023-01-06,RealEstate,0.15727833333333335
2023-01-06,Tech,0.2309652380952381
2023-01-06,Utilities,-0.015546666666666663
2023-01-09,Comm,0.34460999999999997
2023-01-09,Consumer,0.1988495238095238
2023-01-09,Energy,0.2865790476190476
2023-01-09,Financials,0.06769607142857142
2023-01-09,Healthcare,0.20147833333333334
2023-01-09,Industrials,0.171765
2023-01-09,Materials,0.08038
2023-01-09,RealEstate,0.09050000000000002
2023-01-09,Tech,0.12115619047619046
2023-01-09,Utilities,0.07377666666666667
2023-01-10,Comm,0.37448333333333333
2023-01-10,Consumer,0.10989238095238094
2023-01-10,Energy,0.04492685714285714
2023-01-10,Financials,0.09431809523809524
2023-01-10,Healthcare,0.06907642857142857
2023-01-10,Industrials,0.15719714285714287
2023-01-10,Materials,0.16076
2023-01-10,RealEstate,-0.01629999999999999
2023-01-10,Tech,0.23811809523809524
2023-01-10,Utilities,0.048776666666666676
2023-01-11,Comm,0.21077666666666667
2023-01-11,Consumer,0.03772633333333334
2023-01-11,Energy,0.11611
2023-01-11,Financials,0.06307873015873015
2023-01-11,Healthcare,0.031676666666666665
2023-01-11,Industrials,0.03311714285714286
2023-01-11,Materials,0.15686166666666668
2023-01-11,RealEstate,0.02188
2023-01-11,Tech,0.06118666666666667
2023-01-11,Utilities,0.027160000000000007
2023-01-12,Comm,0.10675266666666668
2023-01-12,Consumer,0.06283569230769231
2023-01-12,Energy,0.06955964285714286
2023-01-12,Financials,0.10104057142857144
2023-01-12,Healthcare,0.053959999999999994
2023-01-12,Industrials,0.11552166666666666
2023-01-12,Materials,0.16082
2023-01-12,RealEstate,-0.04803999999999999
2023-01-12,Tech,0.05665833333333333
2023-01-12,Utilities,0.11046666666666667
2023-01-13,Comm,0.18216666666666667
2023-01-13,Consumer,0.19112266666666666
2023-01-13,Energy,0.1925342857142857
2023-01-13,Financials,0.06712692640692641
2023-01-13,Healthcare,0.16742333333333334
2023-01-13,Industrials,0.037660000000000006
2023-01-13,Materials,0.28611
2023-01-13,RealEstate,-0.06406999999999999
2023-01-13,Tech,0.100065
2023-01-13,Utilities,0.16087
2023-01-17,Comm,0.20365666666666668
2023-01-17,Consumer,0.23867834285714284
2023-01-17,Energy,0.06981882352941177
2023-01-17,Financials,0.15807083006984537
2023-01-17,Healthcare,0.26210944444444445
2023-01-17,Industrials,0.215895
2023-01-17,Materials,0.14957
2023-01-17,RealEstate,0.02135
2023-01-17,Tech,0.12548147619047617
2023-01-17,Utilities,0.22476
2023-01-18,Comm,0.025453333333333335
2023-01-18,Consumer,0.17681855555555556
2023-01-18,Energy,0.24106333333333335
2023-01-18,Financials,0.18701063492063494
2023-01-18,Healthcare,0.134085
2023-01-18,Industrials,-0.095755
2023-01-18,Materials,0.142155
2023-01-18,RealEstate,0.0012866666666666673
2023-01-18,Tech,0.18735714285714286
2023-01-18,Utilities,0.20918
2023-01-19,Comm,0.041280000000000004
2023-01-19,Consumer,-0.0029958571428571417
2023-01-19,Energy,0.18392
2023-01-19,Financials,0.0473235
2023-01-19,Healthcare,-0.013043333333333334
2023-01-19,Industrials,0.05073
2023-01-19,Materials,0.14376666666666668
2023-01-19,RealEstate,0.08113999999999999
2023-01-19,Tech,0.15625714285714284
2023-01-19,Utilities,0.16392
2023-01-20,Comm,-0.009086666666666663
2023-01-20,Consumer,0.013133333333333335
2023-01-20,Energy,0.1845234230769231
2023-01-20,Financials,0.051685333333333326
2023-01-20,Healthcare,0.06612533333333334
2023-01-20,Industrials,-0.003159999999999996
2023-01-20,Materials,0.1786666666666667
2023-01-20,RealEstate,0.04528666666666666
2023-01-20,Tech,0.06466866666666667
2023-01-20,Utilities,0.14502333333333334
2023-01-23,Comm,0.053615
2023-01-23,Consumer,0.21038928571428572
2023-01-23,Energy,0.03881306818181818
2023-01-23,Financials,-0.054972
2023-01-23,Healthcare,0.253675
2023-01-23,Industrials,0.18346085714285715
2023-01-23,Materials,0.021098333333333347
2023-01-23,RealEstate,0.07724666666666666
2023-01-23,Tech,0.04196040100250627
2023-01-23,Utilities,0.20159666666666665
2023-01-24,Comm,0.038075000000000005
2023-01-24,Consumer,0.15604383333333333
2023-01-24,Energy,0.2233597619047619
2023-01-24,Financials,0.10409500000000001
2023-01-24,Healthcare,0.15199000000000001
2023-01-24,Industrials,0.06550242424242425
2023-01-24,Materials,0.022205000000000003
2023-01-24,RealEstate,0.23321
2023-01-24,Tech,0.025202500000000006
2023-01-24,Utilities,0.23891
2023-01-25,Comm,0.0014257142857142858
2023-01-25,Consumer,0.12261899999999999
2023-01-25,Energy,0.19050666666666666
2023-01-25,Financials,0.06552033333333333
2023-01-25,Healthcare,0.006690980392156853
2023-01-25,Industrials,0.13661333333333334
2023-01-25,Materials,-0.09030399999999998
2023-01-25,RealEstate,0.35783333333333334
2023-01-25,Tech,0.061449166666666666
2023-01-25,Utilities,0.191144
2023-01-26,Comm,0.22873560606060606
2023-01-26,Consumer,0.11155333333333335
2023-01-26,Energy,0.21562301282051283
2023-01-26,Financials,0.17639711111111112
2023-01-26,Healthcare,0.17704999999999999
2023-01-26,Industrials,0.02513857142857142
2023-01-26,Materials,0.075
2023-01-26,RealEstate,0.19529333333333335
2023-01-26,Tech,0.09490663492063492
2023-01-26,Utilities,0.14764
2023-01-27,Comm,0.09685466666666664
2023-01-27,Consumer,0.04188190476190475
2023-01-27,Energy,0.11059071428571429
2023-01-27,Financials,0.197322
2023-01-27,Healthcare,0.19140666666666667
2023-01-27,Industrials,0.1234952380952381
2023-01-27,Materials,0.07481499999999999
2023-01-27,RealEstate,0.24477333333333334
2023-01-27,Tech,-0.00167385185185185
2023-01-27,Utilities,0.15150666666666668
2023-01-30,Comm,0.07409666666666666
2023-01-30,Consumer,0.013520000000000004
2023-01-30,Energy,0.1395278787878788
2023-01-30,Financials,0.15553333333333336
2023-01-30,Healthcare,0.14562716666666667
2023-01-30,Industrials,-0.005256000000000001
2023-01-30,Materials,0.15791499999999997
2023-01-30,RealEstate,0.281555
2023-01-30,Tech,0.08135
2023-01-30,Utilities,0.17398000000000002
2023-01-31,Comm,-0.01744888888888889
2023-01-31,Consumer,0.061749476190476195
2023-01-31,Energy,0.12339420512820513
2023-01-31,Financials,0.10103333333333334
2023-01-31,Healthcare,0.04195083333333333
2023-01-31,Industrials,0.11743788235294117
2023-01-31,Materials,0.13231500000000002
2023-01-31,RealEstate,0.19296000000000002
2023-01-31,Tech,-0.004828303030303028
2023-01-31,Utilities,0.18501666666666666
2023-02-01,Comm,0.021679999999999994
2023-02-01,Consumer,0.1017551515151515
2023-02-01,Energy,-0.12676177777777778
2023-02-01,Financials,0.05386333333333333
2023-02-01,Healthcare,0.1283915873015873
2023-02-01,Industrials,0.07608
2023-02-01,Materials,0.088405
2023-02-01,RealEstate,0.31418
2023-02-01,Tech,-0.06427003813882533
2023-02-01,Utilities,-0.02065
2023-02-02,Comm,0.12570933333333334
2023-02-02,Consumer,0.13993
2023-02-02,Energy,0.18011523809523808
2023-02-02,Financials,0.13968644444444445
2023-02-02,Healthcare,0.24771666666666667
2023-02-02,Industrials,0.17712
2023-02-02,Materials,0.10262
2023-02-02,RealEstate,0.17594
2023-02-02,Tech,0.21009666666666668
2023-02-02,Utilities,0.23553333333333332
2023-02-03,Comm,0.18137
2023-02-03,Consumer,0.16105171428571427
2023-02-03,Energy,-0.004061666666666658
2023-02-03,Financials,0.093275
2023-02-03,Healthcare,0.06965783333333334
2023-02-03,Industrials,0.22832499999999997
2023-02-03,Materials,0.015421
2023-02-03,RealEstate,0.08510666666666668
2023-02-03,Tech,-0.045935833333333335
2023-02-03,Utilities,0.2677366666666667
2023-02-06,Comm,-0.020167499999999988
2023-02-06,Consumer,0.08302100000000001
2023-02-06,Energy,0.03663444444444445
2023-02-06,Financials,-0.04886666666666667
2023-02-06,Healthcare,0.042994000000000004
2023-02-06,Industrials,0.15544333333333332
2023-02-06,Materials,0.09793499999999997
2023-02-06,RealEstate,0.17055904761904764
2023-02-06,Tech,0.20531083333333333
2023-02-06,Utilities,0.15076666666666666
2023-02-07,Comm,0.027477
2023-02-07,Consumer,0.17179166666666668
2023-02-07,Energy,0.0007771428571428541
2023-02-07,Financials,0.24303333333333335
2023-02-07,Healthcare,0.12206666666666668
2023-02-07,Industrials,-0.007196666666666668
2023-02-07,Materials,-0.06531833333333334
2023-02-07,RealEstate,0.0911647619047619
2023-02-07,Tech,0.19244266666666668
2023-02-07,Utilities,0.2691366666666667
2023-02-08,Comm,0.05899
2023-02-08,Consumer,0.10050971428571429
2023-02-08,Energy,0.08533444444444445
2023-02-08,Financials,0.0311
2023-02-08,Healthcare,0.050586
2023-02-08,Industrials,0.16017666666666666
2023-02-08,Materials,0.07939666666666666
2023-02-08,RealEstate,-0.029599999999999998
2023-02-08,Tech,0.15681728571428571
2023-02-08,Utilities,0.2112531818181818
2023-02-09,Comm,0.07705
2023-02-09,Consumer,0.0712151724137931
2023-02-09,Energy,0.11847390476190475
2023-02-09,Financials,-0.03314999999999998
2023-02-09,Healthcare,0.008086142857142865
2023-02-09,Industrials,0.08614333333333332
2023-02-09,Materials,-0.04826999999999999
2023-02-09,RealEstate,0.13115000000000002
2023-02-09,Tech,0.21136499999999997
2023-02-09,Utilities,0.21886
2023-02-10,Comm,0.08830999999999999
2023-02-10,Consumer,0.11233599999999999
2023-02-10,Energy,0.15558566666666668
2023-02-10,Financials,-0.055994999999999996
2023-02-10,Healthcare,0.008510000000000018
2023-02-10,Industrials,0.05619999999999999
2023-02-10,Materials,-0.04248
2023-02-10,RealEstate,0.25075000000000003
2023-02-10,Tech,-0.023754444444444446
2023-02-10,Utilities,0.16646
2023-02-13,Comm,-0.027247999999999994
2023-02-13,Consumer,0.13103913636363634
2023-02-13,Energy,0.27975944444444445
2023-02-13,Financials,0.09737666666666667
2023-02-13,Healthcare,0.10701000000000001
2023-02-13,Industrials,0.11876000000000002
2023-02-13,Materials,-0.0299
2023-02-13,RealEstate,0.3554
2023-02-13,Tech,0.20688285714285715
2023-02-13,Utilities,0.23743666666666666
2023-02-14,Comm,-0.013308
2023-02-14,Consumer,0.263443393939394
2023-02-14,Energy,-0.06863
2023-02-14,Financials,-0.02954066666666667
2023-02-14,Healthcare,0.212427
2023-02-14,Industrials,0.09214933333333333
2023-02-14,Materials,0.01794
2023-02-14,RealEstate,0.15886
2023-02-14,Tech,0.21975484848484847
2023-02-14,Utilities,0.12393000000000001
2023-02-15,Comm,0.18669666666666665
2023-02-15,Consumer,0.11783466666666667
2023-02-15,Energy,0.03642666666666666
2023-02-15,Financials,-0.08132750000000001
2023-02-15,Healthcare,0.09486833333333333
2023-02-15,Industrials,0.05914600000000001
2023-02-15,Materials,0.006237142857142858
2023-02-15,RealEstate,0.11417666666666666
2023-02-15,Tech,-0.009739999999999993
2023-02-15,Utilities,0.19022
2023-02-16,Comm,0.02366
2023-02-16,Consumer,0.006370666666666663
2023-02-16,Energy,0.13395955555555555
2023-02-16,Financials,0.04416
2023-02-16,Healthcare,0.12758466666666665
2023-02-16,Industrials,0.13791499999999998
2023-02-16,Materials,0.07597999999999999
2023-02-16,RealEstate,0.07278333333333334
2023-02-16,Tech,0.17857883116883116
2023-02-16,Utilities,0.16726916666666666
2023-02-17,Comm,0.26779
2023-02-17,Consumer,0.0675152380952381
2023-02-17,Energy,0.12348595238095236
2023-02-17,Financials,0.22298999999999997
2023-02-17,Healthcare,0.14122666666666667
2023-02-17,Industrials,0.02943333333333333
2023-02-17,Materials,0.015059999999999995
2023-02-17,RealEstate,-0.008929999999999999
2023-02-17,Tech,0.09892727272727272
2023-02-17,Utilities,0.08733333333333333
2023-02-21,Comm,0.1004447619047619
2023-02-21,Consumer,0.11767893650793651
2023-02-21,Energy,0.1161750505050505
2023-02-21,Financials,0.0012510000000000021
2023-02-21,Healthcare,0.023423000000000006
2023-02-21,Industrials,0.195737
2023-02-21,Materials,-0.026625
2023-02-21,RealEstate,0.08677777777777779
2023-02-21,Tech,0.11084727272727272
2023-02-21,Utilities,0.04896111111111111
2023-02-22,Comm,0.11090333333333333
2023-02-22,Consumer,0.08917590476190476
2023-02-22,Energy,0.11466400000000002
2023-02-22,Financials,0.08781900000000001
2023-02-22,Healthcare,0.09284200000000001
2023-02-22,Industrials,0.0
2023-02-22,Materials,0.06795999999999999
2023-02-22,RealEstate,0.11400166666666667
2023-02-22,Tech,0.112917
2023-02-22,Utilities,0.10825
2023-02-23,Comm,0.12297
2023-02-23,Consumer,0.10625000000000002
2023-02-23,Energy,0.15099809523809524
2023-02-23,Financials,0.13172166666666668
2023-02-23,Healthcare,0.093612
2023-02-23,Industrials,0.04900333333333333
2023-02-23,Materials,-0.0027966666666666713
2023-02-23,RealEstate,0.05041500000000001
2023-02-23,Tech,0.014443166666666674
2023-02-23,Utilities,0.056576
2023-02-24,Comm,0.12728
2023-02-24,Consumer,0.040490000000000005
2023-02-24,Energy,0.056115000000000005
2023-02-24,Financials,0.10556066666666666
2023-02-24,Healthcare,0.06704400000000002
2023-02-24,Industrials,0.08953666666666667
2023-02-24,Materials,0.08508666666666667
2023-02-24,RealEstate,0.030125000000000002
2023-02-24,Tech,0.000439833333333331
2023-02-24,Utilities,0.102168
2023-02-27,Comm,0.13392333333333334
2023-02-27,Consumer,0.07535344444444445
2023-02-27,Energy,-0.019697714285714284
2023-02-27,Financials,-0.011213928571428566
2023-02-27,Healthcare,0.08093285714285714
2023-02-27,Industrials,0.070885
2023-02-27,Materials,0.2454
2023-02-27,RealEstate,0.09504
2023-02-27,Tech,0.10289992063492064
2023-02-27,Utilities,0.173532
2023-02-28,Comm,0.13401000000000002
2023-02-28,Consumer,0.12622866666666668
2023-02-28,Energy,0.12354777777777778
2023-02-28,Financials,0.08702212121212119
2023-02-28,Healthcare,0.07034657142857142
2023-02-28,Industrials,0.17365666666666665
2023-02-28,Materials,0.34752
2023-02-28,RealEstate,0.11682000000000001
2023-02-28,Tech,0.24963571428571427
2023-02-28,Utilities,0.22801999999999997
2023-03-01,Comm,-0.033397500000000004
2023-03-01,Consumer,0.09564033333333334
2023-03-01,Energy,0.06314166666666667
2023-03-01,Financials,0.09284666666666666
2023-03-01,Healthcare,0.028242000000000007
2023-03-01,Industrials,0.04426
2023-03-01,Materials,0.194112
2023-03-01,RealEstate,0.0886
2023-03-01,Tech,0.183314126984127
2023-03-01,Utilities,0.39422
2023-03-02,Comm,0.23134666666666667
2023-03-02,Consumer,0.2024008658008658
2023-03-02,Energy,0.27628833333333336
2023-03-02,Financials,0.13739400000000002
2023-03-02,Healthcare,0.039298333333333345
2023-03-02,Industrials,0.20525857142857143
2023-03-02,Materials,0.0638
2023-03-02,RealEstate,0.20618666666666668
2023-03-02,Tech,0.08108595238095237
2023-03-02,Utilities,0.24122
2023-03-03,Comm,0.06216666666666668
2023-03-03,Consumer,0.09395571428571428
2023-03-03,Energy,0.21369833333333332
2023-03-03,Financials,0.00871666666666666
2023-03-03,Healthcare,0.285165
2023-03-03,Industrials,0.11615666666666666
2023-03-03,Materials,0.00024799999999999936
2023-03-03,RealEstate,0.13778666666666667
2023-03-03,Tech,0.2062848888888889
2023-03-03,Utilities,0.14816000000000001
2023-03-06,Comm,0.02023
2023-03-06,Consumer,-0.040311
2023-03-06,Energy,0.05377766666666667
2023-03-06,Financials,0.10359059523809525
2023-03-06,Healthcare,0.06327033333333335
2023-03-06,Industrials,0.16074000000000002
2023-03-06,Materials,0.034248
2023-03-06,RealEstate,0.04136
2023-03-06,Tech,0.07911199999999999
2023-03-06,Utilities,-0.03910999999999999
2023-03-07,Comm,0.17477
2023-03-07,Consumer,0.16452333333333333
2023-03-07,Energy,0.12144666666666666
2023-03-07,Financials,0.24231166666666665
2023-03-07,Healthcare,0.1673633333333333
2023-03-07,Industrials,0.2250233333333333
2023-03-07,Materials,0.047670000000000004
2023-03-07,RealEstate,0.12358
2023-03-07,Tech,0.11298444444444444
2023-03-07,Utilities,0.08139666666666667
2023-03-08,Comm,0.047799999999999995
2023-03-08,Consumer,0.25326166666666666
2023-03-08,Energy,0.14941619047619048
2023-03-08,Financials,0.06828730158730159
2023-03-08,Healthcare,0.056163
2023-03-08,Industrials,0.14807333333333333
2023-03-08,Materials,0.0991
2023-03-08,RealEstate,0.21033
2023-03-08,Tech,0.08803611111111112
2023-03-08,Utilities,0.07404666666666666
2023-03-09,Comm,0.02849666666666667
2023-03-09,Consumer,0.10084
2023-03-09,Energy,0.25682866666666665
2023-03-09,Financials,0.047027
2023-03-09,Healthcare,0.12732333333333334
2023-03-09,Industrials,0.08122
2023-03-09,Materials,0.018690000000000002
2023-03-09,RealEstate,0.16455
2023-03-09,Tech,0.1660287878787879
2023-03-09,Utilities,0.14632666666666666
2023-03-10,Comm,0.025708
2023-03-10,Consumer,0.12061199999999998
2023-03-10,Energy,0.17908933333333335
2023-03-10,Financials,0.0075823333333333385
2023-03-10,Healthcare,0.23816333333333334
2023-03-10,Industrials,0.10284428571428572
2023-03-10,Materials,0.11800000000000002
2023-03-10,RealEstate,0.26161999999999996
2023-03-10,Tech,0.122865
2023-03-10,Utilities,0.22115666666666667
2023-03-13,Comm,0.06463933333333334
2023-03-13,Consumer,0.053982190476190475
2023-03-13,Energy,0.15785444444444444
2023-03-13,Financials,-0.07964403030303031
2023-03-13,Healthcare,0.1411257142857143
2023-03-13,Industrials,0.13247599999999998
2023-03-13,Materials,0.13992
2023-03-13,RealEstate,0.021646666666666665
2023-03-13,Tech,0.058681000000000004
2023-03-13,Utilities,0.24661166666666667
2023-03-14,Comm,0.081306
2023-03-14,Consumer,-0.04649666666666667
2023-03-14,Energy,0.21197166666666667
2023-03-14,Financials,0.17148380952380954
2023-03-14,Healthcare,-0.015801333333333327
2023-03-14,Industrials,0.180146
2023-03-14,Materials,0.06376000000000001
2023-03-14,RealEstate,0.20270000000000002
2023-03-14,Tech,0.16459083333333333
2023-03-14,Utilities,0.0509
2023-03-15,Comm,0.13586
2023-03-15,Consumer,0.06556166666666667
2023-03-15,Energy,0.1294664285714286
2023-03-15,Financials,0.011017111111111116
2023-03-15,Healthcare,0.08162666666666667
2023-03-15,Industrials,0.046380000000000005
2023-03-15,Materials,0.08374181818181818
2023-03-15,RealEstate,0.185554
2023-03-15,Tech,-0.012914761904761905
2023-03-15,Utilities,0.28570166666666663
2023-03-16,Comm,0.1414582857142857
2023-03-16,Consumer,0.029326666666666674
2023-03-16,Energy,-0.04001199999999999
2023-03-16,Financials,-0.1286202777777778
2023-03-16,Healthcare,0.04588
2023-03-16,Industrials,0.25207999999999997
2023-03-16,Materials,0.07726666666666668
2023-03-16,RealEstate,0.227
2023-03-16,Tech,0.11155481818181819
2023-03-16,Utilities,0.1459
2023-03-17,Comm,0.092
2023-03-17,Consumer,-0.02581300000000001
2023-03-17,Energy,0.029581333333333338
2023-03-17,Financials,-0.04826114285714286
2023-03-17,Healthcare,0.03849999999999999
2023-03-17,Industrials,0.07082000000000001
2023-03-17,Materials,-0.006796190476190472
2023-03-17,RealEstate,0.23986999999999997
2023-03-17,Tech,0.054474749999999995
2023-03-17,Utilities,0.26572666666666667
2023-03-20,Comm,0.183634
2023-03-20,Consumer,0.042434285714285716
2023-03-20,Energy,0.26259466666666664
2023-03-20,Financials,0.13583814285714285
2023-03-20,Healthcare,0.08144933333333335
2023-03-20,Industrials,0.07919666666666667
2023-03-20,Materials,0.14259666666666668
2023-03-20,RealEstate,0.040580000000000005
2023-03-20,Tech,0.14129133333333332
2023-03-20,Utilities,0.15756333333333333
2023-03-21,Comm,0.084422
2023-03-21,Consumer,0.14174222222222221
2023-03-21,Energy,0.05917466666666667
2023-03-21,Financials,0.12551285714285715
2023-03-21,Healthcare,0.157915
2023-03-21,Industrials,0.19473000000000001
2023-03-21,Materials,0.021875
2023-03-21,RealEstate,0.3596066666666667
2023-03-21,Tech,0.076383
2023-03-21,Utilities,0.25908
2023-03-22,Comm,0.11946666666666668
2023-03-22,Consumer,-0.0445123076923077
2023-03-22,Energy,0.13186916666666665
2023-03-22,Financials,0.057744285714285706
2023-03-22,Healthcare,0.011967999999999998
2023-03-22,Industrials,0.12519
2023-03-22,Materials,0.07820666666666667
2023-03-22,RealEstate,0.21108000000000002
2023-03-22,Tech,0.0671015037593985
2023-03-22,Utilities,0.09562666666666667
2023-03-23,Comm,0.31221
2023-03-23,Consumer,0.05046666666666668
2023-03-23,Energy,0.16982166666666668
2023-03-23,Financials,-0.025778333333333337
2023-03-23,Healthcare,0.149788
2023-03-23,Industrials,0.07804
2023-03-23,Materials,0.046794999999999996
2023-03-23,RealEstate,0.14966
2023-03-23,Tech,0.1406757142857143
2023-03-23,Utilities,0.1442
2023-03-24,Comm,0.31461
2023-03-24,Consumer,0.157884
2023-03-24,Energy,0.194102
2023-03-24,Financials,-0.10548969696969698
2023-03-24,Healthcare,0.09774133333333332
2023-03-24,Industrials,0.07258666666666667
2023-03-24,Materials,0.046794999999999996
2023-03-24,RealEstate,0.1272
2023-03-24,Tech,0.04642119047619048
2023-03-24,Utilities,0.21626000000000004
2023-03-27,Comm,0.24604428571428572
2023-03-27,Consumer,0.11142416666666666
2023-03-27,Energy,0.061272499999999994
2023-03-27,Financials,0.09948515873015873
2023-03-27,Healthcare,0.13018666666666667
2023-03-27,Industrials,0.15123999999999999
2023-03-27,Materials,0.05826166666666667
2023-03-27,RealEstate,0.040598
2023-03-27,Tech,0.14500497435897436
2023-03-27,Utilities,0.092955
2023-03-28,Comm,0.26202333333333333
2023-03-28,Consumer,0.15801928571428572
2023-03-28,Energy,0.08887333333333333
2023-03-28,Financials,0.22000999999999998
2023-03-28,Healthcare,0.19232833333333335
2023-03-28,Industrials,0.11410499999999998
2023-03-28,Materials,0.14841
2023-03-28,RealEstate,0.084488
2023-03-28,Tech,0.12816
2023-03-28,Utilities,0.335075
2023-03-29,Comm,0.08532666666666668
2023-03-29,Consumer,0.12297333333333334
2023-03-29,Energy,0.04028988888888889
2023-03-29,Financials,0.028922833333333335
2023-03-29,Healthcare,0.055336666666666666
2023-03-29,Industrials,0.049815000000000005
2023-03-29,Materials,0.08631333333333333
2023-03-29,RealEstate,0.12131333333333334
2023-03-29,Tech,0.10061
2023-03-29,Utilities,0.16483
2023-03-30,Comm,0.16473333333333334
2023-03-30,Consumer,0.11552115384615384
2023-03-30,Energy,0.07989666666666667
2023-03-30,Financials,0.22542380952380953
2023-03-30,Healthcare,0.0013649999999999995
2023-03-30,Industrials,0.16831166666666666
2023-03-30,Materials,0.02561
2023-03-30,RealEstate,0.11547666666666667
2023-03-30,Tech,0.16753085714285715
2023-03-30,Utilities,0.20589
2023-03-31,Comm,0.19658533333333333
2023-03-31,Consumer,0.034873142857142866
2023-03-31,Energy,0.140608
2023-03-31,Financials,0.14908133333333334
2023-03-31,Healthcare,0.06083500000000001
2023-03-31,Industrials,0.054753333333333334
2023-03-31,Materials,0.10028999999999999
2023-03-31,RealEstate,0.18689
2023-03-31,Tech,0.17308566666666667
2023-03-31,Utilities,0.13836666666666667
2023-04-03,Comm,0.13331285714285715
2023-04-03,Consumer,0.11564195488721804
2023-04-03,Energy,-0.04670276315789473
2023-04-03,Financials,0.1105602380952381
2023-04-03,Healthcare,-0.04046466666666667
2023-04-03,Industrials,0.09313500000000001
2023-04-03,Materials,-0.052669999999999995
2023-04-03,RealEstate,0.108438
2023-04-03,Tech,0.15019211060204163
2023-04-03,Utilities,0.24288499999999996
2023-04-04,Comm,0.059763
2023-04-04,Consumer,0.12417666666666667
2023-04-04,Energy,0.2448036507936508
2023-04-04,Financials,-0.06442299999999998
2023-04-04,Healthcare,0.18928866666666666
2023-04-04,Industrials,0.07369357142857143
2023-04-04,Materials,0.06972666666666667
2023-04-04,RealEstate,0.171315
2023-04-04,Tech,0.13741923376623374
2023-04-04,Utilities,0.22468166666666667
2023-04-05,Comm,0.039038
2023-04-05,Consumer,0.09757428571428571
2023-04-05,Energy,0.044648961038961044
2023-04-05,Financials,-0.006242857142857142
2023-04-05,Healthcare,0.052146666666666674
2023-04-05,Industrials,0.06911833333333334
2023-04-05,Materials,0.17040000000000002
2023-04-05,RealEstate,0.19249785714285714
2023-04-05,Tech,0.10895451127819551
2023-04-05,Utilities,0.13112666666666667
2023-04-06,Comm,0.08838
2023-04-06,Consumer,0.10606711111111111
2023-04-06,Energy,0.1346691794871795
2023-04-06,Financials,0.18461666666666665
2023-04-06,Healthcare,0.05140199999999999
2023-04-06,Industrials,0.044604
2023-04-06,Materials,0.14561
2023-04-06,RealEstate,0.16269
2023-04-06,Tech,0.3205784615384616
2023-04-06,Utilities,0.30244666666666664
2023-04-10,Comm,0.03769666666666667
2023-04-10,Consumer,0.14880703296703296
2023-04-10,Energy,0.10547577357425184
2023-04-10,Financials,0.05520839393939395
2023-04-10,Healthcare,0.1212428787878788
2023-04-10,Industrials,0.1294325
2023-04-10,Materials,0.19867285714285715
2023-04-10,RealEstate,0.07998166666666667
2023-04-10,Tech,0.1816367177559283
2023-04-10,Utilities,0.26339066666666666
2023-04-11,Comm,0.02508
2023-04-11,Consumer,0.06685066666666667
2023-04-11,Energy,0.12029555555555556
2023-04-11,Financials,0.024665824175824174
2023-04-11,Healthcare,-0.0077800000000000005
2023-04-11,Industrials,-0.016513333333333335
2023-04-11,Materials,0.05121428571428571
2023-04-11,RealEstate,0.35245000000000004
2023-04-11,Tech,0.062146
2023-04-11,Utilities,0.08196
2023-04-12,Comm,0.14808
2023-04-12,Consumer,0.0575652380952381
2023-04-12,Energy,0.04597833333333333
2023-04-12,Financials,0.11431438095238096
2023-04-12,Healthcare,0.054188333333333324
2023-04-12,Industrials,0.06293266666666666
2023-04-12,Materials,0.05121428571428571
2023-04-12,RealEstate,0.3442
2023-04-12,Tech,0.12446133333333334
2023-04-12,Utilities,0.24034666666666665
2023-04-13,Comm,0.0014371428571428578
2023-04-13,Consumer,-0.014880000000000008
2023-04-13,Energy,0.079566
2023-04-13,Financials,0.05647070676691729
2023-04-13,Healthcare,-0.08003071428571427
2023-04-13,Industrials,0.17934
2023-04-13,Materials,-0.008149999999999996
2023-04-13,RealEstate,0.15111000000000002
2023-04-13,Tech,0.047861551587301585
2023-04-13,Utilities,0.144018
2023-04-14,Comm,0.013370476190476191
2023-04-14,Consumer,0.124798
2023-04-14,Energy,0.17745000000000002
2023-04-14,Financials,0.05700509090909091
2023-04-14,Healthcare,0.008998999999999997
2023-04-14,Industrials,0.12549166666666667
2023-04-14,Materials,0.007760000000000003
2023-04-14,RealEstate,0.07364
2023-04-14,Tech,0.1956424761904762
2023-04-14,Utilities,0.14492333333333335
2023-04-17,Comm,0.014846666666666666
2023-04-17,Consumer,0.04868159663865546
2023-04-17,Energy,0.12480233333333332
2023-04-17,Financials,0.11059273918128656
2023-04-17,Healthcare,0.1287092857142857
2023-04-17,Industrials,0.093882
2023-04-17,Materials,0.10533999999999999
2023-04-17,RealEstate,0.010589999999999999
2023-04-17,Tech,0.13280434523809523
2023-04-17,Utilities,0.120255
2023-04-18,Comm,0.028428095238095242
2023-04-18,Consumer,-0.03344785714285714
2023-04-18,Energy,0.011318838383838386
2023-04-18,Financials,0.10402990476190477
2023-04-18,Healthcare,0.10433666666666667
2023-04-18,Industrials,0.05858
2023-04-18,Materials,0.14026
2023-04-18,RealEstate,0.08707083333333333
2023-04-18,Tech,0.23545190476190475
2023-04-18,Utilities,0.08896066666666666
2023-04-19,Comm,0.08130066666666666
2023-04-19,Consumer,0.10089833333333334
2023-04-19,Energy,0.18730750000000002
2023-04-19,Financials,0.11925920728291314
2023-04-19,Healthcare,0.10868396078431372
2023-04-19,Industrials,0.10007000000000002
2023-04-19,Materials,0.04978666666666667
2023-04-19,RealEstate,0.09673666666666667
2023-04-19,Tech,0.14301999999999998
2023-04-19,Utilities,0.27201333333333333
2023-04-20,Comm,0.007522820512820512
2023-04-20,Consumer,0.14552822222222223
2023-04-20,Energy,0.10873916666666665
2023-04-20,Financials,0.03713785714285714
2023-04-20,Healthcare,0.177882
2023-04-20,Industrials,0.067604
2023-04-20,Materials,0.10787242857142858
2023-04-20,RealEstate,0.12767166666666668
2023-04-20,Tech,0.05578266666666667
2023-04-20,Utilities,0.11793066666666667
2023-04-21,Comm,0.21154227272727272
2023-04-21,Consumer,0.15017619047619046
2023-04-21,Energy,0.16272232967032968
2023-04-21,Financials,0.07392333333333334
2023-04-21,Healthcare,0.054498000000000005
2023-04-21,Industrials,0.12680799999999998
2023-04-21,Materials,0.043396000000000004
2023-04-21,RealEstate,0.1693
2023-04-21,Tech,0.11072671428571428
2023-04-21,Utilities,0.0
2023-04-24,Comm,0.08627112554112551
2023-04-24,Consumer,0.1776605
2023-04-24,Energy,0.10986303030303031
2023-04-24,Financials,0.08312648051948052
2023-04-24,Healthcare,0.13476666666666667
2023-04-24,Industrials,0.059229166666666666
2023-04-24,Materials,0.06069
2023-04-24,RealEstate,0.17015333333333332
2023-04-24,Tech,0.2665737777777778
2023-04-24,Utilities,0.059515384615384616
2023-04-25,Comm,-0.02616
2023-04-25,Consumer,0.05359533333333334
2023-04-25,Energy,0.08743142857142856
2023-04-25,Financials,-0.007580757575757569
2023-04-25,Healthcare,0.2130757142857143
2023-04-25,Industrials,0.04958391941391942
2023-04-25,Materials,0.022217142857142862
2023-04-25,RealEstate,0.07972666666666667
2023-04-25,Tech,0.2505552380952381
2023-04-25,Utilities,0.14902
2023-04-26,Comm,0.04264444444444444
2023-04-26,Consumer,0.11874577922077922
2023-04-26,Energy,0.15157342857142858
2023-04-26,Financials,0.16616322222222224
2023-04-26,Healthcare,0.025
2023-04-26,Industrials,0.12072875000000001
2023-04-26,Materials,-0.004533999999999999
2023-04-26,RealEstate,-0.032365
2023-04-26,Tech,0.15250950000000002
2023-04-26,Utilities,0.23690666666666668
2023-04-27,Comm,0.061578095238095244
2023-04-27,Consumer,0.01228833333333334
2023-04-27,Energy,0.09951216666666667
2023-04-27,Financials,0.21821599999999997
2023-04-27,Healthcare,0.09690815476190476
2023-04-27,Industrials,0.039220000000000005
2023-04-27,Materials,0.06399333333333332
2023-04-27,RealEstate,0.004559999999999997
2023-04-27,Tech,0.08589166666666667
2023-04-27,Utilities,0.15072666666666665
2023-04-28,Comm,0.002528888888888886
2023-04-28,Consumer,0.22744999999999999
2023-04-28,Energy,0.2076488660801564
2023-04-28,Financials,0.0037038095238095202
2023-04-28,Healthcare,-0.034622857142857136
2023-04-28,Industrials,0.04052666666666666
2023-04-28,Materials,0.07992
2023-04-28,RealEstate,0.15228
2023-04-28,Tech,0.07181678571428571
2023-04-28,Utilities,0.08052333333333332
2023-05-01,Comm,-0.0007224999999999981
2023-05-01,Consumer,0.07340109523809525
2023-05-01,Energy,0.05163315789473684
2023-05-01,Financials,-0.10192933333333334
2023-05-01,Healthcare,0.07224395238095237
2023-05-01,Industrials,0.10630499999999998
2023-05-01,Materials,0.12647
2023-05-01,RealEstate,0.07571333333333333
2023-05-01,Tech,0.11088849206349208
2023-05-01,Utilities,0.03741
2023-05-02,Comm,0.05378166666666667
2023-05-02,Consumer,0.056548
2023-05-02,Energy,0.038213047619047626
2023-05-02,Financials,0.06805161904761906
2023-05-02,Healthcare,-0.041869333333333335
2023-05-02,Industrials,0.08362
2023-05-02,Materials,0.034
2023-05-02,RealEstate,0.04447333333333333
2023-05-02,Tech,0.05433625000000001
2023-05-02,Utilities,0.1708933333333333
2023-05-03,Comm,0.11889666666666669
2023-05-03,Consumer,0.1115105
2023-05-03,Energy,0.06689628571428571
2023-05-03,Financials,0.07866285714285715
2023-05-03,Healthcare,-0.008525
2023-05-03,Industrials,0.10181666666666667
2023-05-03,Materials,-0.09609999999999999
2023-05-03,RealEstate,0.028399999999999998
2023-05-03,Tech,0.13492896280190397
2023-05-03,Utilities,0.14476
2023-05-04,Comm,-0.014489999999999998
2023-05-04,Consumer,0.002100952380952384
2023-05-04,Energy,0.11989304761904762
2023-05-04,Financials,0.05794333333333335
2023-05-04,Healthcare,0.07443999999999999
2023-05-04,Industrials,0.3012183333333333
2023-05-04,Materials,0.011370000000000002
2023-05-04,RealEstate,0.06655733333333333
2023-05-04,Tech,0.05870332539682539
2023-05-04,Utilities,0.14720333333333332
2023-05-05,Comm,0.28559999999999997
2023-05-05,Consumer,0.07084933333333335
2023-05-05,Energy,0.076906
2023-05-05,Financials,0.35513333333333336
2023-05-05,Healthcare,0.13888
2023-05-05,Industrials,-0.17014
2023-05-05,Materials,-0.02263
2023-05-05,RealEstate,0.22796000000000002
2023-05-05,Tech,0.019781904761904757
2023-05-05,Utilities,0.17781333333333332
2023-05-08,Comm,0.06748666666666667
2023-05-08,Consumer,0.017195238095238104
2023-05-08,Energy,0.13892006162464984
2023-05-08,Financials,0.048366666666666676
2023-05-08,Healthcare,0.15131266666666668
2023-05-08,Industrials,0.08206666666666666
2023-05-08,Materials,0.142885
2023-05-08,RealEstate,0.11322666666666667
2023-05-08,Tech,0.13794771428571428
2023-05-08,Utilities,0.20393333333333336
2023-05-09,Comm,-0.004120000000000001
2023-05-09,Consumer,0.14326366666666668
2023-05-09,Energy,0.3369247619047619
2023-05-09,Financials,-0.14740777777777775
2023-05-09,Healthcare,0.16209333333333334
2023-05-09,Industrials,0.19197666666666666
2023-05-09,Materials,0.142885
2023-05-09,RealEstate,0.1536866666666667
2023-05-09,Tech,0.03553512820512821
2023-05-09,Utilities,0.12463142857142857
2023-05-10,Comm,0.10685333333333333
2023-05-10,Consumer,-0.004055282051282048
2023-05-10,Energy,0.19771866666666665
2023-05-10,Financials,0.02547619047619048
2023-05-10,Healthcare,0.061268333333333334
2023-05-10,Industrials,0.12123666666666669
2023-05-10,Materials,0.088005
2023-05-10,RealEstate,0.030253333333333333
2023-05-10,Tech,0.12053200000000001
2023-05-10,Utilities,0.19761333333333334
2023-05-11,Comm,0.2863142857142857
2023-05-11,Consumer,0.13151
2023-05-11,Energy,0.2907571428571429
2023-05-11,Financials,-0.04686666666666666
2023-05-11,Healthcare,0.2313766666666667
2023-05-11,Industrials,0.06716000000000001
2023-05-11,Materials,0.19445666666666667
2023-05-11,RealEstate,0.04404
2023-05-11,Tech,0.05073159090909091
2023-05-11,Utilities,0.29114
2023-05-12,Comm,0.142905
2023-05-12,Consumer,0.08773413636363638
2023-05-12,Energy,0.09245866666666666
2023-05-12,Financials,-0.01715
2023-05-12,Healthcare,0.05106000000000001
2023-05-12,Industrials,0.05544
2023-05-12,Materials,0.16918
2023-05-12,RealEstate,0.10773000000000002
2023-05-12,Tech,0.1103
2023-05-12,Utilities,0.130635
2023-05-15,Comm,0.02125566666666667
2023-05-15,Consumer,0.0807376923076923
2023-05-15,Energy,0.09718464646464646
2023-05-15,Financials,-0.08124590476190477
2023-05-15,Healthcare,0.11460095238095239
2023-05-15,Industrials,0.12547999999999998
2023-05-15,Materials,0.14309571428571427
2023-05-15,RealEstate,0.13531666666666667
2023-05-15,Tech,0.17601240259740258
2023-05-15,Utilities,0.21345333333333336
2023-05-16,Comm,0.06216666666666666
2023-05-16,Consumer,0.07171818181818182
2023-05-16,Energy,0.09084
2023-05-16,Financials,0.03108590476190476
2023-05-16,Healthcare,0.0088725
2023-05-16,Industrials,0.065115
2023-05-16,Materials,0.06781666666666666
2023-05-16,RealEstate,0.08574000000000001
2023-05-16,Tech,0.09343666666666667
2023-05-16,Utilities,0.24484000000000003
2023-05-17,Comm,0.006846666666666666
2023-05-17,Consumer,0.031925515151515156
2023-05-17,Energy,-0.03623933333333333
2023-05-17,Financials,0.077335
2023-05-17,Healthcare,-0.13154833333333332
2023-05-17,Industrials,0.06658
2023-05-17,Materials,0.04277666666666667
2023-05-17,RealEstate,0.068
2023-05-17,Tech,0.14877263636363636
2023-05-17,Utilities,0.152015
2023-05-18,Comm,0.029830000000000002
2023-05-18,Consumer,0.2522140972222222
2023-05-18,Energy,-0.057458333333333333
2023-05-18,Financials,0.077354
2023-05-18,Healthcare,0.0412
2023-05-18,Industrials,0.014799999999999999
2023-05-18,Materials,0.03275
2023-05-18,RealEstate,0.07373833333333332
2023-05-18,Tech,0.12504166666666666
2023-05-18,Utilities,0.15523499999999998
2023-05-19,Comm,0.25138666666666665
2023-05-19,Consumer,0.0792261337355455
2023-05-19,Energy,0.05865833333333335
2023-05-19,Financials,0.04697371794871795
2023-05-19,Healthcare,0.028155000000000006
2023-05-19,Industrials,0.07576000000000001
2023-05-19,Materials,0.0
2023-05-19,RealEstate,0.041893333333333324
2023-05-19,Tech,0.23859750000000002
2023-05-19,Utilities,0.17841999999999997
2023-05-22,Comm,0.09523200000000001
2023-05-22,Consumer,0.044529469696969706
2023-05-22,Energy,0.14290833333333333
2023-05-22,Financials,0.05849142857142857
2023-05-22,Healthcare,0.0658892857142857
2023-05-22,Industrials,0.16115261904761904
2023-05-22,Materials,0.09043399999999999
2023-05-22,RealEstate,0.16393333333333332
2023-05-22,Tech,0.02401346886446886
2023-05-22,Utilities,0.10899999999999999
2023-05-23,Comm,0.033327
2023-05-23,Consumer,-0.020525238095238096
2023-05-23,Energy,0.032651
2023-05-23,Financials,0.15393666666666667
2023-05-23,Healthcare,0.12286833333333333
2023-05-23,Industrials,0.14452761904761907
2023-05-23,Materials,0.087584
2023-05-23,RealEstate,0.09618
2023-05-23,Tech,0.23763
2023-05-23,Utilities,-0.03064000000000002
2023-05-24,Comm,0.06454666666666667
2023-05-24,Consumer,0.01727333333333333
2023-05-24,Energy,-0.021166428571428576
2023-05-24,Financials,0.05431066666666666
2023-05-24,Healthcare,-0.03794666666666667
2023-05-24,Industrials,0.11801761904761905
2023-05-24,Materials,0.0
2023-05-24,RealEstate,0.18024
2023-05-24,Tech,0.035610555555555555
2023-05-24,Utilities,0.06600000000000002
2023-05-25,Comm,0.05187200000000001
2023-05-25,Consumer,0.06133999999999999
2023-05-25,Energy,0.021213222222222224
2023-05-25,Financials,0.070185
2023-05-25,Healthcare,0.110065
2023-05-25,Industrials,0.11104
2023-05-25,Materials,0.05147466666666667
2023-05-25,RealEstate,0.1068
2023-05-25,Tech,0.20089055256799937
2023-05-25,Utilities,0.13172
2023-05-26,Comm,0.2987266666666667
2023-05-26,Consumer,0.06419766666666667
2023-05-26,Energy,0.20208666666666666
2023-05-26,Financials,0.06063500000000001
2023-05-26,Healthcare,0.12116500000000001
2023-05-26,Industrials,0.11837666666666666
2023-05-26,Materials,0.06214000000000001
2023-05-26,RealEstate,0.1068
2023-05-26,Tech,0.13152178861788616
2023-05-26,Utilities,0.13502
2023-05-30,Comm,0.00357666666666667
2023-05-30,Consumer,0.10615259740259742
2023-05-30,Energy,0.13275587301587302
2023-05-30,Financials,0.008882666666666667
2023-05-30,Healthcare,0.29069500000000004
2023-05-30,Industrials,0.06942333333333332
2023-05-30,Materials,0.139436
2023-05-30,RealEstate,0.15797
2023-05-30,Tech,0.11756933572567782
2023-05-30,Utilities,0.1711133333333333
2023-05-31,Comm,0.09653999999999999
2023-05-31,Consumer,0.09165928571428572
2023-05-31,Energy,0.17170400000000002
2023-05-31,Financials,0.09111780952380952
2023-05-31,Healthcare,0.14073333333333332
2023-05-31,Industrials,0.06966333333333333
2023-05-31,Materials,0.16268666666666667
2023-05-31,RealEstate,0.24383999999999997
2023-05-31,Tech,0.10126848049052398
2023-05-31,Utilities,0.2188133333333333
2023-06-01,Comm,0.10456666666666667
2023-06-01,Consumer,0.1343916666666667
2023-06-01,Energy,0.20107333333333335
2023-06-01,Financials,0.045123636363636366
2023-06-01,Healthcare,-0.06024047619047619
2023-06-01,Industrials,0.10675066666666666
2023-06-01,Materials,-0.026754999999999994
2023-06-01,RealEstate,0.15748666666666666
2023-06-01,Tech,0.16287252252252254
2023-06-01,Utilities,0.20077333333333333
2023-06-02,Comm,-0.01211884615384615
2023-06-02,Consumer,0.000496000000000002
2023-06-02,Energy,0.004056363636363634
2023-06-02,Financials,-0.004618214285714288
2023-06-02,Healthcare,0.021428571428571432
2023-06-02,Industrials,0.11709785714285714
2023-06-02,Materials,0.07349214285714287
2023-06-02,RealEstate,0.0344
2023-06-02,Tech,0.08822628571428573
2023-06-02,Utilities,0.21416
2023-06-05,Comm,0.08271066666666667
2023-06-05,Consumer,0.009052641025641028
2023-06-05,Energy,0.082553
2023-06-05,Financials,0.06754666666666667
2023-06-05,Healthcare,0.0538
2023-06-05,Industrials,0.07811428571428572
2023-06-05,Materials,0.03356
2023-06-05,RealEstate,0.08667333333333334
2023-06-05,Tech,0.07863474025974027
2023-06-05,Utilities,0.08196
2023-06-06,Comm,0.073053
2023-06-06,Consumer,0.1613516666666667
2023-06-06,Energy,0.011694222222222217
2023-06-06,Financials,0.15901933333333335
2023-06-06,Healthcare,0.22018095238095237
2023-06-06,Industrials,0.2518742857142857
2023-06-06,Materials,0.011000000000000015
2023-06-06,RealEstate,0.14470666666666665
2023-06-06,Tech,0.020368761904761903
2023-06-06,Utilities,0.08196
2023-06-07,Comm,0.22582666666666668
2023-06-07,Consumer,0.12403166666666668
2023-06-07,Energy,0.08770333333333333
2023-06-07,Financials,0.17646499999999998
2023-06-07,Healthcare,0.2577716666666666
2023-06-07,Industrials,0.10680666666666667
2023-06-07,Materials,0.18686
2023-06-07,RealEstate,0.17646
2023-06-07,Tech,0.16101533333333334
2023-06-07,Utilities,0.29675
2023-06-08,Comm,0.06820166666666666
2023-06-08,Consumer,0.10710144444444444
2023-06-08,Energy,0.03468952380952381
2023-06-08,Financials,0.08072166666666666
2023-06-08,Healthcare,0.277517
2023-06-08,Industrials,0.09481333333333333
2023-06-08,Materials,0.13948
2023-06-08,RealEstate,0.054165
2023-06-08,Tech,0.11442140259740259
2023-06-08,Utilities,0.177408
2023-06-09,Comm,0.23493666666666665
2023-06-09,Consumer,0.07775714285714286
2023-06-09,Energy,0.07795085714285714
2023-06-09,Financials,0.052917727272727276
2023-06-09,Healthcare,0.035365
2023-06-09,Industrials,0.026658333333333332
2023-06-09,Materials,0.20748000000000003
2023-06-09,RealEstate,0.15136500000000003
2023-06-09,Tech,0.06031517543859649
2023-06-09,Utilities,0.13130166666666668
2023-06-12,Comm,0.10272666666666667
2023-06-12,Consumer,0.09070455555555557
2023-06-12,Energy,0.055564999999999996
2023-06-12,Financials,0.05951555555555556
2023-06-12,Healthcare,0.19989666666666667
2023-06-12,Industrials,0.121445
2023-06-12,Materials,0.19716000000000003
2023-06-12,RealEstate,0.221325
2023-06-12,Tech,0.117506
2023-06-12,Utilities,0.18935333333333335
2023-06-13,Comm,0.13712833333333335
2023-06-13,Consumer,0.08649333333333334
2023-06-13,Energy,0.11525333333333335
2023-06-13,Financials,0.19952090909090908
2023-06-13,Healthcare,0.059973333333333344
2023-06-13,Industrials,0.0765
2023-06-13,Materials,0.35150000000000003
2023-06-13,RealEstate,0.118485
2023-06-13,Tech,0.12919062184873947
2023-06-13,Utilities,0.06226133333333335
2023-06-14,Comm,0.19680999999999998
2023-06-14,Consumer,0.04352277777777778
2023-06-14,Energy,0.03523666666666667
2023-06-14,Financials,0.08405666666666667
2023-06-14,Healthcare,0.2608533333333333
2023-06-14,Industrials,0.11963700000000002
2023-06-14,Materials,0.28286
2023-06-14,RealEstate,0.11719499999999998
2023-06-14,Tech,0.22483330384785494
2023-06-14,Utilities,0.23158333333333334
2023-06-15,Comm,0.076427
2023-06-15,Consumer,0.07783428571428572
2023-06-15,Energy,0.07012933333333334
2023-06-15,Financials,0.23430333333333336
2023-06-15,Healthcare,0.039626666666666685
2023-06-15,Industrials,0.07839833333333332
2023-06-15,Materials,0.09620999999999999
2023-06-15,RealEstate,0.11988000000000001
2023-06-15,Tech,0.13358736908253038
2023-06-15,Utilities,0.15373333333333333
2023-06-16,Comm,0.13058666666666666
2023-06-16,Consumer,-0.009490000000000004
2023-06-16,Energy,0.09272
2023-06-16,Financials,0.12568380952380953
2023-06-16,Healthcare,0.08841433333333334
2023-06-16,Industrials,0.12010000000000001
2023-06-16,Materials,0.14135999999999999
2023-06-16,RealEstate,0.021426666666666677
2023-06-16,Tech,0.1324245543478261
2023-06-16,Utilities,0.27782
2023-06-20,Comm,0.10486200000000001
2023-06-20,Consumer,0.02933919047619047
2023-06-20,Energy,0.085532
2023-06-20,Financials,0.10127937878787878
2023-06-20,Healthcare,0.09210357142857142
2023-06-20,Industrials,0.09831324675324675
2023-06-20,Materials,0.18396
2023-06-20,RealEstate,-0.006693333333333333
2023-06-20,Tech,0.08854297872340426
2023-06-20,Utilities,0.11756000000000003
2023-06-21,Comm,0.11794
2023-06-21,Consumer,0.12768600000000002
2023-06-21,Energy,0.03936
2023-06-21,Financials,0.094486
2023-06-21,Healthcare,0.16984933333333332
2023-06-21,Industrials,-0.08289495238095237
2023-06-21,Materials,0.13445000000000001
2023-06-21,RealEstate,0.0
2023-06-21,Tech,0.0010769000000000028
2023-06-21,Utilities,0.13531333333333334
2023-06-22,Comm,0.32592
2023-06-22,Consumer,0.04313142857142858
2023-06-22,Energy,0.03054459595959596
2023-06-22,Financials,0.16674590476190473
2023-06-22,Healthcare,0.07414000000000001
2023-06-22,Industrials,0.029850000000000005
2023-06-22,Materials,0.13041
2023-06-22,RealEstate,0.046345000000000004
2023-06-22,Tech,0.09655476190476191
2023-06-22,Utilities,0.30413999999999997
2023-06-23,Comm,0.20979
2023-06-23,Consumer,0.04139742857142857
2023-06-23,Energy,0.08087
2023-06-23,Financials,-0.014856666666666666
2023-06-23,Healthcare,0.17212333333333332
2023-06-23,Industrials,0.0646
2023-06-23,Materials,0.060149999999999995
2023-06-23,RealEstate,0.11247666666666664
2023-06-23,Tech,0.144575873015873
2023-06-23,Utilities,0.2902066666666666
2023-06-26,Comm,0.12835722222222223
2023-06-26,Consumer,0.15391238095238097
2023-06-26,Energy,0.05300933333333333
2023-06-26,Financials,0.11246169696969696
2023-06-26,Healthcare,0.11287116666666666
2023-06-26,Industrials,0.15731714285714288
2023-06-26,Materials,0.09627
2023-06-26,RealEstate,0.15677
2023-06-26,Tech,0.16265189898989899
2023-06-26,Utilities,0.341928
2023-06-27,Comm,0.176568
2023-06-27,Consumer,0.11427333333333331
2023-06-27,Energy,0.10251777777777778
2023-06-27,Financials,0.251944
2023-06-27,Healthcare,0.14164933333333332
2023-06-27,Industrials,0.061296666666666666
2023-06-27,Materials,0.12264
2023-06-27,RealEstate,0.29812000000000005
2023-06-27,Tech,0.1872056666666667
2023-06-27,Utilities,0.23006500000000002
2023-06-28,Comm,0.02695000000000001
2023-06-28,Consumer,0.10723866666666668
2023-06-28,Energy,0.11212
2023-06-28,Financials,-0.10867057575757574
2023-06-28,Healthcare,0.12248
2023-06-28,Industrials,0.040080000000000005
2023-06-28,Materials,0.20529000000000003
2023-06-28,RealEstate,0.25156999999999996
2023-06-28,Tech,0.06356904034272758
2023-06-28,Utilities,0.22710333333333335
2023-06-29,Comm,0.08287333333333333
2023-06-29,Consumer,0.0024686666666666754
2023-06-29,Energy,0.06587136363636363
2023-06-29,Financials,0.06394684537684538
2023-06-29,Healthcare,0.317346
2023-06-29,Industrials,0.047670000000000004
2023-06-29,Materials,0.03507333333333334
2023-06-29,RealEstate,0.28229000000000004
2023-06-29,Tech,0.08187301785714288
2023-06-29,Utilities,0.23524000000000003
2023-06-30,Comm,0.008473333333333338
2023-06-30,Consumer,0.09908491758241758
2023-06-30,Energy,0.017703000000000003
2023-06-30,Financials,-0.004591666666666672
2023-06-30,Healthcare,0.009564166666666669
2023-06-30,Industrials,0.12335
2023-06-30,Materials,-0.07432
2023-06-30,RealEstate,0.18713000000000002
2023-06-30,Tech,0.051834301075268804
2023-06-30,Utilities,0.16813
2023-07-03,Comm,0.130212
2023-07-03,Consumer,0.07753571428571429
2023-07-03,Energy,0.10649
2023-07-03,Financials,0.06760329581529581
2023-07-03,Healthcare,0.16950533333333334
2023-07-03,Industrials,0.09332433333333333
2023-07-03,Materials,-0.05165333333333333
2023-07-03,RealEstate,0.19841499999999998
2023-07-03,Tech,0.30290447619047617
2023-07-03,Utilities,0.16906666666666664
2023-07-05,Comm,0.21941833333333333
2023-07-05,Consumer,0.093782
2023-07-05,Energy,0.045479120879120885
2023-07-05,Financials,0.14094055555555557
2023-07-05,Healthcare,0.24311333333333335
2023-07-05,Industrials,0.2025413846153846
2023-07-05,Materials,0.11658666666666666
2023-07-05,RealEstate,0.21950333333333333
2023-07-05,Tech,0.14558209523809523
2023-07-05,Utilities,0.18059666666666668
2023-07-06,Comm,0.12168000000000001
2023-07-06,Consumer,0.05473309523809524
2023-07-06,Energy,0.16027809523809525
2023-07-06,Financials,0.11442809523809523
2023-07-06,Healthcare,0.37139916666666667
2023-07-06,Industrials,0.050552
2023-07-06,Materials,0.059199999999999996
2023-07-06,RealEstate,0.09404666666666665
2023-07-06,Tech,0.02953605838605839
2023-07-06,Utilities,0.17359733333333333
2023-07-07,Comm,0.15649266666666667
2023-07-07,Consumer,0.09128266666666666
2023-07-07,Energy,-0.005559047619047611
2023-07-07,Financials,0.04714533333333334
2023-07-07,Healthcare,0.10098
2023-07-07,Industrials,-0.038615
2023-07-07,Materials,0.042336
2023-07-07,RealEstate,0.047023333333333334
2023-07-07,Tech,0.010512500000000003
2023-07-07,Utilities,0.14570666666666668
2023-07-10,Comm,0.05816
2023-07-10,Consumer,0.03842547619047619
2023-07-10,Energy,0.07794799999999999
2023-07-10,Financials,0.010548666666666668
2023-07-10,Healthcare,0.09408571428571429
2023-07-10,Industrials,0.05198476190476191
2023-07-10,Materials,0.19685999999999998
2023-07-10,RealEstate,0.15241000000000002
2023-07-10,Tech,0.12032349282296653
2023-07-10,Utilities,0.170308
2023-07-11,Comm,0.115675
2023-07-11,Consumer,0.1483045
2023-07-11,Energy,-0.04340309523809523
2023-07-11,Financials,0.10374166666666666
2023-07-11,Healthcare,-0.019299999999999998
2023-07-11,Industrials,0.11171
2023-07-11,Materials,0.057440000000000005
2023-07-11,RealEstate,0.11835
2023-07-11,Tech,0.1353016446886447
2023-07-11,Utilities,0.1762173333333333
2023-07-12,Comm,0.10722533333333333
2023-07-12,Consumer,0.09645690909090911
2023-07-12,Energy,0.06690533333333334
2023-07-12,Financials,0.05455066666666666
2023-07-12,Healthcare,0.29226833333333335
2023-07-12,Industrials,0.013353333333333332
2023-07-12,Materials,0.10863
2023-07-12,RealEstate,0.1404
2023-07-12,Tech,0.12270209523809524
2023-07-12,Utilities,0.13894
2023-07-13,Comm,0.12382833333333335
2023-07-13,Consumer,0.1847499010989011
2023-07-13,Energy,0.15996761904761905
2023-07-13,Financials,-0.008363055555555554
2023-07-13,Healthcare,0.10664166666666668
2023-07-13,Industrials,0.08498333333333333
2023-07-13,Materials,0.0
2023-07-13,RealEstate,0.12031666666666667
2023-07-13,Tech,0.17219555555555557
2023-07-13,Utilities,0.04496
2023-07-14,Comm,0.11650901960784314
2023-07-14,Consumer,0.16024290909090907
2023-07-14,Energy,0.10779676923076922
2023-07-14,Financials,0.0233518888888889
2023-07-14,Healthcare,0.09642
2023-07-14,Industrials,0.054290000000000005
2023-07-14,Materials,0.0
2023-07-14,RealEstate,0.033350000000000005
2023-07-14,Tech,0.13538973076923078
2023-07-14,Utilities,0.11593
2023-07-17,Comm,-0.0886042735042735
2023-07-17,Consumer,0.04559927272727273
2023-07-17,Energy,0.17288583333333332
2023-07-17,Financials,0.04880962656641604
2023-07-17,Healthcare,0.08543200000000001
2023-07-17,Industrials,0.010730000000000003
2023-07-17,Materials,0.02976000000000001
2023-07-17,RealEstate,0.20958133333333331
2023-07-17,Tech,0.12574874725274726
2023-07-17,Utilities,0.057255
2023-07-18,Comm,0.06873212121212122
2023-07-18,Consumer,0.04977095238095239
2023-07-18,Energy,-0.024509333333333334
2023-07-18,Financials,0.15342591991341992
2023-07-18,Healthcare,0.12676
2023-07-18,Industrials,0.22206333333333333
2023-07-18,Materials,0.025460000000000003
2023-07-18,RealEstate,0.11400133333333333
2023-07-18,Tech,0.27812781159420286
2023-07-18,Utilities,0.15967199999999998
2023-07-19,Comm,0.20155529411764705
2023-07-19,Consumer,0.168018
2023-07-19,Energy,0.0264
2023-07-19,Financials,0.1226672103174603
2023-07-19,Healthcare,-0.011843333333333322
2023-07-19,Industrials,0.15713785714285716
2023-07-19,Materials,0.0
2023-07-19,RealEstate,0.15344000000000002
2023-07-19,Tech,0.20007999999999998
2023-07-19,Utilities,-0.00572
2023-07-20,Comm,-0.002319999999999997
2023-07-20,Consumer,0.08856657142857141
2023-07-20,Energy,0.10256666666666667
2023-07-20,Financials,0.11344249999999997
2023-07-20,Healthcare,0.005414999999999992
2023-07-20,Industrials,0.014448571428571432
2023-07-20,Materials,0.10703499999999999
2023-07-20,RealEstate,-0.016860952380952386
2023-07-20,Tech,0.0767508986013986
2023-07-20,Utilities,0.2292066666666667
2023-07-21,Comm,0.07885066666666667
2023-07-21,Consumer,0.024183333333333334
2023-07-21,Energy,0.04346671014492754
2023-07-21,Financials,0.10890333333333332
2023-07-21,Healthcare,-0.04343878787878787
2023-07-21,Industrials,0.07760500000000001
2023-07-21,Materials,-0.04404
2023-07-21,RealEstate,0.08577
2023-07-21,Tech,0.05638270707070707
2023-07-21,Utilities,0.07752
2023-07-24,Comm,0.049916666666666665
2023-07-24,Consumer,0.09733621428571429
2023-07-24,Energy,0.17202599999999998
2023-07-24,Financials,0.09809236363636364
2023-07-24,Healthcare,0.08833566666666667
2023-07-24,Industrials,0.179275
2023-07-24,Materials,0.11122785714285714
2023-07-24,RealEstate,0.25472333333333336
2023-07-24,Tech,0.17272381818181817
2023-07-24,Utilities,0.050826666666666666
2023-07-25,Comm,-0.06716766666666668
2023-07-25,Consumer,0.06537314285714285
2023-07-25,Energy,0.05407333333333334
2023-07-25,Financials,0.11351977777777778
2023-07-25,Healthcare,0.041480333333333334
2023-07-25,Industrials,0.022146134301270427
2023-07-25,Materials,0.0782151515151515
2023-07-25,RealEstate,0.08721999999999999
2023-07-25,Tech,0.019382809523809524
2023-07-25,Utilities,0.173956
2023-07-26,Comm,0.202827
2023-07-26,Consumer,0.1706915087719298
2023-07-26,Energy,0.07971600000000001
2023-07-26,Financials,0.08693066666666667
2023-07-26,Healthcare,-0.052292000000000005
2023-07-26,Industrials,-0.06385616666666666
2023-07-26,Materials,0.07830133333333332
2023-07-26,RealEstate,0.07527466666666667
2023-07-26,Tech,0.07270494755244755
2023-07-26,Utilities,0.31840999999999997
2023-07-27,Comm,0.032108333333333336
2023-07-27,Consumer,0.21138777777777779
2023-07-27,Energy,-0.024406222222222225
2023-07-27,Financials,0.1327895238095238
2023-07-27,Healthcare,0.17456317857142856
2023-07-27,Industrials,0.16081399999999998
2023-07-27,Materials,0.0072949999999999985
2023-07-27,RealEstate,0.15286
2023-07-27,Tech,0.07864740919867237
2023-07-27,Utilities,0.03963714285714286
2023-07-28,Comm,0.14626666666666668
2023-07-28,Consumer,0.15985714285714286
2023-07-28,Energy,0.199024
2023-07-28,Financials,0.05968880952380952
2023-07-28,Healthcare,-0.029596666666666653
2023-07-28,Industrials,-0.005885000000000001
2023-07-28,Materials,0.061935
2023-07-28,RealEstate,0.2247866666666667
2023-07-28,Tech,0.2580620996860282
2023-07-28,Utilities,0.026973333333333332
2023-07-31,Comm,0.11713895454545456
2023-07-31,Consumer,0.11187411111111109
2023-07-31,Energy,0.29540176190476186
2023-07-31,Financials,0.04361562770562771
2023-07-31,Healthcare,0.15817777777777778
2023-07-31,Industrials,0.07198139130434782
2023-07-31,Materials,0.061935
2023-07-31,RealEstate,0.121825
2023-07-31,Tech,0.19268152777777778
2023-07-31,Utilities,0.27928000000000003
2023-08-01,Comm,0.30484485714285714
2023-08-01,Consumer,0.118555
2023-08-01,Energy,0.186396
2023-08-01,Financials,0.049138333333333326
2023-08-01,Healthcare,0.26335305555555555
2023-08-01,Industrials,0.07085307692307692
2023-08-01,Materials,0.16848000000000002
2023-08-01,RealEstate,0.08504
2023-08-01,Tech,0.20948194117647062
2023-08-01,Utilities,0.160364
2023-08-02,Comm,0.10379333333333333
2023-08-02,Consumer,0.0003186904761904731
2023-08-02,Energy,0.06764
2023-08-02,Financials,0.08076857142857144
2023-08-02,Healthcare,0.3042107142857143
2023-08-02,Industrials,0.08509017647058822
2023-08-02,Materials,0.043514666666666674
2023-08-02,RealEstate,0.10765066666666664
2023-08-02,Tech,0.04898979823813584
2023-08-02,Utilities,0.012009999999999998
2023-08-03,Comm,0.05863476190476191
2023-08-03,Consumer,0.01407633333333333
2023-08-03,Energy,0.05658571428571428
2023-08-03,Financials,0.10448333333333333
2023-08-03,Healthcare,0.09409427777777779
2023-08-03,Industrials,0.080155
2023-08-03,Materials,0.03558
2023-08-03,RealEstate,0.03721666666666666
2023-08-03,Tech,0.05921790043290043
2023-08-03,Utilities,0.07632333333333333
2023-08-04,Comm,0.016595
2023-08-04,Consumer,0.07977000000000001
2023-08-04,Energy,-0.07103095238095238
2023-08-04,Financials,0.05584666666666667
2023-08-04,Healthcare,-0.03766533333333334
2023-08-04,Industrials,0.11509666666666667
2023-08-04,Materials,0.03558
2023-08-04,RealEstate,-0.08166000000000001
2023-08-04,Tech,0.06560716666666667
2023-08-04,Utilities,0.100984
2023-08-07,Comm,0.08163000000000001
2023-08-07,Consumer,0.075559
2023-08-07,Energy,0.10547083333333333
2023-08-07,Financials,-0.03905933333333332
2023-08-07,Healthcare,0.11333333333333333
2023-08-07,Industrials,0.058730000000000004
2023-08-07,Materials,0.03558
2023-08-07,RealEstate,-0.060773333333333346
2023-08-07,Tech,0.04432166666666667
2023-08-07,Utilities,0.091735
2023-08-08,Comm,0.1546016666666667
2023-08-08,Consumer,0.11314619047619048
2023-08-08,Energy,0.21968833333333332
2023-08-08,Financials,-0.06663933333333334
2023-08-08,Healthcare,0.158976
2023-08-08,Industrials,0.0984775
2023-08-08,Materials,0.01032
2023-08-08,RealEstate,-0.024653333333333336
2023-08-08,Tech,0.12280142857142858
2023-08-08,Utilities,0.112415
2023-08-09,Comm,0.06942066666666667
2023-08-09,Consumer,0.04983663157894737
2023-08-09,Energy,-0.019293333333333336
2023-08-09,Financials,0.08428552380952381
2023-08-09,Healthcare,0.2426286666666667
2023-08-09,Industrials,0.13216733333333333
2023-08-09,Materials,0.12886
2023-08-09,RealEstate,-0.03062
2023-08-09,Tech,0.13290449999999998
2023-08-09,Utilities,0.16026
2023-08-10,Comm,0.08043
2023-08-10,Consumer,0.06713083333333333
2023-08-10,Energy,0.15635666666666664
2023-08-10,Financials,0.130885
2023-08-10,Healthcare,0.26716266666666666
2023-08-10,Industrials,0.031303999999999985
2023-08-10,Materials,0.04404
2023-08-10,RealEstate,0.326865
2023-08-10,Tech,0.05378964705882353
2023-08-10,Utilities,0.09966
2023-08-11,Comm,0.09710666666666665
2023-08-11,Consumer,0.07658003418803419
2023-08-11,Energy,0.14817305494505492
2023-08-11,Financials,0.13278666666666666
2023-08-11,Healthcare,0.068855
2023-08-11,Industrials,0.059333000000000004
2023-08-11,Materials,0.10398666666666667
2023-08-11,RealEstate,0.21306000000000003
2023-08-11,Tech,0.1464437037037037
2023-08-11,Utilities,0.13495
2023-08-14,Comm,0.03611166666666667
2023-08-14,Consumer,0.05843190476190476
2023-08-14,Energy,0.1786311111111111
2023-08-14,Financials,0.08976938461538461
2023-08-14,Healthcare,0.15071600000000002
2023-08-14,Industrials,0.094155
2023-08-14,Materials,0.12829333333333331
2023-08-14,RealEstate,0.15004333333333333
2023-08-14,Tech,0.13544012987012988
2023-08-14,Utilities,0.17961333333333335
2023-08-15,Comm,0.009696666666666664
2023-08-15,Consumer,0.06022467171717172
2023-08-15,Energy,0.026050714285714288
2023-08-15,Financials,-0.0680275641025641
2023-08-15,Healthcare,0.033176666666666674
2023-08-15,Industrials,0.12577
2023-08-15,Materials,0.034815
2023-08-15,RealEstate,0.13365
2023-08-15,Tech,0.14408557142857142
2023-08-15,Utilities,0.031013333333333337
2023-08-16,Comm,0.14273
2023-08-16,Consumer,0.11619657142857143
2023-08-16,Energy,0.1378633333333333
2023-08-16,Financials,-0.020946666666666672
2023-08-16,Healthcare,-0.024089999999999993
2023-08-16,Industrials,0.17989499999999997
2023-08-16,Materials,0.034815
2023-08-16,RealEstate,0.19539
2023-08-16,Tech,0.1368229292929293
2023-08-16,Utilities,0.09457333333333333
2023-08-17,Comm,0.06904
2023-08-17,Consumer,0.031220909090909087
2023-08-17,Energy,0.05376665934065934
2023-08-17,Financials,0.0812525
2023-08-17,Healthcare,0.08139
2023-08-17,Industrials,0.014408571428571429
2023-08-17,Materials,0.133335
2023-08-17,RealEstate,0.07299833333333332
2023-08-17,Tech,0.06090689458689458
2023-08-17,Utilities,0.2660133333333333
2023-08-18,Comm,0.13355
2023-08-18,Consumer,-0.0013881666666666639
2023-08-18,Energy,0.17154114285714286
2023-08-18,Financials,0.08638466666666667
2023-08-18,Healthcare,0.140975
2023-08-18,Industrials,-0.04342
2023-08-18,Materials,0.084485
2023-08-18,RealEstate,0.12370333333333335
2023-08-18,Tech,0.170361
2023-08-18,Utilities,0.11366000000000001
2023-08-21,Comm,0.028348571428571428
2023-08-21,Consumer,0.07990866666666667
2023-08-21,Energy,0.16956449999999998
2023-08-21,Financials,0.14010809523809525
2023-08-21,Healthcare,0.06427185714285713
2023-08-21,Industrials,0.05245599999999999
2023-08-21,Materials,0.020211428571428578
2023-08-21,RealEstate,0.16249333333333332
2023-08-21,Tech,0.03889527851458886
2023-08-21,Utilities,-0.08815999999999999
2023-08-22,Comm,-0.005667999999999995
2023-08-22,Consumer,0.04668309523809523
2023-08-22,Energy,0.022640285714285717
2023-08-22,Financials,0.0003300000000000025
2023-08-22,Healthcare,-0.009320476190476195
2023-08-22,Industrials,0.16688
2023-08-22,Materials,0.015086666666666668
2023-08-22,RealEstate,0.12828
2023-08-22,Tech,0.09600395238095237
2023-08-22,Utilities,0.0
2023-08-23,Comm,-0.003070555555555543
2023-08-23,Consumer,0.15126488095238094
2023-08-23,Energy,0.17321793650793652
2023-08-23,Financials,0.1773108333333333
2023-08-23,Healthcare,0.13129238095238097
2023-08-23,Industrials,0.07245399999999999
2023-08-23,Materials,0.015086666666666668
2023-08-23,RealEstate,0.12828
2023-08-23,Tech,0.17819881818181818
2023-08-23,Utilities,0.081655
2023-08-24,Comm,0.00042133333333334023
2023-08-24,Consumer,0.06919654545454547
2023-08-24,Energy,0.07053066666666666
2023-08-24,Financials,-0.014456666666666663
2023-08-24,Healthcare,0.16987333333333335
2023-08-24,Industrials,0.12956
2023-08-24,Materials,0.07636
2023-08-24,RealEstate,0.06904
2023-08-24,Tech,0.13618988014722797
2023-08-24,Utilities,0.03706833333333333
2023-08-25,Comm,-0.10324666666666667
2023-08-25,Consumer,0.11228216666666666
2023-08-25,Energy,0.06441999999999999
2023-08-25,Financials,0.023236
2023-08-25,Healthcare,0.073462
2023-08-25,Industrials,0.027447
2023-08-25,Materials,0.18505333333333335
2023-08-25,RealEstate,0.07510666666666667
2023-08-25,Tech,0.039431914893617026
2023-08-25,Utilities,0.09162666666666666
2023-08-28,Comm,-0.003645999999999994
2023-08-28,Consumer,0.08646838095238096
2023-08-28,Energy,0.21741363636363636
2023-08-28,Financials,0.1284199696969697
2023-08-28,Healthcare,0.04684474358974359
2023-08-28,Industrials,-0.0018515789473684207
2023-08-28,Materials,0.23579333333333335
2023-08-28,RealEstate,0.19812000000000002
2023-08-28,Tech,0.1928673464124528
2023-08-28,Utilities,-0.013483333333333337
2023-08-29,Comm,0.0361025
2023-08-29,Consumer,0.20864030303030306
2023-08-29,Energy,-0.03839954545454545
2023-08-29,Financials,-0.059906666666666664
2023-08-29,Healthcare,0.11434833333333332
2023-08-29,Industrials,-0.01652476190476191
2023-08-29,Materials,0.1477133333333333
2023-08-29,RealEstate,0.20948000000000003
2023-08-29,Tech,0.15843557142857143
2023-08-29,Utilities,0.19963999999999998
2023-08-30,Comm,0.06314733333333333
2023-08-30,Consumer,0.10278399999999999
2023-08-30,Energy,0.06802626984126985
2023-08-30,Financials,0.07611700000000002
2023-08-30,Healthcare,0.040575000000000014
2023-08-30,Industrials,0.058374999999999996
2023-08-30,Materials,0.20428666666666667
2023-08-30,RealEstate,0.20192000000000002
2023-08-30,Tech,0.13504923436041083
2023-08-30,Utilities,0.199755
2023-08-31,Comm,0.11901666666666669
2023-08-31,Consumer,0.2287150476190476
2023-08-31,Energy,-0.003869999999999996
2023-08-31,Financials,0.09642952380952381
2023-08-31,Healthcare,0.10549833333333333
2023-08-31,Industrials,0.06198066666666667
2023-08-31,Materials,0.2271866666666667
2023-08-31,RealEstate,0.162438
2023-08-31,Tech,0.06660115873015873
2023-08-31,Utilities,0.154555
2023-09-01,Comm,0.01918
2023-09-01,Consumer,0.18400166666666667
2023-09-01,Energy,0.19623333333333334
2023-09-01,Financials,0.06003333333333333
2023-09-01,Healthcare,0.10361400000000001
2023-09-01,Industrials,0.13108666666666666
2023-09-01,Materials,0.24770000000000003
2023-09-01,RealEstate,0.29386
2023-09-01,Tech,0.19308714285714287
2023-09-01,Utilities,0.34353
2023-09-05,Comm,0.40598999999999996
2023-09-05,Consumer,0.09994464646464647
2023-09-05,Energy,-0.018475297619047627
2023-09-05,Financials,0.10005848717948718
2023-09-05,Healthcare,-0.03821192857142858
2023-09-05,Industrials,0.12818066666666666
2023-09-05,Materials,0.06364
2023-09-05,RealEstate,0.1552346666666667
2023-09-05,Tech,0.2168468238095238
2023-09-05,Utilities,0.27324000000000004
2023-09-06,Comm,0.14157333333333333
2023-09-06,Consumer,0.04381500000000001
2023-09-06,Energy,0.2502890476190476
2023-09-06,Financials,0.2942828571428572
2023-09-06,Healthcare,0.19297333333333333
2023-09-06,Industrials,0.08367333333333334
2023-09-06,Materials,0.12696000000000002
2023-09-06,RealEstate,0.19938666666666668
2023-09-06,Tech,0.111524
2023-09-06,Utilities,0.08006727272727272
2023-09-07,Comm,0.15820133333333333
2023-09-07,Consumer,0.029047777777777777
2023-09-07,Energy,0.25571683333333334
2023-09-07,Financials,0.2701097777777778
2023-09-07,Healthcare,-0.18949333333333332
2023-09-07,Industrials,0.18894
2023-09-07,Materials,0.04648000000000001
2023-09-07,RealEstate,0.02266666666666667
2023-09-07,Tech,0.14306831944444445
2023-09-07,Utilities,0.27001
2023-09-08,Comm,0.1408346666666667
2023-09-08,Consumer,0.17325027777777777
2023-09-08,Energy,0.14171142857142857
2023-09-08,Financials,0.09885690476190476
2023-09-08,Healthcare,0.261324
2023-09-08,Industrials,0.04964333333333333
2023-09-08,Materials,0.06699333333333334
2023-09-08,RealEstate,0.20400000000000001
2023-09-08,Tech,0.08128822066822068
2023-09-08,Utilities,0.14417666666666668
2023-09-11,Comm,0.006898333333333345
2023-09-11,Consumer,0.08220611111111112
2023-09-11,Energy,0.10889055555555557
2023-09-11,Financials,0.11406051282051281
2023-09-11,Healthcare,0.12510300000000002
2023-09-11,Industrials,0.089769
2023-09-11,Materials,0.16076
2023-09-11,RealEstate,0.24696600000000002
2023-09-11,Tech,0.21560957298136646
2023-09-11,Utilities,-0.12352666666666665
2023-09-12,Comm,0.037546666666666666
2023-09-12,Consumer,0.05788035714285714
2023-09-12,Energy,0.10197066666666668
2023-09-12,Financials,0.19236961904761904
2023-09-12,Healthcare,-0.027570000000000004
2023-09-12,Industrials,0.11913566666666668
2023-09-12,Materials,0.12057
2023-09-12,RealEstate,-0.04018999999999999
2023-09-12,Tech,0.05696589999999999
2023-09-12,Utilities,-0.14056
2023-09-13,Comm,0.020765
2023-09-13,Consumer,0.09568777777777777
2023-09-13,Energy,0.09829861111111111
2023-09-13,Financials,0.08673433333333333
2023-09-13,Healthcare,0.15228000000000003
2023-09-13,Industrials,0.06337085714285715
2023-09-13,Materials,0.13926
2023-09-13,RealEstate,0.12744333333333333
2023-09-13,Tech,0.3511223809523809
2023-09-13,Utilities,0.13178
2023-09-14,Comm,0.10732
2023-09-14,Consumer,0.031052380952380953
2023-09-14,Energy,0.12299133333333331
2023-09-14,Financials,0.17260733333333333
2023-09-14,Healthcare,0.08180833333333333
2023-09-14,Industrials,0.09645999999999999
2023-09-14,Materials,0.13516
2023-09-14,RealEstate,0.11438
2023-09-14,Tech,0.1817830462962963
2023-09-14,Utilities,0.21654
2023-09-15,Comm,0.039151666666666675
2023-09-15,Consumer,0.2730741666666667
2023-09-15,Energy,-0.009407999999999994
2023-09-15,Financials,0.027317619047619045
2023-09-15,Healthcare,-0.00017933333333333413
2023-09-15,Industrials,0.07818666666666665
2023-09-15,Materials,0.11775499999999998
2023-09-15,RealEstate,0.2822766666666666
2023-09-15,Tech,-0.009784778225806447
2023-09-15,Utilities,0.27117
2023-09-18,Comm,0.09988833333333333
2023-09-18,Consumer,0.08809961038961038
2023-09-18,Energy,0.05833422222222222
2023-09-18,Financials,0.28037377777777783
2023-09-18,Healthcare,0.08060133333333333
2023-09-18,Industrials,0.09299611111111111
2023-09-18,Materials,0.15597599999999998
2023-09-18,RealEstate,0.17939
2023-09-18,Tech,0.16021608956560682
2023-09-18,Utilities,0.06950666666666667
2023-09-19,Comm,0.08765500000000001
2023-09-19,Consumer,0.11061783333333333
2023-09-19,Energy,0.04518965384615385
2023-09-19,Financials,0.1329614285714286
2023-09-19,Healthcare,0.04774
2023-09-19,Industrials,0.12225190476190476
2023-09-19,Materials,0.009616
2023-09-19,RealEstate,0.264
2023-09-19,Tech,0.10251416666666666
2023-09-19,Utilities,0.26856
2023-09-20,Comm,0.15463
2023-09-20,Consumer,-0.08202899999999999
2023-09-20,Energy,0.04413350649350649
2023-09-20,Financials,0.06515333333333334
2023-09-20,Healthcare,-0.139545
2023-09-20,Industrials,0.06204888888888889
2023-09-20,Materials,0.02023
2023-09-20,RealEstate,0.46643
2023-09-20,Tech,0.05181746031746032
2023-09-20,Utilities,0.23609666666666668
2023-09-21,Comm,0.039676666666666666
2023-09-21,Consumer,0.03788380952380952
2023-09-21,Energy,0.14600333333333335
2023-09-21,Financials,0.07937
2023-09-21,Healthcare,0.13232666666666665
2023-09-21,Industrials,0.12824204761904762
2023-09-21,Materials,0.10848
2023-09-21,RealEstate,0.20153666666666664
2023-09-21,Tech,0.19356929166666664
2023-09-21,Utilities,0.018453333333333318
2023-09-22,Comm,0.017471999999999998
2023-09-22,Consumer,0.14943766666666666
2023-09-22,Energy,0.2148235
2023-09-22,Financials,-0.002622000000000002
2023-09-22,Healthcare,0.06339749999999998
2023-09-22,Industrials,0.2089666666666667
2023-09-22,Materials,0.13144
2023-09-22,RealEstate,0.18021
2023-09-22,Tech,0.09927849206349207
2023-09-22,Utilities,-0.044563333333333344
2023-09-25,Comm,-0.023808000000000017
2023-09-25,Consumer,0.0775480119047619
2023-09-25,Energy,0.19427607142857145
2023-09-25,Financials,0.09793866666666667
2023-09-25,Healthcare,0.20657333333333333
2023-09-25,Industrials,0.14990333333333333
2023-09-25,Materials,-0.0846
2023-09-25,RealEstate,0.08711666666666666
2023-09-25,Tech,0.07650407203907203
2023-09-25,Utilities,0.11353999999999997
2023-09-26,Comm,0.15773333333333334
2023-09-26,Consumer,0.131094
2023-09-26,Energy,0.1580538095238095
2023-09-26,Financials,0.13594161904761903
2023-09-26,Healthcare,0.058866666666666664
2023-09-26,Industrials,0.12809833333333334
2023-09-26,Materials,-0.05728
2023-09-26,RealEstate,0.17983
2023-09-26,Tech,0.07229428571428573
2023-09-26,Utilities,0.15308000000000002
2023-09-27,Comm,0.12435
2023-09-27,Consumer,-0.012613333333333334
2023-09-27,Energy,0.12195466666666668
2023-09-27,Financials,0.09228857142857141
2023-09-27,Healthcare,0.22648333333333337
2023-09-27,Industrials,0.18887533333333334
2023-09-27,Materials,0.11567333333333334
2023-09-27,RealEstate,0.20518999999999998
2023-09-27,Tech,0.13169413333333332
2023-09-27,Utilities,-0.007531333333333334
2023-09-28,Comm,0.07043914285714287
2023-09-28,Consumer,0.08948840293040294
2023-09-28,Energy,0.14097999999999997
2023-09-28,Financials,0.15560714285714286
2023-09-28,Healthcare,0.1254
2023-09-28,Industrials,0.05045142857142857
2023-09-28,Materials,0.12054333333333334
2023-09-28,RealEstate,0.38455999999999996
2023-09-28,Tech,0.01473066666666667
2023-09-28,Utilities,0.09138444444444445
2023-09-29,Comm,0.32763
2023-09-29,Consumer,0.16852887719298246
2023-09-29,Energy,0.21495066666666665
2023-09-29,Financials,0.20885166666666666
2023-09-29,Healthcare,0.12640500000000002
2023-09-29,Industrials,0.13183166666666668
2023-09-29,Materials,0.09566333333333334
2023-09-29,RealEstate,0.23498000000000002
2023-09-29,Tech,0.08306324675324675
2023-09-29,Utilities,0.490372
2023-10-02,Comm,0.264206
2023-10-02,Consumer,0.14163088311688313
2023-10-02,Energy,0.21752761904761905
2023-10-02,Financials,0.17364866666666665
2023-10-02,Healthcare,0.05876333333333335
2023-10-02,Industrials,0.12994695238095239
2023-10-02,Materials,0.18959
2023-10-02,RealEstate,0.30891
2023-10-02,Tech,0.2007124855144855
2023-10-02,Utilities,0.21872904761904763
2023-10-03,Comm,0.137316
2023-10-03,Consumer,0.368542
2023-10-03,Energy,0.235757
2023-10-03,Financials,0.1709133888888889
2023-10-03,Healthcare,0.21709
2023-10-03,Industrials,0.10146866666666665
2023-10-03,Materials,0.15769142857142857
2023-10-03,RealEstate,0.16413000000000003
2023-10-03,Tech,0.2419584188034188
2023-10-03,Utilities,0.18224500000000002
2023-10-04,Comm,0.18866285714285713
2023-10-04,Consumer,0.11470916666666668
2023-10-04,Energy,0.19136745454545454
2023-10-04,Financials,0.12822333333333333
2023-10-04,Healthcare,0.12248
2023-10-04,Industrials,0.07210166666666666
2023-10-04,Materials,0.0025514285714285712
2023-10-04,RealEstate,0.21181
2023-10-04,Tech,0.08288796923076923
2023-10-04,Utilities,0.10316666666666667
2023-10-05,Comm,0.11482333333333335
2023-10-05,Consumer,0.16242583333333332
2023-10-05,Energy,0.20503251282051282
2023-10-05,Financials,0.08971971428571428
2023-10-05,Healthcare,-0.02732
2023-10-05,Industrials,0.099449
2023-10-05,Materials,0.09684666666666666
2023-10-05,RealEstate,0.23905000000000004
2023-10-05,Tech,0.19214897435897432
2023-10-05,Utilities,0.17467166666666667
2023-10-06,Comm,0.174755
2023-10-06,Consumer,0.06947696969696969
2023-10-06,Energy,0.16818646153846156
2023-10-06,Financials,0.1367983333333333
2023-10-06,Healthcare,0.08701466666666666
2023-10-06,Industrials,0.10113666666666668
2023-10-06,Materials,0.11656
2023-10-06,RealEstate,0.27163
2023-10-06,Tech,0.055070769230769236
2023-10-06,Utilities,0.191208
2023-10-09,Comm,0.16567333333333334
2023-10-09,Consumer,0.05832021428571429
2023-10-09,Energy,-0.1429298831168831
2023-10-09,Financials,0.14637065934065935
2023-10-09,Healthcare,0.3487233333333334
2023-10-09,Industrials,-0.03181133333333334
2023-10-09,Materials,0.06788
2023-10-09,RealEstate,0.18170999999999998
2023-10-09,Tech,0.1259139681020734
2023-10-09,Utilities,0.08744500000000001
2023-10-10,Comm,0.17743599999999998
2023-10-10,Consumer,0.1836093650793651
2023-10-10,Energy,0.10431422222222222
2023-10-10,Financials,0.05015380952380951
2023-10-10,Healthcare,-5.6000000000000494e-05
2023-10-10,Industrials,0.11699650793650793
2023-10-10,Materials,0.03236
2023-10-10,RealEstate,0.17531000000000002
2023-10-10,Tech,0.13123307692307692
2023-10-10,Utilities,0.21694
2023-10-11,Comm,0.176261
2023-10-11,Consumer,0.058203500000000005
2023-10-11,Energy,0.13766420289855072
2023-10-11,Financials,0.02082371428571429
2023-10-11,Healthcare,0.03917785714285714
2023-10-11,Industrials,0.1873086666666667
2023-10-11,Materials,0.15402666666666667
2023-10-11,RealEstate,0.16310000000000002
2023-10-11,Tech,0.18174037614237615
2023-10-11,Utilities,0.18582
2023-10-12,Comm,0.08808333333333333
2023-10-12,Consumer,0.09606790476190476
2023-10-12,Energy,0.264472
2023-10-12,Financials,0.07636921212121213
2023-10-12,Healthcare,0.06694857142857144
2023-10-12,Industrials,0.19556583333333333
2023-10-12,Materials,0.12335
2023-10-12,RealEstate,0.33874666666666664
2023-10-12,Tech,0.10855593333333333
2023-10-12,Utilities,0.116945
2023-10-13,Comm,0.0125
2023-10-13,Consumer,0.05699309523809524
2023-10-13,Energy,-0.029134666666666677
2023-10-13,Financials,-0.018406725490196073
2023-10-13,Healthcare,0.038930000000000006
2023-10-13,Industrials,0.13888999999999999
2023-10-13,Materials,0.10563666666666667
2023-10-13,RealEstate,0.36688
2023-10-13,Tech,0.16645828571428573
2023-10-13,Utilities,0.44453333333333334
2023-10-16,Comm,0.016153333333333332
2023-10-16,Consumer,0.16078211111111113
2023-10-16,Energy,0.16186422222222224
2023-10-16,Financials,0.0419316
2023-10-16,Healthcare,0.03101200000000002
2023-10-16,Industrials,0.07817066666666667
2023-10-16,Materials,0.14119166666666666
2023-10-16,RealEstate,0.168409
2023-10-16,Tech,0.14096538095238093
2023-10-16,Utilities,0.22206
2023-10-17,Comm,-0.0256
2023-10-17,Consumer,0.0683311111111111
2023-10-17,Energy,0.20411028571428572
2023-10-17,Financials,0.15135962962962962
2023-10-17,Healthcare,0.138425
2023-10-17,Industrials,0.05521666666666667
2023-10-17,Materials,0.07751333333333334
2023-10-17,RealEstate,-0.004630000000000012
2023-10-17,Tech,0.07524467210807768
2023-10-17,Utilities,0.3245866666666667
2023-10-18,Comm,0.04229666666666666
2023-10-18,Consumer,0.09116303030303029
2023-10-18,Energy,-0.04752713675213676
2023-10-18,Financials,0.023192812107247586
2023-10-18,Healthcare,0.10263045454545454
2023-10-18,Industrials,0.04653035714285715
2023-10-18,Materials,-0.09784666666666667
2023-10-18,RealEstate,0.17223
2023-10-18,Tech,0.04115320810971974
2023-10-18,Utilities,0.297175
2023-10-19,Comm,0.22495629629629627
2023-10-19,Consumer,0.04785849206349206
2023-10-19,Energy,0.18488886363636364
2023-10-19,Financials,0.07192066666666667
2023-10-19,Healthcare,0.21859714285714285
2023-10-19,Industrials,0.08238035714285716
2023-10-19,Materials,0.048395
2023-10-19,RealEstate,0.06254914285714286
2023-10-19,Tech,0.11662679487179486
2023-10-19,Utilities,0.27684
2023-10-20,Comm,0.07577939393939394
2023-10-20,Consumer,0.08850166666666666
2023-10-20,Energy,0.09046486215538847
2023-10-20,Financials,0.09365933333333334
2023-10-20,Healthcare,0.10597214285714285
2023-10-20,Industrials,-0.0023103333333333365
2023-10-20,Materials,-0.08038
2023-10-20,RealEstate,0.23720999999999998
2023-10-20,Tech,0.12302640096618359
2023-10-20,Utilities,0.34719
2023-10-23,Comm,0.057289999999999994
2023-10-23,Consumer,0.1480585576923077
2023-10-23,Energy,0.015654545454545456
2023-10-23,Financials,0.014801190476190473
2023-10-23,Healthcare,0.08866900000000001
2023-10-23,Industrials,0.18046871794871794
2023-10-23,Materials,0.09567333333333335
2023-10-23,RealEstate,0.23029000000000002
2023-10-23,Tech,0.13968819444444444
2023-10-23,Utilities,-0.06622
2023-10-24,Comm,0.10660809523809525
2023-10-24,Consumer,0.07639683333333333
2023-10-24,Energy,0.1611207142857143
2023-10-24,Financials,0.09878833333333334
2023-10-24,Healthcare,0.118175
2023-10-24,Industrials,0.21054608695652174
2023-10-24,Materials,0.11706750000000002
2023-10-24,RealEstate,0.21791999999999997
2023-10-24,Tech,0.17183583416583417
2023-10-24,Utilities,-0.001495000000000002
2023-10-25,Comm,0.10521004761904762
2023-10-25,Consumer,-0.01866833333333332
2023-10-25,Energy,0.18856515151515155
2023-10-25,Financials,0.11698
2023-10-25,Healthcare,0.06387666666666666
2023-10-25,Industrials,0.07482166666666666
2023-10-25,Materials,0.14351999999999998
2023-10-25,RealEstate,0.12593000000000001
2023-10-25,Tech,0.15566983918128657
2023-10-25,Utilities,0.055686666666666676
2023-10-26,Comm,0.14340042735042735
2023-10-26,Consumer,0.05937633333333333
2023-10-26,Energy,0.059366886446886445
2023-10-26,Financials,0.17618400000000004
2023-10-26,Healthcare,0.18496666666666667
2023-10-26,Industrials,0.0673647619047619
2023-10-26,Materials,0.1316025
2023-10-26,RealEstate,0.0508175
2023-10-26,Tech,0.11379068907563025
2023-10-26,Utilities,0.2806598571428571
2023-10-27,Comm,-0.062390666666666664
2023-10-27,Consumer,0.11859000000000001
2023-10-27,Energy,0.08344206896551724
2023-10-27,Financials,0.06367500000000001
2023-10-27,Healthcare,0.12304936363636362
2023-10-27,Industrials,-0.08440133333333333
2023-10-27,Materials,0.1074025
2023-10-27,RealEstate,0.120655
2023-10-27,Tech,0.18725419017763845
2023-10-27,Utilities,0.21941795238095238
2023-10-30,Comm,0.07349333333333333
2023-10-30,Consumer,0.10734427350427352
2023-10-30,Energy,0.05613686868686869
2023-10-30,Financials,0.12130333333333335
2023-10-30,Healthcare,0.04355733333333334
2023-10-30,Industrials,0.13820923076923078
2023-10-30,Materials,0.16892000000000001
2023-10-30,RealEstate,0.23247672727272728
2023-10-30,Tech,0.03933752980352981
2023-10-30,Utilities,0.22109866666666664
2023-10-31,Comm,0.10324799999999998
2023-10-31,Consumer,0.13327566666666665
2023-10-31,Energy,0.10854921428571429
2023-10-31,Financials,0.06587833333333333
2023-10-31,Healthcare,0.0925577456140351
2023-10-31,Industrials,0.09792190476190477
2023-10-31,Materials,0.03558
2023-10-31,RealEstate,0.08741
2023-10-31,Tech,0.11477004174573055
2023-10-31,Utilities,0.10736400000000001
2023-11-01,Comm,0.06275333333333334
2023-11-01,Consumer,0.15182860317460317
2023-11-01,Energy,0.18084055555555553
2023-11-01,Financials,0.086815
2023-11-01,Healthcare,0.014520666666666671
2023-11-01,Industrials,0.12493000000000001
2023-11-01,Materials,0.221952
2023-11-01,RealEstate,0.04389333333333334
2023-11-01,Tech,0.09540184265010351
2023-11-01,Utilities,0.035853333333333334
2023-11-02,Comm,0.04729833333333333
2023-11-02,Consumer,0.1063071111111111
2023-11-02,Energy,0.06592258823529411
2023-11-02,Financials,0.182036
2023-11-02,Healthcare,0.05568956410256411
2023-11-02,Industrials,0.18584833333333334
2023-11-02,Materials,0.107342
2023-11-02,RealEstate,0.15841333333333335
2023-11-02,Tech,0.1831495111111111
2023-11-02,Utilities,0.1673585396825397
2023-11-03,Comm,0.10550000000000001
2023-11-03,Consumer,0.07733019047619047
2023-11-03,Energy,0.137735
2023-11-03,Financials,0.20951
2023-11-03,Healthcare,0.06522628571428571
2023-11-03,Industrials,0.0651
2023-11-03,Materials,0.14933
2023-11-03,RealEstate,0.035750000000000004
2023-11-03,Tech,0.1469646666666667
2023-11-03,Utilities,0.06257828571428573
2023-11-06,Comm,0.053104
2023-11-06,Consumer,0.05247298412698413
2023-11-06,Energy,0.14513076190476187
2023-11-06,Financials,0.033971111111111105
2023-11-06,Healthcare,0.11913733333333332
2023-11-06,Industrials,0.13376266666666667
2023-11-06,Materials,0.24497999999999998
2023-11-06,RealEstate,0.06939000000000001
2023-11-06,Tech,0.17298536363636363
2023-11-06,Utilities,0.099535
2023-11-07,Comm,0.17696
2023-11-07,Consumer,0.18668244444444443
2023-11-07,Energy,0.18816583333333334
2023-11-07,Financials,0.11808333333333332
2023-11-07,Healthcare,0.08648444444444445
2023-11-07,Industrials,0.09757333333333335
2023-11-07,Materials,0.09720000000000001
2023-11-07,RealEstate,0.22510000000000002
2023-11-07,Tech,0.3440489898989899
2023-11-07,Utilities,0.24779
2023-11-08,Comm,0.11595466666666668
2023-11-08,Consumer,0.019635641025641023
2023-11-08,Energy,0.1719205
2023-11-08,Financials,0.08657976190476191
2023-11-08,Healthcare,0.04333
2023-11-08,Industrials,0.09008666666666668
2023-11-08,Materials,0.08526
2023-11-08,RealEstate,0.0925
2023-11-08,Tech,0.04945816666666667
2023-11-08,Utilities,0.24842399999999998
2023-11-09,Comm,0.2809704761904762
2023-11-09,Consumer,0.13325179824561403
2023-11-09,Energy,0.08788975757575758
2023-11-09,Financials,0.031095555555555553
2023-11-09,Healthcare,0.14543830303030303
2023-11-09,Industrials,0.2379966666666667
2023-11-09,Materials,0.00129
2023-11-09,RealEstate,0.20298500000000003
2023-11-09,Tech,0.23585066666666665
2023-11-09,Utilities,0.351155
2023-11-10,Comm,0.064604
2023-11-10,Consumer,0.1389518787878788
2023-11-10,Energy,0.09194380952380951
2023-11-10,Financials,0.12510833333333332
2023-11-10,Healthcare,-0.011329333333333335
2023-11-10,Industrials,0.09568
2023-11-10,Materials,-0.010600000000000009
2023-11-10,RealEstate,0.0427
2023-11-10,Tech,0.24779168840579713
2023-11-10,Utilities,0.43130499999999994
2023-11-13,Comm,0.12179999999999999
2023-11-13,Consumer,0.1575281739130435
2023-11-13,Energy,0.18756133333333333
2023-11-13,Financials,-0.13721968831168832
2023-11-13,Healthcare,0.12200555555555556
2023-11-13,Industrials,0.0125175
2023-11-13,Materials,0.03222666666666667
2023-11-13,RealEstate,0.127965
2023-11-13,Tech,0.16490440211640212
2023-11-13,Utilities,0.13012666666666667
2023-11-14,Comm,0.08801
2023-11-14,Consumer,0.08768266666666666
2023-11-14,Energy,0.2560173333333334
2023-11-14,Financials,0.09372428571428572
2023-11-14,Healthcare,0.080059
2023-11-14,Industrials,0.057953
2023-11-14,Materials,0.12562666666666666
2023-11-14,RealEstate,0.17575000000000002
2023-11-14,Tech,0.26826717554858936
2023-11-14,Utilities,0.2506933333333333
2023-11-15,Comm,0.166
2023-11-15,Consumer,0.1546471794871795
2023-11-15,Energy,0.09982333333333333
2023-11-15,Financials,0.08538166666666666
2023-11-15,Healthcare,0.15714
2023-11-15,Industrials,0.15102895238095237
2023-11-15,Materials,0.2202
2023-11-15,RealEstate,0.21908000000000002
2023-11-15,Tech,0.07499481962481963
2023-11-15,Utilities,0.15342
2023-11-16,Comm,0.03507333333333334
2023-11-16,Consumer,0.02141885714285714
2023-11-16,Energy,-0.06841416666666666
2023-11-16,Financials,0.04119166666666666
2023-11-16,Healthcare,0.02616
2023-11-16,Industrials,0.13330599999999998
2023-11-16,Materials,0.10075
2023-11-16,RealEstate,0.162144
2023-11-16,Tech,0.11446924603174605
2023-11-16,Utilities,0.27993999999999997
2023-11-17,Comm,0.03062
2023-11-17,Consumer,0.08490333333333333
2023-11-17,Energy,0.06330190476190475
2023-11-17,Financials,0.117218
2023-11-17,Healthcare,0.03448333333333333
2023-11-17,Industrials,0.21380249999999998
2023-11-17,Materials,0.25364
2023-11-17,RealEstate,0.09611499999999999
2023-11-17,Tech,0.1392056
2023-11-17,Utilities,0.21839999999999998
2023-11-20,Comm,0.046685000000000004
2023-11-20,Consumer,0.042926337662337666
2023-11-20,Energy,0.014805000000000002
2023-11-20,Financials,0.02975
2023-11-20,Healthcare,0.171025
2023-11-20,Industrials,-0.0017966666666666686
2023-11-20,Materials,0.35345
2023-11-20,RealEstate,0.13638666666666666
2023-11-20,Tech,0.20629570921985815
2023-11-20,Utilities,0.16936
2023-11-21,Comm,0.042210000000000004
2023-11-21,Consumer,0.08348616666666667
2023-11-21,Energy,0.14326642857142857
2023-11-21,Financials,0.075168
2023-11-21,Healthcare,0.08058100000000001
2023-11-21,Industrials,0.08501333333333334
2023-11-21,Materials,0.06392
2023-11-21,RealEstate,0.10972
2023-11-21,Tech,0.13417788011695905
2023-11-21,Utilities,0.026019999999999998
2023-11-22,Comm,-0.055105333333333326
2023-11-22,Consumer,0.011287272727272729
2023-11-22,Energy,0.12720285714285712
2023-11-22,Financials,-0.08744933333333334
2023-11-22,Healthcare,0.12618000000000001
2023-11-22,Industrials,0.15327833333333332
2023-11-22,Materials,0.17488666666666666
2023-11-22,RealEstate,0.08738666666666668
2023-11-22,Tech,0.09295460784313726
2023-11-22,Utilities,0.12398400000000001
2023-11-24,Comm,0.07722666666666667
2023-11-24,Consumer,-0.06559355555555554
2023-11-24,Energy,0.1504
2023-11-24,Financials,0.04751427777777778
2023-11-24,Healthcare,0.038858
2023-11-24,Industrials,0.19637272727272725
2023-11-24,Materials,0.09573499999999999
2023-11-24,RealEstate,0.02023
2023-11-24,Tech,0.10754170033670034
2023-11-24,Utilities,0.14172
2023-11-27,Comm,0.00028333333333333823
2023-11-27,Consumer,0.13043235714285714
2023-11-27,Energy,0.1678624761904762
2023-11-27,Financials,0.0899925
2023-11-27,Healthcare,0.19468666666666667
2023-11-27,Industrials,0.03903
2023-11-27,Materials,0.08930666666666667
2023-11-27,RealEstate,0.058150256410256417
2023-11-27,Tech,0.17230810457516338
2023-11-27,Utilities,0.217755
2023-11-28,Comm,0.07564599999999999
2023-11-28,Consumer,0.0994195
2023-11-28,Energy,-0.025393
2023-11-28,Financials,0.12230933333333334
2023-11-28,Healthcare,0.08916666666666666
2023-11-28,Industrials,0.07504041666666668
2023-11-28,Materials,0.14300666666666664
2023-11-28,RealEstate,0.11213333333333333
2023-11-28,Tech,0.16176678571428574
2023-11-28,Utilities,0.10230999999999998
2023-11-29,Comm,0.038913333333333334
2023-11-29,Consumer,0.0798332142857143
2023-11-29,Energy,0.055535833333333326
2023-11-29,Financials,0.10074466666666666
2023-11-29,Healthcare,0.09941833333333334
2023-11-29,Industrials,0.11957333333333335
2023-11-29,Materials,0.15583
2023-11-29,RealEstate,0.09998266666666666
2023-11-29,Tech,0.20310357142857144
2023-11-29,Utilities,0.161615
2023-11-30,Comm,0.19064
2023-11-30,Consumer,0.024959444444444454
2023-11-30,Energy,0.11996666666666667
2023-11-30,Financials,0.13476333333333335
2023-11-30,Healthcare,0.08356166666666667
2023-11-30,Industrials,0.08169
2023-11-30,Materials,0.08708
2023-11-30,RealEstate,0.08189
2023-11-30,Tech,0.082137
2023-11-30,Utilities,0.27393333333333336
2023-12-01,Comm,0.138015
2023-12-01,Consumer,0.16705428571428574
2023-12-01,Energy,0.02309333333333333
2023-12-01,Financials,-0.021476000000000002
2023-12-01,Healthcare,0.0
2023-12-01,Industrials,0.0364125
2023-12-01,Materials,0.12362999999999999
2023-12-01,RealEstate,0.159122
2023-12-01,Tech,0.07004760784313727
2023-12-01,Utilities,0.29096
2023-12-04,Comm,0.08354933333333334
2023-12-04,Consumer,0.08154409090909091
2023-12-04,Energy,0.022403333333333334
2023-12-04,Financials,0.07669261111111111
2023-12-04,Healthcare,0.063808
2023-12-04,Industrials,0.1330738095238095
2023-12-04,Materials,0.12362999999999999
2023-12-04,RealEstate,0.16784
2023-12-04,Tech,0.17558411764705883
2023-12-04,Utilities,0.31796
2023-12-05,Comm,0.0856048717948718
2023-12-05,Consumer,0.13501333333333335
2023-12-05,Energy,-0.0012753333333333353
2023-12-05,Financials,0.10464583333333333
2023-12-05,Healthcare,0.14064000000000002
2023-12-05,Industrials,-0.06629
2023-12-05,Materials,0.12362999999999999
2023-12-05,RealEstate,0.23407
2023-12-05,Tech,0.15453813725490198
2023-12-05,Utilities,0.12248
2023-12-06,Comm,0.051855000000000005
2023-12-06,Consumer,0.06846177777777777
2023-12-06,Energy,0.23260824175824174
2023-12-06,Financials,-0.015111666666666666
2023-12-06,Healthcare,0.27396583333333335
2023-12-06,Industrials,-0.08817466666666667
2023-12-06,Materials,0.08038
2023-12-06,RealEstate,0.11787666666666667
2023-12-06,Tech,0.1846508888888889
2023-12-06,Utilities,0.14138666666666666
2023-12-07,Comm,0.05658166666666666
2023-12-07,Consumer,0.27937333333333336
2023-12-07,Energy,-0.049162000000000004
2023-12-07,Financials,0.05022666666666666
2023-12-07,Healthcare,0.15653836363636364
2023-12-07,Industrials,-0.054916666666666655
2023-12-07,Materials,0.01587499999999999
2023-12-07,RealEstate,0.072255
2023-12-07,Tech,0.10266650476190475
2023-12-07,Utilities,0.16547499999999998
2023-12-08,Comm,0.06278999999999998
2023-12-08,Consumer,-0.015177000000000001
2023-12-08,Energy,0.11883714285714286
2023-12-08,Financials,0.06434500000000001
2023-12-08,Healthcare,0.04376733333333334
2023-12-08,Industrials,0.031023333333333337
2023-12-08,Materials,0.15875333333333333
2023-12-08,RealEstate,0.10930999999999999
2023-12-08,Tech,0.18113311813992458
2023-12-08,Utilities,0.04755
2023-12-11,Comm,0.08932571428571429
2023-12-11,Consumer,0.1371493145743146
2023-12-11,Energy,0.11960247631975866
2023-12-11,Financials,0.09806392857142857
2023-12-11,Healthcare,0.17471797979797982
2023-12-11,Industrials,0.08081247619047618
2023-12-11,Materials,0.14307333333333333
2023-12-11,RealEstate,0.06682333333333333
2023-12-11,Tech,0.12338530612244898
2023-12-11,Utilities,0.10922799999999999
2023-12-12,Comm,0.13960793650793651
2023-12-12,Consumer,0.06663666666666666
2023-12-12,Energy,0.07469653846153847
2023-12-12,Financials,0.17618836363636364
2023-12-12,Healthcare,0.062725
2023-12-12,Industrials,0.24736833333333333
2023-12-12,Materials,0.04636000000000002
2023-12-12,RealEstate,0.08254333333333333
2023-12-12,Tech,0.0967335
2023-12-12,Utilities,0.06729
2023-12-13,Comm,0.17433800000000002
2023-12-13,Consumer,0.06228600000000001
2023-12-13,Energy,0.13694
2023-12-13,Financials,0.11768944444444444
2023-12-13,Healthcare,0.023511666666666674
2023-12-13,Industrials,0.14791819047619048
2023-12-13,Materials,0.3265733333333333
2023-12-13,RealEstate,0.23891
2023-12-13,Tech,0.1724762745098039
2023-12-13,Utilities,0.098275
2023-12-14,Comm,0.20292133333333334
2023-12-14,Consumer,0.07650533333333334
2023-12-14,Energy,0.09545666666666666
2023-12-14,Financials,0.10580366666666667
2023-12-14,Healthcare,0.08137666666666668
2023-12-14,Industrials,0.10353833333333333
2023-12-14,Materials,0.09524000000000002
2023-12-14,RealEstate,0.15428199999999997
2023-12-14,Tech,0.144896
2023-12-14,Utilities,0.14246799999999998
2023-12-15,Comm,-0.010206666666666668
2023-12-15,Consumer,0.10772166666666667
2023-12-15,Energy,0.003450769230769235
2023-12-15,Financials,0.2229675238095238
2023-12-15,Healthcare,0.11753
2023-12-15,Industrials,0.08424000000000001
2023-12-15,Materials,0.04060000000000001
2023-12-15,RealEstate,0.12952
2023-12-15,Tech,0.10970402020202022
2023-12-15,Utilities,0.14838666666666667
2023-12-18,Comm,0.23851742857142857
2023-12-18,Consumer,0.06994533333333333
2023-12-18,Energy,0.10588714285714287
2023-12-18,Financials,0.161612
2023-12-18,Healthcare,0.16035694871794873
2023-12-18,Industrials,0.23579380952380954
2023-12-18,Materials,-0.007109999999999994
2023-12-18,RealEstate,0.188025
2023-12-18,Tech,0.11164903061224489
2023-12-18,Utilities,0.1252
2023-12-19,Comm,0.23851742857142857
2023-12-19,Consumer,0.06994533333333333
2023-12-19,Energy,0.10588714285714287
2023-12-19,Financials,0.161612
2023-12-19,Healthcare,0.16035694871794873
2023-12-19,Industrials,0.23579380952380954
2023-12-19,Materials,-0.10235000000000001
2023-12-19,RealEstate,0.188025
2023-12-19,Tech,0.12124297619047619
2023-12-19,Utilities,0.1252
2023-12-20,Comm,0.23851742857142857
2023-12-20,Consumer,0.06994533333333333
2023-12-20,Energy,0.10588714285714287
2023-12-20,Financials,0.161612
2023-12-20,Healthcare,0.16035694871794873
2023-12-20,Industrials,0.23579380952380954
2023-12-20,Materials,-0.10235000000000001
2023-12-20,RealEstate,0.188025
2023-12-20,Tech,0.08909164285714286
2023-12-20,Utilities,0.1252
2023-12-21,Comm,0.23851742857142857
2023-12-21,Consumer,0.06994533333333333
2023-12-21,Energy,0.10588714285714287
2023-12-21,Financials,0.161612
2023-12-21,Healthcare,0.16035694871794873
2023-12-21,Industrials,0.23579380952380954
2023-12-21,Materials,-0.10235000000000001
2023-12-21,RealEstate,0.188025
2023-12-21,Tech,0.11314714285714285
2023-12-21,Utilities,0.1252
2023-12-22,Comm,0.23851742857142857
2023-12-22,Consumer,0.06994533333333333
2023-12-22,Energy,0.10588714285714287
2023-12-22,Financials,0.161612
2023-12-22,Healthcare,0.16035694871794873
2023-12-22,Industrials,0.23579380952380954
2023-12-22,Materials,-0.10235000000000001
2023-12-22,RealEstate,0.177705
2023-12-22,Tech,0.11074764285714285
2023-12-22,Utilities,0.08196
2023-12-26,Comm,0.23851742857142857
2023-12-26,Consumer,0.06994533333333333
2023-12-26,Energy,0.10588714285714287
2023-12-26,Financials,0.08634
2023-12-26,Healthcare,0.16035694871794873
2023-12-26,Industrials,0.23579380952380954
2023-12-26,Materials,-0.10235000000000001
2023-12-26,RealEstate,0.147175
2023-12-26,Tech,0.13422564285714284
2023-12-26,Utilities,0.08196
2023-12-27,Comm,0.0
2023-12-27,Consumer,0.0
2023-12-27,Energy,0.0
2023-12-27,Financials,0.0
2023-12-27,Healthcare,0.0
2023-12-27,Industrials,0.0
2023-12-27,Materials,0.0
2023-12-27,RealEstate,0.0
2023-12-27,Tech,0.036335
2023-12-27,Utilities,0.0
2023-12-28,Comm,0.0
2023-12-28,Consumer,0.0
2023-12-28,Energy,0.0
2023-12-28,Financials,0.0
2023-12-28,Healthcare,0.0
2023-12-28,Industrials,0.0
2023-12-28,Materials,0.0
2023-12-28,RealEstate,0.0
2023-12-28,Tech,0.017029999999999997
2023-12-28,Utilities,0.0
2023-12-29,Comm,0.0
2023-12-29,Consumer,0.0
2023-12-29,Energy,0.0
2023-12-29,Financials,0.0
2023-12-29,Healthcare,0.0
2023-12-29,Industrials,0.0
2023-12-29,Materials,0.0
2023-12-29,RealEstate,0.0
2023-12-29,Tech,0.0279675
2023-12-29,Utilities,0.0
